Token,Sample Token,Scene Token,Modality,Sensor,Timestamp,Is Key Frame,Data Group,Filename
9ae8f9fd6cd2458298c82eb6a85119a6,32d2bcf46e734dffb14fe2e0a823d059,044c648ac12345f1aedf33c9f91cdc5a,LiDAR,LIDAR_LEFT,1695473372687500,True,samples,samples/LIDAR_LEFT/LIDAR_LEFT_1695473372687500.pcd
b4ba1778d9024363a97415b7252d24c6,deb7b3f332f042d49e7636d6e4959354,044c648ac12345f1aedf33c9f91cdc5a,LiDAR,LIDAR_LEFT,1695473373187998,True,samples,samples/LIDAR_LEFT/LIDAR_LEFT_1695473373187998.pcd
a3e9e7bdc0974603a571959d2782dfbf,a574551be31547e4b7c78ff87c75abb3,044c648ac12345f1aedf33c9f91cdc5a,LiDAR,LIDAR_LEFT,1695473373687646,True,samples,samples/LIDAR_LEFT/LIDAR_LEFT_1695473373687646.pcd
c83b469edb6649b8a669e3f95056106e,1393759bf6ff4f8e88deff0da0dc2aca,044c648ac12345f1aedf33c9f91cdc5a,LiDAR,LIDAR_LEFT,1695473374187321,True,samples,samples/LIDAR_LEFT/LIDAR_LEFT_1695473374187321.pcd
baacf91e37494104b86e95f5b76384a9,368662645c194921b716c026347db664,044c648ac12345f1aedf33c9f91cdc5a,LiDAR,LIDAR_LEFT,1695473374687587,True,samples,samples/LIDAR_LEFT/LIDAR_LEFT_1695473374687587.pcd
a3bb413a27de45b29d1b6d15bb512fc9,a42b482121464aa795d24f55400c574f,044c648ac12345f1aedf33c9f91cdc5a,LiDAR,LIDAR_LEFT,1695473375187731,True,samples,samples/LIDAR_LEFT/LIDAR_LEFT_1695473375187731.pcd
8b0812b4dac54df1bc5238a594a3f033,814d7dd86f1a47e28385ee434cdb6b1a,044c648ac12345f1aedf33c9f91cdc5a,LiDAR,LIDAR_LEFT,1695473375687503,True,samples,samples/LIDAR_LEFT/LIDAR_LEFT_1695473375687503.pcd
5c7b5f4519674b00ba8c047719307ef4,a1bcff3507ba48d991ec098093d75394,044c648ac12345f1aedf33c9f91cdc5a,LiDAR,LIDAR_LEFT,1695473376187323,True,samples,samples/LIDAR_LEFT/LIDAR_LEFT_1695473376187323.pcd
a7e3036591df4f52990e01d46ebfae90,8a5f89a6ebaa4d75aa70bf4b31734ea5,044c648ac12345f1aedf33c9f91cdc5a,LiDAR,LIDAR_LEFT,1695473376687374,True,samples,samples/LIDAR_LEFT/LIDAR_LEFT_1695473376687374.pcd
515563bbb49d4c20adacee6da7472770,3c7fe0a51cdd45da9a49624782c511f1,044c648ac12345f1aedf33c9f91cdc5a,LiDAR,LIDAR_LEFT,1695473377187783,True,samples,samples/LIDAR_LEFT/LIDAR_LEFT_1695473377187783.pcd
85af9806de834badbd86dbbefd9ffc00,e8d9d7b84b384c95ad0eff56dc1f0a99,044c648ac12345f1aedf33c9f91cdc5a,LiDAR,LIDAR_LEFT,1695473377688351,True,samples,samples/LIDAR_LEFT/LIDAR_LEFT_1695473377688351.pcd
b57b8644e1584793aafd4ceb093d4ea8,c274731e59da4059ae35fd5e543870cd,044c648ac12345f1aedf33c9f91cdc5a,LiDAR,LIDAR_LEFT,1695473378188911,True,samples,samples/LIDAR_LEFT/LIDAR_LEFT_1695473378188911.pcd
796f477ce3b3480b9385be1820102e15,f1c03220990143e19b983bf3da478764,044c648ac12345f1aedf33c9f91cdc5a,LiDAR,LIDAR_LEFT,1695473378688595,True,samples,samples/LIDAR_LEFT/LIDAR_LEFT_1695473378688595.pcd
77a2e3890e3d4447b3c242d8cbd8f6b3,8fca58701c884e49b255c3f8eb2846d6,044c648ac12345f1aedf33c9f91cdc5a,LiDAR,LIDAR_LEFT,1695473379187878,True,samples,samples/LIDAR_LEFT/LIDAR_LEFT_1695473379187878.pcd
318e8175c7d04990a1e271ecb1d56b59,7fd37cf3b62b49a6a1cd62db392c9575,044c648ac12345f1aedf33c9f91cdc5a,LiDAR,LIDAR_LEFT,1695473379687194,True,samples,samples/LIDAR_LEFT/LIDAR_LEFT_1695473379687194.pcd
df4510548af04dbdb6e1a811be231c99,0113d3fc23954918ab040dd627bb4b0f,044c648ac12345f1aedf33c9f91cdc5a,LiDAR,LIDAR_LEFT,1695473380186542,True,samples,samples/LIDAR_LEFT/LIDAR_LEFT_1695473380186542.pcd
4fada8240c8a4b1bb3f04d1f2d229034,25b220729c6b4209804da4a588c3c84c,044c648ac12345f1aedf33c9f91cdc5a,LiDAR,LIDAR_LEFT,1695473380687027,True,samples,samples/LIDAR_LEFT/LIDAR_LEFT_1695473380687027.pcd
54d8b9c45fd64acbac92ae312b845124,5141a31284164a69ac4307cb2b9ae6df,044c648ac12345f1aedf33c9f91cdc5a,LiDAR,LIDAR_LEFT,1695473381187616,True,samples,samples/LIDAR_LEFT/LIDAR_LEFT_1695473381187616.pcd
5a9a997c53bf417b815fed25d431d25a,69c7cd93ec6444f799d8f65f16430e17,044c648ac12345f1aedf33c9f91cdc5a,LiDAR,LIDAR_LEFT,1695473381687950,True,samples,samples/LIDAR_LEFT/LIDAR_LEFT_1695473381687950.pcd
e7cc452e0b084054a4126dc3dae5abdc,4551a79e00f24684b35672591431ec8c,044c648ac12345f1aedf33c9f91cdc5a,LiDAR,LIDAR_LEFT,1695473382188196,True,samples,samples/LIDAR_LEFT/LIDAR_LEFT_1695473382188196.pcd
ca85a12a1df14ed38250cf338b1d388c,8502c7bf06fc4f319f1847b4a6e179e7,044c648ac12345f1aedf33c9f91cdc5a,LiDAR,LIDAR_LEFT,1695473382687781,True,samples,samples/LIDAR_LEFT/LIDAR_LEFT_1695473382687781.pcd
32a76f499a00451ab701dc292405d03e,09620b9499344b80a7870dc1b80cb4ed,044c648ac12345f1aedf33c9f91cdc5a,LiDAR,LIDAR_LEFT,1695473383187333,True,samples,samples/LIDAR_LEFT/LIDAR_LEFT_1695473383187333.pcd
d918eb2ffa234a4e92277b43d206e481,36b65dcf8d8d4266bf5802677195cc15,044c648ac12345f1aedf33c9f91cdc5a,LiDAR,LIDAR_LEFT,1695473383686999,True,samples,samples/LIDAR_LEFT/LIDAR_LEFT_1695473383686999.pcd
a3f4f6aebfe3492e9f00e029842ab5d9,bf5cf015771d44108d314771d3ace51d,044c648ac12345f1aedf33c9f91cdc5a,LiDAR,LIDAR_LEFT,1695473384186632,True,samples,samples/LIDAR_LEFT/LIDAR_LEFT_1695473384186632.pcd
2c195e8748dd4afaad015af03950dede,268efcebbf824f24b960d30a7162183b,044c648ac12345f1aedf33c9f91cdc5a,LiDAR,LIDAR_LEFT,1695473384687101,True,samples,samples/LIDAR_LEFT/LIDAR_LEFT_1695473384687101.pcd
9b1d79b50fd4492b90b8f0ba3db55089,30408918ea7844f589bcb7b3f5b0cb17,044c648ac12345f1aedf33c9f91cdc5a,LiDAR,LIDAR_LEFT,1695473385187841,True,samples,samples/LIDAR_LEFT/LIDAR_LEFT_1695473385187841.pcd
0969c1f7f75b48f89f7e375a23b5aa9f,66ec211e07194e3798d84dfe70729910,044c648ac12345f1aedf33c9f91cdc5a,LiDAR,LIDAR_LEFT,1695473385688397,True,samples,samples/LIDAR_LEFT/LIDAR_LEFT_1695473385688397.pcd
641ccdf7c4d54dd799fa673ce7e16496,d6faf332666e480aa7391cf082b0267c,044c648ac12345f1aedf33c9f91cdc5a,LiDAR,LIDAR_LEFT,1695473386188911,True,samples,samples/LIDAR_LEFT/LIDAR_LEFT_1695473386188911.pcd
95cb74baab9f4be59d05768a856f07b4,966d4b3345e945a8a99fd3b0752f42e0,044c648ac12345f1aedf33c9f91cdc5a,LiDAR,LIDAR_LEFT,1695473386688469,True,samples,samples/LIDAR_LEFT/LIDAR_LEFT_1695473386688469.pcd
a248efef39894bf0863cbd6151441e74,188173f8e91a4090a439f6038577bf1d,044c648ac12345f1aedf33c9f91cdc5a,LiDAR,LIDAR_LEFT,1695473387187774,True,samples,samples/LIDAR_LEFT/LIDAR_LEFT_1695473387187774.pcd
c5ba1762fe464d0ba6394edf1bcb7ee6,8dbf50814d614cfbb323d8e822654eb1,044c648ac12345f1aedf33c9f91cdc5a,LiDAR,LIDAR_LEFT,1695473387687080,True,samples,samples/LIDAR_LEFT/LIDAR_LEFT_1695473387687080.pcd
fb461ff1ed3b4933972173ba7a4a9138,cf37919cc2204541a25798673dc06bdb,044c648ac12345f1aedf33c9f91cdc5a,LiDAR,LIDAR_LEFT,1695473388186553,True,samples,samples/LIDAR_LEFT/LIDAR_LEFT_1695473388186553.pcd
c0eeefe1e7bf4f58b743f472f03a73b4,38f31e131030482e9d3d398811131fc9,044c648ac12345f1aedf33c9f91cdc5a,LiDAR,LIDAR_LEFT,1695473388686987,True,samples,samples/LIDAR_LEFT/LIDAR_LEFT_1695473388686987.pcd
97cb7cdd7736462b957b7b4a77d86150,7941a96d59d44b35a64d6b5cc2046a2e,044c648ac12345f1aedf33c9f91cdc5a,LiDAR,LIDAR_LEFT,1695473389187633,True,samples,samples/LIDAR_LEFT/LIDAR_LEFT_1695473389187633.pcd
f79f3a2233b54c85b405661303340208,b4d713a4172242c2851e8281de40e92e,044c648ac12345f1aedf33c9f91cdc5a,LiDAR,LIDAR_LEFT,1695473389688195,True,samples,samples/LIDAR_LEFT/LIDAR_LEFT_1695473389688195.pcd
e8d5214c179f4cd2a02184271c309efe,de022c96a11f48ee9a677c4147696a42,044c648ac12345f1aedf33c9f91cdc5a,LiDAR,LIDAR_LEFT,1695473390188584,True,samples,samples/LIDAR_LEFT/LIDAR_LEFT_1695473390188584.pcd
238a9cdc445045439bf9f816d294ef1d,9f765fcab1c54fe19aa84192ba6dab76,044c648ac12345f1aedf33c9f91cdc5a,LiDAR,LIDAR_LEFT,1695473390688187,True,samples,samples/LIDAR_LEFT/LIDAR_LEFT_1695473390688187.pcd
179dd7cbeeb746f1862234b4c90439ac,2575a0787cf74a83ab4e558ba732b8d4,044c648ac12345f1aedf33c9f91cdc5a,LiDAR,LIDAR_LEFT,1695473391187596,True,samples,samples/LIDAR_LEFT/LIDAR_LEFT_1695473391187596.pcd
c4b79d1eea9946f697c5c74394d3dda6,88ad6593a97f46dcaca8401aa7b36d8b,044c648ac12345f1aedf33c9f91cdc5a,LiDAR,LIDAR_LEFT,1695473391687212,True,samples,samples/LIDAR_LEFT/LIDAR_LEFT_1695473391687212.pcd
39c3f3be473347e79cf72ad55c24f217,94640f753b284a1c9c0e8694243f60cd,044c648ac12345f1aedf33c9f91cdc5a,LiDAR,LIDAR_LEFT,1695473392186815,True,samples,samples/LIDAR_LEFT/LIDAR_LEFT_1695473392186815.pcd
28a12ab75263458a977dd29ca4e54ee2,32d2bcf46e734dffb14fe2e0a823d059,044c648ac12345f1aedf33c9f91cdc5a,LiDAR,LIDAR_RIGHT,1695473372712879,True,samples,samples/LIDAR_RIGHT/LIDAR_RIGHT_1695473372712879.pcd
658d79529f3b4bf9a0df7b26424ff7de,deb7b3f332f042d49e7636d6e4959354,044c648ac12345f1aedf33c9f91cdc5a,LiDAR,LIDAR_RIGHT,1695473373212706,True,samples,samples/LIDAR_RIGHT/LIDAR_RIGHT_1695473373212706.pcd
d2715f61498e49328c7ef2bc76c3673e,a574551be31547e4b7c78ff87c75abb3,044c648ac12345f1aedf33c9f91cdc5a,LiDAR,LIDAR_RIGHT,1695473373712420,True,samples,samples/LIDAR_RIGHT/LIDAR_RIGHT_1695473373712420.pcd
b2026803c3c54d09aae027b1b60fd021,1393759bf6ff4f8e88deff0da0dc2aca,044c648ac12345f1aedf33c9f91cdc5a,LiDAR,LIDAR_RIGHT,1695473374212478,True,samples,samples/LIDAR_RIGHT/LIDAR_RIGHT_1695473374212478.pcd
4013e4b04b9c49419cdd0eaa2cf229e4,368662645c194921b716c026347db664,044c648ac12345f1aedf33c9f91cdc5a,LiDAR,LIDAR_RIGHT,1695473374712815,True,samples,samples/LIDAR_RIGHT/LIDAR_RIGHT_1695473374712815.pcd
abe808ddf6e44ca580f925c3b69718ee,a42b482121464aa795d24f55400c574f,044c648ac12345f1aedf33c9f91cdc5a,LiDAR,LIDAR_RIGHT,1695473375212392,True,samples,samples/LIDAR_RIGHT/LIDAR_RIGHT_1695473375212392.pcd
a1d2c0a63e344dd19261b0cf9c5ed07e,814d7dd86f1a47e28385ee434cdb6b1a,044c648ac12345f1aedf33c9f91cdc5a,LiDAR,LIDAR_RIGHT,1695473375712203,True,samples,samples/LIDAR_RIGHT/LIDAR_RIGHT_1695473375712203.pcd
4c58ae5b8bda479987df50ae3ddf4987,a1bcff3507ba48d991ec098093d75394,044c648ac12345f1aedf33c9f91cdc5a,LiDAR,LIDAR_RIGHT,1695473376212089,True,samples,samples/LIDAR_RIGHT/LIDAR_RIGHT_1695473376212089.pcd
e317389976a746b5814aa1ad252f83be,8a5f89a6ebaa4d75aa70bf4b31734ea5,044c648ac12345f1aedf33c9f91cdc5a,LiDAR,LIDAR_RIGHT,1695473376712555,True,samples,samples/LIDAR_RIGHT/LIDAR_RIGHT_1695473376712555.pcd
9395ec4c15ad43faa84204fe6e0997f2,3c7fe0a51cdd45da9a49624782c511f1,044c648ac12345f1aedf33c9f91cdc5a,LiDAR,LIDAR_RIGHT,1695473377212884,True,samples,samples/LIDAR_RIGHT/LIDAR_RIGHT_1695473377212884.pcd
63c2a14378c1466fa6d730f47adee9ee,e8d9d7b84b384c95ad0eff56dc1f0a99,044c648ac12345f1aedf33c9f91cdc5a,LiDAR,LIDAR_RIGHT,1695473377713379,True,samples,samples/LIDAR_RIGHT/LIDAR_RIGHT_1695473377713379.pcd
724c51259669488c98896b505ee41ff8,c274731e59da4059ae35fd5e543870cd,044c648ac12345f1aedf33c9f91cdc5a,LiDAR,LIDAR_RIGHT,1695473378213902,True,samples,samples/LIDAR_RIGHT/LIDAR_RIGHT_1695473378213902.pcd
934ecd1e9c014b4a9f527ae1c97ce352,f1c03220990143e19b983bf3da478764,044c648ac12345f1aedf33c9f91cdc5a,LiDAR,LIDAR_RIGHT,1695473378713424,True,samples,samples/LIDAR_RIGHT/LIDAR_RIGHT_1695473378713424.pcd
9921a92e8783461cab5f8b57f1a1fa8c,8fca58701c884e49b255c3f8eb2846d6,044c648ac12345f1aedf33c9f91cdc5a,LiDAR,LIDAR_RIGHT,1695473379212700,True,samples,samples/LIDAR_RIGHT/LIDAR_RIGHT_1695473379212700.pcd
1db599562a164ac6811196cf9d1fd283,7fd37cf3b62b49a6a1cd62db392c9575,044c648ac12345f1aedf33c9f91cdc5a,LiDAR,LIDAR_RIGHT,1695473379712305,True,samples,samples/LIDAR_RIGHT/LIDAR_RIGHT_1695473379712305.pcd
fffb34aca30f4aabab427635b20da7fa,0113d3fc23954918ab040dd627bb4b0f,044c648ac12345f1aedf33c9f91cdc5a,LiDAR,LIDAR_RIGHT,1695473380212083,True,samples,samples/LIDAR_RIGHT/LIDAR_RIGHT_1695473380212083.pcd
9e425d568a3b42feb3dc245e645bb55a,25b220729c6b4209804da4a588c3c84c,044c648ac12345f1aedf33c9f91cdc5a,LiDAR,LIDAR_RIGHT,1695473380712613,True,samples,samples/LIDAR_RIGHT/LIDAR_RIGHT_1695473380712613.pcd
fc7da67b58344eadad32b3659f7cb926,5141a31284164a69ac4307cb2b9ae6df,044c648ac12345f1aedf33c9f91cdc5a,LiDAR,LIDAR_RIGHT,1695473381212875,True,samples,samples/LIDAR_RIGHT/LIDAR_RIGHT_1695473381212875.pcd
a28f7eef53f0440b8e2c3d344e8ad14b,69c7cd93ec6444f799d8f65f16430e17,044c648ac12345f1aedf33c9f91cdc5a,LiDAR,LIDAR_RIGHT,1695473381713484,True,samples,samples/LIDAR_RIGHT/LIDAR_RIGHT_1695473381713484.pcd
5d12ff1a864d4db78d04c3a83be6eb42,4551a79e00f24684b35672591431ec8c,044c648ac12345f1aedf33c9f91cdc5a,LiDAR,LIDAR_RIGHT,1695473382214128,True,samples,samples/LIDAR_RIGHT/LIDAR_RIGHT_1695473382214128.pcd
384790db64414ec2ac336a4004dd2b88,8502c7bf06fc4f319f1847b4a6e179e7,044c648ac12345f1aedf33c9f91cdc5a,LiDAR,LIDAR_RIGHT,1695473382713609,True,samples,samples/LIDAR_RIGHT/LIDAR_RIGHT_1695473382713609.pcd
5e2434a6ebb8426a92202ad8b2685b0b,09620b9499344b80a7870dc1b80cb4ed,044c648ac12345f1aedf33c9f91cdc5a,LiDAR,LIDAR_RIGHT,1695473383212871,True,samples,samples/LIDAR_RIGHT/LIDAR_RIGHT_1695473383212871.pcd
600b05433a884fe8a39fcd6cb5e2f08d,36b65dcf8d8d4266bf5802677195cc15,044c648ac12345f1aedf33c9f91cdc5a,LiDAR,LIDAR_RIGHT,1695473383712314,True,samples,samples/LIDAR_RIGHT/LIDAR_RIGHT_1695473383712314.pcd
cff4191d900b4dc5aeed07fda4be9d5a,bf5cf015771d44108d314771d3ace51d,044c648ac12345f1aedf33c9f91cdc5a,LiDAR,LIDAR_RIGHT,1695473384211892,True,samples,samples/LIDAR_RIGHT/LIDAR_RIGHT_1695473384211892.pcd
1dc95178253d46d88ad595009f5ccc6e,268efcebbf824f24b960d30a7162183b,044c648ac12345f1aedf33c9f91cdc5a,LiDAR,LIDAR_RIGHT,1695473384712461,True,samples,samples/LIDAR_RIGHT/LIDAR_RIGHT_1695473384712461.pcd
903eb62bfea34ab99daa0f7124b50fa8,30408918ea7844f589bcb7b3f5b0cb17,044c648ac12345f1aedf33c9f91cdc5a,LiDAR,LIDAR_RIGHT,1695473385212767,True,samples,samples/LIDAR_RIGHT/LIDAR_RIGHT_1695473385212767.pcd
dd15c3fa51204f50a062a60af30303e9,66ec211e07194e3798d84dfe70729910,044c648ac12345f1aedf33c9f91cdc5a,LiDAR,LIDAR_RIGHT,1695473385712740,True,samples,samples/LIDAR_RIGHT/LIDAR_RIGHT_1695473385712740.pcd
bfb1604c806e4e9fb2ad99f553233820,d6faf332666e480aa7391cf082b0267c,044c648ac12345f1aedf33c9f91cdc5a,LiDAR,LIDAR_RIGHT,1695473386212739,True,samples,samples/LIDAR_RIGHT/LIDAR_RIGHT_1695473386212739.pcd
f0e8075e7e954cf987e9024e0e3df69b,966d4b3345e945a8a99fd3b0752f42e0,044c648ac12345f1aedf33c9f91cdc5a,LiDAR,LIDAR_RIGHT,1695473386712429,True,samples,samples/LIDAR_RIGHT/LIDAR_RIGHT_1695473386712429.pcd
57adb41e589d41b6b127a3475019a2fa,188173f8e91a4090a439f6038577bf1d,044c648ac12345f1aedf33c9f91cdc5a,LiDAR,LIDAR_RIGHT,1695473387212532,True,samples,samples/LIDAR_RIGHT/LIDAR_RIGHT_1695473387212532.pcd
6b1a6e6f4a1d4f02b04b44f32a7cb55d,8dbf50814d614cfbb323d8e822654eb1,044c648ac12345f1aedf33c9f91cdc5a,LiDAR,LIDAR_RIGHT,1695473387713181,True,samples,samples/LIDAR_RIGHT/LIDAR_RIGHT_1695473387713181.pcd
9499dd7df606414bb1ef3f00d2b9bb2a,cf37919cc2204541a25798673dc06bdb,044c648ac12345f1aedf33c9f91cdc5a,LiDAR,LIDAR_RIGHT,1695473388213830,True,samples,samples/LIDAR_RIGHT/LIDAR_RIGHT_1695473388213830.pcd
554d6fd490a54b92ab7ace572e59a242,38f31e131030482e9d3d398811131fc9,044c648ac12345f1aedf33c9f91cdc5a,LiDAR,LIDAR_RIGHT,1695473388713308,True,samples,samples/LIDAR_RIGHT/LIDAR_RIGHT_1695473388713308.pcd
6c42f3a51f22446cb7a4d722a988b9d2,7941a96d59d44b35a64d6b5cc2046a2e,044c648ac12345f1aedf33c9f91cdc5a,LiDAR,LIDAR_RIGHT,1695473389212736,True,samples,samples/LIDAR_RIGHT/LIDAR_RIGHT_1695473389212736.pcd
5bed72cb59db4bf389666a393d1767af,b4d713a4172242c2851e8281de40e92e,044c648ac12345f1aedf33c9f91cdc5a,LiDAR,LIDAR_RIGHT,1695473389712785,True,samples,samples/LIDAR_RIGHT/LIDAR_RIGHT_1695473389712785.pcd
8650c08247a34a7e8a479930a7ef2544,de022c96a11f48ee9a677c4147696a42,044c648ac12345f1aedf33c9f91cdc5a,LiDAR,LIDAR_RIGHT,1695473390212716,True,samples,samples/LIDAR_RIGHT/LIDAR_RIGHT_1695473390212716.pcd
7a15e2e8384e4deb892cb6dd2508be62,9f765fcab1c54fe19aa84192ba6dab76,044c648ac12345f1aedf33c9f91cdc5a,LiDAR,LIDAR_RIGHT,1695473390712436,True,samples,samples/LIDAR_RIGHT/LIDAR_RIGHT_1695473390712436.pcd
0e4deddc4f194cb6beeaf1502d95dc61,2575a0787cf74a83ab4e558ba732b8d4,044c648ac12345f1aedf33c9f91cdc5a,LiDAR,LIDAR_RIGHT,1695473391212456,True,samples,samples/LIDAR_RIGHT/LIDAR_RIGHT_1695473391212456.pcd
5349ae403acb419d901ce50b0510cba0,88ad6593a97f46dcaca8401aa7b36d8b,044c648ac12345f1aedf33c9f91cdc5a,LiDAR,LIDAR_RIGHT,1695473391713024,True,samples,samples/LIDAR_RIGHT/LIDAR_RIGHT_1695473391713024.pcd
2b1b4cf5d505425894a3521b9cbef24e,94640f753b284a1c9c0e8694243f60cd,044c648ac12345f1aedf33c9f91cdc5a,LiDAR,LIDAR_RIGHT,1695473392213545,True,samples,samples/LIDAR_RIGHT/LIDAR_RIGHT_1695473392213545.pcd
1ac1e8bcd1ed4493a73c011dc2441713,32d2bcf46e734dffb14fe2e0a823d059,044c648ac12345f1aedf33c9f91cdc5a,LiDAR,LIDAR_TOP_FRONT,1695473372700803,True,samples,samples/LIDAR_TOP_FRONT/LIDAR_TOP_FRONT_1695473372700803.pcd
3c17fa04e0e5449f8e35b4a07ccc0ffd,deb7b3f332f042d49e7636d6e4959354,044c648ac12345f1aedf33c9f91cdc5a,LiDAR,LIDAR_TOP_FRONT,1695473373200962,True,samples,samples/LIDAR_TOP_FRONT/LIDAR_TOP_FRONT_1695473373200962.pcd
9c44296a342a4894a02eacb38b984099,a574551be31547e4b7c78ff87c75abb3,044c648ac12345f1aedf33c9f91cdc5a,LiDAR,LIDAR_TOP_FRONT,1695473373700739,True,samples,samples/LIDAR_TOP_FRONT/LIDAR_TOP_FRONT_1695473373700739.pcd
c6a2b13086174599aa174eb36b9144dc,1393759bf6ff4f8e88deff0da0dc2aca,044c648ac12345f1aedf33c9f91cdc5a,LiDAR,LIDAR_TOP_FRONT,1695473374200706,True,samples,samples/LIDAR_TOP_FRONT/LIDAR_TOP_FRONT_1695473374200706.pcd
56d5d38f3dad4426ab7fa18026af4e16,368662645c194921b716c026347db664,044c648ac12345f1aedf33c9f91cdc5a,LiDAR,LIDAR_TOP_FRONT,1695473374700758,True,samples,samples/LIDAR_TOP_FRONT/LIDAR_TOP_FRONT_1695473374700758.pcd
de807f8837154267b1397e76649f4193,a42b482121464aa795d24f55400c574f,044c648ac12345f1aedf33c9f91cdc5a,LiDAR,LIDAR_TOP_FRONT,1695473375200858,True,samples,samples/LIDAR_TOP_FRONT/LIDAR_TOP_FRONT_1695473375200858.pcd
12f738c4cbf54c34b4c734c892b0f538,814d7dd86f1a47e28385ee434cdb6b1a,044c648ac12345f1aedf33c9f91cdc5a,LiDAR,LIDAR_TOP_FRONT,1695473375700486,True,samples,samples/LIDAR_TOP_FRONT/LIDAR_TOP_FRONT_1695473375700486.pcd
1441adeec84641fcbf5eaab00a884332,a1bcff3507ba48d991ec098093d75394,044c648ac12345f1aedf33c9f91cdc5a,LiDAR,LIDAR_TOP_FRONT,1695473376201083,True,samples,samples/LIDAR_TOP_FRONT/LIDAR_TOP_FRONT_1695473376201083.pcd
56981e386ad346d7867e53c5c32bffb6,8a5f89a6ebaa4d75aa70bf4b31734ea5,044c648ac12345f1aedf33c9f91cdc5a,LiDAR,LIDAR_TOP_FRONT,1695473376701119,True,samples,samples/LIDAR_TOP_FRONT/LIDAR_TOP_FRONT_1695473376701119.pcd
8b079256beb04839a575e1ea9df57ffd,3c7fe0a51cdd45da9a49624782c511f1,044c648ac12345f1aedf33c9f91cdc5a,LiDAR,LIDAR_TOP_FRONT,1695473377200862,True,samples,samples/LIDAR_TOP_FRONT/LIDAR_TOP_FRONT_1695473377200862.pcd
f5ac2f821bae4bfe86e8330adce9b63f,e8d9d7b84b384c95ad0eff56dc1f0a99,044c648ac12345f1aedf33c9f91cdc5a,LiDAR,LIDAR_TOP_FRONT,1695473377700679,True,samples,samples/LIDAR_TOP_FRONT/LIDAR_TOP_FRONT_1695473377700679.pcd
8d734b91ef5b4e3eb91130091a6b8104,c274731e59da4059ae35fd5e543870cd,044c648ac12345f1aedf33c9f91cdc5a,LiDAR,LIDAR_TOP_FRONT,1695473378200651,True,samples,samples/LIDAR_TOP_FRONT/LIDAR_TOP_FRONT_1695473378200651.pcd
348f7c3492be4136b16e47d1d3c2157d,f1c03220990143e19b983bf3da478764,044c648ac12345f1aedf33c9f91cdc5a,LiDAR,LIDAR_TOP_FRONT,1695473378700725,True,samples,samples/LIDAR_TOP_FRONT/LIDAR_TOP_FRONT_1695473378700725.pcd
e5075e541682470cb1c525403153361a,8fca58701c884e49b255c3f8eb2846d6,044c648ac12345f1aedf33c9f91cdc5a,LiDAR,LIDAR_TOP_FRONT,1695473379200983,True,samples,samples/LIDAR_TOP_FRONT/LIDAR_TOP_FRONT_1695473379200983.pcd
5cab32e9739a466a9d4397207d9598f6,7fd37cf3b62b49a6a1cd62db392c9575,044c648ac12345f1aedf33c9f91cdc5a,LiDAR,LIDAR_TOP_FRONT,1695473379700719,True,samples,samples/LIDAR_TOP_FRONT/LIDAR_TOP_FRONT_1695473379700719.pcd
2b141d893b75424181118da1243d7a23,0113d3fc23954918ab040dd627bb4b0f,044c648ac12345f1aedf33c9f91cdc5a,LiDAR,LIDAR_TOP_FRONT,1695473380200622,True,samples,samples/LIDAR_TOP_FRONT/LIDAR_TOP_FRONT_1695473380200622.pcd
23c6093e4cd0489d8cb7beeec1f95a5d,25b220729c6b4209804da4a588c3c84c,044c648ac12345f1aedf33c9f91cdc5a,LiDAR,LIDAR_TOP_FRONT,1695473380700701,True,samples,samples/LIDAR_TOP_FRONT/LIDAR_TOP_FRONT_1695473380700701.pcd
8b6aa41956134276a5daedbdbb973830,5141a31284164a69ac4307cb2b9ae6df,044c648ac12345f1aedf33c9f91cdc5a,LiDAR,LIDAR_TOP_FRONT,1695473381200992,True,samples,samples/LIDAR_TOP_FRONT/LIDAR_TOP_FRONT_1695473381200992.pcd
c6380c7844d6448e808b5761256dcc86,69c7cd93ec6444f799d8f65f16430e17,044c648ac12345f1aedf33c9f91cdc5a,LiDAR,LIDAR_TOP_FRONT,1695473381700985,True,samples,samples/LIDAR_TOP_FRONT/LIDAR_TOP_FRONT_1695473381700985.pcd
20decefe6cee4274bb214612c8cf3989,4551a79e00f24684b35672591431ec8c,044c648ac12345f1aedf33c9f91cdc5a,LiDAR,LIDAR_TOP_FRONT,1695473382201211,True,samples,samples/LIDAR_TOP_FRONT/LIDAR_TOP_FRONT_1695473382201211.pcd
84faeb1507384c7f9a3c5a53f6bf9584,8502c7bf06fc4f319f1847b4a6e179e7,044c648ac12345f1aedf33c9f91cdc5a,LiDAR,LIDAR_TOP_FRONT,1695473382701155,True,samples,samples/LIDAR_TOP_FRONT/LIDAR_TOP_FRONT_1695473382701155.pcd
660c09cedab84e8884b0d81778607364,09620b9499344b80a7870dc1b80cb4ed,044c648ac12345f1aedf33c9f91cdc5a,LiDAR,LIDAR_TOP_FRONT,1695473383201041,True,samples,samples/LIDAR_TOP_FRONT/LIDAR_TOP_FRONT_1695473383201041.pcd
808cfc2bd2ea40efa636c2943d17b211,36b65dcf8d8d4266bf5802677195cc15,044c648ac12345f1aedf33c9f91cdc5a,LiDAR,LIDAR_TOP_FRONT,1695473383700719,True,samples,samples/LIDAR_TOP_FRONT/LIDAR_TOP_FRONT_1695473383700719.pcd
9aeee8238afe45a3b37fe93c20db1195,bf5cf015771d44108d314771d3ace51d,044c648ac12345f1aedf33c9f91cdc5a,LiDAR,LIDAR_TOP_FRONT,1695473384200724,True,samples,samples/LIDAR_TOP_FRONT/LIDAR_TOP_FRONT_1695473384200724.pcd
b9886e6796ad4ed99801cf6b94d1a21c,268efcebbf824f24b960d30a7162183b,044c648ac12345f1aedf33c9f91cdc5a,LiDAR,LIDAR_TOP_FRONT,1695473384700653,True,samples,samples/LIDAR_TOP_FRONT/LIDAR_TOP_FRONT_1695473384700653.pcd
8d9bbf53e00945d0b9f89d49c6f002ab,30408918ea7844f589bcb7b3f5b0cb17,044c648ac12345f1aedf33c9f91cdc5a,LiDAR,LIDAR_TOP_FRONT,1695473385200526,True,samples,samples/LIDAR_TOP_FRONT/LIDAR_TOP_FRONT_1695473385200526.pcd
a7a7dce6ddd9405b8c2872308356d875,66ec211e07194e3798d84dfe70729910,044c648ac12345f1aedf33c9f91cdc5a,LiDAR,LIDAR_TOP_FRONT,1695473385700654,True,samples,samples/LIDAR_TOP_FRONT/LIDAR_TOP_FRONT_1695473385700654.pcd
09d7fcc976e64bf28490e15c1737954b,d6faf332666e480aa7391cf082b0267c,044c648ac12345f1aedf33c9f91cdc5a,LiDAR,LIDAR_TOP_FRONT,1695473386200611,True,samples,samples/LIDAR_TOP_FRONT/LIDAR_TOP_FRONT_1695473386200611.pcd
934f83016de64dd19ed5772546914834,966d4b3345e945a8a99fd3b0752f42e0,044c648ac12345f1aedf33c9f91cdc5a,LiDAR,LIDAR_TOP_FRONT,1695473386700663,True,samples,samples/LIDAR_TOP_FRONT/LIDAR_TOP_FRONT_1695473386700663.pcd
0cf57c7577914fc782bb0fb411477d28,188173f8e91a4090a439f6038577bf1d,044c648ac12345f1aedf33c9f91cdc5a,LiDAR,LIDAR_TOP_FRONT,1695473387200556,True,samples,samples/LIDAR_TOP_FRONT/LIDAR_TOP_FRONT_1695473387200556.pcd
7e6ce002fe354baab9287a92296b054b,8dbf50814d614cfbb323d8e822654eb1,044c648ac12345f1aedf33c9f91cdc5a,LiDAR,LIDAR_TOP_FRONT,1695473387700715,True,samples,samples/LIDAR_TOP_FRONT/LIDAR_TOP_FRONT_1695473387700715.pcd
6e19b00cb28b45f28a32c46af0258819,cf37919cc2204541a25798673dc06bdb,044c648ac12345f1aedf33c9f91cdc5a,LiDAR,LIDAR_TOP_FRONT,1695473388201191,True,samples,samples/LIDAR_TOP_FRONT/LIDAR_TOP_FRONT_1695473388201191.pcd
5edcd8f3bee94bc7ba5dcf4379cea40d,38f31e131030482e9d3d398811131fc9,044c648ac12345f1aedf33c9f91cdc5a,LiDAR,LIDAR_TOP_FRONT,1695473388700875,True,samples,samples/LIDAR_TOP_FRONT/LIDAR_TOP_FRONT_1695473388700875.pcd
f7d83bf035fb4714aa6307c71861b761,7941a96d59d44b35a64d6b5cc2046a2e,044c648ac12345f1aedf33c9f91cdc5a,LiDAR,LIDAR_TOP_FRONT,1695473389200768,True,samples,samples/LIDAR_TOP_FRONT/LIDAR_TOP_FRONT_1695473389200768.pcd
4664fe65cb7245e3a22f9e32812d0fd7,b4d713a4172242c2851e8281de40e92e,044c648ac12345f1aedf33c9f91cdc5a,LiDAR,LIDAR_TOP_FRONT,1695473389700921,True,samples,samples/LIDAR_TOP_FRONT/LIDAR_TOP_FRONT_1695473389700921.pcd
10c5b7686c1143aea73f57d45c161106,de022c96a11f48ee9a677c4147696a42,044c648ac12345f1aedf33c9f91cdc5a,LiDAR,LIDAR_TOP_FRONT,1695473390200732,True,samples,samples/LIDAR_TOP_FRONT/LIDAR_TOP_FRONT_1695473390200732.pcd
47b6b51991e545778fdfdef8e41a0235,9f765fcab1c54fe19aa84192ba6dab76,044c648ac12345f1aedf33c9f91cdc5a,LiDAR,LIDAR_TOP_FRONT,1695473390700578,True,samples,samples/LIDAR_TOP_FRONT/LIDAR_TOP_FRONT_1695473390700578.pcd
e3508ecdfa6a4d1a85289744248a3f06,2575a0787cf74a83ab4e558ba732b8d4,044c648ac12345f1aedf33c9f91cdc5a,LiDAR,LIDAR_TOP_FRONT,1695473391200834,True,samples,samples/LIDAR_TOP_FRONT/LIDAR_TOP_FRONT_1695473391200834.pcd
4794823b436942059c4d37ac4547b739,88ad6593a97f46dcaca8401aa7b36d8b,044c648ac12345f1aedf33c9f91cdc5a,LiDAR,LIDAR_TOP_FRONT,1695473391700623,True,samples,samples/LIDAR_TOP_FRONT/LIDAR_TOP_FRONT_1695473391700623.pcd
f3c1a175566a4031932724cc15e306ba,94640f753b284a1c9c0e8694243f60cd,044c648ac12345f1aedf33c9f91cdc5a,LiDAR,LIDAR_TOP_FRONT,1695473392200494,True,samples,samples/LIDAR_TOP_FRONT/LIDAR_TOP_FRONT_1695473392200494.pcd
85c18e7eeb3c42f194eba257dcf6d66c,32d2bcf46e734dffb14fe2e0a823d059,044c648ac12345f1aedf33c9f91cdc5a,LiDAR,LIDAR_TOP_LEFT,1695473372675865,True,samples,samples/LIDAR_TOP_LEFT/LIDAR_TOP_LEFT_1695473372675865.pcd
5c80a6525c654ef2ab802d5913d58d31,deb7b3f332f042d49e7636d6e4959354,044c648ac12345f1aedf33c9f91cdc5a,LiDAR,LIDAR_TOP_LEFT,1695473373175959,True,samples,samples/LIDAR_TOP_LEFT/LIDAR_TOP_LEFT_1695473373175959.pcd
ac40742882b84b2fb33516bd48c3f158,a574551be31547e4b7c78ff87c75abb3,044c648ac12345f1aedf33c9f91cdc5a,LiDAR,LIDAR_TOP_LEFT,1695473373676187,True,samples,samples/LIDAR_TOP_LEFT/LIDAR_TOP_LEFT_1695473373676187.pcd
cebb613213a9483fae24fc76f13f96c3,1393759bf6ff4f8e88deff0da0dc2aca,044c648ac12345f1aedf33c9f91cdc5a,LiDAR,LIDAR_TOP_LEFT,1695473374176347,True,samples,samples/LIDAR_TOP_LEFT/LIDAR_TOP_LEFT_1695473374176347.pcd
9cf5181283aa48af9ce6327d488a8f34,368662645c194921b716c026347db664,044c648ac12345f1aedf33c9f91cdc5a,LiDAR,LIDAR_TOP_LEFT,1695473374676244,True,samples,samples/LIDAR_TOP_LEFT/LIDAR_TOP_LEFT_1695473374676244.pcd
618c93d05faa42b9b7e5e36028f8691f,a42b482121464aa795d24f55400c574f,044c648ac12345f1aedf33c9f91cdc5a,LiDAR,LIDAR_TOP_LEFT,1695473375176361,True,samples,samples/LIDAR_TOP_LEFT/LIDAR_TOP_LEFT_1695473375176361.pcd
3507a7bbb410410bb1620844d57c3edc,814d7dd86f1a47e28385ee434cdb6b1a,044c648ac12345f1aedf33c9f91cdc5a,LiDAR,LIDAR_TOP_LEFT,1695473375676228,True,samples,samples/LIDAR_TOP_LEFT/LIDAR_TOP_LEFT_1695473375676228.pcd
c5fad051047147f0bb634492407a87d4,a1bcff3507ba48d991ec098093d75394,044c648ac12345f1aedf33c9f91cdc5a,LiDAR,LIDAR_TOP_LEFT,1695473376176165,True,samples,samples/LIDAR_TOP_LEFT/LIDAR_TOP_LEFT_1695473376176165.pcd
628441ac9cf14bd0ad0e40eafa670b65,8a5f89a6ebaa4d75aa70bf4b31734ea5,044c648ac12345f1aedf33c9f91cdc5a,LiDAR,LIDAR_TOP_LEFT,1695473376675920,True,samples,samples/LIDAR_TOP_LEFT/LIDAR_TOP_LEFT_1695473376675920.pcd
f11706d28d0d438693fff48e72d01ff8,3c7fe0a51cdd45da9a49624782c511f1,044c648ac12345f1aedf33c9f91cdc5a,LiDAR,LIDAR_TOP_LEFT,1695473377175889,True,samples,samples/LIDAR_TOP_LEFT/LIDAR_TOP_LEFT_1695473377175889.pcd
98b9c1c6fc5546cbb1dc4933d517d60a,e8d9d7b84b384c95ad0eff56dc1f0a99,044c648ac12345f1aedf33c9f91cdc5a,LiDAR,LIDAR_TOP_LEFT,1695473377675962,True,samples,samples/LIDAR_TOP_LEFT/LIDAR_TOP_LEFT_1695473377675962.pcd
6b5d0f3e6b174406adc713cba132806c,c274731e59da4059ae35fd5e543870cd,044c648ac12345f1aedf33c9f91cdc5a,LiDAR,LIDAR_TOP_LEFT,1695473378176028,True,samples,samples/LIDAR_TOP_LEFT/LIDAR_TOP_LEFT_1695473378176028.pcd
7c1beb12aa5c470b83a3a2ea9b005085,f1c03220990143e19b983bf3da478764,044c648ac12345f1aedf33c9f91cdc5a,LiDAR,LIDAR_TOP_LEFT,1695473378676189,True,samples,samples/LIDAR_TOP_LEFT/LIDAR_TOP_LEFT_1695473378676189.pcd
119aebc4e3944ed3804ea4d642377737,8fca58701c884e49b255c3f8eb2846d6,044c648ac12345f1aedf33c9f91cdc5a,LiDAR,LIDAR_TOP_LEFT,1695473379176415,True,samples,samples/LIDAR_TOP_LEFT/LIDAR_TOP_LEFT_1695473379176415.pcd
2f42ab7d7b4f47fdb7d3dc8c8a7da775,7fd37cf3b62b49a6a1cd62db392c9575,044c648ac12345f1aedf33c9f91cdc5a,LiDAR,LIDAR_TOP_LEFT,1695473379676304,True,samples,samples/LIDAR_TOP_LEFT/LIDAR_TOP_LEFT_1695473379676304.pcd
c62d25f7800b42039c128a37c8af941f,0113d3fc23954918ab040dd627bb4b0f,044c648ac12345f1aedf33c9f91cdc5a,LiDAR,LIDAR_TOP_LEFT,1695473380176263,True,samples,samples/LIDAR_TOP_LEFT/LIDAR_TOP_LEFT_1695473380176263.pcd
1d37c4cf83bb48729710094a91511d13,25b220729c6b4209804da4a588c3c84c,044c648ac12345f1aedf33c9f91cdc5a,LiDAR,LIDAR_TOP_LEFT,1695473380676344,True,samples,samples/LIDAR_TOP_LEFT/LIDAR_TOP_LEFT_1695473380676344.pcd
c326420e3ce04de6a644f8acced782a7,5141a31284164a69ac4307cb2b9ae6df,044c648ac12345f1aedf33c9f91cdc5a,LiDAR,LIDAR_TOP_LEFT,1695473381176278,True,samples,samples/LIDAR_TOP_LEFT/LIDAR_TOP_LEFT_1695473381176278.pcd
b26e6999ccb3486eb1b8fd5ba420eb2d,69c7cd93ec6444f799d8f65f16430e17,044c648ac12345f1aedf33c9f91cdc5a,LiDAR,LIDAR_TOP_LEFT,1695473381676042,True,samples,samples/LIDAR_TOP_LEFT/LIDAR_TOP_LEFT_1695473381676042.pcd
43be4df5c5ba425eb7e1a4cc0f47476b,4551a79e00f24684b35672591431ec8c,044c648ac12345f1aedf33c9f91cdc5a,LiDAR,LIDAR_TOP_LEFT,1695473382176106,True,samples,samples/LIDAR_TOP_LEFT/LIDAR_TOP_LEFT_1695473382176106.pcd
05ea8ba90c104d05adb418736d85d2ed,8502c7bf06fc4f319f1847b4a6e179e7,044c648ac12345f1aedf33c9f91cdc5a,LiDAR,LIDAR_TOP_LEFT,1695473382675979,True,samples,samples/LIDAR_TOP_LEFT/LIDAR_TOP_LEFT_1695473382675979.pcd
4e9ec2af655b4cada68d21aaae8a5a02,09620b9499344b80a7870dc1b80cb4ed,044c648ac12345f1aedf33c9f91cdc5a,LiDAR,LIDAR_TOP_LEFT,1695473383175910,True,samples,samples/LIDAR_TOP_LEFT/LIDAR_TOP_LEFT_1695473383175910.pcd
06cf60c9112141e6a75e3b134be38eee,36b65dcf8d8d4266bf5802677195cc15,044c648ac12345f1aedf33c9f91cdc5a,LiDAR,LIDAR_TOP_LEFT,1695473383675813,True,samples,samples/LIDAR_TOP_LEFT/LIDAR_TOP_LEFT_1695473383675813.pcd
64a31f3428fa417fb964865d79f656b8,bf5cf015771d44108d314771d3ace51d,044c648ac12345f1aedf33c9f91cdc5a,LiDAR,LIDAR_TOP_LEFT,1695473384175886,True,samples,samples/LIDAR_TOP_LEFT/LIDAR_TOP_LEFT_1695473384175886.pcd
7bbef62598574666888943849d28ac82,268efcebbf824f24b960d30a7162183b,044c648ac12345f1aedf33c9f91cdc5a,LiDAR,LIDAR_TOP_LEFT,1695473384676027,True,samples,samples/LIDAR_TOP_LEFT/LIDAR_TOP_LEFT_1695473384676027.pcd
f3f886a00d424fc0a8080e53f5765879,30408918ea7844f589bcb7b3f5b0cb17,044c648ac12345f1aedf33c9f91cdc5a,LiDAR,LIDAR_TOP_LEFT,1695473385176148,True,samples,samples/LIDAR_TOP_LEFT/LIDAR_TOP_LEFT_1695473385176148.pcd
699d9472d15141059292958fda1d114a,66ec211e07194e3798d84dfe70729910,044c648ac12345f1aedf33c9f91cdc5a,LiDAR,LIDAR_TOP_LEFT,1695473385676162,True,samples,samples/LIDAR_TOP_LEFT/LIDAR_TOP_LEFT_1695473385676162.pcd
2243bca3dc7343d58df1ea9d9aa21d53,d6faf332666e480aa7391cf082b0267c,044c648ac12345f1aedf33c9f91cdc5a,LiDAR,LIDAR_TOP_LEFT,1695473386176304,True,samples,samples/LIDAR_TOP_LEFT/LIDAR_TOP_LEFT_1695473386176304.pcd
bf12c5c8a8ac47ba8edae8c7ebb22539,966d4b3345e945a8a99fd3b0752f42e0,044c648ac12345f1aedf33c9f91cdc5a,LiDAR,LIDAR_TOP_LEFT,1695473386676249,True,samples,samples/LIDAR_TOP_LEFT/LIDAR_TOP_LEFT_1695473386676249.pcd
811c3bc281f3434e8d863e08a037cb13,188173f8e91a4090a439f6038577bf1d,044c648ac12345f1aedf33c9f91cdc5a,LiDAR,LIDAR_TOP_LEFT,1695473387176326,True,samples,samples/LIDAR_TOP_LEFT/LIDAR_TOP_LEFT_1695473387176326.pcd
4a486312b3e44a12a0d8c1587fd0743f,8dbf50814d614cfbb323d8e822654eb1,044c648ac12345f1aedf33c9f91cdc5a,LiDAR,LIDAR_TOP_LEFT,1695473387676344,True,samples,samples/LIDAR_TOP_LEFT/LIDAR_TOP_LEFT_1695473387676344.pcd
4f90f25b38d64df9a20d77990b8dc916,cf37919cc2204541a25798673dc06bdb,044c648ac12345f1aedf33c9f91cdc5a,LiDAR,LIDAR_TOP_LEFT,1695473388176288,True,samples,samples/LIDAR_TOP_LEFT/LIDAR_TOP_LEFT_1695473388176288.pcd
39846ee20d7d4a6fac29859fdf38b386,38f31e131030482e9d3d398811131fc9,044c648ac12345f1aedf33c9f91cdc5a,LiDAR,LIDAR_TOP_LEFT,1695473388676042,True,samples,samples/LIDAR_TOP_LEFT/LIDAR_TOP_LEFT_1695473388676042.pcd
8d3a9da09193402483c0f8109e9325a0,7941a96d59d44b35a64d6b5cc2046a2e,044c648ac12345f1aedf33c9f91cdc5a,LiDAR,LIDAR_TOP_LEFT,1695473389175948,True,samples,samples/LIDAR_TOP_LEFT/LIDAR_TOP_LEFT_1695473389175948.pcd
df6dca46ecdb4694b026db13f81c0de3,b4d713a4172242c2851e8281de40e92e,044c648ac12345f1aedf33c9f91cdc5a,LiDAR,LIDAR_TOP_LEFT,1695473389675914,True,samples,samples/LIDAR_TOP_LEFT/LIDAR_TOP_LEFT_1695473389675914.pcd
3d8ca28098954fe7b182b6b406cb1b22,de022c96a11f48ee9a677c4147696a42,044c648ac12345f1aedf33c9f91cdc5a,LiDAR,LIDAR_TOP_LEFT,1695473390175936,True,samples,samples/LIDAR_TOP_LEFT/LIDAR_TOP_LEFT_1695473390175936.pcd
65fcb9b7b2ba4f5f8243c9a28e71bffe,9f765fcab1c54fe19aa84192ba6dab76,044c648ac12345f1aedf33c9f91cdc5a,LiDAR,LIDAR_TOP_LEFT,1695473390676064,True,samples,samples/LIDAR_TOP_LEFT/LIDAR_TOP_LEFT_1695473390676064.pcd
c63a8f111a6540e4834697b73af47158,2575a0787cf74a83ab4e558ba732b8d4,044c648ac12345f1aedf33c9f91cdc5a,LiDAR,LIDAR_TOP_LEFT,1695473391176073,True,samples,samples/LIDAR_TOP_LEFT/LIDAR_TOP_LEFT_1695473391176073.pcd
44a8eee13c8647e69d9dab8fcb54b73d,88ad6593a97f46dcaca8401aa7b36d8b,044c648ac12345f1aedf33c9f91cdc5a,LiDAR,LIDAR_TOP_LEFT,1695473391676228,True,samples,samples/LIDAR_TOP_LEFT/LIDAR_TOP_LEFT_1695473391676228.pcd
4df63d1898a945039c3285f48131b183,94640f753b284a1c9c0e8694243f60cd,044c648ac12345f1aedf33c9f91cdc5a,LiDAR,LIDAR_TOP_LEFT,1695473392176305,True,samples,samples/LIDAR_TOP_LEFT/LIDAR_TOP_LEFT_1695473392176305.pcd
064d8efa5f31493db10f96dbeef91282,32d2bcf46e734dffb14fe2e0a823d059,044c648ac12345f1aedf33c9f91cdc5a,LiDAR,LIDAR_TOP_RIGHT,1695473372726140,True,samples,samples/LIDAR_TOP_RIGHT/LIDAR_TOP_RIGHT_1695473372726140.pcd
1585e3b94ba14c3999506c0be2893549,deb7b3f332f042d49e7636d6e4959354,044c648ac12345f1aedf33c9f91cdc5a,LiDAR,LIDAR_TOP_RIGHT,1695473373226089,True,samples,samples/LIDAR_TOP_RIGHT/LIDAR_TOP_RIGHT_1695473373226089.pcd
216eb1a948b04ca5837a248aa43f02e8,a574551be31547e4b7c78ff87c75abb3,044c648ac12345f1aedf33c9f91cdc5a,LiDAR,LIDAR_TOP_RIGHT,1695473373726233,True,samples,samples/LIDAR_TOP_RIGHT/LIDAR_TOP_RIGHT_1695473373726233.pcd
387242cd94e9405ab56cd8d4fc379604,1393759bf6ff4f8e88deff0da0dc2aca,044c648ac12345f1aedf33c9f91cdc5a,LiDAR,LIDAR_TOP_RIGHT,1695473374226356,True,samples,samples/LIDAR_TOP_RIGHT/LIDAR_TOP_RIGHT_1695473374226356.pcd
e91c6ad648454d54861d85502d5bd80e,368662645c194921b716c026347db664,044c648ac12345f1aedf33c9f91cdc5a,LiDAR,LIDAR_TOP_RIGHT,1695473374726354,True,samples,samples/LIDAR_TOP_RIGHT/LIDAR_TOP_RIGHT_1695473374726354.pcd
c13aad7dd6854c7d8105dfdfa750ddb1,a42b482121464aa795d24f55400c574f,044c648ac12345f1aedf33c9f91cdc5a,LiDAR,LIDAR_TOP_RIGHT,1695473375226475,True,samples,samples/LIDAR_TOP_RIGHT/LIDAR_TOP_RIGHT_1695473375226475.pcd
207278f4afdc4c52ab1b1416f02dc19c,814d7dd86f1a47e28385ee434cdb6b1a,044c648ac12345f1aedf33c9f91cdc5a,LiDAR,LIDAR_TOP_RIGHT,1695473375726283,True,samples,samples/LIDAR_TOP_RIGHT/LIDAR_TOP_RIGHT_1695473375726283.pcd
12537298c2d84e7f8343d58a333007d1,a1bcff3507ba48d991ec098093d75394,044c648ac12345f1aedf33c9f91cdc5a,LiDAR,LIDAR_TOP_RIGHT,1695473376226176,True,samples,samples/LIDAR_TOP_RIGHT/LIDAR_TOP_RIGHT_1695473376226176.pcd
42275fdb3b364851bd40402ea91d730f,8a5f89a6ebaa4d75aa70bf4b31734ea5,044c648ac12345f1aedf33c9f91cdc5a,LiDAR,LIDAR_TOP_RIGHT,1695473376726072,True,samples,samples/LIDAR_TOP_RIGHT/LIDAR_TOP_RIGHT_1695473376726072.pcd
03c40c26be674f49af376dbf3d42b3a2,3c7fe0a51cdd45da9a49624782c511f1,044c648ac12345f1aedf33c9f91cdc5a,LiDAR,LIDAR_TOP_RIGHT,1695473377225998,True,samples,samples/LIDAR_TOP_RIGHT/LIDAR_TOP_RIGHT_1695473377225998.pcd
e656928d263e49d49916453c03bee24e,e8d9d7b84b384c95ad0eff56dc1f0a99,044c648ac12345f1aedf33c9f91cdc5a,LiDAR,LIDAR_TOP_RIGHT,1695473377725980,True,samples,samples/LIDAR_TOP_RIGHT/LIDAR_TOP_RIGHT_1695473377725980.pcd
6918c334d0b440d9be2ff13c8a7911c2,c274731e59da4059ae35fd5e543870cd,044c648ac12345f1aedf33c9f91cdc5a,LiDAR,LIDAR_TOP_RIGHT,1695473378226061,True,samples,samples/LIDAR_TOP_RIGHT/LIDAR_TOP_RIGHT_1695473378226061.pcd
953c32a6625346849f1a363332d4d00a,f1c03220990143e19b983bf3da478764,044c648ac12345f1aedf33c9f91cdc5a,LiDAR,LIDAR_TOP_RIGHT,1695473378726115,True,samples,samples/LIDAR_TOP_RIGHT/LIDAR_TOP_RIGHT_1695473378726115.pcd
c6067bddb40249d18876e6d242e34f20,8fca58701c884e49b255c3f8eb2846d6,044c648ac12345f1aedf33c9f91cdc5a,LiDAR,LIDAR_TOP_RIGHT,1695473379226244,True,samples,samples/LIDAR_TOP_RIGHT/LIDAR_TOP_RIGHT_1695473379226244.pcd
4504ef33cc1848c690658452db7c8254,7fd37cf3b62b49a6a1cd62db392c9575,044c648ac12345f1aedf33c9f91cdc5a,LiDAR,LIDAR_TOP_RIGHT,1695473379726409,True,samples,samples/LIDAR_TOP_RIGHT/LIDAR_TOP_RIGHT_1695473379726409.pcd
bb6b30f570bd433bb3980480bf172463,0113d3fc23954918ab040dd627bb4b0f,044c648ac12345f1aedf33c9f91cdc5a,LiDAR,LIDAR_TOP_RIGHT,1695473380226424,True,samples,samples/LIDAR_TOP_RIGHT/LIDAR_TOP_RIGHT_1695473380226424.pcd
9ebabf5f37714c32a5f68aa3475d3e95,25b220729c6b4209804da4a588c3c84c,044c648ac12345f1aedf33c9f91cdc5a,LiDAR,LIDAR_TOP_RIGHT,1695473380726441,True,samples,samples/LIDAR_TOP_RIGHT/LIDAR_TOP_RIGHT_1695473380726441.pcd
870fc1b65ea3417ab0e6fa2e74ef2214,5141a31284164a69ac4307cb2b9ae6df,044c648ac12345f1aedf33c9f91cdc5a,LiDAR,LIDAR_TOP_RIGHT,1695473381226325,True,samples,samples/LIDAR_TOP_RIGHT/LIDAR_TOP_RIGHT_1695473381226325.pcd
3f42994186ed42f681e51157ae69dcc7,69c7cd93ec6444f799d8f65f16430e17,044c648ac12345f1aedf33c9f91cdc5a,LiDAR,LIDAR_TOP_RIGHT,1695473381726309,True,samples,samples/LIDAR_TOP_RIGHT/LIDAR_TOP_RIGHT_1695473381726309.pcd
54cde1896de841f88499df29baa9216a,4551a79e00f24684b35672591431ec8c,044c648ac12345f1aedf33c9f91cdc5a,LiDAR,LIDAR_TOP_RIGHT,1695473382226237,True,samples,samples/LIDAR_TOP_RIGHT/LIDAR_TOP_RIGHT_1695473382226237.pcd
fdd573cb7df048dfa1329d38dc76acee,8502c7bf06fc4f319f1847b4a6e179e7,044c648ac12345f1aedf33c9f91cdc5a,LiDAR,LIDAR_TOP_RIGHT,1695473382726209,True,samples,samples/LIDAR_TOP_RIGHT/LIDAR_TOP_RIGHT_1695473382726209.pcd
2d0cfaefeba743bca8bd841950ae2e4b,09620b9499344b80a7870dc1b80cb4ed,044c648ac12345f1aedf33c9f91cdc5a,LiDAR,LIDAR_TOP_RIGHT,1695473383226035,True,samples,samples/LIDAR_TOP_RIGHT/LIDAR_TOP_RIGHT_1695473383226035.pcd
958e6d702c9a49d8bab91ad90c531d15,36b65dcf8d8d4266bf5802677195cc15,044c648ac12345f1aedf33c9f91cdc5a,LiDAR,LIDAR_TOP_RIGHT,1695473383725989,True,samples,samples/LIDAR_TOP_RIGHT/LIDAR_TOP_RIGHT_1695473383725989.pcd
4e5f1fb653ae42b190a297c406b5fb45,bf5cf015771d44108d314771d3ace51d,044c648ac12345f1aedf33c9f91cdc5a,LiDAR,LIDAR_TOP_RIGHT,1695473384226015,True,samples,samples/LIDAR_TOP_RIGHT/LIDAR_TOP_RIGHT_1695473384226015.pcd
1380a8583cc84d0d98410a777152887c,268efcebbf824f24b960d30a7162183b,044c648ac12345f1aedf33c9f91cdc5a,LiDAR,LIDAR_TOP_RIGHT,1695473384726047,True,samples,samples/LIDAR_TOP_RIGHT/LIDAR_TOP_RIGHT_1695473384726047.pcd
2679fbd19052426c907c6425907bd50b,30408918ea7844f589bcb7b3f5b0cb17,044c648ac12345f1aedf33c9f91cdc5a,LiDAR,LIDAR_TOP_RIGHT,1695473385226311,True,samples,samples/LIDAR_TOP_RIGHT/LIDAR_TOP_RIGHT_1695473385226311.pcd
061288e03b6f4b1aa24a8ebc75aab6ed,66ec211e07194e3798d84dfe70729910,044c648ac12345f1aedf33c9f91cdc5a,LiDAR,LIDAR_TOP_RIGHT,1695473385726223,True,samples,samples/LIDAR_TOP_RIGHT/LIDAR_TOP_RIGHT_1695473385726223.pcd
536b4c052e3d41d3ab8b32d5737adff8,d6faf332666e480aa7391cf082b0267c,044c648ac12345f1aedf33c9f91cdc5a,LiDAR,LIDAR_TOP_RIGHT,1695473386226246,True,samples,samples/LIDAR_TOP_RIGHT/LIDAR_TOP_RIGHT_1695473386226246.pcd
592bab8141a44f34b954ba4451e0b6d9,966d4b3345e945a8a99fd3b0752f42e0,044c648ac12345f1aedf33c9f91cdc5a,LiDAR,LIDAR_TOP_RIGHT,1695473386726314,True,samples,samples/LIDAR_TOP_RIGHT/LIDAR_TOP_RIGHT_1695473386726314.pcd
69b1a780757a4c55ae4c6a3a54e19a21,188173f8e91a4090a439f6038577bf1d,044c648ac12345f1aedf33c9f91cdc5a,LiDAR,LIDAR_TOP_RIGHT,1695473387226356,True,samples,samples/LIDAR_TOP_RIGHT/LIDAR_TOP_RIGHT_1695473387226356.pcd
4bf90c08bfbf4d15ba0f388e01bc89e4,8dbf50814d614cfbb323d8e822654eb1,044c648ac12345f1aedf33c9f91cdc5a,LiDAR,LIDAR_TOP_RIGHT,1695473387726183,True,samples,samples/LIDAR_TOP_RIGHT/LIDAR_TOP_RIGHT_1695473387726183.pcd
e38c34323de84364874d8751d2ae7949,cf37919cc2204541a25798673dc06bdb,044c648ac12345f1aedf33c9f91cdc5a,LiDAR,LIDAR_TOP_RIGHT,1695473388226148,True,samples,samples/LIDAR_TOP_RIGHT/LIDAR_TOP_RIGHT_1695473388226148.pcd
433eee000a37474da925664c8c8210fb,38f31e131030482e9d3d398811131fc9,044c648ac12345f1aedf33c9f91cdc5a,LiDAR,LIDAR_TOP_RIGHT,1695473388726109,True,samples,samples/LIDAR_TOP_RIGHT/LIDAR_TOP_RIGHT_1695473388726109.pcd
cad97412d86d4828b255d85a2351c6a1,7941a96d59d44b35a64d6b5cc2046a2e,044c648ac12345f1aedf33c9f91cdc5a,LiDAR,LIDAR_TOP_RIGHT,1695473389226095,True,samples,samples/LIDAR_TOP_RIGHT/LIDAR_TOP_RIGHT_1695473389226095.pcd
80fe77468eff42039a4eb06b8559c782,b4d713a4172242c2851e8281de40e92e,044c648ac12345f1aedf33c9f91cdc5a,LiDAR,LIDAR_TOP_RIGHT,1695473389725965,True,samples,samples/LIDAR_TOP_RIGHT/LIDAR_TOP_RIGHT_1695473389725965.pcd
ef2a37a5a394419085fbdb360510939d,de022c96a11f48ee9a677c4147696a42,044c648ac12345f1aedf33c9f91cdc5a,LiDAR,LIDAR_TOP_RIGHT,1695473390226025,True,samples,samples/LIDAR_TOP_RIGHT/LIDAR_TOP_RIGHT_1695473390226025.pcd
faa1756cc68b4ca8861c057da3ee4408,9f765fcab1c54fe19aa84192ba6dab76,044c648ac12345f1aedf33c9f91cdc5a,LiDAR,LIDAR_TOP_RIGHT,1695473390726075,True,samples,samples/LIDAR_TOP_RIGHT/LIDAR_TOP_RIGHT_1695473390726075.pcd
0b958ca899b243a99270cf53e0cf7cbd,2575a0787cf74a83ab4e558ba732b8d4,044c648ac12345f1aedf33c9f91cdc5a,LiDAR,LIDAR_TOP_RIGHT,1695473391226013,True,samples,samples/LIDAR_TOP_RIGHT/LIDAR_TOP_RIGHT_1695473391226013.pcd
8069320a2315421fb26bd5a774e7a74f,88ad6593a97f46dcaca8401aa7b36d8b,044c648ac12345f1aedf33c9f91cdc5a,LiDAR,LIDAR_TOP_RIGHT,1695473391726048,True,samples,samples/LIDAR_TOP_RIGHT/LIDAR_TOP_RIGHT_1695473391726048.pcd
a50df9fff4c34da6bc7265af4e6cb0ee,94640f753b284a1c9c0e8694243f60cd,044c648ac12345f1aedf33c9f91cdc5a,LiDAR,LIDAR_TOP_RIGHT,1695473392226217,True,samples,samples/LIDAR_TOP_RIGHT/LIDAR_TOP_RIGHT_1695473392226217.pcd
18b4fe677dc7408b84ebd555c559da16,32d2bcf46e734dffb14fe2e0a823d059,044c648ac12345f1aedf33c9f91cdc5a,LiDAR,LIDAR_REAR,1695473372649976,True,samples,samples/LIDAR_REAR/LIDAR_REAR_1695473372649976.pcd
b00e6cefa6d4481c8f3d06a6b7e28077,deb7b3f332f042d49e7636d6e4959354,044c648ac12345f1aedf33c9f91cdc5a,LiDAR,LIDAR_REAR,1695473373150102,True,samples,samples/LIDAR_REAR/LIDAR_REAR_1695473373150102.pcd
b12fc93807b64ee8a5e56633cf872f5e,a574551be31547e4b7c78ff87c75abb3,044c648ac12345f1aedf33c9f91cdc5a,LiDAR,LIDAR_REAR,1695473373650265,True,samples,samples/LIDAR_REAR/LIDAR_REAR_1695473373650265.pcd
43ae0eb14af94524ac5548680b51bdc2,1393759bf6ff4f8e88deff0da0dc2aca,044c648ac12345f1aedf33c9f91cdc5a,LiDAR,LIDAR_REAR,1695473374150329,True,samples,samples/LIDAR_REAR/LIDAR_REAR_1695473374150329.pcd
d7afd97881304dc39d303e9878812540,368662645c194921b716c026347db664,044c648ac12345f1aedf33c9f91cdc5a,LiDAR,LIDAR_REAR,1695473374650357,True,samples,samples/LIDAR_REAR/LIDAR_REAR_1695473374650357.pcd
43298e5de6b84061a450b52066e9764b,a42b482121464aa795d24f55400c574f,044c648ac12345f1aedf33c9f91cdc5a,LiDAR,LIDAR_REAR,1695473375150115,True,samples,samples/LIDAR_REAR/LIDAR_REAR_1695473375150115.pcd
903aa7d502774c5688190b38bed5d6e1,814d7dd86f1a47e28385ee434cdb6b1a,044c648ac12345f1aedf33c9f91cdc5a,LiDAR,LIDAR_REAR,1695473375650458,True,samples,samples/LIDAR_REAR/LIDAR_REAR_1695473375650458.pcd
b75f1e25919842cabc11e0f57538b7c5,a1bcff3507ba48d991ec098093d75394,044c648ac12345f1aedf33c9f91cdc5a,LiDAR,LIDAR_REAR,1695473376150233,True,samples,samples/LIDAR_REAR/LIDAR_REAR_1695473376150233.pcd
4fdf9ea72f924e6295713609bf0e54bd,8a5f89a6ebaa4d75aa70bf4b31734ea5,044c648ac12345f1aedf33c9f91cdc5a,LiDAR,LIDAR_REAR,1695473376650053,True,samples,samples/LIDAR_REAR/LIDAR_REAR_1695473376650053.pcd
4213870576984947b963478d180b84e4,3c7fe0a51cdd45da9a49624782c511f1,044c648ac12345f1aedf33c9f91cdc5a,LiDAR,LIDAR_REAR,1695473377149954,True,samples,samples/LIDAR_REAR/LIDAR_REAR_1695473377149954.pcd
f4b74411d1704ff2b754517d5191f723,e8d9d7b84b384c95ad0eff56dc1f0a99,044c648ac12345f1aedf33c9f91cdc5a,LiDAR,LIDAR_REAR,1695473377649959,True,samples,samples/LIDAR_REAR/LIDAR_REAR_1695473377649959.pcd
4e73c24ea0b54e589a2208ce67cc4fb9,c274731e59da4059ae35fd5e543870cd,044c648ac12345f1aedf33c9f91cdc5a,LiDAR,LIDAR_REAR,1695473378150266,True,samples,samples/LIDAR_REAR/LIDAR_REAR_1695473378150266.pcd
0a47d7f90ef340fb9f09468e4031c468,f1c03220990143e19b983bf3da478764,044c648ac12345f1aedf33c9f91cdc5a,LiDAR,LIDAR_REAR,1695473378650160,True,samples,samples/LIDAR_REAR/LIDAR_REAR_1695473378650160.pcd
1cac27959f824f5d835bca17b319a50c,8fca58701c884e49b255c3f8eb2846d6,044c648ac12345f1aedf33c9f91cdc5a,LiDAR,LIDAR_REAR,1695473379150168,True,samples,samples/LIDAR_REAR/LIDAR_REAR_1695473379150168.pcd
c21ed3a87386479fa2b94057a2fc20da,7fd37cf3b62b49a6a1cd62db392c9575,044c648ac12345f1aedf33c9f91cdc5a,LiDAR,LIDAR_REAR,1695473379650025,True,samples,samples/LIDAR_REAR/LIDAR_REAR_1695473379650025.pcd
94761a4a12f043fea9f2c5e74aba8ebf,0113d3fc23954918ab040dd627bb4b0f,044c648ac12345f1aedf33c9f91cdc5a,LiDAR,LIDAR_REAR,1695473380150164,True,samples,samples/LIDAR_REAR/LIDAR_REAR_1695473380150164.pcd
ed002a58b37d46418abf7fdd0aeb25b9,25b220729c6b4209804da4a588c3c84c,044c648ac12345f1aedf33c9f91cdc5a,LiDAR,LIDAR_REAR,1695473380650301,True,samples,samples/LIDAR_REAR/LIDAR_REAR_1695473380650301.pcd
77a7ef5938954e3fbebf99c5c7acc8e9,5141a31284164a69ac4307cb2b9ae6df,044c648ac12345f1aedf33c9f91cdc5a,LiDAR,LIDAR_REAR,1695473381150378,True,samples,samples/LIDAR_REAR/LIDAR_REAR_1695473381150378.pcd
c5f092cf58364b009b860f3b567c2137,69c7cd93ec6444f799d8f65f16430e17,044c648ac12345f1aedf33c9f91cdc5a,LiDAR,LIDAR_REAR,1695473381650190,True,samples,samples/LIDAR_REAR/LIDAR_REAR_1695473381650190.pcd
432169519b224c61974214031b1c9183,4551a79e00f24684b35672591431ec8c,044c648ac12345f1aedf33c9f91cdc5a,LiDAR,LIDAR_REAR,1695473382150002,True,samples,samples/LIDAR_REAR/LIDAR_REAR_1695473382150002.pcd
016bf905f651417497b5ff9c2502fb8b,8502c7bf06fc4f319f1847b4a6e179e7,044c648ac12345f1aedf33c9f91cdc5a,LiDAR,LIDAR_REAR,1695473382650040,True,samples,samples/LIDAR_REAR/LIDAR_REAR_1695473382650040.pcd
6705f4c722db4d2ea9b65d5c653e2bf3,09620b9499344b80a7870dc1b80cb4ed,044c648ac12345f1aedf33c9f91cdc5a,LiDAR,LIDAR_REAR,1695473383150035,True,samples,samples/LIDAR_REAR/LIDAR_REAR_1695473383150035.pcd
573be043d289434eb97921b6c63e26bb,36b65dcf8d8d4266bf5802677195cc15,044c648ac12345f1aedf33c9f91cdc5a,LiDAR,LIDAR_REAR,1695473383650017,True,samples,samples/LIDAR_REAR/LIDAR_REAR_1695473383650017.pcd
4a839eed21aa462d8cc48570117269ec,bf5cf015771d44108d314771d3ace51d,044c648ac12345f1aedf33c9f91cdc5a,LiDAR,LIDAR_REAR,1695473384149983,True,samples,samples/LIDAR_REAR/LIDAR_REAR_1695473384149983.pcd
daefae67694940f8983a4969746a43e1,268efcebbf824f24b960d30a7162183b,044c648ac12345f1aedf33c9f91cdc5a,LiDAR,LIDAR_REAR,1695473384649991,True,samples,samples/LIDAR_REAR/LIDAR_REAR_1695473384649991.pcd
a739e06f55104c0885e9d64328aa9f74,30408918ea7844f589bcb7b3f5b0cb17,044c648ac12345f1aedf33c9f91cdc5a,LiDAR,LIDAR_REAR,1695473385149998,True,samples,samples/LIDAR_REAR/LIDAR_REAR_1695473385149998.pcd
9cbdddc579ea4155a0f97be4d05669ee,66ec211e07194e3798d84dfe70729910,044c648ac12345f1aedf33c9f91cdc5a,LiDAR,LIDAR_REAR,1695473385650146,True,samples,samples/LIDAR_REAR/LIDAR_REAR_1695473385650146.pcd
880cff0c04464b17b87c62a997e0888d,d6faf332666e480aa7391cf082b0267c,044c648ac12345f1aedf33c9f91cdc5a,LiDAR,LIDAR_REAR,1695473386150023,True,samples,samples/LIDAR_REAR/LIDAR_REAR_1695473386150023.pcd
ec36669654fb4e3888fb4ab0d59c4562,966d4b3345e945a8a99fd3b0752f42e0,044c648ac12345f1aedf33c9f91cdc5a,LiDAR,LIDAR_REAR,1695473386650073,True,samples,samples/LIDAR_REAR/LIDAR_REAR_1695473386650073.pcd
3453b8608ace40d48b64f619439d955d,188173f8e91a4090a439f6038577bf1d,044c648ac12345f1aedf33c9f91cdc5a,LiDAR,LIDAR_REAR,1695473387150123,True,samples,samples/LIDAR_REAR/LIDAR_REAR_1695473387150123.pcd
621e94f0412e49a8bc0e8d7ba3f347c6,8dbf50814d614cfbb323d8e822654eb1,044c648ac12345f1aedf33c9f91cdc5a,LiDAR,LIDAR_REAR,1695473387650361,True,samples,samples/LIDAR_REAR/LIDAR_REAR_1695473387650361.pcd
afa4e596f00c47728f9ff1c2ca5cf98d,cf37919cc2204541a25798673dc06bdb,044c648ac12345f1aedf33c9f91cdc5a,LiDAR,LIDAR_REAR,1695473388150275,True,samples,samples/LIDAR_REAR/LIDAR_REAR_1695473388150275.pcd
47f33dbbd30c42329fdc27c180578965,38f31e131030482e9d3d398811131fc9,044c648ac12345f1aedf33c9f91cdc5a,LiDAR,LIDAR_REAR,1695473388650282,True,samples,samples/LIDAR_REAR/LIDAR_REAR_1695473388650282.pcd
0be8bd421836409e8f227a4db85f686d,7941a96d59d44b35a64d6b5cc2046a2e,044c648ac12345f1aedf33c9f91cdc5a,LiDAR,LIDAR_REAR,1695473389150184,True,samples,samples/LIDAR_REAR/LIDAR_REAR_1695473389150184.pcd
e5d2459d9894429796a4ed2df12ec28f,b4d713a4172242c2851e8281de40e92e,044c648ac12345f1aedf33c9f91cdc5a,LiDAR,LIDAR_REAR,1695473389650225,True,samples,samples/LIDAR_REAR/LIDAR_REAR_1695473389650225.pcd
59d9c1b29cfc4a02937fce7c9ea93792,de022c96a11f48ee9a677c4147696a42,044c648ac12345f1aedf33c9f91cdc5a,LiDAR,LIDAR_REAR,1695473390150055,True,samples,samples/LIDAR_REAR/LIDAR_REAR_1695473390150055.pcd
f8038de8ca4f49c2a48b0c93fbce030b,9f765fcab1c54fe19aa84192ba6dab76,044c648ac12345f1aedf33c9f91cdc5a,LiDAR,LIDAR_REAR,1695473390649959,True,samples,samples/LIDAR_REAR/LIDAR_REAR_1695473390649959.pcd
d6fd889b7a844a88839b37f2d56bd5e2,2575a0787cf74a83ab4e558ba732b8d4,044c648ac12345f1aedf33c9f91cdc5a,LiDAR,LIDAR_REAR,1695473391149945,True,samples,samples/LIDAR_REAR/LIDAR_REAR_1695473391149945.pcd
67cfd62fb6c0463782ba5252a300d388,88ad6593a97f46dcaca8401aa7b36d8b,044c648ac12345f1aedf33c9f91cdc5a,LiDAR,LIDAR_REAR,1695473391649928,True,samples,samples/LIDAR_REAR/LIDAR_REAR_1695473391649928.pcd
1602e496e87842a089f75dfc571e7c56,94640f753b284a1c9c0e8694243f60cd,044c648ac12345f1aedf33c9f91cdc5a,LiDAR,LIDAR_REAR,1695473392149969,True,samples,samples/LIDAR_REAR/LIDAR_REAR_1695473392149969.pcd
69c572fc797c44d394d0c8fe329020c8,80ad351eb99e4b28bfbec1105b6ac8eb,37355c547904491481e47accc094d567,LiDAR,LIDAR_LEFT,1696700124486854,True,samples,samples/LIDAR_LEFT/LIDAR_LEFT_1696700124486854.pcd
a92195841f9e44408f5f45ae35dde96b,85c5ca01cfb34d3e92d1c0c265235d04,37355c547904491481e47accc094d567,LiDAR,LIDAR_LEFT,1696700124987566,True,samples,samples/LIDAR_LEFT/LIDAR_LEFT_1696700124987566.pcd
c8e089a30ed646df910b707604cc7c74,68d8f0410d4342a1a6d2687b0deeb24c,37355c547904491481e47accc094d567,LiDAR,LIDAR_LEFT,1696700125487861,True,samples,samples/LIDAR_LEFT/LIDAR_LEFT_1696700125487861.pcd
6b9a36a1aa5b4b76b3be035f7259b735,3c15136415cb4333964d4cc2936356dd,37355c547904491481e47accc094d567,LiDAR,LIDAR_LEFT,1696700125988015,True,samples,samples/LIDAR_LEFT/LIDAR_LEFT_1696700125988015.pcd
b918aeaae4124850bba0b5f384050d85,39dae22600564a6b9c130435f3475a77,37355c547904491481e47accc094d567,LiDAR,LIDAR_LEFT,1696700126487906,True,samples,samples/LIDAR_LEFT/LIDAR_LEFT_1696700126487906.pcd
02e931e26874446aadc51f96b9ae4381,a9b293108091418c9170311735a14d38,37355c547904491481e47accc094d567,LiDAR,LIDAR_LEFT,1696700126987385,True,samples,samples/LIDAR_LEFT/LIDAR_LEFT_1696700126987385.pcd
172234ec7b4445e4b3cf103b77419cce,6f6b53e9b5144d3eb5efa6759877586e,37355c547904491481e47accc094d567,LiDAR,LIDAR_LEFT,1696700127487287,True,samples,samples/LIDAR_LEFT/LIDAR_LEFT_1696700127487287.pcd
fe7fe611afb346ea93d919dcff766030,c83bd7f9373d4dbda92199888bb50db2,37355c547904491481e47accc094d567,LiDAR,LIDAR_LEFT,1696700127987318,True,samples,samples/LIDAR_LEFT/LIDAR_LEFT_1696700127987318.pcd
b3963ac5d56e41cf98e1082ed30a0513,c483d412789d4b13991fc1f36cdd06a8,37355c547904491481e47accc094d567,LiDAR,LIDAR_LEFT,1696700128487442,True,samples,samples/LIDAR_LEFT/LIDAR_LEFT_1696700128487442.pcd
05ffd94827644752931641510c766ff3,e12831dd0e5040abaced46ee13f3c414,37355c547904491481e47accc094d567,LiDAR,LIDAR_LEFT,1696700128987732,True,samples,samples/LIDAR_LEFT/LIDAR_LEFT_1696700128987732.pcd
f50bde3a14374a0c9e044eb26a1fe31b,db2c0e4d75654d4db21937c518e75957,37355c547904491481e47accc094d567,LiDAR,LIDAR_LEFT,1696700129488108,True,samples,samples/LIDAR_LEFT/LIDAR_LEFT_1696700129488108.pcd
f3641d297b224568961a16d18d3b0b2c,7097d2353e914bcf834c196a6a21be63,37355c547904491481e47accc094d567,LiDAR,LIDAR_LEFT,1696700129988517,True,samples,samples/LIDAR_LEFT/LIDAR_LEFT_1696700129988517.pcd
e4ab5ebf4f364a858da14e855295a5b0,b7db9773713a454e8148f86a84ab6a53,37355c547904491481e47accc094d567,LiDAR,LIDAR_LEFT,1696700130488480,True,samples,samples/LIDAR_LEFT/LIDAR_LEFT_1696700130488480.pcd
c7bb1b47064a4cb5a4072ed154c47235,8a1ee4d450f94cfe8b07030adcaddf6b,37355c547904491481e47accc094d567,LiDAR,LIDAR_LEFT,1696700130987795,True,samples,samples/LIDAR_LEFT/LIDAR_LEFT_1696700130987795.pcd
dc6016557aa049f4963e38084202b72c,b18f83cbe8b44e8c80dcac5b4bdf1de5,37355c547904491481e47accc094d567,LiDAR,LIDAR_LEFT,1696700131487319,True,samples,samples/LIDAR_LEFT/LIDAR_LEFT_1696700131487319.pcd
4f0468059e1843b186fc24c42da8572e,db8f3abb2d1440889ce9d8a759ce855e,37355c547904491481e47accc094d567,LiDAR,LIDAR_LEFT,1696700131986946,True,samples,samples/LIDAR_LEFT/LIDAR_LEFT_1696700131986946.pcd
231c12d1b0584fc0bdc05dd888612909,9b3984d9e3094104a34f06910c521a08,37355c547904491481e47accc094d567,LiDAR,LIDAR_LEFT,1696700132487091,True,samples,samples/LIDAR_LEFT/LIDAR_LEFT_1696700132487091.pcd
2ec65cb0735e41e391b212850185b6a1,930001ae599e48d6aabc373742c462a5,37355c547904491481e47accc094d567,LiDAR,LIDAR_LEFT,1696700132987678,True,samples,samples/LIDAR_LEFT/LIDAR_LEFT_1696700132987678.pcd
4c7231049fa44de9a91397a8cfb4a13a,2e9658149ff64abe863691ca1ab21659,37355c547904491481e47accc094d567,LiDAR,LIDAR_LEFT,1696700133487850,True,samples,samples/LIDAR_LEFT/LIDAR_LEFT_1696700133487850.pcd
398c9a988fb341a6bc43f8854d3ba3c8,25d2fdbc5fab4e93b80c4064eb60fa38,37355c547904491481e47accc094d567,LiDAR,LIDAR_LEFT,1696700133987925,True,samples,samples/LIDAR_LEFT/LIDAR_LEFT_1696700133987925.pcd
b8431d2722cb42dca4d5802346946ccf,6e2e1eaa68694c8f8c8d11993ec856e7,37355c547904491481e47accc094d567,LiDAR,LIDAR_LEFT,1696700134487783,True,samples,samples/LIDAR_LEFT/LIDAR_LEFT_1696700134487783.pcd
f39c30e651a24875b874555c3f9bb213,a3c36b28774345169f106bf634cbe1ae,37355c547904491481e47accc094d567,LiDAR,LIDAR_LEFT,1696700134987480,True,samples,samples/LIDAR_LEFT/LIDAR_LEFT_1696700134987480.pcd
fa1a3697ebaa4628b62afebb11cf3468,500f2b2e4f264f54913ffef41af3e3f3,37355c547904491481e47accc094d567,LiDAR,LIDAR_LEFT,1696700135487257,True,samples,samples/LIDAR_LEFT/LIDAR_LEFT_1696700135487257.pcd
1bef90b4c1734d4886845f8668d9c4e8,65f73fc2d0c343fc8e5018c4f42219c6,37355c547904491481e47accc094d567,LiDAR,LIDAR_LEFT,1696700135986966,True,samples,samples/LIDAR_LEFT/LIDAR_LEFT_1696700135986966.pcd
6d71cb6be9bc4de2b18e4adb295fdd5e,6f61d7af183f4094919330d51465c1aa,37355c547904491481e47accc094d567,LiDAR,LIDAR_LEFT,1696700136487051,True,samples,samples/LIDAR_LEFT/LIDAR_LEFT_1696700136487051.pcd
8e946d42d3c743ad9bc49bd049ecc860,51c116a371d645668dac1af0a02ee674,37355c547904491481e47accc094d567,LiDAR,LIDAR_LEFT,1696700136987712,True,samples,samples/LIDAR_LEFT/LIDAR_LEFT_1696700136987712.pcd
fadcdbb03ebc42ff9077d217ea7c8926,7a7c5575a7c342619ce96378e04038a1,37355c547904491481e47accc094d567,LiDAR,LIDAR_LEFT,1696700137488061,True,samples,samples/LIDAR_LEFT/LIDAR_LEFT_1696700137488061.pcd
110c520bccbf40f9b70e6684f6140dc4,a83f7b2127814ba5a0ded665a015e769,37355c547904491481e47accc094d567,LiDAR,LIDAR_LEFT,1696700137988289,True,samples,samples/LIDAR_LEFT/LIDAR_LEFT_1696700137988289.pcd
4b7cc35a8fea4574aa43523988aa7035,8853f77c7306460e8a319a0e56f1b3fd,37355c547904491481e47accc094d567,LiDAR,LIDAR_LEFT,1696700138488219,True,samples,samples/LIDAR_LEFT/LIDAR_LEFT_1696700138488219.pcd
0c38290272b74bee84302348f10474ea,4752b1aca7c741f9b932631474a5a1f4,37355c547904491481e47accc094d567,LiDAR,LIDAR_LEFT,1696700138987584,True,samples,samples/LIDAR_LEFT/LIDAR_LEFT_1696700138987584.pcd
e9006789580a439aae3eab15120d45a3,7e342d779b5d446981801c5dfae2990e,37355c547904491481e47accc094d567,LiDAR,LIDAR_LEFT,1696700139487228,True,samples,samples/LIDAR_LEFT/LIDAR_LEFT_1696700139487228.pcd
c48241f2990845f4937707ae2d3f6124,9bd4a2d0f3ae4c5fbc8f9b25c3a5fc05,37355c547904491481e47accc094d567,LiDAR,LIDAR_LEFT,1696700139987001,True,samples,samples/LIDAR_LEFT/LIDAR_LEFT_1696700139987001.pcd
f3814cecb60248f5bba1ac79a5e0e456,0556486618ae429895ef8caa898ee953,37355c547904491481e47accc094d567,LiDAR,LIDAR_LEFT,1696700140487118,True,samples,samples/LIDAR_LEFT/LIDAR_LEFT_1696700140487118.pcd
cbe2c603b3f640a58fcf217d418d1a51,896fee4da88548658064bbe791974249,37355c547904491481e47accc094d567,LiDAR,LIDAR_LEFT,1696700140987734,True,samples,samples/LIDAR_LEFT/LIDAR_LEFT_1696700140987734.pcd
035bd2e2694b42ad90f4b9198872f028,34d0b00f1801498c803ec07dce543b72,37355c547904491481e47accc094d567,LiDAR,LIDAR_LEFT,1696700141488059,True,samples,samples/LIDAR_LEFT/LIDAR_LEFT_1696700141488059.pcd
c61f51b24c914c61a3196aba59fe9381,8087e38a235948e1a12fc698a2fbd73d,37355c547904491481e47accc094d567,LiDAR,LIDAR_LEFT,1696700141988362,True,samples,samples/LIDAR_LEFT/LIDAR_LEFT_1696700141988362.pcd
ca807c2583c04cf7838676e0d0be217c,4a2da2b50d9749bc82bd567c13c6dc79,37355c547904491481e47accc094d567,LiDAR,LIDAR_LEFT,1696700142488239,True,samples,samples/LIDAR_LEFT/LIDAR_LEFT_1696700142488239.pcd
33fec2f551f8460793dcc2312445471a,f52dde90d62b4d3a9024e9280cb73179,37355c547904491481e47accc094d567,LiDAR,LIDAR_LEFT,1696700142987592,True,samples,samples/LIDAR_LEFT/LIDAR_LEFT_1696700142987592.pcd
ad046af6f13b4e89a9fbffc097386690,31a1c724a02d46a1bbe2b8685fb871a2,37355c547904491481e47accc094d567,LiDAR,LIDAR_LEFT,1696700143487187,True,samples,samples/LIDAR_LEFT/LIDAR_LEFT_1696700143487187.pcd
ee114d68fa4842b8b30493336621ac0f,e070823623784061a8cba3a3849f218e,37355c547904491481e47accc094d567,LiDAR,LIDAR_LEFT,1696700143986874,True,samples,samples/LIDAR_LEFT/LIDAR_LEFT_1696700143986874.pcd
fc0be24d9550494eacf769966db1be52,80ad351eb99e4b28bfbec1105b6ac8eb,37355c547904491481e47accc094d567,LiDAR,LIDAR_RIGHT,1696700124512143,True,samples,samples/LIDAR_RIGHT/LIDAR_RIGHT_1696700124512143.pcd
d0b81a0d193447b38b3935964af6cf78,85c5ca01cfb34d3e92d1c0c265235d04,37355c547904491481e47accc094d567,LiDAR,LIDAR_RIGHT,1696700125012695,True,samples,samples/LIDAR_RIGHT/LIDAR_RIGHT_1696700125012695.pcd
718b523a401d48aeb5cc3c472d069ade,68d8f0410d4342a1a6d2687b0deeb24c,37355c547904491481e47accc094d567,LiDAR,LIDAR_RIGHT,1696700125512817,True,samples,samples/LIDAR_RIGHT/LIDAR_RIGHT_1696700125512817.pcd
9c38473e94274eeb902ec630cf73dad9,3c15136415cb4333964d4cc2936356dd,37355c547904491481e47accc094d567,LiDAR,LIDAR_RIGHT,1696700126012990,True,samples,samples/LIDAR_RIGHT/LIDAR_RIGHT_1696700126012990.pcd
e1c8eeb0d0d84b36870817ae89276e1b,39dae22600564a6b9c130435f3475a77,37355c547904491481e47accc094d567,LiDAR,LIDAR_RIGHT,1696700126512736,True,samples,samples/LIDAR_RIGHT/LIDAR_RIGHT_1696700126512736.pcd
12b9f3a5ede3402780ed0b49d187660f,a9b293108091418c9170311735a14d38,37355c547904491481e47accc094d567,LiDAR,LIDAR_RIGHT,1696700127012483,True,samples,samples/LIDAR_RIGHT/LIDAR_RIGHT_1696700127012483.pcd
62ceb08812ef406dad47bfec8c21e937,6f6b53e9b5144d3eb5efa6759877586e,37355c547904491481e47accc094d567,LiDAR,LIDAR_RIGHT,1696700127511997,True,samples,samples/LIDAR_RIGHT/LIDAR_RIGHT_1696700127511997.pcd
fffd8a6cdcd84ff69bcecec4188f2f5c,c83bd7f9373d4dbda92199888bb50db2,37355c547904491481e47accc094d567,LiDAR,LIDAR_RIGHT,1696700128011365,True,samples,samples/LIDAR_RIGHT/LIDAR_RIGHT_1696700128011365.pcd
2b7cad15e5844c2bb8422d550c943cac,c483d412789d4b13991fc1f36cdd06a8,37355c547904491481e47accc094d567,LiDAR,LIDAR_RIGHT,1696700128511455,True,samples,samples/LIDAR_RIGHT/LIDAR_RIGHT_1696700128511455.pcd
9945d1c5affa4e71951e3333d83c9896,e12831dd0e5040abaced46ee13f3c414,37355c547904491481e47accc094d567,LiDAR,LIDAR_RIGHT,1696700129012270,True,samples,samples/LIDAR_RIGHT/LIDAR_RIGHT_1696700129012270.pcd
e1df6776d1b64b04a82d51218f0241f7,db2c0e4d75654d4db21937c518e75957,37355c547904491481e47accc094d567,LiDAR,LIDAR_RIGHT,1696700129513047,True,samples,samples/LIDAR_RIGHT/LIDAR_RIGHT_1696700129513047.pcd
81af575c0ee8430d972aab243343f0f1,7097d2353e914bcf834c196a6a21be63,37355c547904491481e47accc094d567,LiDAR,LIDAR_RIGHT,1696700130013859,True,samples,samples/LIDAR_RIGHT/LIDAR_RIGHT_1696700130013859.pcd
608e1eba466742129a913d9f09018485,b7db9773713a454e8148f86a84ab6a53,37355c547904491481e47accc094d567,LiDAR,LIDAR_RIGHT,1696700130513801,True,samples,samples/LIDAR_RIGHT/LIDAR_RIGHT_1696700130513801.pcd
b64b33eb61314658977a2333df1d41ac,8a1ee4d450f94cfe8b07030adcaddf6b,37355c547904491481e47accc094d567,LiDAR,LIDAR_RIGHT,1696700131013061,True,samples,samples/LIDAR_RIGHT/LIDAR_RIGHT_1696700131013061.pcd
6f8de1bcbdd246abab580f980244cdc2,b18f83cbe8b44e8c80dcac5b4bdf1de5,37355c547904491481e47accc094d567,LiDAR,LIDAR_RIGHT,1696700131512409,True,samples,samples/LIDAR_RIGHT/LIDAR_RIGHT_1696700131512409.pcd
a19abfa590fd4f5099974714a5a61303,db8f3abb2d1440889ce9d8a759ce855e,37355c547904491481e47accc094d567,LiDAR,LIDAR_RIGHT,1696700132011831,True,samples,samples/LIDAR_RIGHT/LIDAR_RIGHT_1696700132011831.pcd
ffbb8f165160480dafcbc8b9906b5c9c,9b3984d9e3094104a34f06910c521a08,37355c547904491481e47accc094d567,LiDAR,LIDAR_RIGHT,1696700132511980,True,samples,samples/LIDAR_RIGHT/LIDAR_RIGHT_1696700132511980.pcd
eb1c28f55525405e88f5d15d86375cd5,930001ae599e48d6aabc373742c462a5,37355c547904491481e47accc094d567,LiDAR,LIDAR_RIGHT,1696700133012653,True,samples,samples/LIDAR_RIGHT/LIDAR_RIGHT_1696700133012653.pcd
8bb55d8dce764fba8fc27500a0945aed,2e9658149ff64abe863691ca1ab21659,37355c547904491481e47accc094d567,LiDAR,LIDAR_RIGHT,1696700133512757,True,samples,samples/LIDAR_RIGHT/LIDAR_RIGHT_1696700133512757.pcd
6c7e5531fdee4c67be015f5d0bf03215,25d2fdbc5fab4e93b80c4064eb60fa38,37355c547904491481e47accc094d567,LiDAR,LIDAR_RIGHT,1696700134012826,True,samples,samples/LIDAR_RIGHT/LIDAR_RIGHT_1696700134012826.pcd
d89fbba931f44d189b642cc8505e2910,6e2e1eaa68694c8f8c8d11993ec856e7,37355c547904491481e47accc094d567,LiDAR,LIDAR_RIGHT,1696700134512588,True,samples,samples/LIDAR_RIGHT/LIDAR_RIGHT_1696700134512588.pcd
41345a7e8f294d65a86735f769b01574,a3c36b28774345169f106bf634cbe1ae,37355c547904491481e47accc094d567,LiDAR,LIDAR_RIGHT,1696700135012428,True,samples,samples/LIDAR_RIGHT/LIDAR_RIGHT_1696700135012428.pcd
4ffcdb9a602f435caff559074e0f3fca,500f2b2e4f264f54913ffef41af3e3f3,37355c547904491481e47accc094d567,LiDAR,LIDAR_RIGHT,1696700135512635,True,samples,samples/LIDAR_RIGHT/LIDAR_RIGHT_1696700135512635.pcd
c134703079d9496e9ac59676baf271cc,65f73fc2d0c343fc8e5018c4f42219c6,37355c547904491481e47accc094d567,LiDAR,LIDAR_RIGHT,1696700136012855,True,samples,samples/LIDAR_RIGHT/LIDAR_RIGHT_1696700136012855.pcd
f83ad97790af4a689b5f36d7412203c3,6f61d7af183f4094919330d51465c1aa,37355c547904491481e47accc094d567,LiDAR,LIDAR_RIGHT,1696700136512731,True,samples,samples/LIDAR_RIGHT/LIDAR_RIGHT_1696700136512731.pcd
87b90d93611543d6bffedbdfad132426,51c116a371d645668dac1af0a02ee674,37355c547904491481e47accc094d567,LiDAR,LIDAR_RIGHT,1696700137012417,True,samples,samples/LIDAR_RIGHT/LIDAR_RIGHT_1696700137012417.pcd
20f6bd9a8feb4e19851ebb854aadeab2,7a7c5575a7c342619ce96378e04038a1,37355c547904491481e47accc094d567,LiDAR,LIDAR_RIGHT,1696700137512841,True,samples,samples/LIDAR_RIGHT/LIDAR_RIGHT_1696700137512841.pcd
0a63d70b3efa4ef79e66d9b0dfe56e6f,a83f7b2127814ba5a0ded665a015e769,37355c547904491481e47accc094d567,LiDAR,LIDAR_RIGHT,1696700138013517,True,samples,samples/LIDAR_RIGHT/LIDAR_RIGHT_1696700138013517.pcd
ab965748996648d989aa38294c03d3d6,8853f77c7306460e8a319a0e56f1b3fd,37355c547904491481e47accc094d567,LiDAR,LIDAR_RIGHT,1696700138513449,True,samples,samples/LIDAR_RIGHT/LIDAR_RIGHT_1696700138513449.pcd
5fca16236fac4beeb13896ca3c4549b6,4752b1aca7c741f9b932631474a5a1f4,37355c547904491481e47accc094d567,LiDAR,LIDAR_RIGHT,1696700139012772,True,samples,samples/LIDAR_RIGHT/LIDAR_RIGHT_1696700139012772.pcd
33d5dce045dc4813afd2cd38f38322b9,7e342d779b5d446981801c5dfae2990e,37355c547904491481e47accc094d567,LiDAR,LIDAR_RIGHT,1696700139512745,True,samples,samples/LIDAR_RIGHT/LIDAR_RIGHT_1696700139512745.pcd
d3fadcb49d984f41805e9cbe072f5c19,9bd4a2d0f3ae4c5fbc8f9b25c3a5fc05,37355c547904491481e47accc094d567,LiDAR,LIDAR_RIGHT,1696700140012819,True,samples,samples/LIDAR_RIGHT/LIDAR_RIGHT_1696700140012819.pcd
bdd4eb1aad564cc5a164c1ad659e7976,0556486618ae429895ef8caa898ee953,37355c547904491481e47accc094d567,LiDAR,LIDAR_RIGHT,1696700140512567,True,samples,samples/LIDAR_RIGHT/LIDAR_RIGHT_1696700140512567.pcd
2c6bd191d76749d28850664be0961585,896fee4da88548658064bbe791974249,37355c547904491481e47accc094d567,LiDAR,LIDAR_RIGHT,1696700141012424,True,samples,samples/LIDAR_RIGHT/LIDAR_RIGHT_1696700141012424.pcd
96d9fbf7ce96498893658eb71d29ca8a,34d0b00f1801498c803ec07dce543b72,37355c547904491481e47accc094d567,LiDAR,LIDAR_RIGHT,1696700141512529,True,samples,samples/LIDAR_RIGHT/LIDAR_RIGHT_1696700141512529.pcd
8563cefd5f3b4ce699711d769f3a33af,8087e38a235948e1a12fc698a2fbd73d,37355c547904491481e47accc094d567,LiDAR,LIDAR_RIGHT,1696700142012719,True,samples,samples/LIDAR_RIGHT/LIDAR_RIGHT_1696700142012719.pcd
3173bee5b2b7495ab0d6784705a47eb9,4a2da2b50d9749bc82bd567c13c6dc79,37355c547904491481e47accc094d567,LiDAR,LIDAR_RIGHT,1696700142512549,True,samples,samples/LIDAR_RIGHT/LIDAR_RIGHT_1696700142512549.pcd
7ba59f0d20694d98a78ddf307c0d554a,f52dde90d62b4d3a9024e9280cb73179,37355c547904491481e47accc094d567,LiDAR,LIDAR_RIGHT,1696700143012376,True,samples,samples/LIDAR_RIGHT/LIDAR_RIGHT_1696700143012376.pcd
5b07ad2cfc2a441aaf514e742821b775,31a1c724a02d46a1bbe2b8685fb871a2,37355c547904491481e47accc094d567,LiDAR,LIDAR_RIGHT,1696700143512814,True,samples,samples/LIDAR_RIGHT/LIDAR_RIGHT_1696700143512814.pcd
9ec05b0d52a04a3ab013726cedb8cdf0,e070823623784061a8cba3a3849f218e,37355c547904491481e47accc094d567,LiDAR,LIDAR_RIGHT,1696700144013460,True,samples,samples/LIDAR_RIGHT/LIDAR_RIGHT_1696700144013460.pcd
5b37cf65c3b244dabcaaaf3047ff3346,80ad351eb99e4b28bfbec1105b6ac8eb,37355c547904491481e47accc094d567,LiDAR,LIDAR_TOP_FRONT,1696700124501128,True,samples,samples/LIDAR_TOP_FRONT/LIDAR_TOP_FRONT_1696700124501128.pcd
a6e558bda4484b399d61fa2cbb19ce03,85c5ca01cfb34d3e92d1c0c265235d04,37355c547904491481e47accc094d567,LiDAR,LIDAR_TOP_FRONT,1696700125001104,True,samples,samples/LIDAR_TOP_FRONT/LIDAR_TOP_FRONT_1696700125001104.pcd
576a7266e7644cbda0c2928c2f827b5a,68d8f0410d4342a1a6d2687b0deeb24c,37355c547904491481e47accc094d567,LiDAR,LIDAR_TOP_FRONT,1696700125500878,True,samples,samples/LIDAR_TOP_FRONT/LIDAR_TOP_FRONT_1696700125500878.pcd
c21ac56b7e9443bdb43f8d28f0c0be14,3c15136415cb4333964d4cc2936356dd,37355c547904491481e47accc094d567,LiDAR,LIDAR_TOP_FRONT,1696700126001019,True,samples,samples/LIDAR_TOP_FRONT/LIDAR_TOP_FRONT_1696700126001019.pcd
c3dda3bf69254369b816b24b8bc62802,39dae22600564a6b9c130435f3475a77,37355c547904491481e47accc094d567,LiDAR,LIDAR_TOP_FRONT,1696700126501133,True,samples,samples/LIDAR_TOP_FRONT/LIDAR_TOP_FRONT_1696700126501133.pcd
c35d3c917c134a3f9d10ab9a1220d32b,a9b293108091418c9170311735a14d38,37355c547904491481e47accc094d567,LiDAR,LIDAR_TOP_FRONT,1696700127001190,True,samples,samples/LIDAR_TOP_FRONT/LIDAR_TOP_FRONT_1696700127001190.pcd
5af32e9251794a138b2964b1585f4aed,6f6b53e9b5144d3eb5efa6759877586e,37355c547904491481e47accc094d567,LiDAR,LIDAR_TOP_FRONT,1696700127500897,True,samples,samples/LIDAR_TOP_FRONT/LIDAR_TOP_FRONT_1696700127500897.pcd
d2e413ba62644601a2608e156492cbf4,c83bd7f9373d4dbda92199888bb50db2,37355c547904491481e47accc094d567,LiDAR,LIDAR_TOP_FRONT,1696700128000761,True,samples,samples/LIDAR_TOP_FRONT/LIDAR_TOP_FRONT_1696700128000761.pcd
4efa2566479a4abc81624363f4ebffd0,c483d412789d4b13991fc1f36cdd06a8,37355c547904491481e47accc094d567,LiDAR,LIDAR_TOP_FRONT,1696700128500548,True,samples,samples/LIDAR_TOP_FRONT/LIDAR_TOP_FRONT_1696700128500548.pcd
e1a9e72410644feeb99d0d57cd4be42a,e12831dd0e5040abaced46ee13f3c414,37355c547904491481e47accc094d567,LiDAR,LIDAR_TOP_FRONT,1696700129000764,True,samples,samples/LIDAR_TOP_FRONT/LIDAR_TOP_FRONT_1696700129000764.pcd
a58c1a29e0fe4729a80920961111e807,db2c0e4d75654d4db21937c518e75957,37355c547904491481e47accc094d567,LiDAR,LIDAR_TOP_FRONT,1696700129500723,True,samples,samples/LIDAR_TOP_FRONT/LIDAR_TOP_FRONT_1696700129500723.pcd
27626c3f0b39433bb216b7a8c097d019,7097d2353e914bcf834c196a6a21be63,37355c547904491481e47accc094d567,LiDAR,LIDAR_TOP_FRONT,1696700130000616,True,samples,samples/LIDAR_TOP_FRONT/LIDAR_TOP_FRONT_1696700130000616.pcd
be97d578ef9b46758d99c4bea289e07a,b7db9773713a454e8148f86a84ab6a53,37355c547904491481e47accc094d567,LiDAR,LIDAR_TOP_FRONT,1696700130500643,True,samples,samples/LIDAR_TOP_FRONT/LIDAR_TOP_FRONT_1696700130500643.pcd
8cc910e842fc4b75a325153866be510e,8a1ee4d450f94cfe8b07030adcaddf6b,37355c547904491481e47accc094d567,LiDAR,LIDAR_TOP_FRONT,1696700131000918,True,samples,samples/LIDAR_TOP_FRONT/LIDAR_TOP_FRONT_1696700131000918.pcd
9c538230e85b4defbd1f74290f375a16,b18f83cbe8b44e8c80dcac5b4bdf1de5,37355c547904491481e47accc094d567,LiDAR,LIDAR_TOP_FRONT,1696700131501037,True,samples,samples/LIDAR_TOP_FRONT/LIDAR_TOP_FRONT_1696700131501037.pcd
ccf38c86eb094bd0b975c5995ecc6651,db8f3abb2d1440889ce9d8a759ce855e,37355c547904491481e47accc094d567,LiDAR,LIDAR_TOP_FRONT,1696700132000780,True,samples,samples/LIDAR_TOP_FRONT/LIDAR_TOP_FRONT_1696700132000780.pcd
5c56faf19c294f8f82d9f8b2f7d5f893,9b3984d9e3094104a34f06910c521a08,37355c547904491481e47accc094d567,LiDAR,LIDAR_TOP_FRONT,1696700132501099,True,samples,samples/LIDAR_TOP_FRONT/LIDAR_TOP_FRONT_1696700132501099.pcd
2683f82ad5944fc8bd30f40b853a9eff,930001ae599e48d6aabc373742c462a5,37355c547904491481e47accc094d567,LiDAR,LIDAR_TOP_FRONT,1696700133001075,True,samples,samples/LIDAR_TOP_FRONT/LIDAR_TOP_FRONT_1696700133001075.pcd
6c5ade5271034009b2c75f460dbadaae,2e9658149ff64abe863691ca1ab21659,37355c547904491481e47accc094d567,LiDAR,LIDAR_TOP_FRONT,1696700133501078,True,samples,samples/LIDAR_TOP_FRONT/LIDAR_TOP_FRONT_1696700133501078.pcd
d6f4a03a20634769b06a25062f2f7cd3,25d2fdbc5fab4e93b80c4064eb60fa38,37355c547904491481e47accc094d567,LiDAR,LIDAR_TOP_FRONT,1696700134001189,True,samples,samples/LIDAR_TOP_FRONT/LIDAR_TOP_FRONT_1696700134001189.pcd
f93c9e49d17747dc9f81a385c9dfe1bb,6e2e1eaa68694c8f8c8d11993ec856e7,37355c547904491481e47accc094d567,LiDAR,LIDAR_TOP_FRONT,1696700134501162,True,samples,samples/LIDAR_TOP_FRONT/LIDAR_TOP_FRONT_1696700134501162.pcd
fcf75843b04c42629124c08ed77eccab,a3c36b28774345169f106bf634cbe1ae,37355c547904491481e47accc094d567,LiDAR,LIDAR_TOP_FRONT,1696700135001081,True,samples,samples/LIDAR_TOP_FRONT/LIDAR_TOP_FRONT_1696700135001081.pcd
0ceb6a50bd68401ea8418fbf156ee07b,500f2b2e4f264f54913ffef41af3e3f3,37355c547904491481e47accc094d567,LiDAR,LIDAR_TOP_FRONT,1696700135500931,True,samples,samples/LIDAR_TOP_FRONT/LIDAR_TOP_FRONT_1696700135500931.pcd
835835c820414e1f835d6e158d6870ba,65f73fc2d0c343fc8e5018c4f42219c6,37355c547904491481e47accc094d567,LiDAR,LIDAR_TOP_FRONT,1696700136001198,True,samples,samples/LIDAR_TOP_FRONT/LIDAR_TOP_FRONT_1696700136001198.pcd
9f5a2e1028a84627b5fdbcb0eb35483d,6f61d7af183f4094919330d51465c1aa,37355c547904491481e47accc094d567,LiDAR,LIDAR_TOP_FRONT,1696700136501395,True,samples,samples/LIDAR_TOP_FRONT/LIDAR_TOP_FRONT_1696700136501395.pcd
7dde6a66da6b408e8fa96c832accc268,51c116a371d645668dac1af0a02ee674,37355c547904491481e47accc094d567,LiDAR,LIDAR_TOP_FRONT,1696700137001113,True,samples,samples/LIDAR_TOP_FRONT/LIDAR_TOP_FRONT_1696700137001113.pcd
a58962acdd4c45ff8e994a0ed3e89fbf,7a7c5575a7c342619ce96378e04038a1,37355c547904491481e47accc094d567,LiDAR,LIDAR_TOP_FRONT,1696700137500939,True,samples,samples/LIDAR_TOP_FRONT/LIDAR_TOP_FRONT_1696700137500939.pcd
4dcdbd1566fb47f6897402d291c840b4,a83f7b2127814ba5a0ded665a015e769,37355c547904491481e47accc094d567,LiDAR,LIDAR_TOP_FRONT,1696700138000762,True,samples,samples/LIDAR_TOP_FRONT/LIDAR_TOP_FRONT_1696700138000762.pcd
d124c0c078314e1aaa6e3b4f8ffd1345,8853f77c7306460e8a319a0e56f1b3fd,37355c547904491481e47accc094d567,LiDAR,LIDAR_TOP_FRONT,1696700138501161,True,samples,samples/LIDAR_TOP_FRONT/LIDAR_TOP_FRONT_1696700138501161.pcd
f56bc75bc8f3485fae3b061d33a0a9df,4752b1aca7c741f9b932631474a5a1f4,37355c547904491481e47accc094d567,LiDAR,LIDAR_TOP_FRONT,1696700139001255,True,samples,samples/LIDAR_TOP_FRONT/LIDAR_TOP_FRONT_1696700139001255.pcd
df9efbbcfca64c6b988ed68b30f215a9,7e342d779b5d446981801c5dfae2990e,37355c547904491481e47accc094d567,LiDAR,LIDAR_TOP_FRONT,1696700139501286,True,samples,samples/LIDAR_TOP_FRONT/LIDAR_TOP_FRONT_1696700139501286.pcd
8f2796a1564343d58a76a4ec16b18ea1,9bd4a2d0f3ae4c5fbc8f9b25c3a5fc05,37355c547904491481e47accc094d567,LiDAR,LIDAR_TOP_FRONT,1696700140001017,True,samples,samples/LIDAR_TOP_FRONT/LIDAR_TOP_FRONT_1696700140001017.pcd
a6d3b951e2c94223a1bd6fe5752a8e82,0556486618ae429895ef8caa898ee953,37355c547904491481e47accc094d567,LiDAR,LIDAR_TOP_FRONT,1696700140501050,True,samples,samples/LIDAR_TOP_FRONT/LIDAR_TOP_FRONT_1696700140501050.pcd
9a5d4708225f4178bd36014ab30ba9cf,896fee4da88548658064bbe791974249,37355c547904491481e47accc094d567,LiDAR,LIDAR_TOP_FRONT,1696700141000678,True,samples,samples/LIDAR_TOP_FRONT/LIDAR_TOP_FRONT_1696700141000678.pcd
8b158a795f544e17a04a4f385977446e,34d0b00f1801498c803ec07dce543b72,37355c547904491481e47accc094d567,LiDAR,LIDAR_TOP_FRONT,1696700141501023,True,samples,samples/LIDAR_TOP_FRONT/LIDAR_TOP_FRONT_1696700141501023.pcd
dee90906bdff4313ab28acb0a5e41757,8087e38a235948e1a12fc698a2fbd73d,37355c547904491481e47accc094d567,LiDAR,LIDAR_TOP_FRONT,1696700142000725,True,samples,samples/LIDAR_TOP_FRONT/LIDAR_TOP_FRONT_1696700142000725.pcd
539d18c3199b4ba483010f7eb09fcbd6,4a2da2b50d9749bc82bd567c13c6dc79,37355c547904491481e47accc094d567,LiDAR,LIDAR_TOP_FRONT,1696700142500645,True,samples,samples/LIDAR_TOP_FRONT/LIDAR_TOP_FRONT_1696700142500645.pcd
28407d2420d54da295fa35e2eca6c0e5,f52dde90d62b4d3a9024e9280cb73179,37355c547904491481e47accc094d567,LiDAR,LIDAR_TOP_FRONT,1696700143000637,True,samples,samples/LIDAR_TOP_FRONT/LIDAR_TOP_FRONT_1696700143000637.pcd
ab2f823f68424eb3bcbe26af8244de0c,31a1c724a02d46a1bbe2b8685fb871a2,37355c547904491481e47accc094d567,LiDAR,LIDAR_TOP_FRONT,1696700143500827,True,samples,samples/LIDAR_TOP_FRONT/LIDAR_TOP_FRONT_1696700143500827.pcd
6683a01b29ed48cdba176a2530495c1f,e070823623784061a8cba3a3849f218e,37355c547904491481e47accc094d567,LiDAR,LIDAR_TOP_FRONT,1696700144000958,True,samples,samples/LIDAR_TOP_FRONT/LIDAR_TOP_FRONT_1696700144000958.pcd
5ea941a53f0d488b9e1ffefccc05ef1b,80ad351eb99e4b28bfbec1105b6ac8eb,37355c547904491481e47accc094d567,LiDAR,LIDAR_TOP_LEFT,1696700124475808,True,samples,samples/LIDAR_TOP_LEFT/LIDAR_TOP_LEFT_1696700124475808.pcd
45fd70e762294d4ca3be5159b8be7ea5,85c5ca01cfb34d3e92d1c0c265235d04,37355c547904491481e47accc094d567,LiDAR,LIDAR_TOP_LEFT,1696700124975996,True,samples,samples/LIDAR_TOP_LEFT/LIDAR_TOP_LEFT_1696700124975996.pcd
64e250b1eb8d4ae3af08c2b94c2f1d88,68d8f0410d4342a1a6d2687b0deeb24c,37355c547904491481e47accc094d567,LiDAR,LIDAR_TOP_LEFT,1696700125476235,True,samples,samples/LIDAR_TOP_LEFT/LIDAR_TOP_LEFT_1696700125476235.pcd
dc6eaea898864cad8b4327e2b095c653,3c15136415cb4333964d4cc2936356dd,37355c547904491481e47accc094d567,LiDAR,LIDAR_TOP_LEFT,1696700125976297,True,samples,samples/LIDAR_TOP_LEFT/LIDAR_TOP_LEFT_1696700125976297.pcd
9b3704fd36e640a2bad22fce963022f4,39dae22600564a6b9c130435f3475a77,37355c547904491481e47accc094d567,LiDAR,LIDAR_TOP_LEFT,1696700126476293,True,samples,samples/LIDAR_TOP_LEFT/LIDAR_TOP_LEFT_1696700126476293.pcd
f1d6f1bb4d1b40bf9d79898de90e85a8,a9b293108091418c9170311735a14d38,37355c547904491481e47accc094d567,LiDAR,LIDAR_TOP_LEFT,1696700126976268,True,samples,samples/LIDAR_TOP_LEFT/LIDAR_TOP_LEFT_1696700126976268.pcd
bcef1fe7f44b413cb53f1540f31cdde4,6f6b53e9b5144d3eb5efa6759877586e,37355c547904491481e47accc094d567,LiDAR,LIDAR_TOP_LEFT,1696700127476081,True,samples,samples/LIDAR_TOP_LEFT/LIDAR_TOP_LEFT_1696700127476081.pcd
a9343aef245840afa749b39e082d1605,c83bd7f9373d4dbda92199888bb50db2,37355c547904491481e47accc094d567,LiDAR,LIDAR_TOP_LEFT,1696700127976027,True,samples,samples/LIDAR_TOP_LEFT/LIDAR_TOP_LEFT_1696700127976027.pcd
05a65f4a1c4b4920bd06d40d313366ef,c483d412789d4b13991fc1f36cdd06a8,37355c547904491481e47accc094d567,LiDAR,LIDAR_TOP_LEFT,1696700128475876,True,samples,samples/LIDAR_TOP_LEFT/LIDAR_TOP_LEFT_1696700128475876.pcd
05d1c49389f74d4f842b23a95b8541aa,e12831dd0e5040abaced46ee13f3c414,37355c547904491481e47accc094d567,LiDAR,LIDAR_TOP_LEFT,1696700128975909,True,samples,samples/LIDAR_TOP_LEFT/LIDAR_TOP_LEFT_1696700128975909.pcd
58071907170449be9d08a27231ab4f98,db2c0e4d75654d4db21937c518e75957,37355c547904491481e47accc094d567,LiDAR,LIDAR_TOP_LEFT,1696700129476166,True,samples,samples/LIDAR_TOP_LEFT/LIDAR_TOP_LEFT_1696700129476166.pcd
38a8404844544bd48b0de3e9209bb4a0,7097d2353e914bcf834c196a6a21be63,37355c547904491481e47accc094d567,LiDAR,LIDAR_TOP_LEFT,1696700129976231,True,samples,samples/LIDAR_TOP_LEFT/LIDAR_TOP_LEFT_1696700129976231.pcd
78a51f3c352f4be7bf37d7da105d335e,b7db9773713a454e8148f86a84ab6a53,37355c547904491481e47accc094d567,LiDAR,LIDAR_TOP_LEFT,1696700130476348,True,samples,samples/LIDAR_TOP_LEFT/LIDAR_TOP_LEFT_1696700130476348.pcd
cc5d4cc07f4143bbaa93e4ef412a02fd,8a1ee4d450f94cfe8b07030adcaddf6b,37355c547904491481e47accc094d567,LiDAR,LIDAR_TOP_LEFT,1696700130976264,True,samples,samples/LIDAR_TOP_LEFT/LIDAR_TOP_LEFT_1696700130976264.pcd
fb6dcf3fbe4245e99fb8d40cabebc49e,b18f83cbe8b44e8c80dcac5b4bdf1de5,37355c547904491481e47accc094d567,LiDAR,LIDAR_TOP_LEFT,1696700131476354,True,samples,samples/LIDAR_TOP_LEFT/LIDAR_TOP_LEFT_1696700131476354.pcd
bebd7bde8cd8459f95686d9c4b1ef15a,db8f3abb2d1440889ce9d8a759ce855e,37355c547904491481e47accc094d567,LiDAR,LIDAR_TOP_LEFT,1696700131976188,True,samples,samples/LIDAR_TOP_LEFT/LIDAR_TOP_LEFT_1696700131976188.pcd
53471ca98af747949d5a0567f4dd195e,9b3984d9e3094104a34f06910c521a08,37355c547904491481e47accc094d567,LiDAR,LIDAR_TOP_LEFT,1696700132476028,True,samples,samples/LIDAR_TOP_LEFT/LIDAR_TOP_LEFT_1696700132476028.pcd
ec46ca5e87654026a50bdbf0fff7650b,930001ae599e48d6aabc373742c462a5,37355c547904491481e47accc094d567,LiDAR,LIDAR_TOP_LEFT,1696700132975867,True,samples,samples/LIDAR_TOP_LEFT/LIDAR_TOP_LEFT_1696700132975867.pcd
ee54a074e135440ab686f3d4109cd39c,2e9658149ff64abe863691ca1ab21659,37355c547904491481e47accc094d567,LiDAR,LIDAR_TOP_LEFT,1696700133475921,True,samples,samples/LIDAR_TOP_LEFT/LIDAR_TOP_LEFT_1696700133475921.pcd
20446b493e4844f58fae699096818042,25d2fdbc5fab4e93b80c4064eb60fa38,37355c547904491481e47accc094d567,LiDAR,LIDAR_TOP_LEFT,1696700133976060,True,samples,samples/LIDAR_TOP_LEFT/LIDAR_TOP_LEFT_1696700133976060.pcd
f06d2b042a21459c8d6825fb26cd27d0,6e2e1eaa68694c8f8c8d11993ec856e7,37355c547904491481e47accc094d567,LiDAR,LIDAR_TOP_LEFT,1696700134476221,True,samples,samples/LIDAR_TOP_LEFT/LIDAR_TOP_LEFT_1696700134476221.pcd
eb3d69feefe347e99d215092f07bd558,a3c36b28774345169f106bf634cbe1ae,37355c547904491481e47accc094d567,LiDAR,LIDAR_TOP_LEFT,1696700134976286,True,samples,samples/LIDAR_TOP_LEFT/LIDAR_TOP_LEFT_1696700134976286.pcd
d8766eedfa384930b90db37b38aab6ab,500f2b2e4f264f54913ffef41af3e3f3,37355c547904491481e47accc094d567,LiDAR,LIDAR_TOP_LEFT,1696700135476291,True,samples,samples/LIDAR_TOP_LEFT/LIDAR_TOP_LEFT_1696700135476291.pcd
c1d4a9b6ca764a56993aa8aa8f13aff9,65f73fc2d0c343fc8e5018c4f42219c6,37355c547904491481e47accc094d567,LiDAR,LIDAR_TOP_LEFT,1696700135976173,True,samples,samples/LIDAR_TOP_LEFT/LIDAR_TOP_LEFT_1696700135976173.pcd
e79e2610533444a9a17ca4b6b26be052,6f61d7af183f4094919330d51465c1aa,37355c547904491481e47accc094d567,LiDAR,LIDAR_TOP_LEFT,1696700136476144,True,samples,samples/LIDAR_TOP_LEFT/LIDAR_TOP_LEFT_1696700136476144.pcd
b3aa0613312f4081b29d5beae2acb07d,51c116a371d645668dac1af0a02ee674,37355c547904491481e47accc094d567,LiDAR,LIDAR_TOP_LEFT,1696700136976220,True,samples,samples/LIDAR_TOP_LEFT/LIDAR_TOP_LEFT_1696700136976220.pcd
bf19d3433f8849149e32a0af2b831916,7a7c5575a7c342619ce96378e04038a1,37355c547904491481e47accc094d567,LiDAR,LIDAR_TOP_LEFT,1696700137476167,True,samples,samples/LIDAR_TOP_LEFT/LIDAR_TOP_LEFT_1696700137476167.pcd
c705c217dc0a41ee9c647f872b94635e,a83f7b2127814ba5a0ded665a015e769,37355c547904491481e47accc094d567,LiDAR,LIDAR_TOP_LEFT,1696700137976074,True,samples,samples/LIDAR_TOP_LEFT/LIDAR_TOP_LEFT_1696700137976074.pcd
0004dcc978f64d6aa68883dabd8a878d,8853f77c7306460e8a319a0e56f1b3fd,37355c547904491481e47accc094d567,LiDAR,LIDAR_TOP_LEFT,1696700138475939,True,samples,samples/LIDAR_TOP_LEFT/LIDAR_TOP_LEFT_1696700138475939.pcd
2f35636babc943298c95736f78dd318c,4752b1aca7c741f9b932631474a5a1f4,37355c547904491481e47accc094d567,LiDAR,LIDAR_TOP_LEFT,1696700138975872,True,samples,samples/LIDAR_TOP_LEFT/LIDAR_TOP_LEFT_1696700138975872.pcd
200fd4fad8f04b67b00f5d8a106ccdbe,7e342d779b5d446981801c5dfae2990e,37355c547904491481e47accc094d567,LiDAR,LIDAR_TOP_LEFT,1696700139475948,True,samples,samples/LIDAR_TOP_LEFT/LIDAR_TOP_LEFT_1696700139475948.pcd
994d535ecfbe4918a6310c9716cce428,9bd4a2d0f3ae4c5fbc8f9b25c3a5fc05,37355c547904491481e47accc094d567,LiDAR,LIDAR_TOP_LEFT,1696700139976105,True,samples,samples/LIDAR_TOP_LEFT/LIDAR_TOP_LEFT_1696700139976105.pcd
146b900203a44cf796d74e9bbe947479,0556486618ae429895ef8caa898ee953,37355c547904491481e47accc094d567,LiDAR,LIDAR_TOP_LEFT,1696700140476374,True,samples,samples/LIDAR_TOP_LEFT/LIDAR_TOP_LEFT_1696700140476374.pcd
d8f174af3ec04f0c9155c867cea5295f,896fee4da88548658064bbe791974249,37355c547904491481e47accc094d567,LiDAR,LIDAR_TOP_LEFT,1696700140976053,True,samples,samples/LIDAR_TOP_LEFT/LIDAR_TOP_LEFT_1696700140976053.pcd
efb6ad8ae1fd425c961ac63fb69ce21d,34d0b00f1801498c803ec07dce543b72,37355c547904491481e47accc094d567,LiDAR,LIDAR_TOP_LEFT,1696700141476229,True,samples,samples/LIDAR_TOP_LEFT/LIDAR_TOP_LEFT_1696700141476229.pcd
a4310994c4284cbf9aa5f524abcc0b30,8087e38a235948e1a12fc698a2fbd73d,37355c547904491481e47accc094d567,LiDAR,LIDAR_TOP_LEFT,1696700141976351,True,samples,samples/LIDAR_TOP_LEFT/LIDAR_TOP_LEFT_1696700141976351.pcd
522f7e01963d43e08bbfa0a66e17d627,4a2da2b50d9749bc82bd567c13c6dc79,37355c547904491481e47accc094d567,LiDAR,LIDAR_TOP_LEFT,1696700142476293,True,samples,samples/LIDAR_TOP_LEFT/LIDAR_TOP_LEFT_1696700142476293.pcd
77809dc71afb493a8f1b803d2db61d6b,f52dde90d62b4d3a9024e9280cb73179,37355c547904491481e47accc094d567,LiDAR,LIDAR_TOP_LEFT,1696700142976202,True,samples,samples/LIDAR_TOP_LEFT/LIDAR_TOP_LEFT_1696700142976202.pcd
04c1daa92ab2410ba12232411347d39c,31a1c724a02d46a1bbe2b8685fb871a2,37355c547904491481e47accc094d567,LiDAR,LIDAR_TOP_LEFT,1696700143476036,True,samples,samples/LIDAR_TOP_LEFT/LIDAR_TOP_LEFT_1696700143476036.pcd
5ff21ff95db84082b2fb7ca7615467d6,e070823623784061a8cba3a3849f218e,37355c547904491481e47accc094d567,LiDAR,LIDAR_TOP_LEFT,1696700143975990,True,samples,samples/LIDAR_TOP_LEFT/LIDAR_TOP_LEFT_1696700143975990.pcd
ef7faca109e44ae3936ce3cd7359e13c,80ad351eb99e4b28bfbec1105b6ac8eb,37355c547904491481e47accc094d567,LiDAR,LIDAR_TOP_RIGHT,1696700124526256,True,samples,samples/LIDAR_TOP_RIGHT/LIDAR_TOP_RIGHT_1696700124526256.pcd
a94097a524e64ff69401de8bc3f342d2,85c5ca01cfb34d3e92d1c0c265235d04,37355c547904491481e47accc094d567,LiDAR,LIDAR_TOP_RIGHT,1696700125026294,True,samples,samples/LIDAR_TOP_RIGHT/LIDAR_TOP_RIGHT_1696700125026294.pcd
8a52a5251d33447688f63e06b8a21399,68d8f0410d4342a1a6d2687b0deeb24c,37355c547904491481e47accc094d567,LiDAR,LIDAR_TOP_RIGHT,1696700125526157,True,samples,samples/LIDAR_TOP_RIGHT/LIDAR_TOP_RIGHT_1696700125526157.pcd
c547bba0f1a6417281d321024424d540,3c15136415cb4333964d4cc2936356dd,37355c547904491481e47accc094d567,LiDAR,LIDAR_TOP_RIGHT,1696700126026084,True,samples,samples/LIDAR_TOP_RIGHT/LIDAR_TOP_RIGHT_1696700126026084.pcd
fadab36f35a14cefae3f3bc658a2bafe,39dae22600564a6b9c130435f3475a77,37355c547904491481e47accc094d567,LiDAR,LIDAR_TOP_RIGHT,1696700126526060,True,samples,samples/LIDAR_TOP_RIGHT/LIDAR_TOP_RIGHT_1696700126526060.pcd
d1db8121637944e7a0d6d9ceaab71840,a9b293108091418c9170311735a14d38,37355c547904491481e47accc094d567,LiDAR,LIDAR_TOP_RIGHT,1696700127026221,True,samples,samples/LIDAR_TOP_RIGHT/LIDAR_TOP_RIGHT_1696700127026221.pcd
c6605038c3d84ab89c89a5430094be68,6f6b53e9b5144d3eb5efa6759877586e,37355c547904491481e47accc094d567,LiDAR,LIDAR_TOP_RIGHT,1696700127526390,True,samples,samples/LIDAR_TOP_RIGHT/LIDAR_TOP_RIGHT_1696700127526390.pcd
03740a30370841f0b8f12381eb159a11,c83bd7f9373d4dbda92199888bb50db2,37355c547904491481e47accc094d567,LiDAR,LIDAR_TOP_RIGHT,1696700128026564,True,samples,samples/LIDAR_TOP_RIGHT/LIDAR_TOP_RIGHT_1696700128026564.pcd
030845acade24e5095822031ffd2294c,c483d412789d4b13991fc1f36cdd06a8,37355c547904491481e47accc094d567,LiDAR,LIDAR_TOP_RIGHT,1696700128526433,True,samples,samples/LIDAR_TOP_RIGHT/LIDAR_TOP_RIGHT_1696700128526433.pcd
face88edca824154be96607018f76c7d,e12831dd0e5040abaced46ee13f3c414,37355c547904491481e47accc094d567,LiDAR,LIDAR_TOP_RIGHT,1696700129026332,True,samples,samples/LIDAR_TOP_RIGHT/LIDAR_TOP_RIGHT_1696700129026332.pcd
d80c2073430a4c3e95b2e91da7cd3152,db2c0e4d75654d4db21937c518e75957,37355c547904491481e47accc094d567,LiDAR,LIDAR_TOP_RIGHT,1696700129526303,True,samples,samples/LIDAR_TOP_RIGHT/LIDAR_TOP_RIGHT_1696700129526303.pcd
194b22594901445e8dc4db9632a77996,7097d2353e914bcf834c196a6a21be63,37355c547904491481e47accc094d567,LiDAR,LIDAR_TOP_RIGHT,1696700130026363,True,samples,samples/LIDAR_TOP_RIGHT/LIDAR_TOP_RIGHT_1696700130026363.pcd
1704d2f670ac4c538e27e194faccdf00,b7db9773713a454e8148f86a84ab6a53,37355c547904491481e47accc094d567,LiDAR,LIDAR_TOP_RIGHT,1696700130526270,True,samples,samples/LIDAR_TOP_RIGHT/LIDAR_TOP_RIGHT_1696700130526270.pcd
621f73fac93448ada31d66a2fad775e1,8a1ee4d450f94cfe8b07030adcaddf6b,37355c547904491481e47accc094d567,LiDAR,LIDAR_TOP_RIGHT,1696700131026055,True,samples,samples/LIDAR_TOP_RIGHT/LIDAR_TOP_RIGHT_1696700131026055.pcd
df1c7754c3f746cc92e8e7cb69e2ca1f,b18f83cbe8b44e8c80dcac5b4bdf1de5,37355c547904491481e47accc094d567,LiDAR,LIDAR_TOP_RIGHT,1696700131526130,True,samples,samples/LIDAR_TOP_RIGHT/LIDAR_TOP_RIGHT_1696700131526130.pcd
9ea5be24f88b4a51af2c7c7a13fd369c,db8f3abb2d1440889ce9d8a759ce855e,37355c547904491481e47accc094d567,LiDAR,LIDAR_TOP_RIGHT,1696700132026121,True,samples,samples/LIDAR_TOP_RIGHT/LIDAR_TOP_RIGHT_1696700132026121.pcd
28edbd9993ed40aab6aac3b1b7a4674a,9b3984d9e3094104a34f06910c521a08,37355c547904491481e47accc094d567,LiDAR,LIDAR_TOP_RIGHT,1696700132525946,True,samples,samples/LIDAR_TOP_RIGHT/LIDAR_TOP_RIGHT_1696700132525946.pcd
119b486d890243d88a6c5e7dd4fb9da0,930001ae599e48d6aabc373742c462a5,37355c547904491481e47accc094d567,LiDAR,LIDAR_TOP_RIGHT,1696700133026006,True,samples,samples/LIDAR_TOP_RIGHT/LIDAR_TOP_RIGHT_1696700133026006.pcd
6b047434154c4255b768d9374ade5faf,2e9658149ff64abe863691ca1ab21659,37355c547904491481e47accc094d567,LiDAR,LIDAR_TOP_RIGHT,1696700133526040,True,samples,samples/LIDAR_TOP_RIGHT/LIDAR_TOP_RIGHT_1696700133526040.pcd
62c3e8487ebb4ac1becff829d5258757,25d2fdbc5fab4e93b80c4064eb60fa38,37355c547904491481e47accc094d567,LiDAR,LIDAR_TOP_RIGHT,1696700134026021,True,samples,samples/LIDAR_TOP_RIGHT/LIDAR_TOP_RIGHT_1696700134026021.pcd
d8ae9bd9d50a4949a2e6ca0065243b7b,6e2e1eaa68694c8f8c8d11993ec856e7,37355c547904491481e47accc094d567,LiDAR,LIDAR_TOP_RIGHT,1696700134526106,True,samples,samples/LIDAR_TOP_RIGHT/LIDAR_TOP_RIGHT_1696700134526106.pcd
6c0e00bb45324abda3505ab7350ea13d,a3c36b28774345169f106bf634cbe1ae,37355c547904491481e47accc094d567,LiDAR,LIDAR_TOP_RIGHT,1696700135026026,True,samples,samples/LIDAR_TOP_RIGHT/LIDAR_TOP_RIGHT_1696700135026026.pcd
d98d079be2f54fb09db4ac233a30986b,500f2b2e4f264f54913ffef41af3e3f3,37355c547904491481e47accc094d567,LiDAR,LIDAR_TOP_RIGHT,1696700135526042,True,samples,samples/LIDAR_TOP_RIGHT/LIDAR_TOP_RIGHT_1696700135526042.pcd
741dbaa6963d40cda467f24a95725d59,65f73fc2d0c343fc8e5018c4f42219c6,37355c547904491481e47accc094d567,LiDAR,LIDAR_TOP_RIGHT,1696700136025988,True,samples,samples/LIDAR_TOP_RIGHT/LIDAR_TOP_RIGHT_1696700136025988.pcd
a34187726d7d4a0aa4d615595bc6ccc2,6f61d7af183f4094919330d51465c1aa,37355c547904491481e47accc094d567,LiDAR,LIDAR_TOP_RIGHT,1696700136526030,True,samples,samples/LIDAR_TOP_RIGHT/LIDAR_TOP_RIGHT_1696700136526030.pcd
52f9e701243d4de99f3c0bbab32dc1a8,51c116a371d645668dac1af0a02ee674,37355c547904491481e47accc094d567,LiDAR,LIDAR_TOP_RIGHT,1696700137026333,True,samples,samples/LIDAR_TOP_RIGHT/LIDAR_TOP_RIGHT_1696700137026333.pcd
b29df97266ca4b4f87b197536a2271e0,7a7c5575a7c342619ce96378e04038a1,37355c547904491481e47accc094d567,LiDAR,LIDAR_TOP_RIGHT,1696700137526391,True,samples,samples/LIDAR_TOP_RIGHT/LIDAR_TOP_RIGHT_1696700137526391.pcd
9e1000a3a81d46b2b0fa9da2ad1e72c4,a83f7b2127814ba5a0ded665a015e769,37355c547904491481e47accc094d567,LiDAR,LIDAR_TOP_RIGHT,1696700138026369,True,samples,samples/LIDAR_TOP_RIGHT/LIDAR_TOP_RIGHT_1696700138026369.pcd
b3622e0e67ea4cd7af511cff288acf55,8853f77c7306460e8a319a0e56f1b3fd,37355c547904491481e47accc094d567,LiDAR,LIDAR_TOP_RIGHT,1696700138526337,True,samples,samples/LIDAR_TOP_RIGHT/LIDAR_TOP_RIGHT_1696700138526337.pcd
f2146c2fea9b4775a38de00c841862f5,4752b1aca7c741f9b932631474a5a1f4,37355c547904491481e47accc094d567,LiDAR,LIDAR_TOP_RIGHT,1696700139026125,True,samples,samples/LIDAR_TOP_RIGHT/LIDAR_TOP_RIGHT_1696700139026125.pcd
21bb4680f8a242c2b6ea233a0d4e313d,7e342d779b5d446981801c5dfae2990e,37355c547904491481e47accc094d567,LiDAR,LIDAR_TOP_RIGHT,1696700139526212,True,samples,samples/LIDAR_TOP_RIGHT/LIDAR_TOP_RIGHT_1696700139526212.pcd
59fcb797cfa44da4bd2ebfd2a54edbd7,9bd4a2d0f3ae4c5fbc8f9b25c3a5fc05,37355c547904491481e47accc094d567,LiDAR,LIDAR_TOP_RIGHT,1696700140026171,True,samples,samples/LIDAR_TOP_RIGHT/LIDAR_TOP_RIGHT_1696700140026171.pcd
b262348ee21e4357a314605663c4dcee,0556486618ae429895ef8caa898ee953,37355c547904491481e47accc094d567,LiDAR,LIDAR_TOP_RIGHT,1696700140526165,True,samples,samples/LIDAR_TOP_RIGHT/LIDAR_TOP_RIGHT_1696700140526165.pcd
e2870d3c82b44bb3b8a6c30c7b3bec9a,896fee4da88548658064bbe791974249,37355c547904491481e47accc094d567,LiDAR,LIDAR_TOP_RIGHT,1696700141025948,True,samples,samples/LIDAR_TOP_RIGHT/LIDAR_TOP_RIGHT_1696700141025948.pcd
fe8e49d7ec8e41689d5646a112d17eb8,34d0b00f1801498c803ec07dce543b72,37355c547904491481e47accc094d567,LiDAR,LIDAR_TOP_RIGHT,1696700141526071,True,samples,samples/LIDAR_TOP_RIGHT/LIDAR_TOP_RIGHT_1696700141526071.pcd
37caca0c3d4b4295a942834343c05dae,8087e38a235948e1a12fc698a2fbd73d,37355c547904491481e47accc094d567,LiDAR,LIDAR_TOP_RIGHT,1696700142026082,True,samples,samples/LIDAR_TOP_RIGHT/LIDAR_TOP_RIGHT_1696700142026082.pcd
22d764a6141242c180afb554d45057ed,4a2da2b50d9749bc82bd567c13c6dc79,37355c547904491481e47accc094d567,LiDAR,LIDAR_TOP_RIGHT,1696700142525944,True,samples,samples/LIDAR_TOP_RIGHT/LIDAR_TOP_RIGHT_1696700142525944.pcd
7e9dd22dc9334758b7f2da482c3e49c4,f52dde90d62b4d3a9024e9280cb73179,37355c547904491481e47accc094d567,LiDAR,LIDAR_TOP_RIGHT,1696700143025996,True,samples,samples/LIDAR_TOP_RIGHT/LIDAR_TOP_RIGHT_1696700143025996.pcd
c6129052617f47b8a1326adc85ca74bf,31a1c724a02d46a1bbe2b8685fb871a2,37355c547904491481e47accc094d567,LiDAR,LIDAR_TOP_RIGHT,1696700143526032,True,samples,samples/LIDAR_TOP_RIGHT/LIDAR_TOP_RIGHT_1696700143526032.pcd
482cbb165b34451e9a04d25f1a57a1c6,e070823623784061a8cba3a3849f218e,37355c547904491481e47accc094d567,LiDAR,LIDAR_TOP_RIGHT,1696700144025915,True,samples,samples/LIDAR_TOP_RIGHT/LIDAR_TOP_RIGHT_1696700144025915.pcd
bcefe4b3a0f14ade8cd84d397dcd8a2e,80ad351eb99e4b28bfbec1105b6ac8eb,37355c547904491481e47accc094d567,LiDAR,LIDAR_REAR,1696700124449937,True,samples,samples/LIDAR_REAR/LIDAR_REAR_1696700124449937.pcd
f7f0ef52a51d4d26832bb648582649f1,85c5ca01cfb34d3e92d1c0c265235d04,37355c547904491481e47accc094d567,LiDAR,LIDAR_REAR,1696700124949948,True,samples,samples/LIDAR_REAR/LIDAR_REAR_1696700124949948.pcd
f20997f693d84f62a9575983416c31d6,68d8f0410d4342a1a6d2687b0deeb24c,37355c547904491481e47accc094d567,LiDAR,LIDAR_REAR,1696700125450000,True,samples,samples/LIDAR_REAR/LIDAR_REAR_1696700125450000.pcd
496cc2211520447196073cb0dd9fe7e9,3c15136415cb4333964d4cc2936356dd,37355c547904491481e47accc094d567,LiDAR,LIDAR_REAR,1696700125949943,True,samples,samples/LIDAR_REAR/LIDAR_REAR_1696700125949943.pcd
fa37f1f3a3f2418ab936315bbe9f3a64,39dae22600564a6b9c130435f3475a77,37355c547904491481e47accc094d567,LiDAR,LIDAR_REAR,1696700126449953,True,samples,samples/LIDAR_REAR/LIDAR_REAR_1696700126449953.pcd
2f2b743661014713ad7218d786875bf9,a9b293108091418c9170311735a14d38,37355c547904491481e47accc094d567,LiDAR,LIDAR_REAR,1696700126950034,True,samples,samples/LIDAR_REAR/LIDAR_REAR_1696700126950034.pcd
28b2d94507224443a2f86dad5f66e539,6f6b53e9b5144d3eb5efa6759877586e,37355c547904491481e47accc094d567,LiDAR,LIDAR_REAR,1696700127450040,True,samples,samples/LIDAR_REAR/LIDAR_REAR_1696700127450040.pcd
3096dccb5d304968b189fac8afdfbda0,c83bd7f9373d4dbda92199888bb50db2,37355c547904491481e47accc094d567,LiDAR,LIDAR_REAR,1696700127950149,True,samples,samples/LIDAR_REAR/LIDAR_REAR_1696700127950149.pcd
d370b0024f82460fa3e7ef1a708ea8ad,c483d412789d4b13991fc1f36cdd06a8,37355c547904491481e47accc094d567,LiDAR,LIDAR_REAR,1696700128450072,True,samples,samples/LIDAR_REAR/LIDAR_REAR_1696700128450072.pcd
79121328840845beb50de2a477222c0d,e12831dd0e5040abaced46ee13f3c414,37355c547904491481e47accc094d567,LiDAR,LIDAR_REAR,1696700128950135,True,samples,samples/LIDAR_REAR/LIDAR_REAR_1696700128950135.pcd
5cdae3f621d748bbb6ea2679635a6729,db2c0e4d75654d4db21937c518e75957,37355c547904491481e47accc094d567,LiDAR,LIDAR_REAR,1696700129449973,True,samples,samples/LIDAR_REAR/LIDAR_REAR_1696700129449973.pcd
6f7bc46266144915b3e8b6f02242321b,7097d2353e914bcf834c196a6a21be63,37355c547904491481e47accc094d567,LiDAR,LIDAR_REAR,1696700129950119,True,samples,samples/LIDAR_REAR/LIDAR_REAR_1696700129950119.pcd
36ad3a9d20a043a1bc0ea99e5162bfde,b7db9773713a454e8148f86a84ab6a53,37355c547904491481e47accc094d567,LiDAR,LIDAR_REAR,1696700130450017,True,samples,samples/LIDAR_REAR/LIDAR_REAR_1696700130450017.pcd
f9a5a967eaf0429bae01ca68c0859eac,8a1ee4d450f94cfe8b07030adcaddf6b,37355c547904491481e47accc094d567,LiDAR,LIDAR_REAR,1696700130950210,True,samples,samples/LIDAR_REAR/LIDAR_REAR_1696700130950210.pcd
ad87792b8a054840aebdaa02e4e62c7d,b18f83cbe8b44e8c80dcac5b4bdf1de5,37355c547904491481e47accc094d567,LiDAR,LIDAR_REAR,1696700131450265,True,samples,samples/LIDAR_REAR/LIDAR_REAR_1696700131450265.pcd
999484e671364de7872838208e203e20,db8f3abb2d1440889ce9d8a759ce855e,37355c547904491481e47accc094d567,LiDAR,LIDAR_REAR,1696700131950317,True,samples,samples/LIDAR_REAR/LIDAR_REAR_1696700131950317.pcd
c354ad30a72342028abd829b9ef66b03,9b3984d9e3094104a34f06910c521a08,37355c547904491481e47accc094d567,LiDAR,LIDAR_REAR,1696700132450119,True,samples,samples/LIDAR_REAR/LIDAR_REAR_1696700132450119.pcd
a66629a7c2a94f03ab9c9d37a5894b42,930001ae599e48d6aabc373742c462a5,37355c547904491481e47accc094d567,LiDAR,LIDAR_REAR,1696700132950119,True,samples,samples/LIDAR_REAR/LIDAR_REAR_1696700132950119.pcd
dcfaf6b717a54f348b31342f0d6a322c,2e9658149ff64abe863691ca1ab21659,37355c547904491481e47accc094d567,LiDAR,LIDAR_REAR,1696700133450247,True,samples,samples/LIDAR_REAR/LIDAR_REAR_1696700133450247.pcd
d1dc9cec1b644d118df87a36617041a7,25d2fdbc5fab4e93b80c4064eb60fa38,37355c547904491481e47accc094d567,LiDAR,LIDAR_REAR,1696700133950277,True,samples,samples/LIDAR_REAR/LIDAR_REAR_1696700133950277.pcd
542dfaf9972142d6bdd402f2c594761e,6e2e1eaa68694c8f8c8d11993ec856e7,37355c547904491481e47accc094d567,LiDAR,LIDAR_REAR,1696700134450084,True,samples,samples/LIDAR_REAR/LIDAR_REAR_1696700134450084.pcd
6734dfc3b33e4e3bac306d3dbf9e47d1,a3c36b28774345169f106bf634cbe1ae,37355c547904491481e47accc094d567,LiDAR,LIDAR_REAR,1696700134949933,True,samples,samples/LIDAR_REAR/LIDAR_REAR_1696700134949933.pcd
a36f071f37e746448268651abe837499,500f2b2e4f264f54913ffef41af3e3f3,37355c547904491481e47accc094d567,LiDAR,LIDAR_REAR,1696700135449882,True,samples,samples/LIDAR_REAR/LIDAR_REAR_1696700135449882.pcd
e8d574d10c7044859b0d17c987e713bc,65f73fc2d0c343fc8e5018c4f42219c6,37355c547904491481e47accc094d567,LiDAR,LIDAR_REAR,1696700135950047,True,samples,samples/LIDAR_REAR/LIDAR_REAR_1696700135950047.pcd
3669ebd70bfc450dba4edd3b60ab3f44,6f61d7af183f4094919330d51465c1aa,37355c547904491481e47accc094d567,LiDAR,LIDAR_REAR,1696700136450206,True,samples,samples/LIDAR_REAR/LIDAR_REAR_1696700136450206.pcd
17d77b3a5015499680c5dc7be92c497b,51c116a371d645668dac1af0a02ee674,37355c547904491481e47accc094d567,LiDAR,LIDAR_REAR,1696700136950541,True,samples,samples/LIDAR_REAR/LIDAR_REAR_1696700136950541.pcd
eb65c40d29a44361a4fe6e5ee9f25eb5,7a7c5575a7c342619ce96378e04038a1,37355c547904491481e47accc094d567,LiDAR,LIDAR_REAR,1696700137450180,True,samples,samples/LIDAR_REAR/LIDAR_REAR_1696700137450180.pcd
e1e0bb354ae0404ba4e49a58d1ec16ae,a83f7b2127814ba5a0ded665a015e769,37355c547904491481e47accc094d567,LiDAR,LIDAR_REAR,1696700137950151,True,samples,samples/LIDAR_REAR/LIDAR_REAR_1696700137950151.pcd
6e0c90b9b51e4b67bf287531c7100e6d,8853f77c7306460e8a319a0e56f1b3fd,37355c547904491481e47accc094d567,LiDAR,LIDAR_REAR,1696700138450045,True,samples,samples/LIDAR_REAR/LIDAR_REAR_1696700138450045.pcd
ef71c2df4bf54a80840504b2d2687e24,4752b1aca7c741f9b932631474a5a1f4,37355c547904491481e47accc094d567,LiDAR,LIDAR_REAR,1696700138950051,True,samples,samples/LIDAR_REAR/LIDAR_REAR_1696700138950051.pcd
c2b2b4bd67a9466cb813170dc9bb325d,7e342d779b5d446981801c5dfae2990e,37355c547904491481e47accc094d567,LiDAR,LIDAR_REAR,1696700139449876,True,samples,samples/LIDAR_REAR/LIDAR_REAR_1696700139449876.pcd
105c422312074f3ca49f8b87ecadc67b,9bd4a2d0f3ae4c5fbc8f9b25c3a5fc05,37355c547904491481e47accc094d567,LiDAR,LIDAR_REAR,1696700139949973,True,samples,samples/LIDAR_REAR/LIDAR_REAR_1696700139949973.pcd
2f1ab72dfc6c41a090b1a69136f55272,0556486618ae429895ef8caa898ee953,37355c547904491481e47accc094d567,LiDAR,LIDAR_REAR,1696700140450060,True,samples,samples/LIDAR_REAR/LIDAR_REAR_1696700140450060.pcd
10823bc075b84a78a2bbcdd1ed277c9c,896fee4da88548658064bbe791974249,37355c547904491481e47accc094d567,LiDAR,LIDAR_REAR,1696700140950379,True,samples,samples/LIDAR_REAR/LIDAR_REAR_1696700140950379.pcd
faf2be6531cb47a1943214e9adeb938f,34d0b00f1801498c803ec07dce543b72,37355c547904491481e47accc094d567,LiDAR,LIDAR_REAR,1696700141450411,True,samples,samples/LIDAR_REAR/LIDAR_REAR_1696700141450411.pcd
f236a0501f464097bcb0ab401d78299f,8087e38a235948e1a12fc698a2fbd73d,37355c547904491481e47accc094d567,LiDAR,LIDAR_REAR,1696700141950378,True,samples,samples/LIDAR_REAR/LIDAR_REAR_1696700141950378.pcd
c76e7f16ead4496f99af4782ce52f7c2,4a2da2b50d9749bc82bd567c13c6dc79,37355c547904491481e47accc094d567,LiDAR,LIDAR_REAR,1696700142450056,True,samples,samples/LIDAR_REAR/LIDAR_REAR_1696700142450056.pcd
8030a053d3f64d28893c90205ee73b8a,f52dde90d62b4d3a9024e9280cb73179,37355c547904491481e47accc094d567,LiDAR,LIDAR_REAR,1696700142949968,True,samples,samples/LIDAR_REAR/LIDAR_REAR_1696700142949968.pcd
496a6bab21e3499baf110765ee04c421,31a1c724a02d46a1bbe2b8685fb871a2,37355c547904491481e47accc094d567,LiDAR,LIDAR_REAR,1696700143450061,True,samples,samples/LIDAR_REAR/LIDAR_REAR_1696700143450061.pcd
cedb818678714556a1c84db0d90dd513,e070823623784061a8cba3a3849f218e,37355c547904491481e47accc094d567,LiDAR,LIDAR_REAR,1696700143950018,True,samples,samples/LIDAR_REAR/LIDAR_REAR_1696700143950018.pcd
e5967c13eaa64bcdabf53d3191aca38f,1eb6c0c7adad4cf29e8da13dcf8ef16b,81f0a41d0a7a44e0ae8f8ea0ade95fdf,LiDAR,LIDAR_LEFT,1704027655987653,True,samples,samples/LIDAR_LEFT/LIDAR_LEFT_1704027655987653.pcd
b6e2d8e6aa994b2dad729b8c6161d489,c47d261c32ec405b836f0b832b776438,81f0a41d0a7a44e0ae8f8ea0ade95fdf,LiDAR,LIDAR_LEFT,1704027656487379,True,samples,samples/LIDAR_LEFT/LIDAR_LEFT_1704027656487379.pcd
efa4b50dae31472dbe4b8768423fa0cf,7e82125df00b40aaaa57a34ba7907771,81f0a41d0a7a44e0ae8f8ea0ade95fdf,LiDAR,LIDAR_LEFT,1704027656987430,True,samples,samples/LIDAR_LEFT/LIDAR_LEFT_1704027656987430.pcd
e6cf0be3bbb54875b26bcf1aaf17849a,8645dd1e937d48dfb703be785dee3145,81f0a41d0a7a44e0ae8f8ea0ade95fdf,LiDAR,LIDAR_LEFT,1704027657487757,True,samples,samples/LIDAR_LEFT/LIDAR_LEFT_1704027657487757.pcd
99827c53b1ef4c019a67d28b8dd0d443,2c8a57a97fd140919df0708d479a972b,81f0a41d0a7a44e0ae8f8ea0ade95fdf,LiDAR,LIDAR_LEFT,1704027657987564,True,samples,samples/LIDAR_LEFT/LIDAR_LEFT_1704027657987564.pcd
b8e79cb31acd4e20adf17cda2a66c1f4,2137f8fd8f78489fb089b818d8215c34,81f0a41d0a7a44e0ae8f8ea0ade95fdf,LiDAR,LIDAR_LEFT,1704027658487290,True,samples,samples/LIDAR_LEFT/LIDAR_LEFT_1704027658487290.pcd
34470b925e134a87bdc610bdbce82a0d,40b040ffc4934d349184dfe3e8bf9e0c,81f0a41d0a7a44e0ae8f8ea0ade95fdf,LiDAR,LIDAR_LEFT,1704027658987423,True,samples,samples/LIDAR_LEFT/LIDAR_LEFT_1704027658987423.pcd
edb5cb91b0d24b96abfe5cfe89c5de78,c65dea1742af45629519f0f94af9f031,81f0a41d0a7a44e0ae8f8ea0ade95fdf,LiDAR,LIDAR_LEFT,1704027659487697,True,samples,samples/LIDAR_LEFT/LIDAR_LEFT_1704027659487697.pcd
2c2ef837c05e4b16b74e2a136e7001ef,31c077270b154d97aa6e93489fd55140,81f0a41d0a7a44e0ae8f8ea0ade95fdf,LiDAR,LIDAR_LEFT,1704027659987601,True,samples,samples/LIDAR_LEFT/LIDAR_LEFT_1704027659987601.pcd
4387361fc07a4cd7898c726a263b7299,047569d8cae6404c97d074a86f30e636,81f0a41d0a7a44e0ae8f8ea0ade95fdf,LiDAR,LIDAR_LEFT,1704027660487228,True,samples,samples/LIDAR_LEFT/LIDAR_LEFT_1704027660487228.pcd
c53d48f526024be9b3615c9c4680e6b1,66a01830f80f4eed9d8f405334842f78,81f0a41d0a7a44e0ae8f8ea0ade95fdf,LiDAR,LIDAR_LEFT,1704027660986853,True,samples,samples/LIDAR_LEFT/LIDAR_LEFT_1704027660986853.pcd
7eb2f5991e744802b9157dc98d15fd93,16aa20e30fe94de9b51a9dac5cb919c4,81f0a41d0a7a44e0ae8f8ea0ade95fdf,LiDAR,LIDAR_LEFT,1704027661486860,True,samples,samples/LIDAR_LEFT/LIDAR_LEFT_1704027661486860.pcd
dc346192369a48d19df2f1f0f03d503b,85badd1a12cc4ba18d56fb12eab19d5d,81f0a41d0a7a44e0ae8f8ea0ade95fdf,LiDAR,LIDAR_LEFT,1704027661987562,True,samples,samples/LIDAR_LEFT/LIDAR_LEFT_1704027661987562.pcd
129e4ec39cf24c44a1d3ab14ebfdd723,e36adaf2da754ffdb49216769a94fd5e,81f0a41d0a7a44e0ae8f8ea0ade95fdf,LiDAR,LIDAR_LEFT,1704027662488080,True,samples,samples/LIDAR_LEFT/LIDAR_LEFT_1704027662488080.pcd
ed8fb230156145aea863b8f101ca18a1,ceb501e033a5449fa766450a05e0ba4a,81f0a41d0a7a44e0ae8f8ea0ade95fdf,LiDAR,LIDAR_LEFT,1704027662988534,True,samples,samples/LIDAR_LEFT/LIDAR_LEFT_1704027662988534.pcd
e12f2b04c7564835807a42267c85b1bf,724d874e90e446e2af1871a702dc8dd7,81f0a41d0a7a44e0ae8f8ea0ade95fdf,LiDAR,LIDAR_LEFT,1704027663488466,True,samples,samples/LIDAR_LEFT/LIDAR_LEFT_1704027663488466.pcd
44fc14ed227048058c56ce38ec14a441,23c0fc0644ba458781ecb6d10976ba8f,81f0a41d0a7a44e0ae8f8ea0ade95fdf,LiDAR,LIDAR_LEFT,1704027663987770,True,samples,samples/LIDAR_LEFT/LIDAR_LEFT_1704027663987770.pcd
460a99d2b93c4013ab10d75f7cdbf4c6,121b9bbeb7e249ff80f308a6967413d7,81f0a41d0a7a44e0ae8f8ea0ade95fdf,LiDAR,LIDAR_LEFT,1704027664487331,True,samples,samples/LIDAR_LEFT/LIDAR_LEFT_1704027664487331.pcd
6a5e913b612a45b580322a6508c5a1af,c103c5de42ae4cef9bbbb29bbd240528,81f0a41d0a7a44e0ae8f8ea0ade95fdf,LiDAR,LIDAR_LEFT,1704027664986968,True,samples,samples/LIDAR_LEFT/LIDAR_LEFT_1704027664986968.pcd
59d89ead6e5a4931bff72d396745d9bc,d6d99b8b342f4683b8d98bb6d9d27c2f,81f0a41d0a7a44e0ae8f8ea0ade95fdf,LiDAR,LIDAR_LEFT,1704027665487107,True,samples,samples/LIDAR_LEFT/LIDAR_LEFT_1704027665487107.pcd
a3592d38f28f4390bcc6d971a0355259,6c9019c9a675472299004ca44e4af1ae,81f0a41d0a7a44e0ae8f8ea0ade95fdf,LiDAR,LIDAR_LEFT,1704027665987625,True,samples,samples/LIDAR_LEFT/LIDAR_LEFT_1704027665987625.pcd
ca1a7f6a6e6c44ecab963f050b8fd5db,9091d1c8f6f94b2cb32e0d4774429988,81f0a41d0a7a44e0ae8f8ea0ade95fdf,LiDAR,LIDAR_LEFT,1704027666487786,True,samples,samples/LIDAR_LEFT/LIDAR_LEFT_1704027666487786.pcd
5a56c2f34e0548aea0a40cd3c1978d23,1156d73df84547b1a9e2c81cd67dbbce,81f0a41d0a7a44e0ae8f8ea0ade95fdf,LiDAR,LIDAR_LEFT,1704027666987848,True,samples,samples/LIDAR_LEFT/LIDAR_LEFT_1704027666987848.pcd
dc2a26b2272e4105bb310391858dc078,092cd0954cc7490e8432fd9eb6358ad7,81f0a41d0a7a44e0ae8f8ea0ade95fdf,LiDAR,LIDAR_LEFT,1704027667487820,True,samples,samples/LIDAR_LEFT/LIDAR_LEFT_1704027667487820.pcd
a03570b5ae824cc0a4f0ce21b77cf3b7,a6ede53ff2014741a2924a3dc6735aee,81f0a41d0a7a44e0ae8f8ea0ade95fdf,LiDAR,LIDAR_LEFT,1704027667987482,True,samples,samples/LIDAR_LEFT/LIDAR_LEFT_1704027667987482.pcd
971d7acd63ea46c2b6ce83a3363742e6,7eb7840ac6e1479da2bd15325e0569a0,81f0a41d0a7a44e0ae8f8ea0ade95fdf,LiDAR,LIDAR_LEFT,1704027668487108,True,samples,samples/LIDAR_LEFT/LIDAR_LEFT_1704027668487108.pcd
32151b2ee56a4d5ea740b0c73d9a8aa8,9bb4c0e43cf34d73bf44859d4880e87b,81f0a41d0a7a44e0ae8f8ea0ade95fdf,LiDAR,LIDAR_LEFT,1704027668986674,True,samples,samples/LIDAR_LEFT/LIDAR_LEFT_1704027668986674.pcd
50c71833835746b28a6e263e15763be6,ff8de0a92fcd4c80bd500c8559a13c4a,81f0a41d0a7a44e0ae8f8ea0ade95fdf,LiDAR,LIDAR_LEFT,1704027669486669,True,samples,samples/LIDAR_LEFT/LIDAR_LEFT_1704027669486669.pcd
adac427a9ebd497daf058426f4d3caa3,1c5c51644f6146768f20095390d245f1,81f0a41d0a7a44e0ae8f8ea0ade95fdf,LiDAR,LIDAR_LEFT,1704027669987395,True,samples,samples/LIDAR_LEFT/LIDAR_LEFT_1704027669987395.pcd
f1c438bb139e42cb973d55a234a9c5b4,7794802fda86401d8d0a7935731f18a8,81f0a41d0a7a44e0ae8f8ea0ade95fdf,LiDAR,LIDAR_LEFT,1704027670488075,True,samples,samples/LIDAR_LEFT/LIDAR_LEFT_1704027670488075.pcd
1148f99399d4452f8dd285720e2f8fdc,5bfc3e2a975245f99dbdea34259ddd3c,81f0a41d0a7a44e0ae8f8ea0ade95fdf,LiDAR,LIDAR_LEFT,1704027670988724,True,samples,samples/LIDAR_LEFT/LIDAR_LEFT_1704027670988724.pcd
1556096abbb242ef9706c15480a97192,750d50a1a10d48efb33ccaa7280fa010,81f0a41d0a7a44e0ae8f8ea0ade95fdf,LiDAR,LIDAR_LEFT,1704027671488784,True,samples,samples/LIDAR_LEFT/LIDAR_LEFT_1704027671488784.pcd
c63f0905e1b54099906f80eb0f9bb917,3cddaef43c124e2aa3814cd251fcb131,81f0a41d0a7a44e0ae8f8ea0ade95fdf,LiDAR,LIDAR_LEFT,1704027671988063,True,samples,samples/LIDAR_LEFT/LIDAR_LEFT_1704027671988063.pcd
2e62f595e001414bb4fe41252cbb7e42,bfa3a0b5782c4aa59d27134daa9a314f,81f0a41d0a7a44e0ae8f8ea0ade95fdf,LiDAR,LIDAR_LEFT,1704027672487527,True,samples,samples/LIDAR_LEFT/LIDAR_LEFT_1704027672487527.pcd
edeb442f591545f3b744f010893bef72,49f482b35bec43b393b9593fdc313248,81f0a41d0a7a44e0ae8f8ea0ade95fdf,LiDAR,LIDAR_LEFT,1704027672986958,True,samples,samples/LIDAR_LEFT/LIDAR_LEFT_1704027672986958.pcd
334c5a2b5526487382d72eb6f6837669,c436471660d04308a31787eaac3325ba,81f0a41d0a7a44e0ae8f8ea0ade95fdf,LiDAR,LIDAR_LEFT,1704027673486896,True,samples,samples/LIDAR_LEFT/LIDAR_LEFT_1704027673486896.pcd
a69558c9b6b14592ba21bc5f1f16be08,58fbc3f0113b492796494ca3ed721221,81f0a41d0a7a44e0ae8f8ea0ade95fdf,LiDAR,LIDAR_LEFT,1704027673987623,True,samples,samples/LIDAR_LEFT/LIDAR_LEFT_1704027673987623.pcd
9ca1535a556b4bdbaf9c33d886868baf,efdf43b811f84e0c90b8615a9bb45c95,81f0a41d0a7a44e0ae8f8ea0ade95fdf,LiDAR,LIDAR_LEFT,1704027674487986,True,samples,samples/LIDAR_LEFT/LIDAR_LEFT_1704027674487986.pcd
85d0cfe2204142a69f68fea061425387,2cc0eeeeb89f4626b3455f3851b01034,81f0a41d0a7a44e0ae8f8ea0ade95fdf,LiDAR,LIDAR_LEFT,1704027674988305,True,samples,samples/LIDAR_LEFT/LIDAR_LEFT_1704027674988305.pcd
dc39ee0eea3a4c0ebd00fdf159f0678d,ec17dfb1934341549f650afd60325801,81f0a41d0a7a44e0ae8f8ea0ade95fdf,LiDAR,LIDAR_LEFT,1704027675488225,True,samples,samples/LIDAR_LEFT/LIDAR_LEFT_1704027675488225.pcd
8318e877d4714cf6874bfa3d74a25b12,1eb6c0c7adad4cf29e8da13dcf8ef16b,81f0a41d0a7a44e0ae8f8ea0ade95fdf,LiDAR,LIDAR_RIGHT,1704027656013163,True,samples,samples/LIDAR_RIGHT/LIDAR_RIGHT_1704027656013163.pcd
00e5a91dfa054f648870dfcc50b68e77,c47d261c32ec405b836f0b832b776438,81f0a41d0a7a44e0ae8f8ea0ade95fdf,LiDAR,LIDAR_RIGHT,1704027656512498,True,samples,samples/LIDAR_RIGHT/LIDAR_RIGHT_1704027656512498.pcd
9740070b323841b881e384c9d43d6796,7e82125df00b40aaaa57a34ba7907771,81f0a41d0a7a44e0ae8f8ea0ade95fdf,LiDAR,LIDAR_RIGHT,1704027657011837,True,samples,samples/LIDAR_RIGHT/LIDAR_RIGHT_1704027657011837.pcd
d6edc0142d0048688dc322a069fb6a45,8645dd1e937d48dfb703be785dee3145,81f0a41d0a7a44e0ae8f8ea0ade95fdf,LiDAR,LIDAR_RIGHT,1704027657511941,True,samples,samples/LIDAR_RIGHT/LIDAR_RIGHT_1704027657511941.pcd
fc0e24623d4242d48168a00e5c62b103,2c8a57a97fd140919df0708d479a972b,81f0a41d0a7a44e0ae8f8ea0ade95fdf,LiDAR,LIDAR_RIGHT,1704027658012628,True,samples,samples/LIDAR_RIGHT/LIDAR_RIGHT_1704027658012628.pcd
4c169b0a74e24e7d9a9b95da4ae9df3a,2137f8fd8f78489fb089b818d8215c34,81f0a41d0a7a44e0ae8f8ea0ade95fdf,LiDAR,LIDAR_RIGHT,1704027658512790,True,samples,samples/LIDAR_RIGHT/LIDAR_RIGHT_1704027658512790.pcd
e5706a4fc22f4a498a497189b8c5b6c5,40b040ffc4934d349184dfe3e8bf9e0c,81f0a41d0a7a44e0ae8f8ea0ade95fdf,LiDAR,LIDAR_RIGHT,1704027659012441,True,samples,samples/LIDAR_RIGHT/LIDAR_RIGHT_1704027659012441.pcd
5483e149608640a5ad7f79237b14e2a8,c65dea1742af45629519f0f94af9f031,81f0a41d0a7a44e0ae8f8ea0ade95fdf,LiDAR,LIDAR_RIGHT,1704027659512313,True,samples,samples/LIDAR_RIGHT/LIDAR_RIGHT_1704027659512313.pcd
bec988efd9ae4dba9ea988a5a8ed3a62,31c077270b154d97aa6e93489fd55140,81f0a41d0a7a44e0ae8f8ea0ade95fdf,LiDAR,LIDAR_RIGHT,1704027660012276,True,samples,samples/LIDAR_RIGHT/LIDAR_RIGHT_1704027660012276.pcd
955788a6d49a41199b714b9190ea77d5,047569d8cae6404c97d074a86f30e636,81f0a41d0a7a44e0ae8f8ea0ade95fdf,LiDAR,LIDAR_RIGHT,1704027660512526,True,samples,samples/LIDAR_RIGHT/LIDAR_RIGHT_1704027660512526.pcd
54ccd4a8ad5c4d4bb2486883be342013,66a01830f80f4eed9d8f405334842f78,81f0a41d0a7a44e0ae8f8ea0ade95fdf,LiDAR,LIDAR_RIGHT,1704027661012785,True,samples,samples/LIDAR_RIGHT/LIDAR_RIGHT_1704027661012785.pcd
421ca7f5a159434e8d56040555809b41,16aa20e30fe94de9b51a9dac5cb919c4,81f0a41d0a7a44e0ae8f8ea0ade95fdf,LiDAR,LIDAR_RIGHT,1704027661512186,True,samples,samples/LIDAR_RIGHT/LIDAR_RIGHT_1704027661512186.pcd
34a404af46ee47d497729dc53ab98a2a,85badd1a12cc4ba18d56fb12eab19d5d,81f0a41d0a7a44e0ae8f8ea0ade95fdf,LiDAR,LIDAR_RIGHT,1704027662011466,True,samples,samples/LIDAR_RIGHT/LIDAR_RIGHT_1704027662011466.pcd
65453430b8f4419a85181a0cc0316823,e36adaf2da754ffdb49216769a94fd5e,81f0a41d0a7a44e0ae8f8ea0ade95fdf,LiDAR,LIDAR_RIGHT,1704027662511466,True,samples,samples/LIDAR_RIGHT/LIDAR_RIGHT_1704027662511466.pcd
a035b76defdd4124b039f0eb1b039cba,ceb501e033a5449fa766450a05e0ba4a,81f0a41d0a7a44e0ae8f8ea0ade95fdf,LiDAR,LIDAR_RIGHT,1704027663012298,True,samples,samples/LIDAR_RIGHT/LIDAR_RIGHT_1704027663012298.pcd
05310439aa0849c6904d74925526377c,724d874e90e446e2af1871a702dc8dd7,81f0a41d0a7a44e0ae8f8ea0ade95fdf,LiDAR,LIDAR_RIGHT,1704027663512987,True,samples,samples/LIDAR_RIGHT/LIDAR_RIGHT_1704027663512987.pcd
e4a3c8c83eed4dbd9a46fcac91022bec,23c0fc0644ba458781ecb6d10976ba8f,81f0a41d0a7a44e0ae8f8ea0ade95fdf,LiDAR,LIDAR_RIGHT,1704027664013660,True,samples,samples/LIDAR_RIGHT/LIDAR_RIGHT_1704027664013660.pcd
c156a4ea1f3b48b38f25941c9fe62ff4,121b9bbeb7e249ff80f308a6967413d7,81f0a41d0a7a44e0ae8f8ea0ade95fdf,LiDAR,LIDAR_RIGHT,1704027664513524,True,samples,samples/LIDAR_RIGHT/LIDAR_RIGHT_1704027664513524.pcd
41ceb39c52d74944a47c6be6979937ad,c103c5de42ae4cef9bbbb29bbd240528,81f0a41d0a7a44e0ae8f8ea0ade95fdf,LiDAR,LIDAR_RIGHT,1704027665012807,True,samples,samples/LIDAR_RIGHT/LIDAR_RIGHT_1704027665012807.pcd
39b5588b0c8b49bb85a0b305afab71c7,d6d99b8b342f4683b8d98bb6d9d27c2f,81f0a41d0a7a44e0ae8f8ea0ade95fdf,LiDAR,LIDAR_RIGHT,1704027665512819,True,samples,samples/LIDAR_RIGHT/LIDAR_RIGHT_1704027665512819.pcd
37671ddf8bca4cf39a87395e41e83571,6c9019c9a675472299004ca44e4af1ae,81f0a41d0a7a44e0ae8f8ea0ade95fdf,LiDAR,LIDAR_RIGHT,1704027666012856,True,samples,samples/LIDAR_RIGHT/LIDAR_RIGHT_1704027666012856.pcd
49de507ed459444f97ca961e8bd37053,9091d1c8f6f94b2cb32e0d4774429988,81f0a41d0a7a44e0ae8f8ea0ade95fdf,LiDAR,LIDAR_RIGHT,1704027666512622,True,samples,samples/LIDAR_RIGHT/LIDAR_RIGHT_1704027666512622.pcd
97a32fca0c8240c1b20ef3804e433c2e,1156d73df84547b1a9e2c81cd67dbbce,81f0a41d0a7a44e0ae8f8ea0ade95fdf,LiDAR,LIDAR_RIGHT,1704027667012416,True,samples,samples/LIDAR_RIGHT/LIDAR_RIGHT_1704027667012416.pcd
27700a47fdc04e5787e290e0fd6de0e9,092cd0954cc7490e8432fd9eb6358ad7,81f0a41d0a7a44e0ae8f8ea0ade95fdf,LiDAR,LIDAR_RIGHT,1704027667512355,True,samples,samples/LIDAR_RIGHT/LIDAR_RIGHT_1704027667512355.pcd
be4a10c5bc144bb8aebb72e0c4f506de,a6ede53ff2014741a2924a3dc6735aee,81f0a41d0a7a44e0ae8f8ea0ade95fdf,LiDAR,LIDAR_RIGHT,1704027668012359,True,samples,samples/LIDAR_RIGHT/LIDAR_RIGHT_1704027668012359.pcd
8229022d22e94cda9f6cbdea61980bd8,7eb7840ac6e1479da2bd15325e0569a0,81f0a41d0a7a44e0ae8f8ea0ade95fdf,LiDAR,LIDAR_RIGHT,1704027668512665,True,samples,samples/LIDAR_RIGHT/LIDAR_RIGHT_1704027668512665.pcd
2de15b13280541e389cce181dbcd77a9,9bb4c0e43cf34d73bf44859d4880e87b,81f0a41d0a7a44e0ae8f8ea0ade95fdf,LiDAR,LIDAR_RIGHT,1704027669012698,True,samples,samples/LIDAR_RIGHT/LIDAR_RIGHT_1704027669012698.pcd
8f624067c862413cb266576fc3c8ae47,ff8de0a92fcd4c80bd500c8559a13c4a,81f0a41d0a7a44e0ae8f8ea0ade95fdf,LiDAR,LIDAR_RIGHT,1704027669512004,True,samples,samples/LIDAR_RIGHT/LIDAR_RIGHT_1704027669512004.pcd
801cb16e407d4b5faaefaf1afabc9b0e,1c5c51644f6146768f20095390d245f1,81f0a41d0a7a44e0ae8f8ea0ade95fdf,LiDAR,LIDAR_RIGHT,1704027670011242,True,samples,samples/LIDAR_RIGHT/LIDAR_RIGHT_1704027670011242.pcd
49b393b1baf441048ece488922e7a870,7794802fda86401d8d0a7935731f18a8,81f0a41d0a7a44e0ae8f8ea0ade95fdf,LiDAR,LIDAR_RIGHT,1704027670511211,True,samples,samples/LIDAR_RIGHT/LIDAR_RIGHT_1704027670511211.pcd
b9f694794d94430fa9af6f92a692105d,5bfc3e2a975245f99dbdea34259ddd3c,81f0a41d0a7a44e0ae8f8ea0ade95fdf,LiDAR,LIDAR_RIGHT,1704027671012066,True,samples,samples/LIDAR_RIGHT/LIDAR_RIGHT_1704027671012066.pcd
ae16ed6286214ca29fd1df1be86da060,750d50a1a10d48efb33ccaa7280fa010,81f0a41d0a7a44e0ae8f8ea0ade95fdf,LiDAR,LIDAR_RIGHT,1704027671512809,True,samples,samples/LIDAR_RIGHT/LIDAR_RIGHT_1704027671512809.pcd
88c9f25ad68f45d7a146076dbd19c501,3cddaef43c124e2aa3814cd251fcb131,81f0a41d0a7a44e0ae8f8ea0ade95fdf,LiDAR,LIDAR_RIGHT,1704027672013504,True,samples,samples/LIDAR_RIGHT/LIDAR_RIGHT_1704027672013504.pcd
680cfebb026e4316bebb213a600f7e81,bfa3a0b5782c4aa59d27134daa9a314f,81f0a41d0a7a44e0ae8f8ea0ade95fdf,LiDAR,LIDAR_RIGHT,1704027672513434,True,samples,samples/LIDAR_RIGHT/LIDAR_RIGHT_1704027672513434.pcd
983c0d76460c433790bb6ffcf68a81eb,49f482b35bec43b393b9593fdc313248,81f0a41d0a7a44e0ae8f8ea0ade95fdf,LiDAR,LIDAR_RIGHT,1704027673012755,True,samples,samples/LIDAR_RIGHT/LIDAR_RIGHT_1704027673012755.pcd
c7e3dcbbfb104865b1c7fadb1143cab7,c436471660d04308a31787eaac3325ba,81f0a41d0a7a44e0ae8f8ea0ade95fdf,LiDAR,LIDAR_RIGHT,1704027673512661,True,samples,samples/LIDAR_RIGHT/LIDAR_RIGHT_1704027673512661.pcd
61a8e3b7abe645edb2fa546f90023d47,58fbc3f0113b492796494ca3ed721221,81f0a41d0a7a44e0ae8f8ea0ade95fdf,LiDAR,LIDAR_RIGHT,1704027674012608,True,samples,samples/LIDAR_RIGHT/LIDAR_RIGHT_1704027674012608.pcd
e385ac9dfea84d118b5cbc65ebe815ea,efdf43b811f84e0c90b8615a9bb45c95,81f0a41d0a7a44e0ae8f8ea0ade95fdf,LiDAR,LIDAR_RIGHT,1704027674512392,True,samples,samples/LIDAR_RIGHT/LIDAR_RIGHT_1704027674512392.pcd
48a950308e1846b6a774442f86ea1775,2cc0eeeeb89f4626b3455f3851b01034,81f0a41d0a7a44e0ae8f8ea0ade95fdf,LiDAR,LIDAR_RIGHT,1704027675012600,True,samples,samples/LIDAR_RIGHT/LIDAR_RIGHT_1704027675012600.pcd
7620aa1b493a45299f88d6c95e547939,ec17dfb1934341549f650afd60325801,81f0a41d0a7a44e0ae8f8ea0ade95fdf,LiDAR,LIDAR_RIGHT,1704027675513302,True,samples,samples/LIDAR_RIGHT/LIDAR_RIGHT_1704027675513302.pcd
9284e9d39d5a430d88d18023a0e67c1b,1eb6c0c7adad4cf29e8da13dcf8ef16b,81f0a41d0a7a44e0ae8f8ea0ade95fdf,LiDAR,LIDAR_REAR,1704027655950174,True,samples,samples/LIDAR_REAR/LIDAR_REAR_1704027655950174.pcd
9040bc818e924e9bb9751e29988bf934,c47d261c32ec405b836f0b832b776438,81f0a41d0a7a44e0ae8f8ea0ade95fdf,LiDAR,LIDAR_REAR,1704027656450221,True,samples,samples/LIDAR_REAR/LIDAR_REAR_1704027656450221.pcd
0780ef7d777d4a5089aa38e0dd89e3eb,7e82125df00b40aaaa57a34ba7907771,81f0a41d0a7a44e0ae8f8ea0ade95fdf,LiDAR,LIDAR_REAR,1704027656950045,True,samples,samples/LIDAR_REAR/LIDAR_REAR_1704027656950045.pcd
8a09af2a5c024551ab7a409eeb72646e,8645dd1e937d48dfb703be785dee3145,81f0a41d0a7a44e0ae8f8ea0ade95fdf,LiDAR,LIDAR_REAR,1704027657450029,True,samples,samples/LIDAR_REAR/LIDAR_REAR_1704027657450029.pcd
6434015372ee46a59ee285ade52cebc7,2c8a57a97fd140919df0708d479a972b,81f0a41d0a7a44e0ae8f8ea0ade95fdf,LiDAR,LIDAR_REAR,1704027657949951,True,samples,samples/LIDAR_REAR/LIDAR_REAR_1704027657949951.pcd
4e1bb1ef8cfe4cf3af1d59eeb5e8330e,2137f8fd8f78489fb089b818d8215c34,81f0a41d0a7a44e0ae8f8ea0ade95fdf,LiDAR,LIDAR_REAR,1704027658449988,True,samples,samples/LIDAR_REAR/LIDAR_REAR_1704027658449988.pcd
006e447c185240e4833e1b348a44da45,40b040ffc4934d349184dfe3e8bf9e0c,81f0a41d0a7a44e0ae8f8ea0ade95fdf,LiDAR,LIDAR_REAR,1704027658950020,True,samples,samples/LIDAR_REAR/LIDAR_REAR_1704027658950020.pcd
0cf9aaf0d5f14199ae234caa3eb74992,c65dea1742af45629519f0f94af9f031,81f0a41d0a7a44e0ae8f8ea0ade95fdf,LiDAR,LIDAR_REAR,1704027659449952,True,samples,samples/LIDAR_REAR/LIDAR_REAR_1704027659449952.pcd
8ded7d27a0864de8bbf29d9ffa240d8f,31c077270b154d97aa6e93489fd55140,81f0a41d0a7a44e0ae8f8ea0ade95fdf,LiDAR,LIDAR_REAR,1704027659950144,True,samples,samples/LIDAR_REAR/LIDAR_REAR_1704027659950144.pcd
47a3104584174cd5ad83d0e7c49f62fa,047569d8cae6404c97d074a86f30e636,81f0a41d0a7a44e0ae8f8ea0ade95fdf,LiDAR,LIDAR_REAR,1704027660450361,True,samples,samples/LIDAR_REAR/LIDAR_REAR_1704027660450361.pcd
a9321f70b8644a85913d50af09cf0af8,66a01830f80f4eed9d8f405334842f78,81f0a41d0a7a44e0ae8f8ea0ade95fdf,LiDAR,LIDAR_REAR,1704027660950444,True,samples,samples/LIDAR_REAR/LIDAR_REAR_1704027660950444.pcd
be948be86df54a36a672b2d43a773edf,16aa20e30fe94de9b51a9dac5cb919c4,81f0a41d0a7a44e0ae8f8ea0ade95fdf,LiDAR,LIDAR_REAR,1704027661450480,True,samples,samples/LIDAR_REAR/LIDAR_REAR_1704027661450480.pcd
9c454bb63a274cfbb7cf33065239df90,85badd1a12cc4ba18d56fb12eab19d5d,81f0a41d0a7a44e0ae8f8ea0ade95fdf,LiDAR,LIDAR_REAR,1704027661950345,True,samples,samples/LIDAR_REAR/LIDAR_REAR_1704027661950345.pcd
6b1654dc48d7490aacd4033d9ecc5ea6,e36adaf2da754ffdb49216769a94fd5e,81f0a41d0a7a44e0ae8f8ea0ade95fdf,LiDAR,LIDAR_REAR,1704027662450276,True,samples,samples/LIDAR_REAR/LIDAR_REAR_1704027662450276.pcd
4f7175a1a54845b68042ffb1dd1a7bdb,ceb501e033a5449fa766450a05e0ba4a,81f0a41d0a7a44e0ae8f8ea0ade95fdf,LiDAR,LIDAR_REAR,1704027662950273,True,samples,samples/LIDAR_REAR/LIDAR_REAR_1704027662950273.pcd
033a8a168d054ec8908a225e7017b19c,724d874e90e446e2af1871a702dc8dd7,81f0a41d0a7a44e0ae8f8ea0ade95fdf,LiDAR,LIDAR_REAR,1704027663450432,True,samples,samples/LIDAR_REAR/LIDAR_REAR_1704027663450432.pcd
ccb691ad034a4cfd9d8d8c953753f6cf,23c0fc0644ba458781ecb6d10976ba8f,81f0a41d0a7a44e0ae8f8ea0ade95fdf,LiDAR,LIDAR_REAR,1704027663950408,True,samples,samples/LIDAR_REAR/LIDAR_REAR_1704027663950408.pcd
d3d7e5de70f24abe80335f6b62a8e36c,121b9bbeb7e249ff80f308a6967413d7,81f0a41d0a7a44e0ae8f8ea0ade95fdf,LiDAR,LIDAR_REAR,1704027664450187,True,samples,samples/LIDAR_REAR/LIDAR_REAR_1704027664450187.pcd
030eedd59ada496e8af1a058b48e2aba,c103c5de42ae4cef9bbbb29bbd240528,81f0a41d0a7a44e0ae8f8ea0ade95fdf,LiDAR,LIDAR_REAR,1704027664950289,True,samples,samples/LIDAR_REAR/LIDAR_REAR_1704027664950289.pcd
d1b30881f81c4b1fbb5965e169ce6664,d6d99b8b342f4683b8d98bb6d9d27c2f,81f0a41d0a7a44e0ae8f8ea0ade95fdf,LiDAR,LIDAR_REAR,1704027665450433,True,samples,samples/LIDAR_REAR/LIDAR_REAR_1704027665450433.pcd
c445a25ae6b14f78b632e6b93a2ab39b,6c9019c9a675472299004ca44e4af1ae,81f0a41d0a7a44e0ae8f8ea0ade95fdf,LiDAR,LIDAR_REAR,1704027665950119,True,samples,samples/LIDAR_REAR/LIDAR_REAR_1704027665950119.pcd
8dec18e6f55b4bb483e18ca0b62c1bc7,9091d1c8f6f94b2cb32e0d4774429988,81f0a41d0a7a44e0ae8f8ea0ade95fdf,LiDAR,LIDAR_REAR,1704027666450079,True,samples,samples/LIDAR_REAR/LIDAR_REAR_1704027666450079.pcd
5c6e900e442e4ef893c96b31ddde0d92,1156d73df84547b1a9e2c81cd67dbbce,81f0a41d0a7a44e0ae8f8ea0ade95fdf,LiDAR,LIDAR_REAR,1704027666950177,True,samples,samples/LIDAR_REAR/LIDAR_REAR_1704027666950177.pcd
d6718caed2f2415c90ca492022b66447,092cd0954cc7490e8432fd9eb6358ad7,81f0a41d0a7a44e0ae8f8ea0ade95fdf,LiDAR,LIDAR_REAR,1704027667450202,True,samples,samples/LIDAR_REAR/LIDAR_REAR_1704027667450202.pcd
0de2eabe41944e42be0f5b65d4a49509,a6ede53ff2014741a2924a3dc6735aee,81f0a41d0a7a44e0ae8f8ea0ade95fdf,LiDAR,LIDAR_REAR,1704027667950064,True,samples,samples/LIDAR_REAR/LIDAR_REAR_1704027667950064.pcd
7f8258e318ab4d3289f747001487dfcd,7eb7840ac6e1479da2bd15325e0569a0,81f0a41d0a7a44e0ae8f8ea0ade95fdf,LiDAR,LIDAR_REAR,1704027668450115,True,samples,samples/LIDAR_REAR/LIDAR_REAR_1704027668450115.pcd
a53bcd4d04054fc59630798266f5af1a,9bb4c0e43cf34d73bf44859d4880e87b,81f0a41d0a7a44e0ae8f8ea0ade95fdf,LiDAR,LIDAR_REAR,1704027668950017,True,samples,samples/LIDAR_REAR/LIDAR_REAR_1704027668950017.pcd
c3adbd3139e547428f68c9c354881153,ff8de0a92fcd4c80bd500c8559a13c4a,81f0a41d0a7a44e0ae8f8ea0ade95fdf,LiDAR,LIDAR_REAR,1704027669450005,True,samples,samples/LIDAR_REAR/LIDAR_REAR_1704027669450005.pcd
5a01be87e5da43598396e980146c7e30,1c5c51644f6146768f20095390d245f1,81f0a41d0a7a44e0ae8f8ea0ade95fdf,LiDAR,LIDAR_REAR,1704027669949949,True,samples,samples/LIDAR_REAR/LIDAR_REAR_1704027669949949.pcd
e99f0d778eb941e3aafce6771d947663,7794802fda86401d8d0a7935731f18a8,81f0a41d0a7a44e0ae8f8ea0ade95fdf,LiDAR,LIDAR_REAR,1704027670449931,True,samples,samples/LIDAR_REAR/LIDAR_REAR_1704027670449931.pcd
3cbe84573c5f43b29ff8c0138c56cc52,5bfc3e2a975245f99dbdea34259ddd3c,81f0a41d0a7a44e0ae8f8ea0ade95fdf,LiDAR,LIDAR_REAR,1704027670950062,True,samples,samples/LIDAR_REAR/LIDAR_REAR_1704027670950062.pcd
96e58155815b4ea6af6423ffb088c159,750d50a1a10d48efb33ccaa7280fa010,81f0a41d0a7a44e0ae8f8ea0ade95fdf,LiDAR,LIDAR_REAR,1704027671450059,True,samples,samples/LIDAR_REAR/LIDAR_REAR_1704027671450059.pcd
acb447c52a6a49a8a32e512ac03a53bc,3cddaef43c124e2aa3814cd251fcb131,81f0a41d0a7a44e0ae8f8ea0ade95fdf,LiDAR,LIDAR_REAR,1704027671950007,True,samples,samples/LIDAR_REAR/LIDAR_REAR_1704027671950007.pcd
69e1cee6ed98442e853c78d17d74630d,bfa3a0b5782c4aa59d27134daa9a314f,81f0a41d0a7a44e0ae8f8ea0ade95fdf,LiDAR,LIDAR_REAR,1704027672450060,True,samples,samples/LIDAR_REAR/LIDAR_REAR_1704027672450060.pcd
67824312a8d948399a085cd4fc0f4470,49f482b35bec43b393b9593fdc313248,81f0a41d0a7a44e0ae8f8ea0ade95fdf,LiDAR,LIDAR_REAR,1704027672950205,True,samples,samples/LIDAR_REAR/LIDAR_REAR_1704027672950205.pcd
0987432481e246138daf70774884aa2e,c436471660d04308a31787eaac3325ba,81f0a41d0a7a44e0ae8f8ea0ade95fdf,LiDAR,LIDAR_REAR,1704027673450158,True,samples,samples/LIDAR_REAR/LIDAR_REAR_1704027673450158.pcd
f01e25bdb8134126bcea6666460e2e20,58fbc3f0113b492796494ca3ed721221,81f0a41d0a7a44e0ae8f8ea0ade95fdf,LiDAR,LIDAR_REAR,1704027673950116,True,samples,samples/LIDAR_REAR/LIDAR_REAR_1704027673950116.pcd
627d339efff645778827105ec8e99843,efdf43b811f84e0c90b8615a9bb45c95,81f0a41d0a7a44e0ae8f8ea0ade95fdf,LiDAR,LIDAR_REAR,1704027674450243,True,samples,samples/LIDAR_REAR/LIDAR_REAR_1704027674450243.pcd
0f89411df0074d0b867e2d757e990263,2cc0eeeeb89f4626b3455f3851b01034,81f0a41d0a7a44e0ae8f8ea0ade95fdf,LiDAR,LIDAR_REAR,1704027674950107,True,samples,samples/LIDAR_REAR/LIDAR_REAR_1704027674950107.pcd
6c451f2651ea430e81b15ada3d6c3cdb,ec17dfb1934341549f650afd60325801,81f0a41d0a7a44e0ae8f8ea0ade95fdf,LiDAR,LIDAR_REAR,1704027675450398,True,samples,samples/LIDAR_REAR/LIDAR_REAR_1704027675450398.pcd
377b02d2d28d47f69e867bc651d0b784,1eb6c0c7adad4cf29e8da13dcf8ef16b,81f0a41d0a7a44e0ae8f8ea0ade95fdf,LiDAR,LIDAR_TOP_FRONT,1704027656000892,True,samples,samples/LIDAR_TOP_FRONT/LIDAR_TOP_FRONT_1704027656000892.pcd
4538389feca442e69c7e7f87a8ed8050,c47d261c32ec405b836f0b832b776438,81f0a41d0a7a44e0ae8f8ea0ade95fdf,LiDAR,LIDAR_TOP_FRONT,1704027656501161,True,samples,samples/LIDAR_TOP_FRONT/LIDAR_TOP_FRONT_1704027656501161.pcd
897ad88e9e6e4adf964498851b52bf5f,7e82125df00b40aaaa57a34ba7907771,81f0a41d0a7a44e0ae8f8ea0ade95fdf,LiDAR,LIDAR_TOP_FRONT,1704027657001078,True,samples,samples/LIDAR_TOP_FRONT/LIDAR_TOP_FRONT_1704027657001078.pcd
08727a99d4b44d998c657e620c82e635,8645dd1e937d48dfb703be785dee3145,81f0a41d0a7a44e0ae8f8ea0ade95fdf,LiDAR,LIDAR_TOP_FRONT,1704027657501324,True,samples,samples/LIDAR_TOP_FRONT/LIDAR_TOP_FRONT_1704027657501324.pcd
c2e29d8efec34b90b55b47c3c3dbfeb5,2c8a57a97fd140919df0708d479a972b,81f0a41d0a7a44e0ae8f8ea0ade95fdf,LiDAR,LIDAR_TOP_FRONT,1704027658001147,True,samples,samples/LIDAR_TOP_FRONT/LIDAR_TOP_FRONT_1704027658001147.pcd
ac38e71c749745b592af1adc282f0b44,2137f8fd8f78489fb089b818d8215c34,81f0a41d0a7a44e0ae8f8ea0ade95fdf,LiDAR,LIDAR_TOP_FRONT,1704027658501126,True,samples,samples/LIDAR_TOP_FRONT/LIDAR_TOP_FRONT_1704027658501126.pcd
d9af70e1b0b44aca839f137a4296946c,40b040ffc4934d349184dfe3e8bf9e0c,81f0a41d0a7a44e0ae8f8ea0ade95fdf,LiDAR,LIDAR_TOP_FRONT,1704027659000457,True,samples,samples/LIDAR_TOP_FRONT/LIDAR_TOP_FRONT_1704027659000457.pcd
4c48912a5ab346c4a00e6ad62ed80904,c65dea1742af45629519f0f94af9f031,81f0a41d0a7a44e0ae8f8ea0ade95fdf,LiDAR,LIDAR_TOP_FRONT,1704027659500946,True,samples,samples/LIDAR_TOP_FRONT/LIDAR_TOP_FRONT_1704027659500946.pcd
40707c1339c54c3cba3e138a555e77d9,31c077270b154d97aa6e93489fd55140,81f0a41d0a7a44e0ae8f8ea0ade95fdf,LiDAR,LIDAR_TOP_FRONT,1704027660001071,True,samples,samples/LIDAR_TOP_FRONT/LIDAR_TOP_FRONT_1704027660001071.pcd
787901a03c6e409d87d2039fdbd2edd3,047569d8cae6404c97d074a86f30e636,81f0a41d0a7a44e0ae8f8ea0ade95fdf,LiDAR,LIDAR_TOP_FRONT,1704027660501007,True,samples,samples/LIDAR_TOP_FRONT/LIDAR_TOP_FRONT_1704027660501007.pcd
960372b55c79476d9d6446f4c5919960,66a01830f80f4eed9d8f405334842f78,81f0a41d0a7a44e0ae8f8ea0ade95fdf,LiDAR,LIDAR_TOP_FRONT,1704027661000870,True,samples,samples/LIDAR_TOP_FRONT/LIDAR_TOP_FRONT_1704027661000870.pcd
ffeebc555b574b469d6a8c98e187e6e0,16aa20e30fe94de9b51a9dac5cb919c4,81f0a41d0a7a44e0ae8f8ea0ade95fdf,LiDAR,LIDAR_TOP_FRONT,1704027661501017,True,samples,samples/LIDAR_TOP_FRONT/LIDAR_TOP_FRONT_1704027661501017.pcd
fee4419a81434bdeba2f675b7c49db8d,85badd1a12cc4ba18d56fb12eab19d5d,81f0a41d0a7a44e0ae8f8ea0ade95fdf,LiDAR,LIDAR_TOP_FRONT,1704027662000977,True,samples,samples/LIDAR_TOP_FRONT/LIDAR_TOP_FRONT_1704027662000977.pcd
97044909295e44e0bea0085ec678a0c5,e36adaf2da754ffdb49216769a94fd5e,81f0a41d0a7a44e0ae8f8ea0ade95fdf,LiDAR,LIDAR_TOP_FRONT,1704027662500951,True,samples,samples/LIDAR_TOP_FRONT/LIDAR_TOP_FRONT_1704027662500951.pcd
73a8134368204789b818f986278497c6,ceb501e033a5449fa766450a05e0ba4a,81f0a41d0a7a44e0ae8f8ea0ade95fdf,LiDAR,LIDAR_TOP_FRONT,1704027663000981,True,samples,samples/LIDAR_TOP_FRONT/LIDAR_TOP_FRONT_1704027663000981.pcd
1551fa57743f46309b3f02e17180cfcf,724d874e90e446e2af1871a702dc8dd7,81f0a41d0a7a44e0ae8f8ea0ade95fdf,LiDAR,LIDAR_TOP_FRONT,1704027663501203,True,samples,samples/LIDAR_TOP_FRONT/LIDAR_TOP_FRONT_1704027663501203.pcd
968b453be7484befb1f7a107bf5a1b03,23c0fc0644ba458781ecb6d10976ba8f,81f0a41d0a7a44e0ae8f8ea0ade95fdf,LiDAR,LIDAR_TOP_FRONT,1704027664001263,True,samples,samples/LIDAR_TOP_FRONT/LIDAR_TOP_FRONT_1704027664001263.pcd
fe807b78ceb24662942626ac4304c5b1,121b9bbeb7e249ff80f308a6967413d7,81f0a41d0a7a44e0ae8f8ea0ade95fdf,LiDAR,LIDAR_TOP_FRONT,1704027664500658,True,samples,samples/LIDAR_TOP_FRONT/LIDAR_TOP_FRONT_1704027664500658.pcd
e44c3ea599e14be1be9c755c7312bc69,c103c5de42ae4cef9bbbb29bbd240528,81f0a41d0a7a44e0ae8f8ea0ade95fdf,LiDAR,LIDAR_TOP_FRONT,1704027665000741,True,samples,samples/LIDAR_TOP_FRONT/LIDAR_TOP_FRONT_1704027665000741.pcd
43db09cd89b04b9b99788d5a484ad17f,d6d99b8b342f4683b8d98bb6d9d27c2f,81f0a41d0a7a44e0ae8f8ea0ade95fdf,LiDAR,LIDAR_TOP_FRONT,1704027665501077,True,samples,samples/LIDAR_TOP_FRONT/LIDAR_TOP_FRONT_1704027665501077.pcd
9135fd8263d94827a03506cf141dd3e3,6c9019c9a675472299004ca44e4af1ae,81f0a41d0a7a44e0ae8f8ea0ade95fdf,LiDAR,LIDAR_TOP_FRONT,1704027666000907,True,samples,samples/LIDAR_TOP_FRONT/LIDAR_TOP_FRONT_1704027666000907.pcd
4804622c459049f4b4d8ff9029269e1b,9091d1c8f6f94b2cb32e0d4774429988,81f0a41d0a7a44e0ae8f8ea0ade95fdf,LiDAR,LIDAR_TOP_FRONT,1704027666500382,True,samples,samples/LIDAR_TOP_FRONT/LIDAR_TOP_FRONT_1704027666500382.pcd
f44505baea5b4db9a85f23b6275a89d2,1156d73df84547b1a9e2c81cd67dbbce,81f0a41d0a7a44e0ae8f8ea0ade95fdf,LiDAR,LIDAR_TOP_FRONT,1704027666999433,True,samples,samples/LIDAR_TOP_FRONT/LIDAR_TOP_FRONT_1704027666999433.pcd
774d9497319141e0ba2ec71ef45abb5e,092cd0954cc7490e8432fd9eb6358ad7,81f0a41d0a7a44e0ae8f8ea0ade95fdf,LiDAR,LIDAR_TOP_FRONT,1704027667500594,True,samples,samples/LIDAR_TOP_FRONT/LIDAR_TOP_FRONT_1704027667500594.pcd
bafd65fef348490c9c0e95c7b724ce49,a6ede53ff2014741a2924a3dc6735aee,81f0a41d0a7a44e0ae8f8ea0ade95fdf,LiDAR,LIDAR_TOP_FRONT,1704027668001008,True,samples,samples/LIDAR_TOP_FRONT/LIDAR_TOP_FRONT_1704027668001008.pcd
3f318d8de8e94490b4354f99c3c6c317,7eb7840ac6e1479da2bd15325e0569a0,81f0a41d0a7a44e0ae8f8ea0ade95fdf,LiDAR,LIDAR_TOP_FRONT,1704027668501048,True,samples,samples/LIDAR_TOP_FRONT/LIDAR_TOP_FRONT_1704027668501048.pcd
2ca802bbb90b436f8f98707fe525dabc,9bb4c0e43cf34d73bf44859d4880e87b,81f0a41d0a7a44e0ae8f8ea0ade95fdf,LiDAR,LIDAR_TOP_FRONT,1704027669001263,True,samples,samples/LIDAR_TOP_FRONT/LIDAR_TOP_FRONT_1704027669001263.pcd
d77c79ee78194ec49fa77b2a7506669e,ff8de0a92fcd4c80bd500c8559a13c4a,81f0a41d0a7a44e0ae8f8ea0ade95fdf,LiDAR,LIDAR_TOP_FRONT,1704027669500918,True,samples,samples/LIDAR_TOP_FRONT/LIDAR_TOP_FRONT_1704027669500918.pcd
23becfbc7bbd457e9b4fe881b425e5dc,1c5c51644f6146768f20095390d245f1,81f0a41d0a7a44e0ae8f8ea0ade95fdf,LiDAR,LIDAR_TOP_FRONT,1704027670000848,True,samples,samples/LIDAR_TOP_FRONT/LIDAR_TOP_FRONT_1704027670000848.pcd
3abc1584a0d0408bbbc206964f305cf1,7794802fda86401d8d0a7935731f18a8,81f0a41d0a7a44e0ae8f8ea0ade95fdf,LiDAR,LIDAR_TOP_FRONT,1704027670500538,True,samples,samples/LIDAR_TOP_FRONT/LIDAR_TOP_FRONT_1704027670500538.pcd
4bf7d215d4e84b599314f7ae7b5342a3,5bfc3e2a975245f99dbdea34259ddd3c,81f0a41d0a7a44e0ae8f8ea0ade95fdf,LiDAR,LIDAR_TOP_FRONT,1704027671000359,True,samples,samples/LIDAR_TOP_FRONT/LIDAR_TOP_FRONT_1704027671000359.pcd
d620e05979964723bb603ad9794b1a38,750d50a1a10d48efb33ccaa7280fa010,81f0a41d0a7a44e0ae8f8ea0ade95fdf,LiDAR,LIDAR_TOP_FRONT,1704027671500547,True,samples,samples/LIDAR_TOP_FRONT/LIDAR_TOP_FRONT_1704027671500547.pcd
942428f237454af7875ba466426ff27d,3cddaef43c124e2aa3814cd251fcb131,81f0a41d0a7a44e0ae8f8ea0ade95fdf,LiDAR,LIDAR_TOP_FRONT,1704027672000180,True,samples,samples/LIDAR_TOP_FRONT/LIDAR_TOP_FRONT_1704027672000180.pcd
7588950c9bc448c5abe3f02cc5979b89,bfa3a0b5782c4aa59d27134daa9a314f,81f0a41d0a7a44e0ae8f8ea0ade95fdf,LiDAR,LIDAR_TOP_FRONT,1704027672500870,True,samples,samples/LIDAR_TOP_FRONT/LIDAR_TOP_FRONT_1704027672500870.pcd
2b86a357c7974f2d875f770dc344fda3,49f482b35bec43b393b9593fdc313248,81f0a41d0a7a44e0ae8f8ea0ade95fdf,LiDAR,LIDAR_TOP_FRONT,1704027673000663,True,samples,samples/LIDAR_TOP_FRONT/LIDAR_TOP_FRONT_1704027673000663.pcd
6cd0afc7d87c4f6b83bf64de799b4fe9,c436471660d04308a31787eaac3325ba,81f0a41d0a7a44e0ae8f8ea0ade95fdf,LiDAR,LIDAR_TOP_FRONT,1704027673500769,True,samples,samples/LIDAR_TOP_FRONT/LIDAR_TOP_FRONT_1704027673500769.pcd
ed61f16177e84bc5ba8b89f56568f382,58fbc3f0113b492796494ca3ed721221,81f0a41d0a7a44e0ae8f8ea0ade95fdf,LiDAR,LIDAR_TOP_FRONT,1704027674000881,True,samples,samples/LIDAR_TOP_FRONT/LIDAR_TOP_FRONT_1704027674000881.pcd
a8b9e3a074564ccba3a61ffc7ff096e6,efdf43b811f84e0c90b8615a9bb45c95,81f0a41d0a7a44e0ae8f8ea0ade95fdf,LiDAR,LIDAR_TOP_FRONT,1704027674500604,True,samples,samples/LIDAR_TOP_FRONT/LIDAR_TOP_FRONT_1704027674500604.pcd
fcf8473858ca41bda1d1e99e30a3aa6f,2cc0eeeeb89f4626b3455f3851b01034,81f0a41d0a7a44e0ae8f8ea0ade95fdf,LiDAR,LIDAR_TOP_FRONT,1704027675001038,True,samples,samples/LIDAR_TOP_FRONT/LIDAR_TOP_FRONT_1704027675001038.pcd
ee228e25f54c4179af60162c859b4ca3,ec17dfb1934341549f650afd60325801,81f0a41d0a7a44e0ae8f8ea0ade95fdf,LiDAR,LIDAR_TOP_FRONT,1704027675500925,True,samples,samples/LIDAR_TOP_FRONT/LIDAR_TOP_FRONT_1704027675500925.pcd
1c2ee0fb52954c4d8442b1c7b20e5328,1eb6c0c7adad4cf29e8da13dcf8ef16b,81f0a41d0a7a44e0ae8f8ea0ade95fdf,LiDAR,LIDAR_TOP_LEFT,1704027655976369,True,samples,samples/LIDAR_TOP_LEFT/LIDAR_TOP_LEFT_1704027655976369.pcd
98325014cae54206bd93b28edc40fde1,c47d261c32ec405b836f0b832b776438,81f0a41d0a7a44e0ae8f8ea0ade95fdf,LiDAR,LIDAR_TOP_LEFT,1704027656476310,True,samples,samples/LIDAR_TOP_LEFT/LIDAR_TOP_LEFT_1704027656476310.pcd
e0a31c745a7b452297a6d8881ef8d0fe,7e82125df00b40aaaa57a34ba7907771,81f0a41d0a7a44e0ae8f8ea0ade95fdf,LiDAR,LIDAR_TOP_LEFT,1704027656976332,True,samples,samples/LIDAR_TOP_LEFT/LIDAR_TOP_LEFT_1704027656976332.pcd
3fa045f4458c4bf5a80bcfdbb221bfe5,8645dd1e937d48dfb703be785dee3145,81f0a41d0a7a44e0ae8f8ea0ade95fdf,LiDAR,LIDAR_TOP_LEFT,1704027657476210,True,samples,samples/LIDAR_TOP_LEFT/LIDAR_TOP_LEFT_1704027657476210.pcd
1e029636923048238fd82177c63b88b7,2c8a57a97fd140919df0708d479a972b,81f0a41d0a7a44e0ae8f8ea0ade95fdf,LiDAR,LIDAR_TOP_LEFT,1704027657975876,True,samples,samples/LIDAR_TOP_LEFT/LIDAR_TOP_LEFT_1704027657975876.pcd
5a770e090cc34b85ad31b4695d513cc6,2137f8fd8f78489fb089b818d8215c34,81f0a41d0a7a44e0ae8f8ea0ade95fdf,LiDAR,LIDAR_TOP_LEFT,1704027658475843,True,samples,samples/LIDAR_TOP_LEFT/LIDAR_TOP_LEFT_1704027658475843.pcd
c617b5406a684a2494539a6f0fb6829c,40b040ffc4934d349184dfe3e8bf9e0c,81f0a41d0a7a44e0ae8f8ea0ade95fdf,LiDAR,LIDAR_TOP_LEFT,1704027658975871,True,samples,samples/LIDAR_TOP_LEFT/LIDAR_TOP_LEFT_1704027658975871.pcd
ef3f52d59a684a41ba5974938604afab,c65dea1742af45629519f0f94af9f031,81f0a41d0a7a44e0ae8f8ea0ade95fdf,LiDAR,LIDAR_TOP_LEFT,1704027659476130,True,samples,samples/LIDAR_TOP_LEFT/LIDAR_TOP_LEFT_1704027659476130.pcd
24a808e84d6e48fc8dd6e35caf4cd7ae,31c077270b154d97aa6e93489fd55140,81f0a41d0a7a44e0ae8f8ea0ade95fdf,LiDAR,LIDAR_TOP_LEFT,1704027659976258,True,samples,samples/LIDAR_TOP_LEFT/LIDAR_TOP_LEFT_1704027659976258.pcd
13b39ef8f30f46c680d11dd4823c3013,047569d8cae6404c97d074a86f30e636,81f0a41d0a7a44e0ae8f8ea0ade95fdf,LiDAR,LIDAR_TOP_LEFT,1704027660476347,True,samples,samples/LIDAR_TOP_LEFT/LIDAR_TOP_LEFT_1704027660476347.pcd
f834634845dc4e218f917919e14cefdb,66a01830f80f4eed9d8f405334842f78,81f0a41d0a7a44e0ae8f8ea0ade95fdf,LiDAR,LIDAR_TOP_LEFT,1704027660976280,True,samples,samples/LIDAR_TOP_LEFT/LIDAR_TOP_LEFT_1704027660976280.pcd
4f190c720b8746b5ba6b3afbe2b500d5,16aa20e30fe94de9b51a9dac5cb919c4,81f0a41d0a7a44e0ae8f8ea0ade95fdf,LiDAR,LIDAR_TOP_LEFT,1704027661476143,True,samples,samples/LIDAR_TOP_LEFT/LIDAR_TOP_LEFT_1704027661476143.pcd
d5e3211165be4eb5864f8054c950fd2a,85badd1a12cc4ba18d56fb12eab19d5d,81f0a41d0a7a44e0ae8f8ea0ade95fdf,LiDAR,LIDAR_TOP_LEFT,1704027661976238,True,samples,samples/LIDAR_TOP_LEFT/LIDAR_TOP_LEFT_1704027661976238.pcd
82e2c21d1b6c42bc9fd7ae2ae70b6ecd,e36adaf2da754ffdb49216769a94fd5e,81f0a41d0a7a44e0ae8f8ea0ade95fdf,LiDAR,LIDAR_TOP_LEFT,1704027662476117,True,samples,samples/LIDAR_TOP_LEFT/LIDAR_TOP_LEFT_1704027662476117.pcd
911e0036b1a641bcb409e0d4f0a7b4ed,ceb501e033a5449fa766450a05e0ba4a,81f0a41d0a7a44e0ae8f8ea0ade95fdf,LiDAR,LIDAR_TOP_LEFT,1704027662975914,True,samples,samples/LIDAR_TOP_LEFT/LIDAR_TOP_LEFT_1704027662975914.pcd
1eb42b8eaf6a4907881fc5eb7275bc42,724d874e90e446e2af1871a702dc8dd7,81f0a41d0a7a44e0ae8f8ea0ade95fdf,LiDAR,LIDAR_TOP_LEFT,1704027663475851,True,samples,samples/LIDAR_TOP_LEFT/LIDAR_TOP_LEFT_1704027663475851.pcd
e2329a2a8163480e85b7f3b4427c12bb,23c0fc0644ba458781ecb6d10976ba8f,81f0a41d0a7a44e0ae8f8ea0ade95fdf,LiDAR,LIDAR_TOP_LEFT,1704027663976063,True,samples,samples/LIDAR_TOP_LEFT/LIDAR_TOP_LEFT_1704027663976063.pcd
76dc154992c74f47a496275a078c6544,121b9bbeb7e249ff80f308a6967413d7,81f0a41d0a7a44e0ae8f8ea0ade95fdf,LiDAR,LIDAR_TOP_LEFT,1704027664476171,True,samples,samples/LIDAR_TOP_LEFT/LIDAR_TOP_LEFT_1704027664476171.pcd
bfc93c267cf54655b05f660a3c5b379b,c103c5de42ae4cef9bbbb29bbd240528,81f0a41d0a7a44e0ae8f8ea0ade95fdf,LiDAR,LIDAR_TOP_LEFT,1704027664976391,True,samples,samples/LIDAR_TOP_LEFT/LIDAR_TOP_LEFT_1704027664976391.pcd
dfbfc6e42a3d43e9aa82e22452479349,d6d99b8b342f4683b8d98bb6d9d27c2f,81f0a41d0a7a44e0ae8f8ea0ade95fdf,LiDAR,LIDAR_TOP_LEFT,1704027665476330,True,samples,samples/LIDAR_TOP_LEFT/LIDAR_TOP_LEFT_1704027665476330.pcd
fd9a9cb935e8490aaa89f9a2078289ca,6c9019c9a675472299004ca44e4af1ae,81f0a41d0a7a44e0ae8f8ea0ade95fdf,LiDAR,LIDAR_TOP_LEFT,1704027665976141,True,samples,samples/LIDAR_TOP_LEFT/LIDAR_TOP_LEFT_1704027665976141.pcd
910cdfd0416d4cf4b75f9ab91193cbf7,9091d1c8f6f94b2cb32e0d4774429988,81f0a41d0a7a44e0ae8f8ea0ade95fdf,LiDAR,LIDAR_TOP_LEFT,1704027666476160,True,samples,samples/LIDAR_TOP_LEFT/LIDAR_TOP_LEFT_1704027666476160.pcd
979aab7167494e0cb3d7ab6c07e406be,1156d73df84547b1a9e2c81cd67dbbce,81f0a41d0a7a44e0ae8f8ea0ade95fdf,LiDAR,LIDAR_TOP_LEFT,1704027666975965,True,samples,samples/LIDAR_TOP_LEFT/LIDAR_TOP_LEFT_1704027666975965.pcd
7cfa901c7d3f4438af4b77dc720083b1,092cd0954cc7490e8432fd9eb6358ad7,81f0a41d0a7a44e0ae8f8ea0ade95fdf,LiDAR,LIDAR_TOP_LEFT,1704027667475975,True,samples,samples/LIDAR_TOP_LEFT/LIDAR_TOP_LEFT_1704027667475975.pcd
a8f07ec9a33d4753ab0ad72a3f77a4cf,a6ede53ff2014741a2924a3dc6735aee,81f0a41d0a7a44e0ae8f8ea0ade95fdf,LiDAR,LIDAR_TOP_LEFT,1704027667975880,True,samples,samples/LIDAR_TOP_LEFT/LIDAR_TOP_LEFT_1704027667975880.pcd
1b46d977463647438699b8020da41bf8,7eb7840ac6e1479da2bd15325e0569a0,81f0a41d0a7a44e0ae8f8ea0ade95fdf,LiDAR,LIDAR_TOP_LEFT,1704027668475914,True,samples,samples/LIDAR_TOP_LEFT/LIDAR_TOP_LEFT_1704027668475914.pcd
25fe14b8634e40ea9f86e6a184fccc92,9bb4c0e43cf34d73bf44859d4880e87b,81f0a41d0a7a44e0ae8f8ea0ade95fdf,LiDAR,LIDAR_TOP_LEFT,1704027668975875,True,samples,samples/LIDAR_TOP_LEFT/LIDAR_TOP_LEFT_1704027668975875.pcd
a0d9e8ad83f942df9dd396fbe3c066a7,ff8de0a92fcd4c80bd500c8559a13c4a,81f0a41d0a7a44e0ae8f8ea0ade95fdf,LiDAR,LIDAR_TOP_LEFT,1704027669476033,True,samples,samples/LIDAR_TOP_LEFT/LIDAR_TOP_LEFT_1704027669476033.pcd
3e6729d2db4d4f5fb24929fe87b9b7b6,1c5c51644f6146768f20095390d245f1,81f0a41d0a7a44e0ae8f8ea0ade95fdf,LiDAR,LIDAR_TOP_LEFT,1704027669976276,True,samples,samples/LIDAR_TOP_LEFT/LIDAR_TOP_LEFT_1704027669976276.pcd
0b7835228a2f4840a6b99401271ff810,7794802fda86401d8d0a7935731f18a8,81f0a41d0a7a44e0ae8f8ea0ade95fdf,LiDAR,LIDAR_TOP_LEFT,1704027670476236,True,samples,samples/LIDAR_TOP_LEFT/LIDAR_TOP_LEFT_1704027670476236.pcd
3fad2bd184a946f49de732a45017e753,5bfc3e2a975245f99dbdea34259ddd3c,81f0a41d0a7a44e0ae8f8ea0ade95fdf,LiDAR,LIDAR_TOP_LEFT,1704027670976262,True,samples,samples/LIDAR_TOP_LEFT/LIDAR_TOP_LEFT_1704027670976262.pcd
459598e94ff14b43b40aaedc2a9add21,750d50a1a10d48efb33ccaa7280fa010,81f0a41d0a7a44e0ae8f8ea0ade95fdf,LiDAR,LIDAR_TOP_LEFT,1704027671476082,True,samples,samples/LIDAR_TOP_LEFT/LIDAR_TOP_LEFT_1704027671476082.pcd
ca9a39df227b405fadd76481498e2858,3cddaef43c124e2aa3814cd251fcb131,81f0a41d0a7a44e0ae8f8ea0ade95fdf,LiDAR,LIDAR_TOP_LEFT,1704027671975954,True,samples,samples/LIDAR_TOP_LEFT/LIDAR_TOP_LEFT_1704027671975954.pcd
801e38061ee24c7ea2ecc351580e62ff,bfa3a0b5782c4aa59d27134daa9a314f,81f0a41d0a7a44e0ae8f8ea0ade95fdf,LiDAR,LIDAR_TOP_LEFT,1704027672475882,True,samples,samples/LIDAR_TOP_LEFT/LIDAR_TOP_LEFT_1704027672475882.pcd
17b6ff5977fa4da88d67c0717724c338,49f482b35bec43b393b9593fdc313248,81f0a41d0a7a44e0ae8f8ea0ade95fdf,LiDAR,LIDAR_TOP_LEFT,1704027672975807,True,samples,samples/LIDAR_TOP_LEFT/LIDAR_TOP_LEFT_1704027672975807.pcd
d97a5167093945679e661dff9768232f,c436471660d04308a31787eaac3325ba,81f0a41d0a7a44e0ae8f8ea0ade95fdf,LiDAR,LIDAR_TOP_LEFT,1704027673475905,True,samples,samples/LIDAR_TOP_LEFT/LIDAR_TOP_LEFT_1704027673475905.pcd
89cde3283e844f30af1e49defdbdbbac,58fbc3f0113b492796494ca3ed721221,81f0a41d0a7a44e0ae8f8ea0ade95fdf,LiDAR,LIDAR_TOP_LEFT,1704027673975835,True,samples,samples/LIDAR_TOP_LEFT/LIDAR_TOP_LEFT_1704027673975835.pcd
890706cdd63d4f9bb9fc07d8eec18c28,efdf43b811f84e0c90b8615a9bb45c95,81f0a41d0a7a44e0ae8f8ea0ade95fdf,LiDAR,LIDAR_TOP_LEFT,1704027674475849,True,samples,samples/LIDAR_TOP_LEFT/LIDAR_TOP_LEFT_1704027674475849.pcd
d2ea90c6beaf417396e3ed910e08e8a4,2cc0eeeeb89f4626b3455f3851b01034,81f0a41d0a7a44e0ae8f8ea0ade95fdf,LiDAR,LIDAR_TOP_LEFT,1704027674975859,True,samples,samples/LIDAR_TOP_LEFT/LIDAR_TOP_LEFT_1704027674975859.pcd
34a5800e128943f9a617a82ca2f86e65,ec17dfb1934341549f650afd60325801,81f0a41d0a7a44e0ae8f8ea0ade95fdf,LiDAR,LIDAR_TOP_LEFT,1704027675476181,True,samples,samples/LIDAR_TOP_LEFT/LIDAR_TOP_LEFT_1704027675476181.pcd
2bd20bfa14cf43e8b3bddc4176cceb97,1eb6c0c7adad4cf29e8da13dcf8ef16b,81f0a41d0a7a44e0ae8f8ea0ade95fdf,LiDAR,LIDAR_TOP_RIGHT,1704027656026291,True,samples,samples/LIDAR_TOP_RIGHT/LIDAR_TOP_RIGHT_1704027656026291.pcd
b77585c2b7c341d6a4306233d5e2ced3,c47d261c32ec405b836f0b832b776438,81f0a41d0a7a44e0ae8f8ea0ade95fdf,LiDAR,LIDAR_TOP_RIGHT,1704027656526483,True,samples,samples/LIDAR_TOP_RIGHT/LIDAR_TOP_RIGHT_1704027656526483.pcd
f30fb7b63d4947658b6a2cff47b16029,7e82125df00b40aaaa57a34ba7907771,81f0a41d0a7a44e0ae8f8ea0ade95fdf,LiDAR,LIDAR_TOP_RIGHT,1704027657026401,True,samples,samples/LIDAR_TOP_RIGHT/LIDAR_TOP_RIGHT_1704027657026401.pcd
bb20a33e4b1f4294ba84e338fb21f837,8645dd1e937d48dfb703be785dee3145,81f0a41d0a7a44e0ae8f8ea0ade95fdf,LiDAR,LIDAR_TOP_RIGHT,1704027657526119,True,samples,samples/LIDAR_TOP_RIGHT/LIDAR_TOP_RIGHT_1704027657526119.pcd
e3a1c6564d76439492c8f2f4c833b883,2c8a57a97fd140919df0708d479a972b,81f0a41d0a7a44e0ae8f8ea0ade95fdf,LiDAR,LIDAR_TOP_RIGHT,1704027658025911,True,samples,samples/LIDAR_TOP_RIGHT/LIDAR_TOP_RIGHT_1704027658025911.pcd
e9c6d0ab0d8b48da83339d65bc228b7e,2137f8fd8f78489fb089b818d8215c34,81f0a41d0a7a44e0ae8f8ea0ade95fdf,LiDAR,LIDAR_TOP_RIGHT,1704027658525830,True,samples,samples/LIDAR_TOP_RIGHT/LIDAR_TOP_RIGHT_1704027658525830.pcd
f08fbc8ff23740f382dd39f96f4ee39d,40b040ffc4934d349184dfe3e8bf9e0c,81f0a41d0a7a44e0ae8f8ea0ade95fdf,LiDAR,LIDAR_TOP_RIGHT,1704027659026256,True,samples,samples/LIDAR_TOP_RIGHT/LIDAR_TOP_RIGHT_1704027659026256.pcd
a5bdd133a52c4b2080d005aefb74fc3a,c65dea1742af45629519f0f94af9f031,81f0a41d0a7a44e0ae8f8ea0ade95fdf,LiDAR,LIDAR_TOP_RIGHT,1704027659526286,True,samples,samples/LIDAR_TOP_RIGHT/LIDAR_TOP_RIGHT_1704027659526286.pcd
85022fde89f44886bfdf82fe41d9f3c2,31c077270b154d97aa6e93489fd55140,81f0a41d0a7a44e0ae8f8ea0ade95fdf,LiDAR,LIDAR_TOP_RIGHT,1704027660026416,True,samples,samples/LIDAR_TOP_RIGHT/LIDAR_TOP_RIGHT_1704027660026416.pcd
4a6c4af61ed8498d8505a92d2837eefd,047569d8cae6404c97d074a86f30e636,81f0a41d0a7a44e0ae8f8ea0ade95fdf,LiDAR,LIDAR_TOP_RIGHT,1704027660526304,True,samples,samples/LIDAR_TOP_RIGHT/LIDAR_TOP_RIGHT_1704027660526304.pcd
352ef7f7a8274d1f9b5323ffe336e429,66a01830f80f4eed9d8f405334842f78,81f0a41d0a7a44e0ae8f8ea0ade95fdf,LiDAR,LIDAR_TOP_RIGHT,1704027661026337,True,samples,samples/LIDAR_TOP_RIGHT/LIDAR_TOP_RIGHT_1704027661026337.pcd
7ae20dea744e4f368c77376cf0ede4c6,16aa20e30fe94de9b51a9dac5cb919c4,81f0a41d0a7a44e0ae8f8ea0ade95fdf,LiDAR,LIDAR_TOP_RIGHT,1704027661526138,True,samples,samples/LIDAR_TOP_RIGHT/LIDAR_TOP_RIGHT_1704027661526138.pcd
7a062ebb35f744858e3fbc5c94e2dc3d,85badd1a12cc4ba18d56fb12eab19d5d,81f0a41d0a7a44e0ae8f8ea0ade95fdf,LiDAR,LIDAR_TOP_RIGHT,1704027662026074,True,samples,samples/LIDAR_TOP_RIGHT/LIDAR_TOP_RIGHT_1704027662026074.pcd
410d29b109ac4cdd96302611ceecb954,e36adaf2da754ffdb49216769a94fd5e,81f0a41d0a7a44e0ae8f8ea0ade95fdf,LiDAR,LIDAR_TOP_RIGHT,1704027662525935,True,samples,samples/LIDAR_TOP_RIGHT/LIDAR_TOP_RIGHT_1704027662525935.pcd
bc9154826bc0451abc9c989c1f49743e,ceb501e033a5449fa766450a05e0ba4a,81f0a41d0a7a44e0ae8f8ea0ade95fdf,LiDAR,LIDAR_TOP_RIGHT,1704027663026153,True,samples,samples/LIDAR_TOP_RIGHT/LIDAR_TOP_RIGHT_1704027663026153.pcd
bfa01eb358ac42d188ef9b5fb00a6453,724d874e90e446e2af1871a702dc8dd7,81f0a41d0a7a44e0ae8f8ea0ade95fdf,LiDAR,LIDAR_TOP_RIGHT,1704027663526261,True,samples,samples/LIDAR_TOP_RIGHT/LIDAR_TOP_RIGHT_1704027663526261.pcd
9cb2a90334e44ea699ae582c42d02ef2,23c0fc0644ba458781ecb6d10976ba8f,81f0a41d0a7a44e0ae8f8ea0ade95fdf,LiDAR,LIDAR_TOP_RIGHT,1704027664026513,True,samples,samples/LIDAR_TOP_RIGHT/LIDAR_TOP_RIGHT_1704027664026513.pcd
163ada1dd68d4efaad5b8be459e02f58,121b9bbeb7e249ff80f308a6967413d7,81f0a41d0a7a44e0ae8f8ea0ade95fdf,LiDAR,LIDAR_TOP_RIGHT,1704027664526137,True,samples,samples/LIDAR_TOP_RIGHT/LIDAR_TOP_RIGHT_1704027664526137.pcd
dcf20cdab6264d8991d449d608604fbc,c103c5de42ae4cef9bbbb29bbd240528,81f0a41d0a7a44e0ae8f8ea0ade95fdf,LiDAR,LIDAR_TOP_RIGHT,1704027665025982,True,samples,samples/LIDAR_TOP_RIGHT/LIDAR_TOP_RIGHT_1704027665025982.pcd
de797a5fb7454ba3a32188071628e117,d6d99b8b342f4683b8d98bb6d9d27c2f,81f0a41d0a7a44e0ae8f8ea0ade95fdf,LiDAR,LIDAR_TOP_RIGHT,1704027665525928,True,samples,samples/LIDAR_TOP_RIGHT/LIDAR_TOP_RIGHT_1704027665525928.pcd
09f1ee9566fb4707a2e9d2fc4d1c5572,6c9019c9a675472299004ca44e4af1ae,81f0a41d0a7a44e0ae8f8ea0ade95fdf,LiDAR,LIDAR_TOP_RIGHT,1704027666025958,True,samples,samples/LIDAR_TOP_RIGHT/LIDAR_TOP_RIGHT_1704027666025958.pcd
230f38f7c102472688cd1d6a5a236555,9091d1c8f6f94b2cb32e0d4774429988,81f0a41d0a7a44e0ae8f8ea0ade95fdf,LiDAR,LIDAR_TOP_RIGHT,1704027666526189,True,samples,samples/LIDAR_TOP_RIGHT/LIDAR_TOP_RIGHT_1704027666526189.pcd
e31e88a73040488597ad3ceb64f2b76e,1156d73df84547b1a9e2c81cd67dbbce,81f0a41d0a7a44e0ae8f8ea0ade95fdf,LiDAR,LIDAR_TOP_RIGHT,1704027667026227,True,samples,samples/LIDAR_TOP_RIGHT/LIDAR_TOP_RIGHT_1704027667026227.pcd
100a558df040432cb2e40bdea8fde52a,092cd0954cc7490e8432fd9eb6358ad7,81f0a41d0a7a44e0ae8f8ea0ade95fdf,LiDAR,LIDAR_TOP_RIGHT,1704027667526384,True,samples,samples/LIDAR_TOP_RIGHT/LIDAR_TOP_RIGHT_1704027667526384.pcd
9c86b832a536468d8df280bf3b1a7843,a6ede53ff2014741a2924a3dc6735aee,81f0a41d0a7a44e0ae8f8ea0ade95fdf,LiDAR,LIDAR_TOP_RIGHT,1704027668026411,True,samples,samples/LIDAR_TOP_RIGHT/LIDAR_TOP_RIGHT_1704027668026411.pcd
1bc44f8de6944db8bda2377ac0a4a33c,7eb7840ac6e1479da2bd15325e0569a0,81f0a41d0a7a44e0ae8f8ea0ade95fdf,LiDAR,LIDAR_TOP_RIGHT,1704027668526276,True,samples,samples/LIDAR_TOP_RIGHT/LIDAR_TOP_RIGHT_1704027668526276.pcd
dbdc155975e64119b6805c49a2a7f64c,9bb4c0e43cf34d73bf44859d4880e87b,81f0a41d0a7a44e0ae8f8ea0ade95fdf,LiDAR,LIDAR_TOP_RIGHT,1704027669026376,True,samples,samples/LIDAR_TOP_RIGHT/LIDAR_TOP_RIGHT_1704027669026376.pcd
512dc2467f60408f8d734684510b3246,ff8de0a92fcd4c80bd500c8559a13c4a,81f0a41d0a7a44e0ae8f8ea0ade95fdf,LiDAR,LIDAR_TOP_RIGHT,1704027669526123,True,samples,samples/LIDAR_TOP_RIGHT/LIDAR_TOP_RIGHT_1704027669526123.pcd
554459cf4dab45b5bba535e73ba4a472,1c5c51644f6146768f20095390d245f1,81f0a41d0a7a44e0ae8f8ea0ade95fdf,LiDAR,LIDAR_TOP_RIGHT,1704027670026139,True,samples,samples/LIDAR_TOP_RIGHT/LIDAR_TOP_RIGHT_1704027670026139.pcd
dc447c22bb75418c8e141153d38f5b6c,7794802fda86401d8d0a7935731f18a8,81f0a41d0a7a44e0ae8f8ea0ade95fdf,LiDAR,LIDAR_TOP_RIGHT,1704027670526049,True,samples,samples/LIDAR_TOP_RIGHT/LIDAR_TOP_RIGHT_1704027670526049.pcd
98237bb35a844becb08836bcc8ff2167,5bfc3e2a975245f99dbdea34259ddd3c,81f0a41d0a7a44e0ae8f8ea0ade95fdf,LiDAR,LIDAR_TOP_RIGHT,1704027671025899,True,samples,samples/LIDAR_TOP_RIGHT/LIDAR_TOP_RIGHT_1704027671025899.pcd
e6027a78b85844e48858dc7f45f83375,750d50a1a10d48efb33ccaa7280fa010,81f0a41d0a7a44e0ae8f8ea0ade95fdf,LiDAR,LIDAR_TOP_RIGHT,1704027671526002,True,samples,samples/LIDAR_TOP_RIGHT/LIDAR_TOP_RIGHT_1704027671526002.pcd
46b347ce204544608f6156528ff2fa87,3cddaef43c124e2aa3814cd251fcb131,81f0a41d0a7a44e0ae8f8ea0ade95fdf,LiDAR,LIDAR_TOP_RIGHT,1704027672025992,True,samples,samples/LIDAR_TOP_RIGHT/LIDAR_TOP_RIGHT_1704027672025992.pcd
72675c7d154f4d6c8be16e709f6ea31b,bfa3a0b5782c4aa59d27134daa9a314f,81f0a41d0a7a44e0ae8f8ea0ade95fdf,LiDAR,LIDAR_TOP_RIGHT,1704027672526084,True,samples,samples/LIDAR_TOP_RIGHT/LIDAR_TOP_RIGHT_1704027672526084.pcd
c2335e8694e34e698bdb44c0fcf96e95,49f482b35bec43b393b9593fdc313248,81f0a41d0a7a44e0ae8f8ea0ade95fdf,LiDAR,LIDAR_TOP_RIGHT,1704027673025914,True,samples,samples/LIDAR_TOP_RIGHT/LIDAR_TOP_RIGHT_1704027673025914.pcd
769f85d18fb44599b69c72dc76750a6d,c436471660d04308a31787eaac3325ba,81f0a41d0a7a44e0ae8f8ea0ade95fdf,LiDAR,LIDAR_TOP_RIGHT,1704027673525926,True,samples,samples/LIDAR_TOP_RIGHT/LIDAR_TOP_RIGHT_1704027673525926.pcd
b1e1c7e58f374765aa86385e9e1ec1ce,58fbc3f0113b492796494ca3ed721221,81f0a41d0a7a44e0ae8f8ea0ade95fdf,LiDAR,LIDAR_TOP_RIGHT,1704027674025997,True,samples,samples/LIDAR_TOP_RIGHT/LIDAR_TOP_RIGHT_1704027674025997.pcd
09723d73b23d468aae3d895cc25082fa,efdf43b811f84e0c90b8615a9bb45c95,81f0a41d0a7a44e0ae8f8ea0ade95fdf,LiDAR,LIDAR_TOP_RIGHT,1704027674526186,True,samples,samples/LIDAR_TOP_RIGHT/LIDAR_TOP_RIGHT_1704027674526186.pcd
470fb8cf0d5f49a7aa40bb380b096247,2cc0eeeeb89f4626b3455f3851b01034,81f0a41d0a7a44e0ae8f8ea0ade95fdf,LiDAR,LIDAR_TOP_RIGHT,1704027675026359,True,samples,samples/LIDAR_TOP_RIGHT/LIDAR_TOP_RIGHT_1704027675026359.pcd
833bc2f7d084413792dca831616140b2,ec17dfb1934341549f650afd60325801,81f0a41d0a7a44e0ae8f8ea0ade95fdf,LiDAR,LIDAR_TOP_RIGHT,1704027675526076,True,samples,samples/LIDAR_TOP_RIGHT/LIDAR_TOP_RIGHT_1704027675526076.pcd
a7ab3bd2c12547d8aa4c3c78fa5248fa,454fa18d64d94009914137ce901c8e7c,b71e2b6ba3fa4279b36bfd4b9720251e,LiDAR,LIDAR_LEFT,1692868171688148,True,samples,samples/LIDAR_LEFT/LIDAR_LEFT_1692868171688148.pcd
36a51d784e714e22a1e522b9f501aaeb,da505831bbb84ffc8e5ce6cf794037be,b71e2b6ba3fa4279b36bfd4b9720251e,LiDAR,LIDAR_LEFT,1692868172187561,True,samples,samples/LIDAR_LEFT/LIDAR_LEFT_1692868172187561.pcd
b648ba8f9f834b41ab5884d9cae9c432,8def0cf89dd94f1483002d209d33a00e,b71e2b6ba3fa4279b36bfd4b9720251e,LiDAR,LIDAR_LEFT,1692868172687072,True,samples,samples/LIDAR_LEFT/LIDAR_LEFT_1692868172687072.pcd
ca36302928d243e9bc6476984676122d,aad3fc22cae6450ba76ce8c10ceb5862,b71e2b6ba3fa4279b36bfd4b9720251e,LiDAR,LIDAR_LEFT,1692868173186683,True,samples,samples/LIDAR_LEFT/LIDAR_LEFT_1692868173186683.pcd
1bea1bd7ed8c4ff88be4446ab9ac7987,b758c76a38de4c96a259024c2603f725,b71e2b6ba3fa4279b36bfd4b9720251e,LiDAR,LIDAR_LEFT,1692868173687119,True,samples,samples/LIDAR_LEFT/LIDAR_LEFT_1692868173687119.pcd
c00fa7303629458db7b2a2707ac33071,a253c803a4244cb9aa2a2b1963eeeea3,b71e2b6ba3fa4279b36bfd4b9720251e,LiDAR,LIDAR_LEFT,1692868174187787,True,samples,samples/LIDAR_LEFT/LIDAR_LEFT_1692868174187787.pcd
6860f9fd57a94b499ff430e1a265b099,364e9aeabf004d098c42b93bd3f73344,b71e2b6ba3fa4279b36bfd4b9720251e,LiDAR,LIDAR_LEFT,1692868174688096,True,samples,samples/LIDAR_LEFT/LIDAR_LEFT_1692868174688096.pcd
d58e7513b1b346a7ab9901bdd3fc3c10,e99ad15689f74cc1a7f2e92052fddbac,b71e2b6ba3fa4279b36bfd4b9720251e,LiDAR,LIDAR_LEFT,1692868175188353,True,samples,samples/LIDAR_LEFT/LIDAR_LEFT_1692868175188353.pcd
ab72303dd82f442298c3f7b3c061b6f3,11ec72961e774527ac42ae08e165c7da,b71e2b6ba3fa4279b36bfd4b9720251e,LiDAR,LIDAR_LEFT,1692868175687943,True,samples,samples/LIDAR_LEFT/LIDAR_LEFT_1692868175687943.pcd
670c21ae3c6648f0a6dd7fcc41b2d640,41c3b9f01b734b9cb4328ae85a868bf8,b71e2b6ba3fa4279b36bfd4b9720251e,LiDAR,LIDAR_LEFT,1692868176187382,True,samples,samples/LIDAR_LEFT/LIDAR_LEFT_1692868176187382.pcd
3549171d127a4def806206f1df15ceb6,2c8d8a964ecd48c3ace81f8fdf2050c9,b71e2b6ba3fa4279b36bfd4b9720251e,LiDAR,LIDAR_LEFT,1692868176686917,True,samples,samples/LIDAR_LEFT/LIDAR_LEFT_1692868176686917.pcd
b4221157ed77442bb62d422634cf5714,454cf93d8f564ed4b6850fd594a7c089,b71e2b6ba3fa4279b36bfd4b9720251e,LiDAR,LIDAR_LEFT,1692868177186484,True,samples,samples/LIDAR_LEFT/LIDAR_LEFT_1692868177186484.pcd
fcc0082cfd0d4bc5a6d36e353e1fc49c,655c93866d21488d8b14981be5ddfd36,b71e2b6ba3fa4279b36bfd4b9720251e,LiDAR,LIDAR_LEFT,1692868177686944,True,samples,samples/LIDAR_LEFT/LIDAR_LEFT_1692868177686944.pcd
339854b19e774f8db8c70af72a93fbda,961dd8adb97f43b190a8d038db47cccb,b71e2b6ba3fa4279b36bfd4b9720251e,LiDAR,LIDAR_LEFT,1692868178187579,True,samples,samples/LIDAR_LEFT/LIDAR_LEFT_1692868178187579.pcd
788da697c6d9465fac230635e503744b,2e32e4f5865b472a9a5fbe25fbe36c64,b71e2b6ba3fa4279b36bfd4b9720251e,LiDAR,LIDAR_LEFT,1692868178687891,True,samples,samples/LIDAR_LEFT/LIDAR_LEFT_1692868178687891.pcd
6b8ebb1cbc174ccdad2b156f66ffe2df,23846abe608f4f79bc6d05d5ccc0ace7,b71e2b6ba3fa4279b36bfd4b9720251e,LiDAR,LIDAR_LEFT,1692868179188139,True,samples,samples/LIDAR_LEFT/LIDAR_LEFT_1692868179188139.pcd
ba1771c19b1f471a91e5022a51daca26,dbc47884027c46d3863f5bd9d34521a3,b71e2b6ba3fa4279b36bfd4b9720251e,LiDAR,LIDAR_LEFT,1692868179687793,True,samples,samples/LIDAR_LEFT/LIDAR_LEFT_1692868179687793.pcd
53f9017fcd4847ff9222575dbd629fe3,685bef7dd155486cbb378a6ee743b1d9,b71e2b6ba3fa4279b36bfd4b9720251e,LiDAR,LIDAR_LEFT,1692868180187322,True,samples,samples/LIDAR_LEFT/LIDAR_LEFT_1692868180187322.pcd
48698c6a95b84c3e88782c44138131dd,690c33ea05ed4616a30b2fee826bb639,b71e2b6ba3fa4279b36bfd4b9720251e,LiDAR,LIDAR_LEFT,1692868180686924,True,samples,samples/LIDAR_LEFT/LIDAR_LEFT_1692868180686924.pcd
d15ccf3b05fc4931bbbd21d614a46459,03a5d7bd3d0043998d6a760637d9aa50,b71e2b6ba3fa4279b36bfd4b9720251e,LiDAR,LIDAR_LEFT,1692868181186604,True,samples,samples/LIDAR_LEFT/LIDAR_LEFT_1692868181186604.pcd
9d5b8bab07b6473a95d69b88c2b30e51,6fb7001af5df4b89bc914daebf9b8b9c,b71e2b6ba3fa4279b36bfd4b9720251e,LiDAR,LIDAR_LEFT,1692868181687078,True,samples,samples/LIDAR_LEFT/LIDAR_LEFT_1692868181687078.pcd
c96c6d0ee8f94caab58c11ff78235ca0,be06e5f9e4414f1e9b9280620e8059cc,b71e2b6ba3fa4279b36bfd4b9720251e,LiDAR,LIDAR_LEFT,1692868182187712,True,samples,samples/LIDAR_LEFT/LIDAR_LEFT_1692868182187712.pcd
a4001748a2a14b08ac1fdc31d917f218,9e8d42cc2ec2408ba1ae5cb948b5615f,b71e2b6ba3fa4279b36bfd4b9720251e,LiDAR,LIDAR_LEFT,1692868182688026,True,samples,samples/LIDAR_LEFT/LIDAR_LEFT_1692868182688026.pcd
f0d2ba92f9044389b770b57918bf2e42,d7e011704a8042ccb7957f46d4ca1071,b71e2b6ba3fa4279b36bfd4b9720251e,LiDAR,LIDAR_LEFT,1692868183188296,True,samples,samples/LIDAR_LEFT/LIDAR_LEFT_1692868183188296.pcd
abc8f5ab01c64a869c2815821834b771,2f4fede395ca4289b5163cffe58d0501,b71e2b6ba3fa4279b36bfd4b9720251e,LiDAR,LIDAR_LEFT,1692868183687864,True,samples,samples/LIDAR_LEFT/LIDAR_LEFT_1692868183687864.pcd
1c96b09a09c64cb1a4acf4bddeff5c31,d71e2bb51e3246e0a8e9546b8f99ae00,b71e2b6ba3fa4279b36bfd4b9720251e,LiDAR,LIDAR_LEFT,1692868184187322,True,samples,samples/LIDAR_LEFT/LIDAR_LEFT_1692868184187322.pcd
a7f9c488dd854f2b865375bd007bd0e4,25196b4ce7f3453aacba1b878527a664,b71e2b6ba3fa4279b36bfd4b9720251e,LiDAR,LIDAR_LEFT,1692868184686911,True,samples,samples/LIDAR_LEFT/LIDAR_LEFT_1692868184686911.pcd
4b6ce8d1eabc40e98032f3b2292b30c9,fe0fd4d7662043a1801a7b179bbca83e,b71e2b6ba3fa4279b36bfd4b9720251e,LiDAR,LIDAR_LEFT,1692868185186634,True,samples,samples/LIDAR_LEFT/LIDAR_LEFT_1692868185186634.pcd
df6d7c810bda403ab8ae3fa83802bc23,bdba889f16cc459ea62e9510edae53ad,b71e2b6ba3fa4279b36bfd4b9720251e,LiDAR,LIDAR_LEFT,1692868185687170,True,samples,samples/LIDAR_LEFT/LIDAR_LEFT_1692868185687170.pcd
8702e3ec35b74b96b452bc9af8e1b4d5,de4ed400cbab46b88194dc982bfb35a7,b71e2b6ba3fa4279b36bfd4b9720251e,LiDAR,LIDAR_LEFT,1692868186187756,True,samples,samples/LIDAR_LEFT/LIDAR_LEFT_1692868186187756.pcd
5daa89e8316742349810f857b3445e55,18636993a6aa40fa8d5ac8a038d9d050,b71e2b6ba3fa4279b36bfd4b9720251e,LiDAR,LIDAR_LEFT,1692868186688066,True,samples,samples/LIDAR_LEFT/LIDAR_LEFT_1692868186688066.pcd
4093d866dd574ecd977406ae46d37909,4c0504969c67482cbdced0f9b049f6b8,b71e2b6ba3fa4279b36bfd4b9720251e,LiDAR,LIDAR_LEFT,1692868187188280,True,samples,samples/LIDAR_LEFT/LIDAR_LEFT_1692868187188280.pcd
a92aabca2fbb4a669e7055055b369e9b,e527f6f066f143d68f20aadb009db2a7,b71e2b6ba3fa4279b36bfd4b9720251e,LiDAR,LIDAR_LEFT,1692868187687900,True,samples,samples/LIDAR_LEFT/LIDAR_LEFT_1692868187687900.pcd
e77b38355830466685186a4417f105c3,ad8c44a11384426e915df188732b1a80,b71e2b6ba3fa4279b36bfd4b9720251e,LiDAR,LIDAR_LEFT,1692868188187347,True,samples,samples/LIDAR_LEFT/LIDAR_LEFT_1692868188187347.pcd
51484c9aca2c4a14bbadd0f5febcaa79,c0c731e2934f4f61a21f188dbfafd519,b71e2b6ba3fa4279b36bfd4b9720251e,LiDAR,LIDAR_LEFT,1692868188686839,True,samples,samples/LIDAR_LEFT/LIDAR_LEFT_1692868188686839.pcd
bd7393d1d1e0491b98ac5c42848d0b9c,b9a7ec7fce4a4a4f96f5314c1c686fcf,b71e2b6ba3fa4279b36bfd4b9720251e,LiDAR,LIDAR_LEFT,1692868189186426,True,samples,samples/LIDAR_LEFT/LIDAR_LEFT_1692868189186426.pcd
7102d139c6234fe0b20279ba0325b15b,90b359f78a9a4ef0bc84ff7b47b5f95e,b71e2b6ba3fa4279b36bfd4b9720251e,LiDAR,LIDAR_LEFT,1692868189686890,True,samples,samples/LIDAR_LEFT/LIDAR_LEFT_1692868189686890.pcd
95d531d7d2b84d60ac6fb675718149e2,af7b2ad4a2604df3886477c19c351ceb,b71e2b6ba3fa4279b36bfd4b9720251e,LiDAR,LIDAR_LEFT,1692868190187599,True,samples,samples/LIDAR_LEFT/LIDAR_LEFT_1692868190187599.pcd
ddbb5c69730540e9b1543d2eb4efee86,3df88bfb6b784a84849fee4c12bd6821,b71e2b6ba3fa4279b36bfd4b9720251e,LiDAR,LIDAR_LEFT,1692868190688002,True,samples,samples/LIDAR_LEFT/LIDAR_LEFT_1692868190688002.pcd
8cd2aa720b9a40d4b8017557f0ada393,c6cd487764a64b81b6be7b68a5da2867,b71e2b6ba3fa4279b36bfd4b9720251e,LiDAR,LIDAR_LEFT,1692868191188356,True,samples,samples/LIDAR_LEFT/LIDAR_LEFT_1692868191188356.pcd
fe3b896c0cd544d79813051a7f50e447,454fa18d64d94009914137ce901c8e7c,b71e2b6ba3fa4279b36bfd4b9720251e,LiDAR,LIDAR_RIGHT,1692868171712511,True,samples,samples/LIDAR_RIGHT/LIDAR_RIGHT_1692868171712511.pcd
7ccafd7ad4754e1b99385cd4ab82ab7d,da505831bbb84ffc8e5ce6cf794037be,b71e2b6ba3fa4279b36bfd4b9720251e,LiDAR,LIDAR_RIGHT,1692868172212786,True,samples,samples/LIDAR_RIGHT/LIDAR_RIGHT_1692868172212786.pcd
e262443e846241ac85daaa54a74570c7,8def0cf89dd94f1483002d209d33a00e,b71e2b6ba3fa4279b36bfd4b9720251e,LiDAR,LIDAR_RIGHT,1692868172713044,True,samples,samples/LIDAR_RIGHT/LIDAR_RIGHT_1692868172713044.pcd
75e7a4e7d6ab486989bfd0d92af4dda2,aad3fc22cae6450ba76ce8c10ceb5862,b71e2b6ba3fa4279b36bfd4b9720251e,LiDAR,LIDAR_RIGHT,1692868173213281,True,samples,samples/LIDAR_RIGHT/LIDAR_RIGHT_1692868173213281.pcd
c8093b8858f941b297efdb5f47c49fa9,b758c76a38de4c96a259024c2603f725,b71e2b6ba3fa4279b36bfd4b9720251e,LiDAR,LIDAR_RIGHT,1692868173712699,True,samples,samples/LIDAR_RIGHT/LIDAR_RIGHT_1692868173712699.pcd
1f46be8f77b54afaaff40f8bda5e5e2f,a253c803a4244cb9aa2a2b1963eeeea3,b71e2b6ba3fa4279b36bfd4b9720251e,LiDAR,LIDAR_RIGHT,1692868174212539,True,samples,samples/LIDAR_RIGHT/LIDAR_RIGHT_1692868174212539.pcd
084af5ea934343769592a11731e538d6,364e9aeabf004d098c42b93bd3f73344,b71e2b6ba3fa4279b36bfd4b9720251e,LiDAR,LIDAR_RIGHT,1692868174712484,True,samples,samples/LIDAR_RIGHT/LIDAR_RIGHT_1692868174712484.pcd
1789270a303a42298aded8019a10b35b,e99ad15689f74cc1a7f2e92052fddbac,b71e2b6ba3fa4279b36bfd4b9720251e,LiDAR,LIDAR_RIGHT,1692868175212380,True,samples,samples/LIDAR_RIGHT/LIDAR_RIGHT_1692868175212380.pcd
6daefdb1207c491c9187611037f57da5,11ec72961e774527ac42ae08e165c7da,b71e2b6ba3fa4279b36bfd4b9720251e,LiDAR,LIDAR_RIGHT,1692868175712410,True,samples,samples/LIDAR_RIGHT/LIDAR_RIGHT_1692868175712410.pcd
b02c377a809f4c068f10fc6838eed311,41c3b9f01b734b9cb4328ae85a868bf8,b71e2b6ba3fa4279b36bfd4b9720251e,LiDAR,LIDAR_RIGHT,1692868176212869,True,samples,samples/LIDAR_RIGHT/LIDAR_RIGHT_1692868176212869.pcd
8548f5006d74470991b89861d199f839,2c8d8a964ecd48c3ace81f8fdf2050c9,b71e2b6ba3fa4279b36bfd4b9720251e,LiDAR,LIDAR_RIGHT,1692868176712940,True,samples,samples/LIDAR_RIGHT/LIDAR_RIGHT_1692868176712940.pcd
02fd254fd15a4136a609dab2d1cee723,454cf93d8f564ed4b6850fd594a7c089,b71e2b6ba3fa4279b36bfd4b9720251e,LiDAR,LIDAR_RIGHT,1692868177212925,True,samples,samples/LIDAR_RIGHT/LIDAR_RIGHT_1692868177212925.pcd
85263cd5a850433dbcc174a2d453baf2,655c93866d21488d8b14981be5ddfd36,b71e2b6ba3fa4279b36bfd4b9720251e,LiDAR,LIDAR_RIGHT,1692868177712588,True,samples,samples/LIDAR_RIGHT/LIDAR_RIGHT_1692868177712588.pcd
b41bc619800d442bbe0841b4589029f7,961dd8adb97f43b190a8d038db47cccb,b71e2b6ba3fa4279b36bfd4b9720251e,LiDAR,LIDAR_RIGHT,1692868178212385,True,samples,samples/LIDAR_RIGHT/LIDAR_RIGHT_1692868178212385.pcd
d66aec16670942b495e555f3117d9042,2e32e4f5865b472a9a5fbe25fbe36c64,b71e2b6ba3fa4279b36bfd4b9720251e,LiDAR,LIDAR_RIGHT,1692868178711930,True,samples,samples/LIDAR_RIGHT/LIDAR_RIGHT_1692868178711930.pcd
832d034ec50c4a7398f22dbeb7a6c579,23846abe608f4f79bc6d05d5ccc0ace7,b71e2b6ba3fa4279b36bfd4b9720251e,LiDAR,LIDAR_RIGHT,1692868179211416,True,samples,samples/LIDAR_RIGHT/LIDAR_RIGHT_1692868179211416.pcd
0508cbaef87b46eaade237dfce61e1cc,dbc47884027c46d3863f5bd9d34521a3,b71e2b6ba3fa4279b36bfd4b9720251e,LiDAR,LIDAR_RIGHT,1692868179711984,True,samples,samples/LIDAR_RIGHT/LIDAR_RIGHT_1692868179711984.pcd
fa3a617e1f97417ba835eadbf4d162b1,685bef7dd155486cbb378a6ee743b1d9,b71e2b6ba3fa4279b36bfd4b9720251e,LiDAR,LIDAR_RIGHT,1692868180212615,True,samples,samples/LIDAR_RIGHT/LIDAR_RIGHT_1692868180212615.pcd
6735ea46d64f494eb49349619d7ffe67,690c33ea05ed4616a30b2fee826bb639,b71e2b6ba3fa4279b36bfd4b9720251e,LiDAR,LIDAR_RIGHT,1692868180712834,True,samples,samples/LIDAR_RIGHT/LIDAR_RIGHT_1692868180712834.pcd
cf20a03bea954b619a012c15aa37f973,03a5d7bd3d0043998d6a760637d9aa50,b71e2b6ba3fa4279b36bfd4b9720251e,LiDAR,LIDAR_RIGHT,1692868181212892,True,samples,samples/LIDAR_RIGHT/LIDAR_RIGHT_1692868181212892.pcd
3f153446fe254be2ac1ad33d6dc4b602,6fb7001af5df4b89bc914daebf9b8b9c,b71e2b6ba3fa4279b36bfd4b9720251e,LiDAR,LIDAR_RIGHT,1692868181712552,True,samples,samples/LIDAR_RIGHT/LIDAR_RIGHT_1692868181712552.pcd
5c5907c221ed465982e0d9c870909a78,be06e5f9e4414f1e9b9280620e8059cc,b71e2b6ba3fa4279b36bfd4b9720251e,LiDAR,LIDAR_RIGHT,1692868182212360,True,samples,samples/LIDAR_RIGHT/LIDAR_RIGHT_1692868182212360.pcd
a16ffb00ba3f4126987de645d58b95fe,9e8d42cc2ec2408ba1ae5cb948b5615f,b71e2b6ba3fa4279b36bfd4b9720251e,LiDAR,LIDAR_RIGHT,1692868182712150,True,samples,samples/LIDAR_RIGHT/LIDAR_RIGHT_1692868182712150.pcd
acb21210975340e0ab12cedb2255442c,d7e011704a8042ccb7957f46d4ca1071,b71e2b6ba3fa4279b36bfd4b9720251e,LiDAR,LIDAR_RIGHT,1692868183211983,True,samples,samples/LIDAR_RIGHT/LIDAR_RIGHT_1692868183211983.pcd
0a8be14b0a67430a8a40f1a6adf86abb,2f4fede395ca4289b5163cffe58d0501,b71e2b6ba3fa4279b36bfd4b9720251e,LiDAR,LIDAR_RIGHT,1692868183712550,True,samples,samples/LIDAR_RIGHT/LIDAR_RIGHT_1692868183712550.pcd
488c2bd47ff3438181643714d4d80378,d71e2bb51e3246e0a8e9546b8f99ae00,b71e2b6ba3fa4279b36bfd4b9720251e,LiDAR,LIDAR_RIGHT,1692868184212782,True,samples,samples/LIDAR_RIGHT/LIDAR_RIGHT_1692868184212782.pcd
493705a412cd4b328763712ad8f35c37,25196b4ce7f3453aacba1b878527a664,b71e2b6ba3fa4279b36bfd4b9720251e,LiDAR,LIDAR_RIGHT,1692868184713246,True,samples,samples/LIDAR_RIGHT/LIDAR_RIGHT_1692868184713246.pcd
761b5dda402a4a728fe998a1da4b9af5,fe0fd4d7662043a1801a7b179bbca83e,b71e2b6ba3fa4279b36bfd4b9720251e,LiDAR,LIDAR_RIGHT,1692868185213744,True,samples,samples/LIDAR_RIGHT/LIDAR_RIGHT_1692868185213744.pcd
b92506b06bb54e9ca409896a09ee0ba2,bdba889f16cc459ea62e9510edae53ad,b71e2b6ba3fa4279b36bfd4b9720251e,LiDAR,LIDAR_RIGHT,1692868185713185,True,samples,samples/LIDAR_RIGHT/LIDAR_RIGHT_1692868185713185.pcd
18d8629e1b274fd89bef4a0e61a0d55e,de4ed400cbab46b88194dc982bfb35a7,b71e2b6ba3fa4279b36bfd4b9720251e,LiDAR,LIDAR_RIGHT,1692868186212705,True,samples,samples/LIDAR_RIGHT/LIDAR_RIGHT_1692868186212705.pcd
cd98e0cfcfe4440ca790b8908cb395d6,18636993a6aa40fa8d5ac8a038d9d050,b71e2b6ba3fa4279b36bfd4b9720251e,LiDAR,LIDAR_RIGHT,1692868186712643,True,samples,samples/LIDAR_RIGHT/LIDAR_RIGHT_1692868186712643.pcd
b4cd64d269ac4973bae2b87d1cc59a5e,4c0504969c67482cbdced0f9b049f6b8,b71e2b6ba3fa4279b36bfd4b9720251e,LiDAR,LIDAR_RIGHT,1692868187212575,True,samples,samples/LIDAR_RIGHT/LIDAR_RIGHT_1692868187212575.pcd
d431828ce51940099d97326c6ed03464,e527f6f066f143d68f20aadb009db2a7,b71e2b6ba3fa4279b36bfd4b9720251e,LiDAR,LIDAR_RIGHT,1692868187712333,True,samples,samples/LIDAR_RIGHT/LIDAR_RIGHT_1692868187712333.pcd
bd451d75e4b447d1b42f4a052e22e3cc,ad8c44a11384426e915df188732b1a80,b71e2b6ba3fa4279b36bfd4b9720251e,LiDAR,LIDAR_RIGHT,1692868188212825,True,samples,samples/LIDAR_RIGHT/LIDAR_RIGHT_1692868188212825.pcd
0a7ee1ebf03c4407afdf32e8eb02b461,c0c731e2934f4f61a21f188dbfafd519,b71e2b6ba3fa4279b36bfd4b9720251e,LiDAR,LIDAR_RIGHT,1692868188713529,True,samples,samples/LIDAR_RIGHT/LIDAR_RIGHT_1692868188713529.pcd
4d4b5c9034d148bb9496139af888cc7f,b9a7ec7fce4a4a4f96f5314c1c686fcf,b71e2b6ba3fa4279b36bfd4b9720251e,LiDAR,LIDAR_RIGHT,1692868189214136,True,samples,samples/LIDAR_RIGHT/LIDAR_RIGHT_1692868189214136.pcd
a3c500d5e1c84db183163ddd802b6f9d,90b359f78a9a4ef0bc84ff7b47b5f95e,b71e2b6ba3fa4279b36bfd4b9720251e,LiDAR,LIDAR_RIGHT,1692868189713571,True,samples,samples/LIDAR_RIGHT/LIDAR_RIGHT_1692868189713571.pcd
d08f518d5f0e43a0be274c6b16429237,af7b2ad4a2604df3886477c19c351ceb,b71e2b6ba3fa4279b36bfd4b9720251e,LiDAR,LIDAR_RIGHT,1692868190212912,True,samples,samples/LIDAR_RIGHT/LIDAR_RIGHT_1692868190212912.pcd
04c29425a90c4aac8297c188e66c0982,3df88bfb6b784a84849fee4c12bd6821,b71e2b6ba3fa4279b36bfd4b9720251e,LiDAR,LIDAR_RIGHT,1692868190712272,True,samples,samples/LIDAR_RIGHT/LIDAR_RIGHT_1692868190712272.pcd
b6090bb32d2a45619686cf63faa0e91a,c6cd487764a64b81b6be7b68a5da2867,b71e2b6ba3fa4279b36bfd4b9720251e,LiDAR,LIDAR_RIGHT,1692868191211743,True,samples,samples/LIDAR_RIGHT/LIDAR_RIGHT_1692868191211743.pcd
27c9863d704d4842b2231bb60d8e38a5,454fa18d64d94009914137ce901c8e7c,b71e2b6ba3fa4279b36bfd4b9720251e,LiDAR,LIDAR_TOP_FRONT,1692868171700983,True,samples,samples/LIDAR_TOP_FRONT/LIDAR_TOP_FRONT_1692868171700983.pcd
ced408594a5d41d3b8886dceb7a99ae6,da505831bbb84ffc8e5ce6cf794037be,b71e2b6ba3fa4279b36bfd4b9720251e,LiDAR,LIDAR_TOP_FRONT,1692868172200666,True,samples,samples/LIDAR_TOP_FRONT/LIDAR_TOP_FRONT_1692868172200666.pcd
c7da0869448b4ceabdffe4820abd38be,8def0cf89dd94f1483002d209d33a00e,b71e2b6ba3fa4279b36bfd4b9720251e,LiDAR,LIDAR_TOP_FRONT,1692868172700658,True,samples,samples/LIDAR_TOP_FRONT/LIDAR_TOP_FRONT_1692868172700658.pcd
de1197570aee4042a6bd7483035fddd6,aad3fc22cae6450ba76ce8c10ceb5862,b71e2b6ba3fa4279b36bfd4b9720251e,LiDAR,LIDAR_TOP_FRONT,1692868173200738,True,samples,samples/LIDAR_TOP_FRONT/LIDAR_TOP_FRONT_1692868173200738.pcd
645acc3a274845ae8427327ced103b20,b758c76a38de4c96a259024c2603f725,b71e2b6ba3fa4279b36bfd4b9720251e,LiDAR,LIDAR_TOP_FRONT,1692868173700847,True,samples,samples/LIDAR_TOP_FRONT/LIDAR_TOP_FRONT_1692868173700847.pcd
21d10a630804419da161fc3d63f62144,a253c803a4244cb9aa2a2b1963eeeea3,b71e2b6ba3fa4279b36bfd4b9720251e,LiDAR,LIDAR_TOP_FRONT,1692868174201002,True,samples,samples/LIDAR_TOP_FRONT/LIDAR_TOP_FRONT_1692868174201002.pcd
db6a3ee6fc9843619d2602afdf91a0f2,364e9aeabf004d098c42b93bd3f73344,b71e2b6ba3fa4279b36bfd4b9720251e,LiDAR,LIDAR_TOP_FRONT,1692868174701025,True,samples,samples/LIDAR_TOP_FRONT/LIDAR_TOP_FRONT_1692868174701025.pcd
240a6c9bfec149acab76b249275c3f14,e99ad15689f74cc1a7f2e92052fddbac,b71e2b6ba3fa4279b36bfd4b9720251e,LiDAR,LIDAR_TOP_FRONT,1692868175201069,True,samples,samples/LIDAR_TOP_FRONT/LIDAR_TOP_FRONT_1692868175201069.pcd
7725d57374eb4b6ca3e67b8fdf6ca6c8,11ec72961e774527ac42ae08e165c7da,b71e2b6ba3fa4279b36bfd4b9720251e,LiDAR,LIDAR_TOP_FRONT,1692868175701124,True,samples,samples/LIDAR_TOP_FRONT/LIDAR_TOP_FRONT_1692868175701124.pcd
fc7e166b56704791bd9e12ce32cf8a4b,41c3b9f01b734b9cb4328ae85a868bf8,b71e2b6ba3fa4279b36bfd4b9720251e,LiDAR,LIDAR_TOP_FRONT,1692868176201208,True,samples,samples/LIDAR_TOP_FRONT/LIDAR_TOP_FRONT_1692868176201208.pcd
a8e34fd308f74a939e97aba7eebfc2e3,2c8d8a964ecd48c3ace81f8fdf2050c9,b71e2b6ba3fa4279b36bfd4b9720251e,LiDAR,LIDAR_TOP_FRONT,1692868176701200,True,samples,samples/LIDAR_TOP_FRONT/LIDAR_TOP_FRONT_1692868176701200.pcd
989af114a7f946eba744ce587b9e75c6,454cf93d8f564ed4b6850fd594a7c089,b71e2b6ba3fa4279b36bfd4b9720251e,LiDAR,LIDAR_TOP_FRONT,1692868177201051,True,samples,samples/LIDAR_TOP_FRONT/LIDAR_TOP_FRONT_1692868177201051.pcd
c07f405b0a764a69a2033cacbda404ef,655c93866d21488d8b14981be5ddfd36,b71e2b6ba3fa4279b36bfd4b9720251e,LiDAR,LIDAR_TOP_FRONT,1692868177701138,True,samples,samples/LIDAR_TOP_FRONT/LIDAR_TOP_FRONT_1692868177701138.pcd
bf4497ba7aba40b388cc8058d6fbce63,961dd8adb97f43b190a8d038db47cccb,b71e2b6ba3fa4279b36bfd4b9720251e,LiDAR,LIDAR_TOP_FRONT,1692868178200990,True,samples,samples/LIDAR_TOP_FRONT/LIDAR_TOP_FRONT_1692868178200990.pcd
8a617bb234eb47f7974ff8aad4938a2d,2e32e4f5865b472a9a5fbe25fbe36c64,b71e2b6ba3fa4279b36bfd4b9720251e,LiDAR,LIDAR_TOP_FRONT,1692868178701009,True,samples,samples/LIDAR_TOP_FRONT/LIDAR_TOP_FRONT_1692868178701009.pcd
3deffeeaeb854aa78123e78273628ac0,23846abe608f4f79bc6d05d5ccc0ace7,b71e2b6ba3fa4279b36bfd4b9720251e,LiDAR,LIDAR_TOP_FRONT,1692868179200765,True,samples,samples/LIDAR_TOP_FRONT/LIDAR_TOP_FRONT_1692868179200765.pcd
cf6227fbf8154a4db3bdbf2cd33169f6,dbc47884027c46d3863f5bd9d34521a3,b71e2b6ba3fa4279b36bfd4b9720251e,LiDAR,LIDAR_TOP_FRONT,1692868179700579,True,samples,samples/LIDAR_TOP_FRONT/LIDAR_TOP_FRONT_1692868179700579.pcd
5735e1bc087d4c78a05d222c15206ba4,685bef7dd155486cbb378a6ee743b1d9,b71e2b6ba3fa4279b36bfd4b9720251e,LiDAR,LIDAR_TOP_FRONT,1692868180200772,True,samples,samples/LIDAR_TOP_FRONT/LIDAR_TOP_FRONT_1692868180200772.pcd
aab6ed66368e4014a7c1654717c044d2,690c33ea05ed4616a30b2fee826bb639,b71e2b6ba3fa4279b36bfd4b9720251e,LiDAR,LIDAR_TOP_FRONT,1692868180700695,True,samples,samples/LIDAR_TOP_FRONT/LIDAR_TOP_FRONT_1692868180700695.pcd
08cc5d5cd2db40d3ac4d0b0cd837b8a0,03a5d7bd3d0043998d6a760637d9aa50,b71e2b6ba3fa4279b36bfd4b9720251e,LiDAR,LIDAR_TOP_FRONT,1692868181200734,True,samples,samples/LIDAR_TOP_FRONT/LIDAR_TOP_FRONT_1692868181200734.pcd
c4181dbf52d84110b45c940b47c1cf24,6fb7001af5df4b89bc914daebf9b8b9c,b71e2b6ba3fa4279b36bfd4b9720251e,LiDAR,LIDAR_TOP_FRONT,1692868181700635,True,samples,samples/LIDAR_TOP_FRONT/LIDAR_TOP_FRONT_1692868181700635.pcd
7d58b756f99a4e2fb2ffd7442de89521,be06e5f9e4414f1e9b9280620e8059cc,b71e2b6ba3fa4279b36bfd4b9720251e,LiDAR,LIDAR_TOP_FRONT,1692868182200855,True,samples,samples/LIDAR_TOP_FRONT/LIDAR_TOP_FRONT_1692868182200855.pcd
74287e09293b47789ca005ed2e6ba11e,9e8d42cc2ec2408ba1ae5cb948b5615f,b71e2b6ba3fa4279b36bfd4b9720251e,LiDAR,LIDAR_TOP_FRONT,1692868182700956,True,samples,samples/LIDAR_TOP_FRONT/LIDAR_TOP_FRONT_1692868182700956.pcd
3eff8fccbb5349549227dc1f6b06e87e,d7e011704a8042ccb7957f46d4ca1071,b71e2b6ba3fa4279b36bfd4b9720251e,LiDAR,LIDAR_TOP_FRONT,1692868183200760,True,samples,samples/LIDAR_TOP_FRONT/LIDAR_TOP_FRONT_1692868183200760.pcd
53afa08cb16a4741a5cb975863277bc4,2f4fede395ca4289b5163cffe58d0501,b71e2b6ba3fa4279b36bfd4b9720251e,LiDAR,LIDAR_TOP_FRONT,1692868183700950,True,samples,samples/LIDAR_TOP_FRONT/LIDAR_TOP_FRONT_1692868183700950.pcd
5f075b4cef6748888557796300dbcc8d,d71e2bb51e3246e0a8e9546b8f99ae00,b71e2b6ba3fa4279b36bfd4b9720251e,LiDAR,LIDAR_TOP_FRONT,1692868184200809,True,samples,samples/LIDAR_TOP_FRONT/LIDAR_TOP_FRONT_1692868184200809.pcd
52482e77127a4a5eb8b3a001c5d9edaa,25196b4ce7f3453aacba1b878527a664,b71e2b6ba3fa4279b36bfd4b9720251e,LiDAR,LIDAR_TOP_FRONT,1692868184700823,True,samples,samples/LIDAR_TOP_FRONT/LIDAR_TOP_FRONT_1692868184700823.pcd
500f131aa3ca44bab58b5f3ccc9b5e29,fe0fd4d7662043a1801a7b179bbca83e,b71e2b6ba3fa4279b36bfd4b9720251e,LiDAR,LIDAR_TOP_FRONT,1692868185200861,True,samples,samples/LIDAR_TOP_FRONT/LIDAR_TOP_FRONT_1692868185200861.pcd
f579a57e025f412c8d9b85c4c995c251,bdba889f16cc459ea62e9510edae53ad,b71e2b6ba3fa4279b36bfd4b9720251e,LiDAR,LIDAR_TOP_FRONT,1692868185700757,True,samples,samples/LIDAR_TOP_FRONT/LIDAR_TOP_FRONT_1692868185700757.pcd
2ec8c047422a4a0f8d503927e7c56aad,de4ed400cbab46b88194dc982bfb35a7,b71e2b6ba3fa4279b36bfd4b9720251e,LiDAR,LIDAR_TOP_FRONT,1692868186200701,True,samples,samples/LIDAR_TOP_FRONT/LIDAR_TOP_FRONT_1692868186200701.pcd
bbe6c0afbce647ec9592eb651ea42ea2,18636993a6aa40fa8d5ac8a038d9d050,b71e2b6ba3fa4279b36bfd4b9720251e,LiDAR,LIDAR_TOP_FRONT,1692868186700604,True,samples,samples/LIDAR_TOP_FRONT/LIDAR_TOP_FRONT_1692868186700604.pcd
ac0309709c3c45648088a4e3f8026064,4c0504969c67482cbdced0f9b049f6b8,b71e2b6ba3fa4279b36bfd4b9720251e,LiDAR,LIDAR_TOP_FRONT,1692868187200667,True,samples,samples/LIDAR_TOP_FRONT/LIDAR_TOP_FRONT_1692868187200667.pcd
fa467560daf9407aa0c95508e85c881a,e527f6f066f143d68f20aadb009db2a7,b71e2b6ba3fa4279b36bfd4b9720251e,LiDAR,LIDAR_TOP_FRONT,1692868187700824,True,samples,samples/LIDAR_TOP_FRONT/LIDAR_TOP_FRONT_1692868187700824.pcd
d87ad999b226442c858ccce340ce3dbf,ad8c44a11384426e915df188732b1a80,b71e2b6ba3fa4279b36bfd4b9720251e,LiDAR,LIDAR_TOP_FRONT,1692868188201067,True,samples,samples/LIDAR_TOP_FRONT/LIDAR_TOP_FRONT_1692868188201067.pcd
afa5d8feb5ff4929847d5feb2d239f89,c0c731e2934f4f61a21f188dbfafd519,b71e2b6ba3fa4279b36bfd4b9720251e,LiDAR,LIDAR_TOP_FRONT,1692868188701118,True,samples,samples/LIDAR_TOP_FRONT/LIDAR_TOP_FRONT_1692868188701118.pcd
e72484eb50fb4fd99d18bd4974eaee31,b9a7ec7fce4a4a4f96f5314c1c686fcf,b71e2b6ba3fa4279b36bfd4b9720251e,LiDAR,LIDAR_TOP_FRONT,1692868189201071,True,samples,samples/LIDAR_TOP_FRONT/LIDAR_TOP_FRONT_1692868189201071.pcd
02e0e4546c7a498fae8662cb2107e06f,90b359f78a9a4ef0bc84ff7b47b5f95e,b71e2b6ba3fa4279b36bfd4b9720251e,LiDAR,LIDAR_TOP_FRONT,1692868189701095,True,samples,samples/LIDAR_TOP_FRONT/LIDAR_TOP_FRONT_1692868189701095.pcd
d136be47ae684f5291b48480588e4cff,af7b2ad4a2604df3886477c19c351ceb,b71e2b6ba3fa4279b36bfd4b9720251e,LiDAR,LIDAR_TOP_FRONT,1692868190201197,True,samples,samples/LIDAR_TOP_FRONT/LIDAR_TOP_FRONT_1692868190201197.pcd
9dc43147780a4a3980cb1a97cfd144ac,3df88bfb6b784a84849fee4c12bd6821,b71e2b6ba3fa4279b36bfd4b9720251e,LiDAR,LIDAR_TOP_FRONT,1692868190701196,True,samples,samples/LIDAR_TOP_FRONT/LIDAR_TOP_FRONT_1692868190701196.pcd
51fdaeda9f7b480e83bcfc4ecbdd05c6,c6cd487764a64b81b6be7b68a5da2867,b71e2b6ba3fa4279b36bfd4b9720251e,LiDAR,LIDAR_TOP_FRONT,1692868191201005,True,samples,samples/LIDAR_TOP_FRONT/LIDAR_TOP_FRONT_1692868191201005.pcd
48077f69842b43de975160581581ecb4,454fa18d64d94009914137ce901c8e7c,b71e2b6ba3fa4279b36bfd4b9720251e,LiDAR,LIDAR_TOP_LEFT,1692868171676050,True,samples,samples/LIDAR_TOP_LEFT/LIDAR_TOP_LEFT_1692868171676050.pcd
f0920fe527ac440780920dc8fc2c5166,da505831bbb84ffc8e5ce6cf794037be,b71e2b6ba3fa4279b36bfd4b9720251e,LiDAR,LIDAR_TOP_LEFT,1692868172176299,True,samples,samples/LIDAR_TOP_LEFT/LIDAR_TOP_LEFT_1692868172176299.pcd
a145c334dbc84394b2ec63a6609eceac,8def0cf89dd94f1483002d209d33a00e,b71e2b6ba3fa4279b36bfd4b9720251e,LiDAR,LIDAR_TOP_LEFT,1692868172676295,True,samples,samples/LIDAR_TOP_LEFT/LIDAR_TOP_LEFT_1692868172676295.pcd
ffb0bc5f77e043cfbc0d45d774a0ac5d,aad3fc22cae6450ba76ce8c10ceb5862,b71e2b6ba3fa4279b36bfd4b9720251e,LiDAR,LIDAR_TOP_LEFT,1692868173176045,True,samples,samples/LIDAR_TOP_LEFT/LIDAR_TOP_LEFT_1692868173176045.pcd
3c1d9837970a4306b24fe9ccec8165b4,b758c76a38de4c96a259024c2603f725,b71e2b6ba3fa4279b36bfd4b9720251e,LiDAR,LIDAR_TOP_LEFT,1692868173676240,True,samples,samples/LIDAR_TOP_LEFT/LIDAR_TOP_LEFT_1692868173676240.pcd
6f0a30640f9e485b950f27c6d5b7be43,a253c803a4244cb9aa2a2b1963eeeea3,b71e2b6ba3fa4279b36bfd4b9720251e,LiDAR,LIDAR_TOP_LEFT,1692868174176252,True,samples,samples/LIDAR_TOP_LEFT/LIDAR_TOP_LEFT_1692868174176252.pcd
bf96d16307384252bc17a2247aa26d98,364e9aeabf004d098c42b93bd3f73344,b71e2b6ba3fa4279b36bfd4b9720251e,LiDAR,LIDAR_TOP_LEFT,1692868174676073,True,samples,samples/LIDAR_TOP_LEFT/LIDAR_TOP_LEFT_1692868174676073.pcd
46f84304dd8542e8a81fc17b02a7726b,e99ad15689f74cc1a7f2e92052fddbac,b71e2b6ba3fa4279b36bfd4b9720251e,LiDAR,LIDAR_TOP_LEFT,1692868175175907,True,samples,samples/LIDAR_TOP_LEFT/LIDAR_TOP_LEFT_1692868175175907.pcd
0c7b5d4208cd4fba97fa946338ef1f74,11ec72961e774527ac42ae08e165c7da,b71e2b6ba3fa4279b36bfd4b9720251e,LiDAR,LIDAR_TOP_LEFT,1692868175675787,True,samples,samples/LIDAR_TOP_LEFT/LIDAR_TOP_LEFT_1692868175675787.pcd
aa4eec9e23cd4690888997a739f60d2c,41c3b9f01b734b9cb4328ae85a868bf8,b71e2b6ba3fa4279b36bfd4b9720251e,LiDAR,LIDAR_TOP_LEFT,1692868176175942,True,samples,samples/LIDAR_TOP_LEFT/LIDAR_TOP_LEFT_1692868176175942.pcd
4468fa113ca74f36b93294bbf6a148f1,2c8d8a964ecd48c3ace81f8fdf2050c9,b71e2b6ba3fa4279b36bfd4b9720251e,LiDAR,LIDAR_TOP_LEFT,1692868176676031,True,samples,samples/LIDAR_TOP_LEFT/LIDAR_TOP_LEFT_1692868176676031.pcd
4adc277774cb44f087445ce742508256,454cf93d8f564ed4b6850fd594a7c089,b71e2b6ba3fa4279b36bfd4b9720251e,LiDAR,LIDAR_TOP_LEFT,1692868177176277,True,samples,samples/LIDAR_TOP_LEFT/LIDAR_TOP_LEFT_1692868177176277.pcd
ae52c6fe297349f8a5a6e2169c0125df,655c93866d21488d8b14981be5ddfd36,b71e2b6ba3fa4279b36bfd4b9720251e,LiDAR,LIDAR_TOP_LEFT,1692868177676432,True,samples,samples/LIDAR_TOP_LEFT/LIDAR_TOP_LEFT_1692868177676432.pcd
bfa8423a2bad45a0abaaec3821abfe58,961dd8adb97f43b190a8d038db47cccb,b71e2b6ba3fa4279b36bfd4b9720251e,LiDAR,LIDAR_TOP_LEFT,1692868178176429,True,samples,samples/LIDAR_TOP_LEFT/LIDAR_TOP_LEFT_1692868178176429.pcd
a59097b67ab642d0ae480cca8613b6ca,2e32e4f5865b472a9a5fbe25fbe36c64,b71e2b6ba3fa4279b36bfd4b9720251e,LiDAR,LIDAR_TOP_LEFT,1692868178676286,True,samples,samples/LIDAR_TOP_LEFT/LIDAR_TOP_LEFT_1692868178676286.pcd
5e105f63dbff4376994eaa5b25e13a17,23846abe608f4f79bc6d05d5ccc0ace7,b71e2b6ba3fa4279b36bfd4b9720251e,LiDAR,LIDAR_TOP_LEFT,1692868179176306,True,samples,samples/LIDAR_TOP_LEFT/LIDAR_TOP_LEFT_1692868179176306.pcd
4e60b4f629624bcc805ecda52e8b0c61,dbc47884027c46d3863f5bd9d34521a3,b71e2b6ba3fa4279b36bfd4b9720251e,LiDAR,LIDAR_TOP_LEFT,1692868179676301,True,samples,samples/LIDAR_TOP_LEFT/LIDAR_TOP_LEFT_1692868179676301.pcd
07e4d2bd911e4703b0ff5577dc1c6e39,685bef7dd155486cbb378a6ee743b1d9,b71e2b6ba3fa4279b36bfd4b9720251e,LiDAR,LIDAR_TOP_LEFT,1692868180176013,True,samples,samples/LIDAR_TOP_LEFT/LIDAR_TOP_LEFT_1692868180176013.pcd
d39c7309b4b74ff89a27876fbc996619,690c33ea05ed4616a30b2fee826bb639,b71e2b6ba3fa4279b36bfd4b9720251e,LiDAR,LIDAR_TOP_LEFT,1692868180675934,True,samples,samples/LIDAR_TOP_LEFT/LIDAR_TOP_LEFT_1692868180675934.pcd
1b5e40414a444633a0d102e6dde69e72,03a5d7bd3d0043998d6a760637d9aa50,b71e2b6ba3fa4279b36bfd4b9720251e,LiDAR,LIDAR_TOP_LEFT,1692868181175775,True,samples,samples/LIDAR_TOP_LEFT/LIDAR_TOP_LEFT_1692868181175775.pcd
d46da3bc545e45c7bb0ba9ab190f95e5,6fb7001af5df4b89bc914daebf9b8b9c,b71e2b6ba3fa4279b36bfd4b9720251e,LiDAR,LIDAR_TOP_LEFT,1692868181675925,True,samples,samples/LIDAR_TOP_LEFT/LIDAR_TOP_LEFT_1692868181675925.pcd
e5c4366bc2734f68832ae9dbe29cc61a,be06e5f9e4414f1e9b9280620e8059cc,b71e2b6ba3fa4279b36bfd4b9720251e,LiDAR,LIDAR_TOP_LEFT,1692868182176150,True,samples,samples/LIDAR_TOP_LEFT/LIDAR_TOP_LEFT_1692868182176150.pcd
26964002e6ca417095975ca5bf6112c3,9e8d42cc2ec2408ba1ae5cb948b5615f,b71e2b6ba3fa4279b36bfd4b9720251e,LiDAR,LIDAR_TOP_LEFT,1692868182676370,True,samples,samples/LIDAR_TOP_LEFT/LIDAR_TOP_LEFT_1692868182676370.pcd
3cff301263304138a2809deeed330378,d7e011704a8042ccb7957f46d4ca1071,b71e2b6ba3fa4279b36bfd4b9720251e,LiDAR,LIDAR_TOP_LEFT,1692868183176373,True,samples,samples/LIDAR_TOP_LEFT/LIDAR_TOP_LEFT_1692868183176373.pcd
177dad6b43e24bbf8d847cc41701f94d,2f4fede395ca4289b5163cffe58d0501,b71e2b6ba3fa4279b36bfd4b9720251e,LiDAR,LIDAR_TOP_LEFT,1692868183676224,True,samples,samples/LIDAR_TOP_LEFT/LIDAR_TOP_LEFT_1692868183676224.pcd
3a36f5d20e7d48f982c5b87e29df9d4e,d71e2bb51e3246e0a8e9546b8f99ae00,b71e2b6ba3fa4279b36bfd4b9720251e,LiDAR,LIDAR_TOP_LEFT,1692868184176068,True,samples,samples/LIDAR_TOP_LEFT/LIDAR_TOP_LEFT_1692868184176068.pcd
c963b602c5f8411980346082cd2e2208,25196b4ce7f3453aacba1b878527a664,b71e2b6ba3fa4279b36bfd4b9720251e,LiDAR,LIDAR_TOP_LEFT,1692868184676042,True,samples,samples/LIDAR_TOP_LEFT/LIDAR_TOP_LEFT_1692868184676042.pcd
e7ea3998c8c54573b2d4c1c9f9f759a8,fe0fd4d7662043a1801a7b179bbca83e,b71e2b6ba3fa4279b36bfd4b9720251e,LiDAR,LIDAR_TOP_LEFT,1692868185175964,True,samples,samples/LIDAR_TOP_LEFT/LIDAR_TOP_LEFT_1692868185175964.pcd
6ae3347089f24970a1d7a4e48334cd14,bdba889f16cc459ea62e9510edae53ad,b71e2b6ba3fa4279b36bfd4b9720251e,LiDAR,LIDAR_TOP_LEFT,1692868185675927,True,samples,samples/LIDAR_TOP_LEFT/LIDAR_TOP_LEFT_1692868185675927.pcd
29bfa04a41304fd3803c84a66ac04549,de4ed400cbab46b88194dc982bfb35a7,b71e2b6ba3fa4279b36bfd4b9720251e,LiDAR,LIDAR_TOP_LEFT,1692868186175882,True,samples,samples/LIDAR_TOP_LEFT/LIDAR_TOP_LEFT_1692868186175882.pcd
352efa8b75dd43dea71309c11db39e48,18636993a6aa40fa8d5ac8a038d9d050,b71e2b6ba3fa4279b36bfd4b9720251e,LiDAR,LIDAR_TOP_LEFT,1692868186675937,True,samples,samples/LIDAR_TOP_LEFT/LIDAR_TOP_LEFT_1692868186675937.pcd
59fe0327128245ba87509d3b1f1c18b4,4c0504969c67482cbdced0f9b049f6b8,b71e2b6ba3fa4279b36bfd4b9720251e,LiDAR,LIDAR_TOP_LEFT,1692868187176198,True,samples,samples/LIDAR_TOP_LEFT/LIDAR_TOP_LEFT_1692868187176198.pcd
97275187a68e413d902ccd631305b16f,e527f6f066f143d68f20aadb009db2a7,b71e2b6ba3fa4279b36bfd4b9720251e,LiDAR,LIDAR_TOP_LEFT,1692868187676369,True,samples,samples/LIDAR_TOP_LEFT/LIDAR_TOP_LEFT_1692868187676369.pcd
31b820c9033e4919b698bfcd498a15ba,ad8c44a11384426e915df188732b1a80,b71e2b6ba3fa4279b36bfd4b9720251e,LiDAR,LIDAR_TOP_LEFT,1692868188176303,True,samples,samples/LIDAR_TOP_LEFT/LIDAR_TOP_LEFT_1692868188176303.pcd
5ed388d5e09c47688f322e4a0d7fb4dd,c0c731e2934f4f61a21f188dbfafd519,b71e2b6ba3fa4279b36bfd4b9720251e,LiDAR,LIDAR_TOP_LEFT,1692868188676271,True,samples,samples/LIDAR_TOP_LEFT/LIDAR_TOP_LEFT_1692868188676271.pcd
4b5b74af14e4429f958b1f10493c5af8,b9a7ec7fce4a4a4f96f5314c1c686fcf,b71e2b6ba3fa4279b36bfd4b9720251e,LiDAR,LIDAR_TOP_LEFT,1692868189176009,True,samples,samples/LIDAR_TOP_LEFT/LIDAR_TOP_LEFT_1692868189176009.pcd
ce78ca4d04f748fc85f3b5dc8ef80fe3,90b359f78a9a4ef0bc84ff7b47b5f95e,b71e2b6ba3fa4279b36bfd4b9720251e,LiDAR,LIDAR_TOP_LEFT,1692868189675859,True,samples,samples/LIDAR_TOP_LEFT/LIDAR_TOP_LEFT_1692868189675859.pcd
062dcdb7771f4fceb2bfb83cc0c97a41,af7b2ad4a2604df3886477c19c351ceb,b71e2b6ba3fa4279b36bfd4b9720251e,LiDAR,LIDAR_TOP_LEFT,1692868190175875,True,samples,samples/LIDAR_TOP_LEFT/LIDAR_TOP_LEFT_1692868190175875.pcd
8c1e35f8c70f4a9db8fbbc86c72f8a4f,3df88bfb6b784a84849fee4c12bd6821,b71e2b6ba3fa4279b36bfd4b9720251e,LiDAR,LIDAR_TOP_LEFT,1692868190676004,True,samples,samples/LIDAR_TOP_LEFT/LIDAR_TOP_LEFT_1692868190676004.pcd
8b1483dbda10490d9530323503bf25dc,c6cd487764a64b81b6be7b68a5da2867,b71e2b6ba3fa4279b36bfd4b9720251e,LiDAR,LIDAR_TOP_LEFT,1692868191176164,True,samples,samples/LIDAR_TOP_LEFT/LIDAR_TOP_LEFT_1692868191176164.pcd
89d6a21c23654fa39a1aae5b202d1e6e,454fa18d64d94009914137ce901c8e7c,b71e2b6ba3fa4279b36bfd4b9720251e,LiDAR,LIDAR_TOP_RIGHT,1692868171726381,True,samples,samples/LIDAR_TOP_RIGHT/LIDAR_TOP_RIGHT_1692868171726381.pcd
54a52120de4d4e02959499a14ab2b08c,da505831bbb84ffc8e5ce6cf794037be,b71e2b6ba3fa4279b36bfd4b9720251e,LiDAR,LIDAR_TOP_RIGHT,1692868172226131,True,samples,samples/LIDAR_TOP_RIGHT/LIDAR_TOP_RIGHT_1692868172226131.pcd
dff5f15c77a7427c8b8764372ed0154e,8def0cf89dd94f1483002d209d33a00e,b71e2b6ba3fa4279b36bfd4b9720251e,LiDAR,LIDAR_TOP_RIGHT,1692868172725848,True,samples,samples/LIDAR_TOP_RIGHT/LIDAR_TOP_RIGHT_1692868172725848.pcd
1946ef529520487bae9c54df9eb0572f,aad3fc22cae6450ba76ce8c10ceb5862,b71e2b6ba3fa4279b36bfd4b9720251e,LiDAR,LIDAR_TOP_RIGHT,1692868173226132,True,samples,samples/LIDAR_TOP_RIGHT/LIDAR_TOP_RIGHT_1692868173226132.pcd
f1bdce9d5a954f5fa1daa5a8a11902e5,b758c76a38de4c96a259024c2603f725,b71e2b6ba3fa4279b36bfd4b9720251e,LiDAR,LIDAR_TOP_RIGHT,1692868173726152,True,samples,samples/LIDAR_TOP_RIGHT/LIDAR_TOP_RIGHT_1692868173726152.pcd
c01385fb19fd4c5dba367cbe7478ac71,a253c803a4244cb9aa2a2b1963eeeea3,b71e2b6ba3fa4279b36bfd4b9720251e,LiDAR,LIDAR_TOP_RIGHT,1692868174226377,True,samples,samples/LIDAR_TOP_RIGHT/LIDAR_TOP_RIGHT_1692868174226377.pcd
238b1a45da31463a9760924a99b39342,364e9aeabf004d098c42b93bd3f73344,b71e2b6ba3fa4279b36bfd4b9720251e,LiDAR,LIDAR_TOP_RIGHT,1692868174726491,True,samples,samples/LIDAR_TOP_RIGHT/LIDAR_TOP_RIGHT_1692868174726491.pcd
706f7f247b8f4355b2ff193cc23da1cb,e99ad15689f74cc1a7f2e92052fddbac,b71e2b6ba3fa4279b36bfd4b9720251e,LiDAR,LIDAR_TOP_RIGHT,1692868175226466,True,samples,samples/LIDAR_TOP_RIGHT/LIDAR_TOP_RIGHT_1692868175226466.pcd
e341db5ae7004533a509026c8b5989b7,11ec72961e774527ac42ae08e165c7da,b71e2b6ba3fa4279b36bfd4b9720251e,LiDAR,LIDAR_TOP_RIGHT,1692868175726523,True,samples,samples/LIDAR_TOP_RIGHT/LIDAR_TOP_RIGHT_1692868175726523.pcd
d33d9300ef574d059036492653a6eb65,41c3b9f01b734b9cb4328ae85a868bf8,b71e2b6ba3fa4279b36bfd4b9720251e,LiDAR,LIDAR_TOP_RIGHT,1692868176226572,True,samples,samples/LIDAR_TOP_RIGHT/LIDAR_TOP_RIGHT_1692868176226572.pcd
b7af978c71a247abb941ff6a38de04f0,2c8d8a964ecd48c3ace81f8fdf2050c9,b71e2b6ba3fa4279b36bfd4b9720251e,LiDAR,LIDAR_TOP_RIGHT,1692868176726470,True,samples,samples/LIDAR_TOP_RIGHT/LIDAR_TOP_RIGHT_1692868176726470.pcd
bcc2630b96df498e96600a4d582d1e76,454cf93d8f564ed4b6850fd594a7c089,b71e2b6ba3fa4279b36bfd4b9720251e,LiDAR,LIDAR_TOP_RIGHT,1692868177226485,True,samples,samples/LIDAR_TOP_RIGHT/LIDAR_TOP_RIGHT_1692868177226485.pcd
a824d2d309b844b8bbed7f81af08717d,655c93866d21488d8b14981be5ddfd36,b71e2b6ba3fa4279b36bfd4b9720251e,LiDAR,LIDAR_TOP_RIGHT,1692868177726394,True,samples,samples/LIDAR_TOP_RIGHT/LIDAR_TOP_RIGHT_1692868177726394.pcd
95933c6b40db425bb5fcba473c3761c2,961dd8adb97f43b190a8d038db47cccb,b71e2b6ba3fa4279b36bfd4b9720251e,LiDAR,LIDAR_TOP_RIGHT,1692868178226294,True,samples,samples/LIDAR_TOP_RIGHT/LIDAR_TOP_RIGHT_1692868178226294.pcd
85b4dc524a8e48d1be4885e408abaa20,2e32e4f5865b472a9a5fbe25fbe36c64,b71e2b6ba3fa4279b36bfd4b9720251e,LiDAR,LIDAR_TOP_RIGHT,1692868178726200,True,samples,samples/LIDAR_TOP_RIGHT/LIDAR_TOP_RIGHT_1692868178726200.pcd
efa7f2098a044612bd839831fedcfd94,23846abe608f4f79bc6d05d5ccc0ace7,b71e2b6ba3fa4279b36bfd4b9720251e,LiDAR,LIDAR_TOP_RIGHT,1692868179226094,True,samples,samples/LIDAR_TOP_RIGHT/LIDAR_TOP_RIGHT_1692868179226094.pcd
08a49f468d66455c8cbfde90ff7991d9,dbc47884027c46d3863f5bd9d34521a3,b71e2b6ba3fa4279b36bfd4b9720251e,LiDAR,LIDAR_TOP_RIGHT,1692868179725977,True,samples,samples/LIDAR_TOP_RIGHT/LIDAR_TOP_RIGHT_1692868179725977.pcd
7dc84ed6b4094adfade5f249b100270b,685bef7dd155486cbb378a6ee743b1d9,b71e2b6ba3fa4279b36bfd4b9720251e,LiDAR,LIDAR_TOP_RIGHT,1692868180226051,True,samples,samples/LIDAR_TOP_RIGHT/LIDAR_TOP_RIGHT_1692868180226051.pcd
e09ca6d00a0c47b5bd34c2c562000e7b,690c33ea05ed4616a30b2fee826bb639,b71e2b6ba3fa4279b36bfd4b9720251e,LiDAR,LIDAR_TOP_RIGHT,1692868180726130,True,samples,samples/LIDAR_TOP_RIGHT/LIDAR_TOP_RIGHT_1692868180726130.pcd
1e3d876e40be4bc192d1b087ef76d761,03a5d7bd3d0043998d6a760637d9aa50,b71e2b6ba3fa4279b36bfd4b9720251e,LiDAR,LIDAR_TOP_RIGHT,1692868181226190,True,samples,samples/LIDAR_TOP_RIGHT/LIDAR_TOP_RIGHT_1692868181226190.pcd
16416554999d4a4ea2610ad6eef51a87,6fb7001af5df4b89bc914daebf9b8b9c,b71e2b6ba3fa4279b36bfd4b9720251e,LiDAR,LIDAR_TOP_RIGHT,1692868181726307,True,samples,samples/LIDAR_TOP_RIGHT/LIDAR_TOP_RIGHT_1692868181726307.pcd
ceec9035d7d4423cb366f70a8e757128,be06e5f9e4414f1e9b9280620e8059cc,b71e2b6ba3fa4279b36bfd4b9720251e,LiDAR,LIDAR_TOP_RIGHT,1692868182226368,True,samples,samples/LIDAR_TOP_RIGHT/LIDAR_TOP_RIGHT_1692868182226368.pcd
2c3da7f0338b403587696ecbb7debc71,9e8d42cc2ec2408ba1ae5cb948b5615f,b71e2b6ba3fa4279b36bfd4b9720251e,LiDAR,LIDAR_TOP_RIGHT,1692868182726326,True,samples,samples/LIDAR_TOP_RIGHT/LIDAR_TOP_RIGHT_1692868182726326.pcd
a3d2640bafb3429b9092cff86b21d137,d7e011704a8042ccb7957f46d4ca1071,b71e2b6ba3fa4279b36bfd4b9720251e,LiDAR,LIDAR_TOP_RIGHT,1692868183226156,True,samples,samples/LIDAR_TOP_RIGHT/LIDAR_TOP_RIGHT_1692868183226156.pcd
f86e5c36742d4c32b889d65529c04920,2f4fede395ca4289b5163cffe58d0501,b71e2b6ba3fa4279b36bfd4b9720251e,LiDAR,LIDAR_TOP_RIGHT,1692868183726062,True,samples,samples/LIDAR_TOP_RIGHT/LIDAR_TOP_RIGHT_1692868183726062.pcd
863d9fc01ea442079faf84f1a4e291ba,d71e2bb51e3246e0a8e9546b8f99ae00,b71e2b6ba3fa4279b36bfd4b9720251e,LiDAR,LIDAR_TOP_RIGHT,1692868184226123,True,samples,samples/LIDAR_TOP_RIGHT/LIDAR_TOP_RIGHT_1692868184226123.pcd
e4f945ca4cbf43d5b64997541a81ac37,25196b4ce7f3453aacba1b878527a664,b71e2b6ba3fa4279b36bfd4b9720251e,LiDAR,LIDAR_TOP_RIGHT,1692868184726020,True,samples,samples/LIDAR_TOP_RIGHT/LIDAR_TOP_RIGHT_1692868184726020.pcd
9f3fbe6f8f9144109418fc5242ee3ea3,fe0fd4d7662043a1801a7b179bbca83e,b71e2b6ba3fa4279b36bfd4b9720251e,LiDAR,LIDAR_TOP_RIGHT,1692868185226039,True,samples,samples/LIDAR_TOP_RIGHT/LIDAR_TOP_RIGHT_1692868185226039.pcd
14fff0caeae04b31a1eed88de52aceb2,bdba889f16cc459ea62e9510edae53ad,b71e2b6ba3fa4279b36bfd4b9720251e,LiDAR,LIDAR_TOP_RIGHT,1692868185726026,True,samples,samples/LIDAR_TOP_RIGHT/LIDAR_TOP_RIGHT_1692868185726026.pcd
f7262e85c1054b22af79729eaf3ea42d,de4ed400cbab46b88194dc982bfb35a7,b71e2b6ba3fa4279b36bfd4b9720251e,LiDAR,LIDAR_TOP_RIGHT,1692868186226052,True,samples,samples/LIDAR_TOP_RIGHT/LIDAR_TOP_RIGHT_1692868186226052.pcd
d9851b055e354dfc92a3bfc6c00a5e40,18636993a6aa40fa8d5ac8a038d9d050,b71e2b6ba3fa4279b36bfd4b9720251e,LiDAR,LIDAR_TOP_RIGHT,1692868186726221,True,samples,samples/LIDAR_TOP_RIGHT/LIDAR_TOP_RIGHT_1692868186726221.pcd
f782f8c2fef14cc6af491c422605f9e8,4c0504969c67482cbdced0f9b049f6b8,b71e2b6ba3fa4279b36bfd4b9720251e,LiDAR,LIDAR_TOP_RIGHT,1692868187226164,True,samples,samples/LIDAR_TOP_RIGHT/LIDAR_TOP_RIGHT_1692868187226164.pcd
f01eb1f33f3f4b9cb45eaec9901efa0c,e527f6f066f143d68f20aadb009db2a7,b71e2b6ba3fa4279b36bfd4b9720251e,LiDAR,LIDAR_TOP_RIGHT,1692868187726401,True,samples,samples/LIDAR_TOP_RIGHT/LIDAR_TOP_RIGHT_1692868187726401.pcd
3c34cc90a44542aa93fddbc6e74e9bc3,ad8c44a11384426e915df188732b1a80,b71e2b6ba3fa4279b36bfd4b9720251e,LiDAR,LIDAR_TOP_RIGHT,1692868188226236,True,samples,samples/LIDAR_TOP_RIGHT/LIDAR_TOP_RIGHT_1692868188226236.pcd
5ae8c3d066c644618dd5ee71f7ce0bea,c0c731e2934f4f61a21f188dbfafd519,b71e2b6ba3fa4279b36bfd4b9720251e,LiDAR,LIDAR_TOP_RIGHT,1692868188726510,True,samples,samples/LIDAR_TOP_RIGHT/LIDAR_TOP_RIGHT_1692868188726510.pcd
2f2c43b1106f47bc8589937079be9f04,b9a7ec7fce4a4a4f96f5314c1c686fcf,b71e2b6ba3fa4279b36bfd4b9720251e,LiDAR,LIDAR_TOP_RIGHT,1692868189226364,True,samples,samples/LIDAR_TOP_RIGHT/LIDAR_TOP_RIGHT_1692868189226364.pcd
64f43ff80c8040f1a4481b9e51f5d5e7,90b359f78a9a4ef0bc84ff7b47b5f95e,b71e2b6ba3fa4279b36bfd4b9720251e,LiDAR,LIDAR_TOP_RIGHT,1692868189726302,True,samples,samples/LIDAR_TOP_RIGHT/LIDAR_TOP_RIGHT_1692868189726302.pcd
7b159504a4634b16b190715f56ed23af,af7b2ad4a2604df3886477c19c351ceb,b71e2b6ba3fa4279b36bfd4b9720251e,LiDAR,LIDAR_TOP_RIGHT,1692868190226241,True,samples,samples/LIDAR_TOP_RIGHT/LIDAR_TOP_RIGHT_1692868190226241.pcd
f1265378102b426ea3ee7eeccbabfa2c,3df88bfb6b784a84849fee4c12bd6821,b71e2b6ba3fa4279b36bfd4b9720251e,LiDAR,LIDAR_TOP_RIGHT,1692868190726280,True,samples,samples/LIDAR_TOP_RIGHT/LIDAR_TOP_RIGHT_1692868190726280.pcd
306a1959a6834903b926c3c21a94299c,c6cd487764a64b81b6be7b68a5da2867,b71e2b6ba3fa4279b36bfd4b9720251e,LiDAR,LIDAR_TOP_RIGHT,1692868191226327,True,samples,samples/LIDAR_TOP_RIGHT/LIDAR_TOP_RIGHT_1692868191226327.pcd
0c9251c33ae1484780224a52a9f8fcb5,454fa18d64d94009914137ce901c8e7c,b71e2b6ba3fa4279b36bfd4b9720251e,LiDAR,LIDAR_REAR,1692868171650062,True,samples,samples/LIDAR_REAR/LIDAR_REAR_1692868171650062.pcd
637a8f3e14f14d33ba9c7fb8b8a5e3b7,da505831bbb84ffc8e5ce6cf794037be,b71e2b6ba3fa4279b36bfd4b9720251e,LiDAR,LIDAR_REAR,1692868172149975,True,samples,samples/LIDAR_REAR/LIDAR_REAR_1692868172149975.pcd
5ba684a6b2eb4ac59e998b4f3438201a,8def0cf89dd94f1483002d209d33a00e,b71e2b6ba3fa4279b36bfd4b9720251e,LiDAR,LIDAR_REAR,1692868172649940,True,samples,samples/LIDAR_REAR/LIDAR_REAR_1692868172649940.pcd
ec7e593ae5554186b2bf3fb498140174,aad3fc22cae6450ba76ce8c10ceb5862,b71e2b6ba3fa4279b36bfd4b9720251e,LiDAR,LIDAR_REAR,1692868173150018,True,samples,samples/LIDAR_REAR/LIDAR_REAR_1692868173150018.pcd
28767ccf20a942fc84cf2a100b39a360,b758c76a38de4c96a259024c2603f725,b71e2b6ba3fa4279b36bfd4b9720251e,LiDAR,LIDAR_REAR,1692868173649998,True,samples,samples/LIDAR_REAR/LIDAR_REAR_1692868173649998.pcd
9b4d805aa3584e3082d3a6bed2dec726,a253c803a4244cb9aa2a2b1963eeeea3,b71e2b6ba3fa4279b36bfd4b9720251e,LiDAR,LIDAR_REAR,1692868174150215,True,samples,samples/LIDAR_REAR/LIDAR_REAR_1692868174150215.pcd
688f8e8b119e4938ae7152e84740a398,364e9aeabf004d098c42b93bd3f73344,b71e2b6ba3fa4279b36bfd4b9720251e,LiDAR,LIDAR_REAR,1692868174650332,True,samples,samples/LIDAR_REAR/LIDAR_REAR_1692868174650332.pcd
debd9b49128b46438a888a0cca6f6f85,e99ad15689f74cc1a7f2e92052fddbac,b71e2b6ba3fa4279b36bfd4b9720251e,LiDAR,LIDAR_REAR,1692868175150135,True,samples,samples/LIDAR_REAR/LIDAR_REAR_1692868175150135.pcd
b504917010654f7a920e34ff20fef30f,11ec72961e774527ac42ae08e165c7da,b71e2b6ba3fa4279b36bfd4b9720251e,LiDAR,LIDAR_REAR,1692868175650092,True,samples,samples/LIDAR_REAR/LIDAR_REAR_1692868175650092.pcd
b0919dd1b5e54115a938b487fb283f95,41c3b9f01b734b9cb4328ae85a868bf8,b71e2b6ba3fa4279b36bfd4b9720251e,LiDAR,LIDAR_REAR,1692868176150050,True,samples,samples/LIDAR_REAR/LIDAR_REAR_1692868176150050.pcd
0121372d625a4dae83729cf675f09dc6,2c8d8a964ecd48c3ace81f8fdf2050c9,b71e2b6ba3fa4279b36bfd4b9720251e,LiDAR,LIDAR_REAR,1692868176650071,True,samples,samples/LIDAR_REAR/LIDAR_REAR_1692868176650071.pcd
5093dddc5a9e4bdaadeb378ba1fb4369,454cf93d8f564ed4b6850fd594a7c089,b71e2b6ba3fa4279b36bfd4b9720251e,LiDAR,LIDAR_REAR,1692868177150045,True,samples,samples/LIDAR_REAR/LIDAR_REAR_1692868177150045.pcd
4331e07afef84769bd02a90d87a6e936,655c93866d21488d8b14981be5ddfd36,b71e2b6ba3fa4279b36bfd4b9720251e,LiDAR,LIDAR_REAR,1692868177649978,True,samples,samples/LIDAR_REAR/LIDAR_REAR_1692868177649978.pcd
3ee0ad0682dc4871966f1302c4d9d333,961dd8adb97f43b190a8d038db47cccb,b71e2b6ba3fa4279b36bfd4b9720251e,LiDAR,LIDAR_REAR,1692868178150080,True,samples,samples/LIDAR_REAR/LIDAR_REAR_1692868178150080.pcd
6a4320d2736c4e7796d5a38abc31b9cc,2e32e4f5865b472a9a5fbe25fbe36c64,b71e2b6ba3fa4279b36bfd4b9720251e,LiDAR,LIDAR_REAR,1692868178650128,True,samples,samples/LIDAR_REAR/LIDAR_REAR_1692868178650128.pcd
ad12d561592a4010b5e504fbb0e5102f,23846abe608f4f79bc6d05d5ccc0ace7,b71e2b6ba3fa4279b36bfd4b9720251e,LiDAR,LIDAR_REAR,1692868179150321,True,samples,samples/LIDAR_REAR/LIDAR_REAR_1692868179150321.pcd
9d0f34011ad14fb695207fcade88b086,dbc47884027c46d3863f5bd9d34521a3,b71e2b6ba3fa4279b36bfd4b9720251e,LiDAR,LIDAR_REAR,1692868179650407,True,samples,samples/LIDAR_REAR/LIDAR_REAR_1692868179650407.pcd
8e5a57e544364c92bb515a69108b1635,685bef7dd155486cbb378a6ee743b1d9,b71e2b6ba3fa4279b36bfd4b9720251e,LiDAR,LIDAR_REAR,1692868180150341,True,samples,samples/LIDAR_REAR/LIDAR_REAR_1692868180150341.pcd
e8feb13eba3c483fa365d028aedd3070,690c33ea05ed4616a30b2fee826bb639,b71e2b6ba3fa4279b36bfd4b9720251e,LiDAR,LIDAR_REAR,1692868180650383,True,samples,samples/LIDAR_REAR/LIDAR_REAR_1692868180650383.pcd
d9ed9dbda7b74d03a04592c19b061569,03a5d7bd3d0043998d6a760637d9aa50,b71e2b6ba3fa4279b36bfd4b9720251e,LiDAR,LIDAR_REAR,1692868181150403,True,samples,samples/LIDAR_REAR/LIDAR_REAR_1692868181150403.pcd
4d747f9f2f3d44adafa84fdf75dfe22d,6fb7001af5df4b89bc914daebf9b8b9c,b71e2b6ba3fa4279b36bfd4b9720251e,LiDAR,LIDAR_REAR,1692868181650256,True,samples,samples/LIDAR_REAR/LIDAR_REAR_1692868181650256.pcd
f2ac5da3ce84424f85d44957719db35c,be06e5f9e4414f1e9b9280620e8059cc,b71e2b6ba3fa4279b36bfd4b9720251e,LiDAR,LIDAR_REAR,1692868182150299,True,samples,samples/LIDAR_REAR/LIDAR_REAR_1692868182150299.pcd
b20628c7fe994ce1b6d859625e5c5283,9e8d42cc2ec2408ba1ae5cb948b5615f,b71e2b6ba3fa4279b36bfd4b9720251e,LiDAR,LIDAR_REAR,1692868182650183,True,samples,samples/LIDAR_REAR/LIDAR_REAR_1692868182650183.pcd
4e3da306cad444cead48fd6c998fa224,d7e011704a8042ccb7957f46d4ca1071,b71e2b6ba3fa4279b36bfd4b9720251e,LiDAR,LIDAR_REAR,1692868183150254,True,samples,samples/LIDAR_REAR/LIDAR_REAR_1692868183150254.pcd
688a59ccaa4a4af3853eb0d657c4eb8a,2f4fede395ca4289b5163cffe58d0501,b71e2b6ba3fa4279b36bfd4b9720251e,LiDAR,LIDAR_REAR,1692868183650141,True,samples,samples/LIDAR_REAR/LIDAR_REAR_1692868183650141.pcd
d5dee98f96fb4c809bfe5dc98302ec4d,d71e2bb51e3246e0a8e9546b8f99ae00,b71e2b6ba3fa4279b36bfd4b9720251e,LiDAR,LIDAR_REAR,1692868184150088,True,samples,samples/LIDAR_REAR/LIDAR_REAR_1692868184150088.pcd
c040e8e29a6148409e0b902d2bade5b8,25196b4ce7f3453aacba1b878527a664,b71e2b6ba3fa4279b36bfd4b9720251e,LiDAR,LIDAR_REAR,1692868184650046,True,samples,samples/LIDAR_REAR/LIDAR_REAR_1692868184650046.pcd
9823b183f15c468d94d919dfe18c9cfa,fe0fd4d7662043a1801a7b179bbca83e,b71e2b6ba3fa4279b36bfd4b9720251e,LiDAR,LIDAR_REAR,1692868185149980,True,samples,samples/LIDAR_REAR/LIDAR_REAR_1692868185149980.pcd
b46714c0eb784fe1a9314af97e9ac4e4,bdba889f16cc459ea62e9510edae53ad,b71e2b6ba3fa4279b36bfd4b9720251e,LiDAR,LIDAR_REAR,1692868185649988,True,samples,samples/LIDAR_REAR/LIDAR_REAR_1692868185649988.pcd
a8fe7129e9d84cc8a9ddb12bb32bb34a,de4ed400cbab46b88194dc982bfb35a7,b71e2b6ba3fa4279b36bfd4b9720251e,LiDAR,LIDAR_REAR,1692868186150080,True,samples,samples/LIDAR_REAR/LIDAR_REAR_1692868186150080.pcd
223ff645e0574bad97ad5cb3702b556d,18636993a6aa40fa8d5ac8a038d9d050,b71e2b6ba3fa4279b36bfd4b9720251e,LiDAR,LIDAR_REAR,1692868186650280,True,samples,samples/LIDAR_REAR/LIDAR_REAR_1692868186650280.pcd
433f8ea78bd940f28de080921ace1c25,4c0504969c67482cbdced0f9b049f6b8,b71e2b6ba3fa4279b36bfd4b9720251e,LiDAR,LIDAR_REAR,1692868187150193,True,samples,samples/LIDAR_REAR/LIDAR_REAR_1692868187150193.pcd
283957862dd5421392920bf023ecde89,e527f6f066f143d68f20aadb009db2a7,b71e2b6ba3fa4279b36bfd4b9720251e,LiDAR,LIDAR_REAR,1692868187650444,True,samples,samples/LIDAR_REAR/LIDAR_REAR_1692868187650444.pcd
443aa3ee54184fe98a6bc2bef33a8ab7,ad8c44a11384426e915df188732b1a80,b71e2b6ba3fa4279b36bfd4b9720251e,LiDAR,LIDAR_REAR,1692868188150259,True,samples,samples/LIDAR_REAR/LIDAR_REAR_1692868188150259.pcd
eb5b6add965447219675c7cc6f97c1fd,c0c731e2934f4f61a21f188dbfafd519,b71e2b6ba3fa4279b36bfd4b9720251e,LiDAR,LIDAR_REAR,1692868188650267,True,samples,samples/LIDAR_REAR/LIDAR_REAR_1692868188650267.pcd
f0d620b4e5ca422e88bbab21178bb184,b9a7ec7fce4a4a4f96f5314c1c686fcf,b71e2b6ba3fa4279b36bfd4b9720251e,LiDAR,LIDAR_REAR,1692868189150245,True,samples,samples/LIDAR_REAR/LIDAR_REAR_1692868189150245.pcd
02db01756dbd4ec5a1290650b67615e5,90b359f78a9a4ef0bc84ff7b47b5f95e,b71e2b6ba3fa4279b36bfd4b9720251e,LiDAR,LIDAR_REAR,1692868189650134,True,samples,samples/LIDAR_REAR/LIDAR_REAR_1692868189650134.pcd
9df9fb280b25456d99d2abe6f44fc894,af7b2ad4a2604df3886477c19c351ceb,b71e2b6ba3fa4279b36bfd4b9720251e,LiDAR,LIDAR_REAR,1692868190149969,True,samples,samples/LIDAR_REAR/LIDAR_REAR_1692868190149969.pcd
bd95727e519643aebea813f5c9f12e81,3df88bfb6b784a84849fee4c12bd6821,b71e2b6ba3fa4279b36bfd4b9720251e,LiDAR,LIDAR_REAR,1692868190650024,True,samples,samples/LIDAR_REAR/LIDAR_REAR_1692868190650024.pcd
17bb1852318d4a019190dc9c23737f22,c6cd487764a64b81b6be7b68a5da2867,b71e2b6ba3fa4279b36bfd4b9720251e,LiDAR,LIDAR_REAR,1692868191150010,True,samples,samples/LIDAR_REAR/LIDAR_REAR_1692868191150010.pcd
e3227a4520d6446ca0d249ea907153c3,c697554e47f54d808bc04430ee0c096a,fb0a3d4e84c74b07ba0997891ed12f0b,LiDAR,LIDAR_LEFT,1693037629787364,True,samples,samples/LIDAR_LEFT/LIDAR_LEFT_1693037629787364.pcd
40bf8929b70a465fa57530fecab59be0,c1fa7ae3e9e841669977535cab99f9e5,fb0a3d4e84c74b07ba0997891ed12f0b,LiDAR,LIDAR_LEFT,1693037630287444,True,samples,samples/LIDAR_LEFT/LIDAR_LEFT_1693037630287444.pcd
827d9271146b433fb9ddcfef31cc166c,88f45c2252de4a4ab521c379295691b8,fb0a3d4e84c74b07ba0997891ed12f0b,LiDAR,LIDAR_LEFT,1693037630787740,True,samples,samples/LIDAR_LEFT/LIDAR_LEFT_1693037630787740.pcd
333f565156c346c9aeee856513f7f3be,edda21af0d3746509b92cd66626f3c22,fb0a3d4e84c74b07ba0997891ed12f0b,LiDAR,LIDAR_LEFT,1693037631287972,True,samples,samples/LIDAR_LEFT/LIDAR_LEFT_1693037631287972.pcd
f6726c2958084a18b08ef1e98684cae8,be9fd92af46f405a81143c4ebc2ec6e8,fb0a3d4e84c74b07ba0997891ed12f0b,LiDAR,LIDAR_LEFT,1693037631787487,True,samples,samples/LIDAR_LEFT/LIDAR_LEFT_1693037631787487.pcd
a798042e37d345f1a22161b88830e75c,bb645fdd377641b0bf0cc0e237c8f921,fb0a3d4e84c74b07ba0997891ed12f0b,LiDAR,LIDAR_LEFT,1693037632287254,True,samples,samples/LIDAR_LEFT/LIDAR_LEFT_1693037632287254.pcd
0562b7d53e944606bb84ac769459deaf,b47fb153d525405b9a0969ed13866d47,fb0a3d4e84c74b07ba0997891ed12f0b,LiDAR,LIDAR_LEFT,1693037632787342,True,samples,samples/LIDAR_LEFT/LIDAR_LEFT_1693037632787342.pcd
88b67ba7872b4c139ecf1d27580bf0a7,22a144007355442b88302e98c8bdfcc3,fb0a3d4e84c74b07ba0997891ed12f0b,LiDAR,LIDAR_LEFT,1693037633287502,True,samples,samples/LIDAR_LEFT/LIDAR_LEFT_1693037633287502.pcd
d8f8a4194a4a4cad992e31fc9684d245,65e601eefa2c4897aa403b73eb732f4b,fb0a3d4e84c74b07ba0997891ed12f0b,LiDAR,LIDAR_LEFT,1693037633787779,True,samples,samples/LIDAR_LEFT/LIDAR_LEFT_1693037633787779.pcd
285ff7e7f28244439ef486a2b01b5444,5fa7a0d7ce294937aa6c752ffc289a99,fb0a3d4e84c74b07ba0997891ed12f0b,LiDAR,LIDAR_LEFT,1693037634287580,True,samples,samples/LIDAR_LEFT/LIDAR_LEFT_1693037634287580.pcd
955ebbce856a41ecb35e82a70a74898a,56d617998a924daab151906f9f927ce8,fb0a3d4e84c74b07ba0997891ed12f0b,LiDAR,LIDAR_LEFT,1693037634787238,True,samples,samples/LIDAR_LEFT/LIDAR_LEFT_1693037634787238.pcd
773d244863b44125b5d5d42d0abc1b34,bef4f31700da4be6b6d5e00e8d2f069f,fb0a3d4e84c74b07ba0997891ed12f0b,LiDAR,LIDAR_LEFT,1693037635286996,True,samples,samples/LIDAR_LEFT/LIDAR_LEFT_1693037635286996.pcd
72629ea3fd3d459bbbefb983fc588261,66b74e3b07944e3093c3ff399906a677,fb0a3d4e84c74b07ba0997891ed12f0b,LiDAR,LIDAR_LEFT,1693037635787470,True,samples,samples/LIDAR_LEFT/LIDAR_LEFT_1693037635787470.pcd
cb615cfa6530484f92b9785da55183b7,6639726833f3487e84af32dcdeb5ca97,fb0a3d4e84c74b07ba0997891ed12f0b,LiDAR,LIDAR_LEFT,1693037636287856,True,samples,samples/LIDAR_LEFT/LIDAR_LEFT_1693037636287856.pcd
8ae40bc1cabe468b91bd4d95feb3e1d3,1d6eca27a2d846babba94511cdb92ce8,fb0a3d4e84c74b07ba0997891ed12f0b,LiDAR,LIDAR_LEFT,1693037636788172,True,samples,samples/LIDAR_LEFT/LIDAR_LEFT_1693037636788172.pcd
b8cbc3cd76004ff2aa2a25c128b5e918,5246ab26fe1e49679c1feb5a49f2155b,fb0a3d4e84c74b07ba0997891ed12f0b,LiDAR,LIDAR_LEFT,1693037637288315,True,samples,samples/LIDAR_LEFT/LIDAR_LEFT_1693037637288315.pcd
409406789613473094df4beadc3a0ccf,c077a9424ba74b41b1f7388437a26db8,fb0a3d4e84c74b07ba0997891ed12f0b,LiDAR,LIDAR_LEFT,1693037637787813,True,samples,samples/LIDAR_LEFT/LIDAR_LEFT_1693037637787813.pcd
1fdbdfa4e5274899a337781f43e18ff7,b9d620dd5b0d460c9e6bcbba8869e234,fb0a3d4e84c74b07ba0997891ed12f0b,LiDAR,LIDAR_LEFT,1693037638287337,True,samples,samples/LIDAR_LEFT/LIDAR_LEFT_1693037638287337.pcd
eabdac5651da4ff9aba3661b58d1e35c,cd0ad0366409452ba84ed09a88762098,fb0a3d4e84c74b07ba0997891ed12f0b,LiDAR,LIDAR_LEFT,1693037638787093,True,samples,samples/LIDAR_LEFT/LIDAR_LEFT_1693037638787093.pcd
dc5f237aa5604b2eb2a47d2d3bdf213c,dfbf91bd129943158cfe23b97304b5c1,fb0a3d4e84c74b07ba0997891ed12f0b,LiDAR,LIDAR_LEFT,1693037639286945,True,samples,samples/LIDAR_LEFT/LIDAR_LEFT_1693037639286945.pcd
a422ba03f1d243ae9e1212a115d9d467,d189106bfea940e6b0645b020a817274,fb0a3d4e84c74b07ba0997891ed12f0b,LiDAR,LIDAR_LEFT,1693037639787476,True,samples,samples/LIDAR_LEFT/LIDAR_LEFT_1693037639787476.pcd
bd43b26c32ed4bd9ac7e84a9d0625078,ecda125ef7114f1e95e3376a422ca987,fb0a3d4e84c74b07ba0997891ed12f0b,LiDAR,LIDAR_LEFT,1693037640287958,True,samples,samples/LIDAR_LEFT/LIDAR_LEFT_1693037640287958.pcd
edf28171140b4276a2612d74e1fc9537,662e13a0a54646e2a85061b8fd8b82cf,fb0a3d4e84c74b07ba0997891ed12f0b,LiDAR,LIDAR_LEFT,1693037640788373,True,samples,samples/LIDAR_LEFT/LIDAR_LEFT_1693037640788373.pcd
2bf1aae270524cebbe5ab5da29732ac3,6d95ec0691e34461837902237666da14,fb0a3d4e84c74b07ba0997891ed12f0b,LiDAR,LIDAR_LEFT,1693037641288613,True,samples,samples/LIDAR_LEFT/LIDAR_LEFT_1693037641288613.pcd
c4f08274aa13475d975e81ccba374dc2,f8a3068c788b4ef385f381a1896324ff,fb0a3d4e84c74b07ba0997891ed12f0b,LiDAR,LIDAR_LEFT,1693037641788012,True,samples,samples/LIDAR_LEFT/LIDAR_LEFT_1693037641788012.pcd
adea2ffab000435a898fc21ab46cc1dc,22c8e66994d848fa9e7c5b818a74e929,fb0a3d4e84c74b07ba0997891ed12f0b,LiDAR,LIDAR_LEFT,1693037642287485,True,samples,samples/LIDAR_LEFT/LIDAR_LEFT_1693037642287485.pcd
a795a7cc111241e28bc862bc944e40c8,2b3dddad1f5c45b88b589d928aabd5c5,fb0a3d4e84c74b07ba0997891ed12f0b,LiDAR,LIDAR_LEFT,1693037642787250,True,samples,samples/LIDAR_LEFT/LIDAR_LEFT_1693037642787250.pcd
3d683c94bfa74d2d802a7eb53ba17904,2ef9cc68aad54b5dbd7ba1656b162bb6,fb0a3d4e84c74b07ba0997891ed12f0b,LiDAR,LIDAR_LEFT,1693037643287646,True,samples,samples/LIDAR_LEFT/LIDAR_LEFT_1693037643287646.pcd
e984c5cbb64847788d7936294c369134,4629ab4eef614bcc88799f3c2a481464,fb0a3d4e84c74b07ba0997891ed12f0b,LiDAR,LIDAR_LEFT,1693037643787838,True,samples,samples/LIDAR_LEFT/LIDAR_LEFT_1693037643787838.pcd
7136b83a8a2d4c7499214a7186bb35e9,17f7f55abf7149808ac93fbceb62dc4b,fb0a3d4e84c74b07ba0997891ed12f0b,LiDAR,LIDAR_LEFT,1693037644287580,True,samples,samples/LIDAR_LEFT/LIDAR_LEFT_1693037644287580.pcd
671c40a4be47478f8149373aafdba0e9,e55da1b1790746d28026543b91d35035,fb0a3d4e84c74b07ba0997891ed12f0b,LiDAR,LIDAR_LEFT,1693037644787318,True,samples,samples/LIDAR_LEFT/LIDAR_LEFT_1693037644787318.pcd
cec2e8a3bd6d41b2aa560976c160a248,a5f45502b1624983896e28a213edfc32,fb0a3d4e84c74b07ba0997891ed12f0b,LiDAR,LIDAR_LEFT,1693037645287496,True,samples,samples/LIDAR_LEFT/LIDAR_LEFT_1693037645287496.pcd
1c337af3826e4186bcb26b4ecae301d4,eb589fd9cd944cf5918b7d02b675c9e0,fb0a3d4e84c74b07ba0997891ed12f0b,LiDAR,LIDAR_LEFT,1693037645787943,True,samples,samples/LIDAR_LEFT/LIDAR_LEFT_1693037645787943.pcd
58b54e399404431f8c24beb7f61f5907,6e85e65d164646609515e2482f43f9e8,fb0a3d4e84c74b07ba0997891ed12f0b,LiDAR,LIDAR_LEFT,1693037646288315,True,samples,samples/LIDAR_LEFT/LIDAR_LEFT_1693037646288315.pcd
b9210a2713ec4f018d57b53e7cb2be5e,6da4714588654dcb98fd4b687c4d84b1,fb0a3d4e84c74b07ba0997891ed12f0b,LiDAR,LIDAR_LEFT,1693037646787762,True,samples,samples/LIDAR_LEFT/LIDAR_LEFT_1693037646787762.pcd
5fbab9e01717455e9f67c76e1b31d441,88c836e904e34f6cb1cbf68901b2515c,fb0a3d4e84c74b07ba0997891ed12f0b,LiDAR,LIDAR_LEFT,1693037647287332,True,samples,samples/LIDAR_LEFT/LIDAR_LEFT_1693037647287332.pcd
0e175200ecad46c2bb75a326376a0f1d,03595fbbc36e4b509eec679e8fbfe3b0,fb0a3d4e84c74b07ba0997891ed12f0b,LiDAR,LIDAR_LEFT,1693037647787384,True,samples,samples/LIDAR_LEFT/LIDAR_LEFT_1693037647787384.pcd
4c2408c1b6e3428da3be7d070aa531b3,27b21c33300842fdb87fcae94c6eef64,fb0a3d4e84c74b07ba0997891ed12f0b,LiDAR,LIDAR_LEFT,1693037648287831,True,samples,samples/LIDAR_LEFT/LIDAR_LEFT_1693037648287831.pcd
3af8e105f1a54d43adf4a3e0da0ead75,03aa237df45142e3a7e743192bdab1a4,fb0a3d4e84c74b07ba0997891ed12f0b,LiDAR,LIDAR_LEFT,1693037648787691,True,samples,samples/LIDAR_LEFT/LIDAR_LEFT_1693037648787691.pcd
936608c6132c4c3b98e6023783cc93a8,14a220becf67423cb187002e685e95bc,fb0a3d4e84c74b07ba0997891ed12f0b,LiDAR,LIDAR_LEFT,1693037649287264,True,samples,samples/LIDAR_LEFT/LIDAR_LEFT_1693037649287264.pcd
d4c6b73331b24c90bbec52a6dc181499,c697554e47f54d808bc04430ee0c096a,fb0a3d4e84c74b07ba0997891ed12f0b,LiDAR,LIDAR_RIGHT,1693037629812639,True,samples,samples/LIDAR_RIGHT/LIDAR_RIGHT_1693037629812639.pcd
791e3fe2fb604faca8a352be33b3f8a8,c1fa7ae3e9e841669977535cab99f9e5,fb0a3d4e84c74b07ba0997891ed12f0b,LiDAR,LIDAR_RIGHT,1693037630312880,True,samples,samples/LIDAR_RIGHT/LIDAR_RIGHT_1693037630312880.pcd
cc908ffc0a464e819665ce3f1b83a890,88f45c2252de4a4ab521c379295691b8,fb0a3d4e84c74b07ba0997891ed12f0b,LiDAR,LIDAR_RIGHT,1693037630812878,True,samples,samples/LIDAR_RIGHT/LIDAR_RIGHT_1693037630812878.pcd
67b1beaaad0f4be68e6cb5721cd75ac6,edda21af0d3746509b92cd66626f3c22,fb0a3d4e84c74b07ba0997891ed12f0b,LiDAR,LIDAR_RIGHT,1693037631312783,True,samples,samples/LIDAR_RIGHT/LIDAR_RIGHT_1693037631312783.pcd
6859412d45c64ede873034530eedd1ce,be9fd92af46f405a81143c4ebc2ec6e8,fb0a3d4e84c74b07ba0997891ed12f0b,LiDAR,LIDAR_RIGHT,1693037631812444,True,samples,samples/LIDAR_RIGHT/LIDAR_RIGHT_1693037631812444.pcd
978800db9ee4499a828e095da91506a3,bb645fdd377641b0bf0cc0e237c8f921,fb0a3d4e84c74b07ba0997891ed12f0b,LiDAR,LIDAR_RIGHT,1693037632312570,True,samples,samples/LIDAR_RIGHT/LIDAR_RIGHT_1693037632312570.pcd
373f3aacfb3c4777add770abb2c5aaef,b47fb153d525405b9a0969ed13866d47,fb0a3d4e84c74b07ba0997891ed12f0b,LiDAR,LIDAR_RIGHT,1693037632813087,True,samples,samples/LIDAR_RIGHT/LIDAR_RIGHT_1693037632813087.pcd
7edf19e29d4b4b8fb1589fe590da8c70,22a144007355442b88302e98c8bdfcc3,fb0a3d4e84c74b07ba0997891ed12f0b,LiDAR,LIDAR_RIGHT,1693037633313619,True,samples,samples/LIDAR_RIGHT/LIDAR_RIGHT_1693037633313619.pcd
5907e6780b3a49e4919addf3f46d3c02,65e601eefa2c4897aa403b73eb732f4b,fb0a3d4e84c74b07ba0997891ed12f0b,LiDAR,LIDAR_RIGHT,1693037633813022,True,samples,samples/LIDAR_RIGHT/LIDAR_RIGHT_1693037633813022.pcd
448d7a4a79324f7785b8d2ee91308405,5fa7a0d7ce294937aa6c752ffc289a99,fb0a3d4e84c74b07ba0997891ed12f0b,LiDAR,LIDAR_RIGHT,1693037634312663,True,samples,samples/LIDAR_RIGHT/LIDAR_RIGHT_1693037634312663.pcd
7816342533054d90b1b6b6a29c01d48e,56d617998a924daab151906f9f927ce8,fb0a3d4e84c74b07ba0997891ed12f0b,LiDAR,LIDAR_RIGHT,1693037634812755,True,samples,samples/LIDAR_RIGHT/LIDAR_RIGHT_1693037634812755.pcd
a4c2d20b77904fa4bf33aaa520996ead,bef4f31700da4be6b6d5e00e8d2f069f,fb0a3d4e84c74b07ba0997891ed12f0b,LiDAR,LIDAR_RIGHT,1693037635312798,True,samples,samples/LIDAR_RIGHT/LIDAR_RIGHT_1693037635312798.pcd
99fab05e607d424881f11afc737c6338,66b74e3b07944e3093c3ff399906a677,fb0a3d4e84c74b07ba0997891ed12f0b,LiDAR,LIDAR_RIGHT,1693037635812460,True,samples,samples/LIDAR_RIGHT/LIDAR_RIGHT_1693037635812460.pcd
20562c7c405545cea14db79e6f6b9c80,6639726833f3487e84af32dcdeb5ca97,fb0a3d4e84c74b07ba0997891ed12f0b,LiDAR,LIDAR_RIGHT,1693037636312500,True,samples,samples/LIDAR_RIGHT/LIDAR_RIGHT_1693037636312500.pcd
868f096979764d3a86ee51aa20a267d6,1d6eca27a2d846babba94511cdb92ce8,fb0a3d4e84c74b07ba0997891ed12f0b,LiDAR,LIDAR_RIGHT,1693037636812598,True,samples,samples/LIDAR_RIGHT/LIDAR_RIGHT_1693037636812598.pcd
886b6fcd734c49da9338801e26a281a0,5246ab26fe1e49679c1feb5a49f2155b,fb0a3d4e84c74b07ba0997891ed12f0b,LiDAR,LIDAR_RIGHT,1693037637312701,True,samples,samples/LIDAR_RIGHT/LIDAR_RIGHT_1693037637312701.pcd
60ec3434ee564f7d8d293191ea526ac9,c077a9424ba74b41b1f7388437a26db8,fb0a3d4e84c74b07ba0997891ed12f0b,LiDAR,LIDAR_RIGHT,1693037637812387,True,samples,samples/LIDAR_RIGHT/LIDAR_RIGHT_1693037637812387.pcd
fa5d0b96ac084d8c830d43ce5c009b55,b9d620dd5b0d460c9e6bcbba8869e234,fb0a3d4e84c74b07ba0997891ed12f0b,LiDAR,LIDAR_RIGHT,1693037638312687,True,samples,samples/LIDAR_RIGHT/LIDAR_RIGHT_1693037638312687.pcd
53b2de2f61a0433aab748cb09e1f85ef,cd0ad0366409452ba84ed09a88762098,fb0a3d4e84c74b07ba0997891ed12f0b,LiDAR,LIDAR_RIGHT,1693037638813436,True,samples,samples/LIDAR_RIGHT/LIDAR_RIGHT_1693037638813436.pcd
4a9d9f0af0bb42208c7048ca42554dbf,dfbf91bd129943158cfe23b97304b5c1,fb0a3d4e84c74b07ba0997891ed12f0b,LiDAR,LIDAR_RIGHT,1693037639313887,True,samples,samples/LIDAR_RIGHT/LIDAR_RIGHT_1693037639313887.pcd
265cc69ab05d4d9fb68b1a097e8b9687,d189106bfea940e6b0645b020a817274,fb0a3d4e84c74b07ba0997891ed12f0b,LiDAR,LIDAR_RIGHT,1693037639813207,True,samples,samples/LIDAR_RIGHT/LIDAR_RIGHT_1693037639813207.pcd
d4ffc54ec11e49bc9192737a3c824a0f,ecda125ef7114f1e95e3376a422ca987,fb0a3d4e84c74b07ba0997891ed12f0b,LiDAR,LIDAR_RIGHT,1693037640312662,True,samples,samples/LIDAR_RIGHT/LIDAR_RIGHT_1693037640312662.pcd
6f71d71083eb443cabdf7178d482f1bd,662e13a0a54646e2a85061b8fd8b82cf,fb0a3d4e84c74b07ba0997891ed12f0b,LiDAR,LIDAR_RIGHT,1693037640812345,True,samples,samples/LIDAR_RIGHT/LIDAR_RIGHT_1693037640812345.pcd
da613ce120e04ea1bb40ad82dc973dac,6d95ec0691e34461837902237666da14,fb0a3d4e84c74b07ba0997891ed12f0b,LiDAR,LIDAR_RIGHT,1693037641312225,True,samples,samples/LIDAR_RIGHT/LIDAR_RIGHT_1693037641312225.pcd
caf878c109cf4dec8f1223385eccc7cf,f8a3068c788b4ef385f381a1896324ff,fb0a3d4e84c74b07ba0997891ed12f0b,LiDAR,LIDAR_RIGHT,1693037641812684,True,samples,samples/LIDAR_RIGHT/LIDAR_RIGHT_1693037641812684.pcd
6aac1f2890e64059968da60e6a450c3f,22c8e66994d848fa9e7c5b818a74e929,fb0a3d4e84c74b07ba0997891ed12f0b,LiDAR,LIDAR_RIGHT,1693037642312790,True,samples,samples/LIDAR_RIGHT/LIDAR_RIGHT_1693037642312790.pcd
90e9951896544eeb9630002607a53588,2b3dddad1f5c45b88b589d928aabd5c5,fb0a3d4e84c74b07ba0997891ed12f0b,LiDAR,LIDAR_RIGHT,1693037642812421,True,samples,samples/LIDAR_RIGHT/LIDAR_RIGHT_1693037642812421.pcd
69273cb8a3c348aabbf8c5ceecdc97fd,2ef9cc68aad54b5dbd7ba1656b162bb6,fb0a3d4e84c74b07ba0997891ed12f0b,LiDAR,LIDAR_RIGHT,1693037643312682,True,samples,samples/LIDAR_RIGHT/LIDAR_RIGHT_1693037643312682.pcd
9a0e54e5dfef49ffa4a8cb388aacd154,4629ab4eef614bcc88799f3c2a481464,fb0a3d4e84c74b07ba0997891ed12f0b,LiDAR,LIDAR_RIGHT,1693037643812821,True,samples,samples/LIDAR_RIGHT/LIDAR_RIGHT_1693037643812821.pcd
978d22704464497eb87f08ff816134f1,17f7f55abf7149808ac93fbceb62dc4b,fb0a3d4e84c74b07ba0997891ed12f0b,LiDAR,LIDAR_RIGHT,1693037644312489,True,samples,samples/LIDAR_RIGHT/LIDAR_RIGHT_1693037644312489.pcd
78f27ddfb16241019bb2051f7a3ead08,e55da1b1790746d28026543b91d35035,fb0a3d4e84c74b07ba0997891ed12f0b,LiDAR,LIDAR_RIGHT,1693037644812415,True,samples,samples/LIDAR_RIGHT/LIDAR_RIGHT_1693037644812415.pcd
08d753f55a7949468107b74f62ab1b92,a5f45502b1624983896e28a213edfc32,fb0a3d4e84c74b07ba0997891ed12f0b,LiDAR,LIDAR_RIGHT,1693037645312911,True,samples,samples/LIDAR_RIGHT/LIDAR_RIGHT_1693037645312911.pcd
f6ea5b1d71f74329b20f0cd1b19be8f2,eb589fd9cd944cf5918b7d02b675c9e0,fb0a3d4e84c74b07ba0997891ed12f0b,LiDAR,LIDAR_RIGHT,1693037645813470,True,samples,samples/LIDAR_RIGHT/LIDAR_RIGHT_1693037645813470.pcd
18a01a081bb441459feb62fb34930032,6e85e65d164646609515e2482f43f9e8,fb0a3d4e84c74b07ba0997891ed12f0b,LiDAR,LIDAR_RIGHT,1693037646313803,True,samples,samples/LIDAR_RIGHT/LIDAR_RIGHT_1693037646313803.pcd
39f58001d54342bf902e1c532ca50e49,6da4714588654dcb98fd4b687c4d84b1,fb0a3d4e84c74b07ba0997891ed12f0b,LiDAR,LIDAR_RIGHT,1693037646813100,True,samples,samples/LIDAR_RIGHT/LIDAR_RIGHT_1693037646813100.pcd
160a5046446d4678810340a03de72bd8,88c836e904e34f6cb1cbf68901b2515c,fb0a3d4e84c74b07ba0997891ed12f0b,LiDAR,LIDAR_RIGHT,1693037647312668,True,samples,samples/LIDAR_RIGHT/LIDAR_RIGHT_1693037647312668.pcd
8a9cb087838d4d78912cb82fd42d7580,03595fbbc36e4b509eec679e8fbfe3b0,fb0a3d4e84c74b07ba0997891ed12f0b,LiDAR,LIDAR_RIGHT,1693037647812385,True,samples,samples/LIDAR_RIGHT/LIDAR_RIGHT_1693037647812385.pcd
495a174c8ae74118accfaa1e21b43555,27b21c33300842fdb87fcae94c6eef64,fb0a3d4e84c74b07ba0997891ed12f0b,LiDAR,LIDAR_RIGHT,1693037648312695,True,samples,samples/LIDAR_RIGHT/LIDAR_RIGHT_1693037648312695.pcd
d0936fd538814f58ac2ea88221a69659,03aa237df45142e3a7e743192bdab1a4,fb0a3d4e84c74b07ba0997891ed12f0b,LiDAR,LIDAR_RIGHT,1693037648812664,True,samples,samples/LIDAR_RIGHT/LIDAR_RIGHT_1693037648812664.pcd
cadbaaedd6d743b8b5c6e2d8c5a7c74c,14a220becf67423cb187002e685e95bc,fb0a3d4e84c74b07ba0997891ed12f0b,LiDAR,LIDAR_RIGHT,1693037649312421,True,samples,samples/LIDAR_RIGHT/LIDAR_RIGHT_1693037649312421.pcd
b97069c9a1384affa2179a3f62841800,c697554e47f54d808bc04430ee0c096a,fb0a3d4e84c74b07ba0997891ed12f0b,LiDAR,LIDAR_TOP_FRONT,1693037629800379,True,samples,samples/LIDAR_TOP_FRONT/LIDAR_TOP_FRONT_1693037629800379.pcd
6e2b3828ae3b4638b45e092b1b230216,c1fa7ae3e9e841669977535cab99f9e5,fb0a3d4e84c74b07ba0997891ed12f0b,LiDAR,LIDAR_TOP_FRONT,1693037630300705,True,samples,samples/LIDAR_TOP_FRONT/LIDAR_TOP_FRONT_1693037630300705.pcd
e84e41d8ed1f455c882771f8c7058cd5,88f45c2252de4a4ab521c379295691b8,fb0a3d4e84c74b07ba0997891ed12f0b,LiDAR,LIDAR_TOP_FRONT,1693037630800831,True,samples,samples/LIDAR_TOP_FRONT/LIDAR_TOP_FRONT_1693037630800831.pcd
db4f240d2f5646aa8d0595525b0ce75d,edda21af0d3746509b92cd66626f3c22,fb0a3d4e84c74b07ba0997891ed12f0b,LiDAR,LIDAR_TOP_FRONT,1693037631301206,True,samples,samples/LIDAR_TOP_FRONT/LIDAR_TOP_FRONT_1693037631301206.pcd
1210fbea3b4b49c6ab5a547725f18747,be9fd92af46f405a81143c4ebc2ec6e8,fb0a3d4e84c74b07ba0997891ed12f0b,LiDAR,LIDAR_TOP_FRONT,1693037631801153,True,samples,samples/LIDAR_TOP_FRONT/LIDAR_TOP_FRONT_1693037631801153.pcd
f6e3996a890e44a18e60fd7ecf04a049,bb645fdd377641b0bf0cc0e237c8f921,fb0a3d4e84c74b07ba0997891ed12f0b,LiDAR,LIDAR_TOP_FRONT,1693037632301208,True,samples,samples/LIDAR_TOP_FRONT/LIDAR_TOP_FRONT_1693037632301208.pcd
f4363cc6a6484209a087b3ce06bd1404,b47fb153d525405b9a0969ed13866d47,fb0a3d4e84c74b07ba0997891ed12f0b,LiDAR,LIDAR_TOP_FRONT,1693037632801272,True,samples,samples/LIDAR_TOP_FRONT/LIDAR_TOP_FRONT_1693037632801272.pcd
f16a7952439447d283087da9191a6389,22a144007355442b88302e98c8bdfcc3,fb0a3d4e84c74b07ba0997891ed12f0b,LiDAR,LIDAR_TOP_FRONT,1693037633301215,True,samples,samples/LIDAR_TOP_FRONT/LIDAR_TOP_FRONT_1693037633301215.pcd
fc1ff32215dc4e06ad750d2e33537d8f,65e601eefa2c4897aa403b73eb732f4b,fb0a3d4e84c74b07ba0997891ed12f0b,LiDAR,LIDAR_TOP_FRONT,1693037633801256,True,samples,samples/LIDAR_TOP_FRONT/LIDAR_TOP_FRONT_1693037633801256.pcd
e2ddcdbad4dd41b8b98fc7378946c62d,5fa7a0d7ce294937aa6c752ffc289a99,fb0a3d4e84c74b07ba0997891ed12f0b,LiDAR,LIDAR_TOP_FRONT,1693037634301149,True,samples,samples/LIDAR_TOP_FRONT/LIDAR_TOP_FRONT_1693037634301149.pcd
356f2593a06b41cfa2179b0ea83f84cf,56d617998a924daab151906f9f927ce8,fb0a3d4e84c74b07ba0997891ed12f0b,LiDAR,LIDAR_TOP_FRONT,1693037634801141,True,samples,samples/LIDAR_TOP_FRONT/LIDAR_TOP_FRONT_1693037634801141.pcd
bf778c37e53449079024c1d13a8879c0,bef4f31700da4be6b6d5e00e8d2f069f,fb0a3d4e84c74b07ba0997891ed12f0b,LiDAR,LIDAR_TOP_FRONT,1693037635301126,True,samples,samples/LIDAR_TOP_FRONT/LIDAR_TOP_FRONT_1693037635301126.pcd
af184d660dea4a3697207a2e48f1f6df,66b74e3b07944e3093c3ff399906a677,fb0a3d4e84c74b07ba0997891ed12f0b,LiDAR,LIDAR_TOP_FRONT,1693037635801014,True,samples,samples/LIDAR_TOP_FRONT/LIDAR_TOP_FRONT_1693037635801014.pcd
1d01db889be34b7ca7f14425a5310036,6639726833f3487e84af32dcdeb5ca97,fb0a3d4e84c74b07ba0997891ed12f0b,LiDAR,LIDAR_TOP_FRONT,1693037636300697,True,samples,samples/LIDAR_TOP_FRONT/LIDAR_TOP_FRONT_1693037636300697.pcd
23591031447144bfbb18a47544f131cd,1d6eca27a2d846babba94511cdb92ce8,fb0a3d4e84c74b07ba0997891ed12f0b,LiDAR,LIDAR_TOP_FRONT,1693037636800483,True,samples,samples/LIDAR_TOP_FRONT/LIDAR_TOP_FRONT_1693037636800483.pcd
a29a4bb4782c4e808c81b7ed41f2de51,5246ab26fe1e49679c1feb5a49f2155b,fb0a3d4e84c74b07ba0997891ed12f0b,LiDAR,LIDAR_TOP_FRONT,1693037637300689,True,samples,samples/LIDAR_TOP_FRONT/LIDAR_TOP_FRONT_1693037637300689.pcd
58c429cbcd6c495b9e60f482e52d3bfa,c077a9424ba74b41b1f7388437a26db8,fb0a3d4e84c74b07ba0997891ed12f0b,LiDAR,LIDAR_TOP_FRONT,1693037637800854,True,samples,samples/LIDAR_TOP_FRONT/LIDAR_TOP_FRONT_1693037637800854.pcd
9ab457c6e5804049b7b4babe343e93e3,b9d620dd5b0d460c9e6bcbba8869e234,fb0a3d4e84c74b07ba0997891ed12f0b,LiDAR,LIDAR_TOP_FRONT,1693037638300819,True,samples,samples/LIDAR_TOP_FRONT/LIDAR_TOP_FRONT_1693037638300819.pcd
eb20548ef2a545c4bbce707d459c536f,cd0ad0366409452ba84ed09a88762098,fb0a3d4e84c74b07ba0997891ed12f0b,LiDAR,LIDAR_TOP_FRONT,1693037638800717,True,samples,samples/LIDAR_TOP_FRONT/LIDAR_TOP_FRONT_1693037638800717.pcd
de07494ad6364782ae428ae453189fa1,dfbf91bd129943158cfe23b97304b5c1,fb0a3d4e84c74b07ba0997891ed12f0b,LiDAR,LIDAR_TOP_FRONT,1693037639300807,True,samples,samples/LIDAR_TOP_FRONT/LIDAR_TOP_FRONT_1693037639300807.pcd
f50e362082e74f008a8f8cbaf19d77e7,d189106bfea940e6b0645b020a817274,fb0a3d4e84c74b07ba0997891ed12f0b,LiDAR,LIDAR_TOP_FRONT,1693037639800731,True,samples,samples/LIDAR_TOP_FRONT/LIDAR_TOP_FRONT_1693037639800731.pcd
198a8d17dcfe4c3ead4ce0d6284d8a57,ecda125ef7114f1e95e3376a422ca987,fb0a3d4e84c74b07ba0997891ed12f0b,LiDAR,LIDAR_TOP_FRONT,1693037640300755,True,samples,samples/LIDAR_TOP_FRONT/LIDAR_TOP_FRONT_1693037640300755.pcd
f89ff6222cd84c65827fe453ebab98f9,662e13a0a54646e2a85061b8fd8b82cf,fb0a3d4e84c74b07ba0997891ed12f0b,LiDAR,LIDAR_TOP_FRONT,1693037640800752,True,samples,samples/LIDAR_TOP_FRONT/LIDAR_TOP_FRONT_1693037640800752.pcd
9c340286d70c4f6fad1ec36715b9162a,6d95ec0691e34461837902237666da14,fb0a3d4e84c74b07ba0997891ed12f0b,LiDAR,LIDAR_TOP_FRONT,1693037641300709,True,samples,samples/LIDAR_TOP_FRONT/LIDAR_TOP_FRONT_1693037641300709.pcd
bbc1c26a2a6c4bde96668b9f8a7ed684,f8a3068c788b4ef385f381a1896324ff,fb0a3d4e84c74b07ba0997891ed12f0b,LiDAR,LIDAR_TOP_FRONT,1693037641800770,True,samples,samples/LIDAR_TOP_FRONT/LIDAR_TOP_FRONT_1693037641800770.pcd
2cdeac1c5b5647cd963dde23e4bf132f,22c8e66994d848fa9e7c5b818a74e929,fb0a3d4e84c74b07ba0997891ed12f0b,LiDAR,LIDAR_TOP_FRONT,1693037642300897,True,samples,samples/LIDAR_TOP_FRONT/LIDAR_TOP_FRONT_1693037642300897.pcd
ee0fa91241e2424e9b0ea2cecb7c99ae,2b3dddad1f5c45b88b589d928aabd5c5,fb0a3d4e84c74b07ba0997891ed12f0b,LiDAR,LIDAR_TOP_FRONT,1693037642801049,True,samples,samples/LIDAR_TOP_FRONT/LIDAR_TOP_FRONT_1693037642801049.pcd
57de0682f0da44429d4e2904fb3bf256,2ef9cc68aad54b5dbd7ba1656b162bb6,fb0a3d4e84c74b07ba0997891ed12f0b,LiDAR,LIDAR_TOP_FRONT,1693037643301216,True,samples,samples/LIDAR_TOP_FRONT/LIDAR_TOP_FRONT_1693037643301216.pcd
906f7908ee18405f8ec12bd7c62d08aa,4629ab4eef614bcc88799f3c2a481464,fb0a3d4e84c74b07ba0997891ed12f0b,LiDAR,LIDAR_TOP_FRONT,1693037643801360,True,samples,samples/LIDAR_TOP_FRONT/LIDAR_TOP_FRONT_1693037643801360.pcd
1eb6c0980f7d4bb2bff3d701f6d26113,17f7f55abf7149808ac93fbceb62dc4b,fb0a3d4e84c74b07ba0997891ed12f0b,LiDAR,LIDAR_TOP_FRONT,1693037644301094,True,samples,samples/LIDAR_TOP_FRONT/LIDAR_TOP_FRONT_1693037644301094.pcd
ed2d0cafecdc434fbbf0f650e2d7858c,e55da1b1790746d28026543b91d35035,fb0a3d4e84c74b07ba0997891ed12f0b,LiDAR,LIDAR_TOP_FRONT,1693037644801103,True,samples,samples/LIDAR_TOP_FRONT/LIDAR_TOP_FRONT_1693037644801103.pcd
49b51a2dec344defb5262bdec41d58e3,a5f45502b1624983896e28a213edfc32,fb0a3d4e84c74b07ba0997891ed12f0b,LiDAR,LIDAR_TOP_FRONT,1693037645301016,True,samples,samples/LIDAR_TOP_FRONT/LIDAR_TOP_FRONT_1693037645301016.pcd
664ff8eb4f1a46eaa21f2c6cf3f07945,eb589fd9cd944cf5918b7d02b675c9e0,fb0a3d4e84c74b07ba0997891ed12f0b,LiDAR,LIDAR_TOP_FRONT,1693037645800893,True,samples,samples/LIDAR_TOP_FRONT/LIDAR_TOP_FRONT_1693037645800893.pcd
4f55ccec4ec64f07813226fca0e76093,6e85e65d164646609515e2482f43f9e8,fb0a3d4e84c74b07ba0997891ed12f0b,LiDAR,LIDAR_TOP_FRONT,1693037646301105,True,samples,samples/LIDAR_TOP_FRONT/LIDAR_TOP_FRONT_1693037646301105.pcd
4f62b10f0e0f48a282f92fdc4ea69362,6da4714588654dcb98fd4b687c4d84b1,fb0a3d4e84c74b07ba0997891ed12f0b,LiDAR,LIDAR_TOP_FRONT,1693037646800978,True,samples,samples/LIDAR_TOP_FRONT/LIDAR_TOP_FRONT_1693037646800978.pcd
7d999cd261d34b7ea3305e2a22863a7e,88c836e904e34f6cb1cbf68901b2515c,fb0a3d4e84c74b07ba0997891ed12f0b,LiDAR,LIDAR_TOP_FRONT,1693037647300851,True,samples,samples/LIDAR_TOP_FRONT/LIDAR_TOP_FRONT_1693037647300851.pcd
8e5686a46ad74431b6cd0d3ac5f47c87,03595fbbc36e4b509eec679e8fbfe3b0,fb0a3d4e84c74b07ba0997891ed12f0b,LiDAR,LIDAR_TOP_FRONT,1693037647800818,True,samples,samples/LIDAR_TOP_FRONT/LIDAR_TOP_FRONT_1693037647800818.pcd
467abbd4198b473ab7a5c6cea06f37bf,27b21c33300842fdb87fcae94c6eef64,fb0a3d4e84c74b07ba0997891ed12f0b,LiDAR,LIDAR_TOP_FRONT,1693037648300760,True,samples,samples/LIDAR_TOP_FRONT/LIDAR_TOP_FRONT_1693037648300760.pcd
c7dc0b39a51b41fc8a805ededcdad922,03aa237df45142e3a7e743192bdab1a4,fb0a3d4e84c74b07ba0997891ed12f0b,LiDAR,LIDAR_TOP_FRONT,1693037648800740,True,samples,samples/LIDAR_TOP_FRONT/LIDAR_TOP_FRONT_1693037648800740.pcd
7cd66b011b844b71855394637aeec667,14a220becf67423cb187002e685e95bc,fb0a3d4e84c74b07ba0997891ed12f0b,LiDAR,LIDAR_TOP_FRONT,1693037649300706,True,samples,samples/LIDAR_TOP_FRONT/LIDAR_TOP_FRONT_1693037649300706.pcd
cf981c5284c54a4fbc9eca473dfb9c31,c697554e47f54d808bc04430ee0c096a,fb0a3d4e84c74b07ba0997891ed12f0b,LiDAR,LIDAR_TOP_LEFT,1693037629776121,True,samples,samples/LIDAR_TOP_LEFT/LIDAR_TOP_LEFT_1693037629776121.pcd
4451d1cc3feb44269c946da70183ef50,c1fa7ae3e9e841669977535cab99f9e5,fb0a3d4e84c74b07ba0997891ed12f0b,LiDAR,LIDAR_TOP_LEFT,1693037630276053,True,samples,samples/LIDAR_TOP_LEFT/LIDAR_TOP_LEFT_1693037630276053.pcd
597232e78b3447358cc7fda0645a3ab2,88f45c2252de4a4ab521c379295691b8,fb0a3d4e84c74b07ba0997891ed12f0b,LiDAR,LIDAR_TOP_LEFT,1693037630775969,True,samples,samples/LIDAR_TOP_LEFT/LIDAR_TOP_LEFT_1693037630775969.pcd
e0741db1d9274560b55e986d3d5fddee,edda21af0d3746509b92cd66626f3c22,fb0a3d4e84c74b07ba0997891ed12f0b,LiDAR,LIDAR_TOP_LEFT,1693037631275936,True,samples,samples/LIDAR_TOP_LEFT/LIDAR_TOP_LEFT_1693037631275936.pcd
92890cfc040345a4a482aa01e74d276d,be9fd92af46f405a81143c4ebc2ec6e8,fb0a3d4e84c74b07ba0997891ed12f0b,LiDAR,LIDAR_TOP_LEFT,1693037631776134,True,samples,samples/LIDAR_TOP_LEFT/LIDAR_TOP_LEFT_1693037631776134.pcd
b6f6c3e09b2644fb8c33c95fd5c3b700,bb645fdd377641b0bf0cc0e237c8f921,fb0a3d4e84c74b07ba0997891ed12f0b,LiDAR,LIDAR_TOP_LEFT,1693037632276174,True,samples,samples/LIDAR_TOP_LEFT/LIDAR_TOP_LEFT_1693037632276174.pcd
e7eaaa6f4f0341e8bfafb6822b9ca776,b47fb153d525405b9a0969ed13866d47,fb0a3d4e84c74b07ba0997891ed12f0b,LiDAR,LIDAR_TOP_LEFT,1693037632776308,True,samples,samples/LIDAR_TOP_LEFT/LIDAR_TOP_LEFT_1693037632776308.pcd
2d71d940d97843359c658be1a5ffcdd8,22a144007355442b88302e98c8bdfcc3,fb0a3d4e84c74b07ba0997891ed12f0b,LiDAR,LIDAR_TOP_LEFT,1693037633276409,True,samples,samples/LIDAR_TOP_LEFT/LIDAR_TOP_LEFT_1693037633276409.pcd
e5bbbbf7e9e24d88befd5e59315d2f11,65e601eefa2c4897aa403b73eb732f4b,fb0a3d4e84c74b07ba0997891ed12f0b,LiDAR,LIDAR_TOP_LEFT,1693037633776318,True,samples,samples/LIDAR_TOP_LEFT/LIDAR_TOP_LEFT_1693037633776318.pcd
12ed57547d0549f2b6ebd7e70db014f0,5fa7a0d7ce294937aa6c752ffc289a99,fb0a3d4e84c74b07ba0997891ed12f0b,LiDAR,LIDAR_TOP_LEFT,1693037634276278,True,samples,samples/LIDAR_TOP_LEFT/LIDAR_TOP_LEFT_1693037634276278.pcd
e7eefe0c01124e12a9a0f6930ece3f92,56d617998a924daab151906f9f927ce8,fb0a3d4e84c74b07ba0997891ed12f0b,LiDAR,LIDAR_TOP_LEFT,1693037634776198,True,samples,samples/LIDAR_TOP_LEFT/LIDAR_TOP_LEFT_1693037634776198.pcd
88f7fd4e63c240d69ac86a73d9d55adc,bef4f31700da4be6b6d5e00e8d2f069f,fb0a3d4e84c74b07ba0997891ed12f0b,LiDAR,LIDAR_TOP_LEFT,1693037635276132,True,samples,samples/LIDAR_TOP_LEFT/LIDAR_TOP_LEFT_1693037635276132.pcd
48b43b7a8039441dbc4ed8388a01b663,66b74e3b07944e3093c3ff399906a677,fb0a3d4e84c74b07ba0997891ed12f0b,LiDAR,LIDAR_TOP_LEFT,1693037635776006,True,samples,samples/LIDAR_TOP_LEFT/LIDAR_TOP_LEFT_1693037635776006.pcd
62d880c08eae4ffa8d2a744eb69baffd,6639726833f3487e84af32dcdeb5ca97,fb0a3d4e84c74b07ba0997891ed12f0b,LiDAR,LIDAR_TOP_LEFT,1693037636275823,True,samples,samples/LIDAR_TOP_LEFT/LIDAR_TOP_LEFT_1693037636275823.pcd
148b5722d7834818aec15099823405e5,1d6eca27a2d846babba94511cdb92ce8,fb0a3d4e84c74b07ba0997891ed12f0b,LiDAR,LIDAR_TOP_LEFT,1693037636775928,True,samples,samples/LIDAR_TOP_LEFT/LIDAR_TOP_LEFT_1693037636775928.pcd
5cae618511b84cd59bcee91a79f18da0,5246ab26fe1e49679c1feb5a49f2155b,fb0a3d4e84c74b07ba0997891ed12f0b,LiDAR,LIDAR_TOP_LEFT,1693037637275870,True,samples,samples/LIDAR_TOP_LEFT/LIDAR_TOP_LEFT_1693037637275870.pcd
9dfbb705df2b43bc91dc28de6a13d73e,c077a9424ba74b41b1f7388437a26db8,fb0a3d4e84c74b07ba0997891ed12f0b,LiDAR,LIDAR_TOP_LEFT,1693037637776084,True,samples,samples/LIDAR_TOP_LEFT/LIDAR_TOP_LEFT_1693037637776084.pcd
c341a17662164fd397754212cf267672,b9d620dd5b0d460c9e6bcbba8869e234,fb0a3d4e84c74b07ba0997891ed12f0b,LiDAR,LIDAR_TOP_LEFT,1693037638276095,True,samples,samples/LIDAR_TOP_LEFT/LIDAR_TOP_LEFT_1693037638276095.pcd
60427bb920d64353a6f9732e2073de89,cd0ad0366409452ba84ed09a88762098,fb0a3d4e84c74b07ba0997891ed12f0b,LiDAR,LIDAR_TOP_LEFT,1693037638776043,True,samples,samples/LIDAR_TOP_LEFT/LIDAR_TOP_LEFT_1693037638776043.pcd
316086c411be459ba1da60d059c4d820,dfbf91bd129943158cfe23b97304b5c1,fb0a3d4e84c74b07ba0997891ed12f0b,LiDAR,LIDAR_TOP_LEFT,1693037639276191,True,samples,samples/LIDAR_TOP_LEFT/LIDAR_TOP_LEFT_1693037639276191.pcd
0f8f9d6d15274572ba8b44982ca390c1,d189106bfea940e6b0645b020a817274,fb0a3d4e84c74b07ba0997891ed12f0b,LiDAR,LIDAR_TOP_LEFT,1693037639776429,True,samples,samples/LIDAR_TOP_LEFT/LIDAR_TOP_LEFT_1693037639776429.pcd
9a955ebeb39c412383eb9f74c48d7303,ecda125ef7114f1e95e3376a422ca987,fb0a3d4e84c74b07ba0997891ed12f0b,LiDAR,LIDAR_TOP_LEFT,1693037640276370,True,samples,samples/LIDAR_TOP_LEFT/LIDAR_TOP_LEFT_1693037640276370.pcd
2f6fa03c7f6943929275744eff87a23e,662e13a0a54646e2a85061b8fd8b82cf,fb0a3d4e84c74b07ba0997891ed12f0b,LiDAR,LIDAR_TOP_LEFT,1693037640776403,True,samples,samples/LIDAR_TOP_LEFT/LIDAR_TOP_LEFT_1693037640776403.pcd
4b8ccc77ff7f4311ad3a9e257fb2cf77,6d95ec0691e34461837902237666da14,fb0a3d4e84c74b07ba0997891ed12f0b,LiDAR,LIDAR_TOP_LEFT,1693037641276395,True,samples,samples/LIDAR_TOP_LEFT/LIDAR_TOP_LEFT_1693037641276395.pcd
fc6df95462764bec9894425874f31c71,f8a3068c788b4ef385f381a1896324ff,fb0a3d4e84c74b07ba0997891ed12f0b,LiDAR,LIDAR_TOP_LEFT,1693037641776256,True,samples,samples/LIDAR_TOP_LEFT/LIDAR_TOP_LEFT_1693037641776256.pcd
3a936b964ab24941825e134e1e205538,22c8e66994d848fa9e7c5b818a74e929,fb0a3d4e84c74b07ba0997891ed12f0b,LiDAR,LIDAR_TOP_LEFT,1693037642276188,True,samples,samples/LIDAR_TOP_LEFT/LIDAR_TOP_LEFT_1693037642276188.pcd
6776df71834d4589a292d28731c99b29,2b3dddad1f5c45b88b589d928aabd5c5,fb0a3d4e84c74b07ba0997891ed12f0b,LiDAR,LIDAR_TOP_LEFT,1693037642776109,True,samples,samples/LIDAR_TOP_LEFT/LIDAR_TOP_LEFT_1693037642776109.pcd
ca39c4d25db345c2b02b48d05bc38fd4,2ef9cc68aad54b5dbd7ba1656b162bb6,fb0a3d4e84c74b07ba0997891ed12f0b,LiDAR,LIDAR_TOP_LEFT,1693037643276004,True,samples,samples/LIDAR_TOP_LEFT/LIDAR_TOP_LEFT_1693037643276004.pcd
46d191d4994741fe9e4b701a0257bfd3,4629ab4eef614bcc88799f3c2a481464,fb0a3d4e84c74b07ba0997891ed12f0b,LiDAR,LIDAR_TOP_LEFT,1693037643775937,True,samples,samples/LIDAR_TOP_LEFT/LIDAR_TOP_LEFT_1693037643775937.pcd
6cc8cc6d52054c069eb4d714bc2912ea,17f7f55abf7149808ac93fbceb62dc4b,fb0a3d4e84c74b07ba0997891ed12f0b,LiDAR,LIDAR_TOP_LEFT,1693037644275840,True,samples,samples/LIDAR_TOP_LEFT/LIDAR_TOP_LEFT_1693037644275840.pcd
ebc25f074b894568b56d58573a75510a,e55da1b1790746d28026543b91d35035,fb0a3d4e84c74b07ba0997891ed12f0b,LiDAR,LIDAR_TOP_LEFT,1693037644775959,True,samples,samples/LIDAR_TOP_LEFT/LIDAR_TOP_LEFT_1693037644775959.pcd
488241cb179d436f9f9828abb2d0b4cb,a5f45502b1624983896e28a213edfc32,fb0a3d4e84c74b07ba0997891ed12f0b,LiDAR,LIDAR_TOP_LEFT,1693037645275886,True,samples,samples/LIDAR_TOP_LEFT/LIDAR_TOP_LEFT_1693037645275886.pcd
efbb1625bc1d47bb9d0c89c7d5139184,eb589fd9cd944cf5918b7d02b675c9e0,fb0a3d4e84c74b07ba0997891ed12f0b,LiDAR,LIDAR_TOP_LEFT,1693037645775953,True,samples,samples/LIDAR_TOP_LEFT/LIDAR_TOP_LEFT_1693037645775953.pcd
a99f09a4b2ac44e3971a514e4aebf94d,6e85e65d164646609515e2482f43f9e8,fb0a3d4e84c74b07ba0997891ed12f0b,LiDAR,LIDAR_TOP_LEFT,1693037646275944,True,samples,samples/LIDAR_TOP_LEFT/LIDAR_TOP_LEFT_1693037646275944.pcd
731503dc76aa44f2b0efde8330a05ab8,6da4714588654dcb98fd4b687c4d84b1,fb0a3d4e84c74b07ba0997891ed12f0b,LiDAR,LIDAR_TOP_LEFT,1693037646776051,True,samples,samples/LIDAR_TOP_LEFT/LIDAR_TOP_LEFT_1693037646776051.pcd
b72546ecb4304554b3139a5b7b8d39fa,88c836e904e34f6cb1cbf68901b2515c,fb0a3d4e84c74b07ba0997891ed12f0b,LiDAR,LIDAR_TOP_LEFT,1693037647276217,True,samples,samples/LIDAR_TOP_LEFT/LIDAR_TOP_LEFT_1693037647276217.pcd
543e33c89f6c4829b94622bdbf1d6e5a,03595fbbc36e4b509eec679e8fbfe3b0,fb0a3d4e84c74b07ba0997891ed12f0b,LiDAR,LIDAR_TOP_LEFT,1693037647776369,True,samples,samples/LIDAR_TOP_LEFT/LIDAR_TOP_LEFT_1693037647776369.pcd
436026eae67342ca843649aa162430aa,27b21c33300842fdb87fcae94c6eef64,fb0a3d4e84c74b07ba0997891ed12f0b,LiDAR,LIDAR_TOP_LEFT,1693037648276359,True,samples,samples/LIDAR_TOP_LEFT/LIDAR_TOP_LEFT_1693037648276359.pcd
57312a47ee7a493585fe160af72577ae,03aa237df45142e3a7e743192bdab1a4,fb0a3d4e84c74b07ba0997891ed12f0b,LiDAR,LIDAR_TOP_LEFT,1693037648776429,True,samples,samples/LIDAR_TOP_LEFT/LIDAR_TOP_LEFT_1693037648776429.pcd
54012fcfaf994337a7ff3b1963631495,14a220becf67423cb187002e685e95bc,fb0a3d4e84c74b07ba0997891ed12f0b,LiDAR,LIDAR_TOP_LEFT,1693037649276337,True,samples,samples/LIDAR_TOP_LEFT/LIDAR_TOP_LEFT_1693037649276337.pcd
808b3963200c429fbab557ebcfdf6864,c697554e47f54d808bc04430ee0c096a,fb0a3d4e84c74b07ba0997891ed12f0b,LiDAR,LIDAR_TOP_RIGHT,1693037629825969,True,samples,samples/LIDAR_TOP_RIGHT/LIDAR_TOP_RIGHT_1693037629825969.pcd
a2b8d22f9f2b4c7a9df608c1137e2c40,c1fa7ae3e9e841669977535cab99f9e5,fb0a3d4e84c74b07ba0997891ed12f0b,LiDAR,LIDAR_TOP_RIGHT,1693037630326044,True,samples,samples/LIDAR_TOP_RIGHT/LIDAR_TOP_RIGHT_1693037630326044.pcd
d2ee487cd6fc469b8e504bc87bed0225,88f45c2252de4a4ab521c379295691b8,fb0a3d4e84c74b07ba0997891ed12f0b,LiDAR,LIDAR_TOP_RIGHT,1693037630826060,True,samples,samples/LIDAR_TOP_RIGHT/LIDAR_TOP_RIGHT_1693037630826060.pcd
7329d76ec1ab4f25bc4ca39d9bc0605b,edda21af0d3746509b92cd66626f3c22,fb0a3d4e84c74b07ba0997891ed12f0b,LiDAR,LIDAR_TOP_RIGHT,1693037631325999,True,samples,samples/LIDAR_TOP_RIGHT/LIDAR_TOP_RIGHT_1693037631325999.pcd
9d7b95e0987245b39142681f02949c6b,be9fd92af46f405a81143c4ebc2ec6e8,fb0a3d4e84c74b07ba0997891ed12f0b,LiDAR,LIDAR_TOP_RIGHT,1693037631826144,True,samples,samples/LIDAR_TOP_RIGHT/LIDAR_TOP_RIGHT_1693037631826144.pcd
551dee813c154dfeb71b3f56a2db5f2b,bb645fdd377641b0bf0cc0e237c8f921,fb0a3d4e84c74b07ba0997891ed12f0b,LiDAR,LIDAR_TOP_RIGHT,1693037632326389,True,samples,samples/LIDAR_TOP_RIGHT/LIDAR_TOP_RIGHT_1693037632326389.pcd
add8ff988bc640628f759e487e481430,b47fb153d525405b9a0969ed13866d47,fb0a3d4e84c74b07ba0997891ed12f0b,LiDAR,LIDAR_TOP_RIGHT,1693037632826437,True,samples,samples/LIDAR_TOP_RIGHT/LIDAR_TOP_RIGHT_1693037632826437.pcd
0c19fabbac9040c3bedb176ed47f30ad,22a144007355442b88302e98c8bdfcc3,fb0a3d4e84c74b07ba0997891ed12f0b,LiDAR,LIDAR_TOP_RIGHT,1693037633326150,True,samples,samples/LIDAR_TOP_RIGHT/LIDAR_TOP_RIGHT_1693037633326150.pcd
5dc40b1ca3794a46a9d392daffe2fa84,65e601eefa2c4897aa403b73eb732f4b,fb0a3d4e84c74b07ba0997891ed12f0b,LiDAR,LIDAR_TOP_RIGHT,1693037633825903,True,samples,samples/LIDAR_TOP_RIGHT/LIDAR_TOP_RIGHT_1693037633825903.pcd
e86b03eb06734256ae193725a557d17b,5fa7a0d7ce294937aa6c752ffc289a99,fb0a3d4e84c74b07ba0997891ed12f0b,LiDAR,LIDAR_TOP_RIGHT,1693037634325980,True,samples,samples/LIDAR_TOP_RIGHT/LIDAR_TOP_RIGHT_1693037634325980.pcd
6ba71a0f339d4bcc81c60199268fe263,56d617998a924daab151906f9f927ce8,fb0a3d4e84c74b07ba0997891ed12f0b,LiDAR,LIDAR_TOP_RIGHT,1693037634825957,True,samples,samples/LIDAR_TOP_RIGHT/LIDAR_TOP_RIGHT_1693037634825957.pcd
4be3181bbe3047828bcf4e76a451bf7e,bef4f31700da4be6b6d5e00e8d2f069f,fb0a3d4e84c74b07ba0997891ed12f0b,LiDAR,LIDAR_TOP_RIGHT,1693037635325950,True,samples,samples/LIDAR_TOP_RIGHT/LIDAR_TOP_RIGHT_1693037635325950.pcd
acac5b568a7c48ba9c83f4bd35e3b94d,66b74e3b07944e3093c3ff399906a677,fb0a3d4e84c74b07ba0997891ed12f0b,LiDAR,LIDAR_TOP_RIGHT,1693037635826119,True,samples,samples/LIDAR_TOP_RIGHT/LIDAR_TOP_RIGHT_1693037635826119.pcd
c12f71c6da85470591bf8e5b578297af,6639726833f3487e84af32dcdeb5ca97,fb0a3d4e84c74b07ba0997891ed12f0b,LiDAR,LIDAR_TOP_RIGHT,1693037636326186,True,samples,samples/LIDAR_TOP_RIGHT/LIDAR_TOP_RIGHT_1693037636326186.pcd
ee91a1f6572448418ff464267d8e6536,1d6eca27a2d846babba94511cdb92ce8,fb0a3d4e84c74b07ba0997891ed12f0b,LiDAR,LIDAR_TOP_RIGHT,1693037636826416,True,samples,samples/LIDAR_TOP_RIGHT/LIDAR_TOP_RIGHT_1693037636826416.pcd
4c588c2d56b24c688d243a1a6718929c,5246ab26fe1e49679c1feb5a49f2155b,fb0a3d4e84c74b07ba0997891ed12f0b,LiDAR,LIDAR_TOP_RIGHT,1693037637326406,True,samples,samples/LIDAR_TOP_RIGHT/LIDAR_TOP_RIGHT_1693037637326406.pcd
466a3e17c517405b8da06f12807da9db,c077a9424ba74b41b1f7388437a26db8,fb0a3d4e84c74b07ba0997891ed12f0b,LiDAR,LIDAR_TOP_RIGHT,1693037637826284,True,samples,samples/LIDAR_TOP_RIGHT/LIDAR_TOP_RIGHT_1693037637826284.pcd
aa36a01b5eb9429da4ae88c30b7240dc,b9d620dd5b0d460c9e6bcbba8869e234,fb0a3d4e84c74b07ba0997891ed12f0b,LiDAR,LIDAR_TOP_RIGHT,1693037638326225,True,samples,samples/LIDAR_TOP_RIGHT/LIDAR_TOP_RIGHT_1693037638326225.pcd
c7d110aae816424caece3576f873f6c4,cd0ad0366409452ba84ed09a88762098,fb0a3d4e84c74b07ba0997891ed12f0b,LiDAR,LIDAR_TOP_RIGHT,1693037638826188,True,samples,samples/LIDAR_TOP_RIGHT/LIDAR_TOP_RIGHT_1693037638826188.pcd
34e52c5b064b4f1288b07583fcc03f9a,dfbf91bd129943158cfe23b97304b5c1,fb0a3d4e84c74b07ba0997891ed12f0b,LiDAR,LIDAR_TOP_RIGHT,1693037639326160,True,samples,samples/LIDAR_TOP_RIGHT/LIDAR_TOP_RIGHT_1693037639326160.pcd
b9e5b85217af4506a9e25f84dbfc1cee,d189106bfea940e6b0645b020a817274,fb0a3d4e84c74b07ba0997891ed12f0b,LiDAR,LIDAR_TOP_RIGHT,1693037639826121,True,samples,samples/LIDAR_TOP_RIGHT/LIDAR_TOP_RIGHT_1693037639826121.pcd
98a94d9ccf1d4bb1a21dd2a989f75cf6,ecda125ef7114f1e95e3376a422ca987,fb0a3d4e84c74b07ba0997891ed12f0b,LiDAR,LIDAR_TOP_RIGHT,1693037640326015,True,samples,samples/LIDAR_TOP_RIGHT/LIDAR_TOP_RIGHT_1693037640326015.pcd
d1a17c769dc44c3db80702b3d1b9474b,662e13a0a54646e2a85061b8fd8b82cf,fb0a3d4e84c74b07ba0997891ed12f0b,LiDAR,LIDAR_TOP_RIGHT,1693037640825970,True,samples,samples/LIDAR_TOP_RIGHT/LIDAR_TOP_RIGHT_1693037640825970.pcd
74e2d6f81baa4dfe80675bdf43487e0b,6d95ec0691e34461837902237666da14,fb0a3d4e84c74b07ba0997891ed12f0b,LiDAR,LIDAR_TOP_RIGHT,1693037641326201,True,samples,samples/LIDAR_TOP_RIGHT/LIDAR_TOP_RIGHT_1693037641326201.pcd
3e46216b61964bea9ef9a0020c1853d7,f8a3068c788b4ef385f381a1896324ff,fb0a3d4e84c74b07ba0997891ed12f0b,LiDAR,LIDAR_TOP_RIGHT,1693037641826417,True,samples,samples/LIDAR_TOP_RIGHT/LIDAR_TOP_RIGHT_1693037641826417.pcd
2ab6ac12959f45109403f6f349a86ab8,22c8e66994d848fa9e7c5b818a74e929,fb0a3d4e84c74b07ba0997891ed12f0b,LiDAR,LIDAR_TOP_RIGHT,1693037642326438,True,samples,samples/LIDAR_TOP_RIGHT/LIDAR_TOP_RIGHT_1693037642326438.pcd
d0d2846f9eab4c6baac8612ee9786de8,2b3dddad1f5c45b88b589d928aabd5c5,fb0a3d4e84c74b07ba0997891ed12f0b,LiDAR,LIDAR_TOP_RIGHT,1693037642826419,True,samples,samples/LIDAR_TOP_RIGHT/LIDAR_TOP_RIGHT_1693037642826419.pcd
ca9020d40c934a9597e63c56c7b72e89,2ef9cc68aad54b5dbd7ba1656b162bb6,fb0a3d4e84c74b07ba0997891ed12f0b,LiDAR,LIDAR_TOP_RIGHT,1693037643326379,True,samples,samples/LIDAR_TOP_RIGHT/LIDAR_TOP_RIGHT_1693037643326379.pcd
967bad3f232542ada6eff2ec37b4f430,4629ab4eef614bcc88799f3c2a481464,fb0a3d4e84c74b07ba0997891ed12f0b,LiDAR,LIDAR_TOP_RIGHT,1693037643826264,True,samples,samples/LIDAR_TOP_RIGHT/LIDAR_TOP_RIGHT_1693037643826264.pcd
1a33179e6008416fb418244aa78c0306,17f7f55abf7149808ac93fbceb62dc4b,fb0a3d4e84c74b07ba0997891ed12f0b,LiDAR,LIDAR_TOP_RIGHT,1693037644326077,True,samples,samples/LIDAR_TOP_RIGHT/LIDAR_TOP_RIGHT_1693037644326077.pcd
269aac09a4104b23a776e54eda15e5ad,e55da1b1790746d28026543b91d35035,fb0a3d4e84c74b07ba0997891ed12f0b,LiDAR,LIDAR_TOP_RIGHT,1693037644826180,True,samples,samples/LIDAR_TOP_RIGHT/LIDAR_TOP_RIGHT_1693037644826180.pcd
5e1775f1bd174e0698a3a5828da33a01,a5f45502b1624983896e28a213edfc32,fb0a3d4e84c74b07ba0997891ed12f0b,LiDAR,LIDAR_TOP_RIGHT,1693037645325977,True,samples,samples/LIDAR_TOP_RIGHT/LIDAR_TOP_RIGHT_1693037645325977.pcd
e1e8bf587994447e9eb87c1e06be2739,eb589fd9cd944cf5918b7d02b675c9e0,fb0a3d4e84c74b07ba0997891ed12f0b,LiDAR,LIDAR_TOP_RIGHT,1693037645826091,True,samples,samples/LIDAR_TOP_RIGHT/LIDAR_TOP_RIGHT_1693037645826091.pcd
3a81300bf0bc45cd98def5b6dea71d53,6e85e65d164646609515e2482f43f9e8,fb0a3d4e84c74b07ba0997891ed12f0b,LiDAR,LIDAR_TOP_RIGHT,1693037646326297,True,samples,samples/LIDAR_TOP_RIGHT/LIDAR_TOP_RIGHT_1693037646326297.pcd
c59d404852d54e47bacfd5bd1b2006c8,6da4714588654dcb98fd4b687c4d84b1,fb0a3d4e84c74b07ba0997891ed12f0b,LiDAR,LIDAR_TOP_RIGHT,1693037646826347,True,samples,samples/LIDAR_TOP_RIGHT/LIDAR_TOP_RIGHT_1693037646826347.pcd
152f222d51d44efd9ad96133b03c3e1c,88c836e904e34f6cb1cbf68901b2515c,fb0a3d4e84c74b07ba0997891ed12f0b,LiDAR,LIDAR_TOP_RIGHT,1693037647326537,True,samples,samples/LIDAR_TOP_RIGHT/LIDAR_TOP_RIGHT_1693037647326537.pcd
0ae75cf3197f4cc69ce5e0b77fc1b84c,03595fbbc36e4b509eec679e8fbfe3b0,fb0a3d4e84c74b07ba0997891ed12f0b,LiDAR,LIDAR_TOP_RIGHT,1693037647826354,True,samples,samples/LIDAR_TOP_RIGHT/LIDAR_TOP_RIGHT_1693037647826354.pcd
4e4a4bfa70594d738dab5ea3321b9c51,27b21c33300842fdb87fcae94c6eef64,fb0a3d4e84c74b07ba0997891ed12f0b,LiDAR,LIDAR_TOP_RIGHT,1693037648326202,True,samples,samples/LIDAR_TOP_RIGHT/LIDAR_TOP_RIGHT_1693037648326202.pcd
bfe23334ea01480f892da4fc1f494f8f,03aa237df45142e3a7e743192bdab1a4,fb0a3d4e84c74b07ba0997891ed12f0b,LiDAR,LIDAR_TOP_RIGHT,1693037648826168,True,samples,samples/LIDAR_TOP_RIGHT/LIDAR_TOP_RIGHT_1693037648826168.pcd
65d7985a0ed94d9e9310e55dd9f35e47,14a220becf67423cb187002e685e95bc,fb0a3d4e84c74b07ba0997891ed12f0b,LiDAR,LIDAR_TOP_RIGHT,1693037649326048,True,samples,samples/LIDAR_TOP_RIGHT/LIDAR_TOP_RIGHT_1693037649326048.pcd
06e00fbdc6484d1a961506710126db3d,c697554e47f54d808bc04430ee0c096a,fb0a3d4e84c74b07ba0997891ed12f0b,LiDAR,LIDAR_REAR,1693037629750047,True,samples,samples/LIDAR_REAR/LIDAR_REAR_1693037629750047.pcd
abcdfecff02049c6940b6b17eecc54c1,c1fa7ae3e9e841669977535cab99f9e5,fb0a3d4e84c74b07ba0997891ed12f0b,LiDAR,LIDAR_REAR,1693037630250023,True,samples,samples/LIDAR_REAR/LIDAR_REAR_1693037630250023.pcd
83830ff34d164cdc93bb6b2827ccf268,88f45c2252de4a4ab521c379295691b8,fb0a3d4e84c74b07ba0997891ed12f0b,LiDAR,LIDAR_REAR,1693037630750058,True,samples,samples/LIDAR_REAR/LIDAR_REAR_1693037630750058.pcd
17af0569a72b4b15a5843c8713922ba9,edda21af0d3746509b92cd66626f3c22,fb0a3d4e84c74b07ba0997891ed12f0b,LiDAR,LIDAR_REAR,1693037631250010,True,samples,samples/LIDAR_REAR/LIDAR_REAR_1693037631250010.pcd
23cee32681ad4caaaf724087c0f0f8f6,be9fd92af46f405a81143c4ebc2ec6e8,fb0a3d4e84c74b07ba0997891ed12f0b,LiDAR,LIDAR_REAR,1693037631750057,True,samples,samples/LIDAR_REAR/LIDAR_REAR_1693037631750057.pcd
0cb920ebd4ae4e6791e377f4432a2fd6,bb645fdd377641b0bf0cc0e237c8f921,fb0a3d4e84c74b07ba0997891ed12f0b,LiDAR,LIDAR_REAR,1693037632250043,True,samples,samples/LIDAR_REAR/LIDAR_REAR_1693037632250043.pcd
61281b2de9b44900ab17b68060416007,b47fb153d525405b9a0969ed13866d47,fb0a3d4e84c74b07ba0997891ed12f0b,LiDAR,LIDAR_REAR,1693037632749981,True,samples,samples/LIDAR_REAR/LIDAR_REAR_1693037632749981.pcd
a291f0247013483aab19975067dd9f3b,22a144007355442b88302e98c8bdfcc3,fb0a3d4e84c74b07ba0997891ed12f0b,LiDAR,LIDAR_REAR,1693037633250138,True,samples,samples/LIDAR_REAR/LIDAR_REAR_1693037633250138.pcd
f8d83dd8a61845538bd391475e2404d4,65e601eefa2c4897aa403b73eb732f4b,fb0a3d4e84c74b07ba0997891ed12f0b,LiDAR,LIDAR_REAR,1693037633750203,True,samples,samples/LIDAR_REAR/LIDAR_REAR_1693037633750203.pcd
dac4a271887e40a5b3e52dd676edff59,5fa7a0d7ce294937aa6c752ffc289a99,fb0a3d4e84c74b07ba0997891ed12f0b,LiDAR,LIDAR_REAR,1693037634250153,True,samples,samples/LIDAR_REAR/LIDAR_REAR_1693037634250153.pcd
94cd8186fc68477495bd458c831d4579,56d617998a924daab151906f9f927ce8,fb0a3d4e84c74b07ba0997891ed12f0b,LiDAR,LIDAR_REAR,1693037634750044,True,samples,samples/LIDAR_REAR/LIDAR_REAR_1693037634750044.pcd
3a4e1fcf958e429caf56755c9518db69,bef4f31700da4be6b6d5e00e8d2f069f,fb0a3d4e84c74b07ba0997891ed12f0b,LiDAR,LIDAR_REAR,1693037635249986,True,samples,samples/LIDAR_REAR/LIDAR_REAR_1693037635249986.pcd
68f8828edc7446f182a1226291055a4a,66b74e3b07944e3093c3ff399906a677,fb0a3d4e84c74b07ba0997891ed12f0b,LiDAR,LIDAR_REAR,1693037635750045,True,samples,samples/LIDAR_REAR/LIDAR_REAR_1693037635750045.pcd
148473980f5b4e26bd2519bb62893be7,6639726833f3487e84af32dcdeb5ca97,fb0a3d4e84c74b07ba0997891ed12f0b,LiDAR,LIDAR_REAR,1693037636250083,True,samples,samples/LIDAR_REAR/LIDAR_REAR_1693037636250083.pcd
c0ee7879d57a4afba534f07219d09c44,1d6eca27a2d846babba94511cdb92ce8,fb0a3d4e84c74b07ba0997891ed12f0b,LiDAR,LIDAR_REAR,1693037636750087,True,samples,samples/LIDAR_REAR/LIDAR_REAR_1693037636750087.pcd
a2be4f796ba94b3a95b3721b96b82788,5246ab26fe1e49679c1feb5a49f2155b,fb0a3d4e84c74b07ba0997891ed12f0b,LiDAR,LIDAR_REAR,1693037637250079,True,samples,samples/LIDAR_REAR/LIDAR_REAR_1693037637250079.pcd
c40c147ce67745d8a75e5b0bae00b51e,c077a9424ba74b41b1f7388437a26db8,fb0a3d4e84c74b07ba0997891ed12f0b,LiDAR,LIDAR_REAR,1693037637750060,True,samples,samples/LIDAR_REAR/LIDAR_REAR_1693037637750060.pcd
f83c8533b07e4342adeee7a836314f09,b9d620dd5b0d460c9e6bcbba8869e234,fb0a3d4e84c74b07ba0997891ed12f0b,LiDAR,LIDAR_REAR,1693037638250078,True,samples,samples/LIDAR_REAR/LIDAR_REAR_1693037638250078.pcd
211c216337ea41bea1646a5bc3f24248,cd0ad0366409452ba84ed09a88762098,fb0a3d4e84c74b07ba0997891ed12f0b,LiDAR,LIDAR_REAR,1693037638750255,True,samples,samples/LIDAR_REAR/LIDAR_REAR_1693037638750255.pcd
27c4200e39fe4e6382cab056cfe13050,dfbf91bd129943158cfe23b97304b5c1,fb0a3d4e84c74b07ba0997891ed12f0b,LiDAR,LIDAR_REAR,1693037639250290,True,samples,samples/LIDAR_REAR/LIDAR_REAR_1693037639250290.pcd
193a054ec68848a082de3b6a1494b046,d189106bfea940e6b0645b020a817274,fb0a3d4e84c74b07ba0997891ed12f0b,LiDAR,LIDAR_REAR,1693037639750379,True,samples,samples/LIDAR_REAR/LIDAR_REAR_1693037639750379.pcd
151f9e350e354ee9a6b60b5c1d51090e,ecda125ef7114f1e95e3376a422ca987,fb0a3d4e84c74b07ba0997891ed12f0b,LiDAR,LIDAR_REAR,1693037640250436,True,samples,samples/LIDAR_REAR/LIDAR_REAR_1693037640250436.pcd
610dbf5cbe7a4b66b358407e9eaa31cc,662e13a0a54646e2a85061b8fd8b82cf,fb0a3d4e84c74b07ba0997891ed12f0b,LiDAR,LIDAR_REAR,1693037640750347,True,samples,samples/LIDAR_REAR/LIDAR_REAR_1693037640750347.pcd
4578c0686943487ca9b43a33e4f85f79,6d95ec0691e34461837902237666da14,fb0a3d4e84c74b07ba0997891ed12f0b,LiDAR,LIDAR_REAR,1693037641250232,True,samples,samples/LIDAR_REAR/LIDAR_REAR_1693037641250232.pcd
eca3624891e5444faead2c6e21ec4d9a,f8a3068c788b4ef385f381a1896324ff,fb0a3d4e84c74b07ba0997891ed12f0b,LiDAR,LIDAR_REAR,1693037641750281,True,samples,samples/LIDAR_REAR/LIDAR_REAR_1693037641750281.pcd
bf1c8824f2d743ab859fdaebf2180d12,22c8e66994d848fa9e7c5b818a74e929,fb0a3d4e84c74b07ba0997891ed12f0b,LiDAR,LIDAR_REAR,1693037642250356,True,samples,samples/LIDAR_REAR/LIDAR_REAR_1693037642250356.pcd
0c39514270a445038701e7643a058607,2b3dddad1f5c45b88b589d928aabd5c5,fb0a3d4e84c74b07ba0997891ed12f0b,LiDAR,LIDAR_REAR,1693037642750320,True,samples,samples/LIDAR_REAR/LIDAR_REAR_1693037642750320.pcd
055ee05c70034648a5d7105228e0636f,2ef9cc68aad54b5dbd7ba1656b162bb6,fb0a3d4e84c74b07ba0997891ed12f0b,LiDAR,LIDAR_REAR,1693037643250303,True,samples,samples/LIDAR_REAR/LIDAR_REAR_1693037643250303.pcd
725b2fb340f549fb8e826970327cd37c,4629ab4eef614bcc88799f3c2a481464,fb0a3d4e84c74b07ba0997891ed12f0b,LiDAR,LIDAR_REAR,1693037643750280,True,samples,samples/LIDAR_REAR/LIDAR_REAR_1693037643750280.pcd
66bd35e471c6407f9227c1ebb2d17041,17f7f55abf7149808ac93fbceb62dc4b,fb0a3d4e84c74b07ba0997891ed12f0b,LiDAR,LIDAR_REAR,1693037644250130,True,samples,samples/LIDAR_REAR/LIDAR_REAR_1693037644250130.pcd
88dee4ef17014ec497a4279256756ff9,e55da1b1790746d28026543b91d35035,fb0a3d4e84c74b07ba0997891ed12f0b,LiDAR,LIDAR_REAR,1693037644750308,True,samples,samples/LIDAR_REAR/LIDAR_REAR_1693037644750308.pcd
bff6d8edf2c040159ae7bb7f9f028635,a5f45502b1624983896e28a213edfc32,fb0a3d4e84c74b07ba0997891ed12f0b,LiDAR,LIDAR_REAR,1693037645250227,True,samples,samples/LIDAR_REAR/LIDAR_REAR_1693037645250227.pcd
55e34dcb9aea4725b5e02c7b52f615b5,eb589fd9cd944cf5918b7d02b675c9e0,fb0a3d4e84c74b07ba0997891ed12f0b,LiDAR,LIDAR_REAR,1693037645750119,True,samples,samples/LIDAR_REAR/LIDAR_REAR_1693037645750119.pcd
56ff73823a2d45929e74422ed8965841,6e85e65d164646609515e2482f43f9e8,fb0a3d4e84c74b07ba0997891ed12f0b,LiDAR,LIDAR_REAR,1693037646250102,True,samples,samples/LIDAR_REAR/LIDAR_REAR_1693037646250102.pcd
19e0a3b55cb74956bb0b78acfd556965,6da4714588654dcb98fd4b687c4d84b1,fb0a3d4e84c74b07ba0997891ed12f0b,LiDAR,LIDAR_REAR,1693037646750117,True,samples,samples/LIDAR_REAR/LIDAR_REAR_1693037646750117.pcd
4896b61b05a24222aff041cdb0499d5f,88c836e904e34f6cb1cbf68901b2515c,fb0a3d4e84c74b07ba0997891ed12f0b,LiDAR,LIDAR_REAR,1693037647250043,True,samples,samples/LIDAR_REAR/LIDAR_REAR_1693037647250043.pcd
925224106418414e9a560f7b45b15c33,03595fbbc36e4b509eec679e8fbfe3b0,fb0a3d4e84c74b07ba0997891ed12f0b,LiDAR,LIDAR_REAR,1693037647749950,True,samples,samples/LIDAR_REAR/LIDAR_REAR_1693037647749950.pcd
430852f9a0494fa18dd25b53cc62ebe0,27b21c33300842fdb87fcae94c6eef64,fb0a3d4e84c74b07ba0997891ed12f0b,LiDAR,LIDAR_REAR,1693037648249928,True,samples,samples/LIDAR_REAR/LIDAR_REAR_1693037648249928.pcd
560ec143d37a4a23a358f7f37d588b11,03aa237df45142e3a7e743192bdab1a4,fb0a3d4e84c74b07ba0997891ed12f0b,LiDAR,LIDAR_REAR,1693037648749970,True,samples,samples/LIDAR_REAR/LIDAR_REAR_1693037648749970.pcd
b773483070fb45beabec910f75d81b2d,14a220becf67423cb187002e685e95bc,fb0a3d4e84c74b07ba0997891ed12f0b,LiDAR,LIDAR_REAR,1693037649250035,True,samples,samples/LIDAR_REAR/LIDAR_REAR_1693037649250035.pcd
6292fcc90ca84fb18d2d30c937d2fcf4,a5d7d3dc07d345cfb5649e4fac1cdd87,9fb76bae00124c85aaf4d6d0e4dbf194,LiDAR,LIDAR_LEFT,1694938792986576,True,samples,samples/LIDAR_LEFT/LIDAR_LEFT_1694938792986576.pcd
edb94c8aa2ff4e94bad526c333f3f970,19980a921db84f85aa54ef0ea75c3a8c,9fb76bae00124c85aaf4d6d0e4dbf194,LiDAR,LIDAR_LEFT,1694938793486624,True,samples,samples/LIDAR_LEFT/LIDAR_LEFT_1694938793486624.pcd
eff687e6a6544dfdace174aec2dfd0d6,a98bbe5b6e394642a61d40b80e282bd2,9fb76bae00124c85aaf4d6d0e4dbf194,LiDAR,LIDAR_LEFT,1694938793987397,True,samples,samples/LIDAR_LEFT/LIDAR_LEFT_1694938793987397.pcd
23a7b6cd3c1445b0893a4caead012a36,0a159eaf8c1e42b4b94186d43230a214,9fb76bae00124c85aaf4d6d0e4dbf194,LiDAR,LIDAR_LEFT,1694938794487778,True,samples,samples/LIDAR_LEFT/LIDAR_LEFT_1694938794487778.pcd
fb10dcbb5c35492f83900b9c988514d3,6e169e7d226d47ba88c32424fc414937,9fb76bae00124c85aaf4d6d0e4dbf194,LiDAR,LIDAR_LEFT,1694938794988009,True,samples,samples/LIDAR_LEFT/LIDAR_LEFT_1694938794988009.pcd
39096ce321c041ffbc37b33cacb268b8,e4081856fd5349b5a7b89b944a5b543f,9fb76bae00124c85aaf4d6d0e4dbf194,LiDAR,LIDAR_LEFT,1694938795487924,True,samples,samples/LIDAR_LEFT/LIDAR_LEFT_1694938795487924.pcd
c389c13a8bd64057b00916b28218130a,30b294a43eae4f00a0856cee1c22502a,9fb76bae00124c85aaf4d6d0e4dbf194,LiDAR,LIDAR_LEFT,1694938795987385,True,samples,samples/LIDAR_LEFT/LIDAR_LEFT_1694938795987385.pcd
21c722cdfa284d519a35d0e1a8db5fcb,67256e243cb14abeaa96f0be03dd3e9a,9fb76bae00124c85aaf4d6d0e4dbf194,LiDAR,LIDAR_LEFT,1694938796487308,True,samples,samples/LIDAR_LEFT/LIDAR_LEFT_1694938796487308.pcd
d12189cf90f54da4b49aea4daad6de12,0c69f9d5815d4907a8438044c04201ef,9fb76bae00124c85aaf4d6d0e4dbf194,LiDAR,LIDAR_LEFT,1694938796987382,True,samples,samples/LIDAR_LEFT/LIDAR_LEFT_1694938796987382.pcd
bb36564e83a643b193795cad47be4712,5ba8f82a2e3a4160b9e1243aafb78712,9fb76bae00124c85aaf4d6d0e4dbf194,LiDAR,LIDAR_LEFT,1694938797487561,True,samples,samples/LIDAR_LEFT/LIDAR_LEFT_1694938797487561.pcd
e1b726cf83444dd091d95b4aea890be3,618a863a1fcf4eb794fc783c366aa20f,9fb76bae00124c85aaf4d6d0e4dbf194,LiDAR,LIDAR_LEFT,1694938797987859,True,samples,samples/LIDAR_LEFT/LIDAR_LEFT_1694938797987859.pcd
ddeaf0bf269a41b7a2a62dfa9e590edc,6ae89c7a1da948eb9e935bcc5f7b09e0,9fb76bae00124c85aaf4d6d0e4dbf194,LiDAR,LIDAR_LEFT,1694938798487774,True,samples,samples/LIDAR_LEFT/LIDAR_LEFT_1694938798487774.pcd
dd4dbc74c51442b3b4aeb43c38d9d75a,32473bdc06a342d4b42c978227abfe55,9fb76bae00124c85aaf4d6d0e4dbf194,LiDAR,LIDAR_LEFT,1694938798987519,True,samples,samples/LIDAR_LEFT/LIDAR_LEFT_1694938798987519.pcd
b5a2fc53a7554573b881dbe359696d5b,67a6f2f5662d4035984509589c50c6b9,9fb76bae00124c85aaf4d6d0e4dbf194,LiDAR,LIDAR_LEFT,1694938799487386,True,samples,samples/LIDAR_LEFT/LIDAR_LEFT_1694938799487386.pcd
a90eee9d11aa4d5b8fff1dfa189dad4f,ed4081026261436197a9c66f1939d830,9fb76bae00124c85aaf4d6d0e4dbf194,LiDAR,LIDAR_LEFT,1694938799987337,True,samples,samples/LIDAR_LEFT/LIDAR_LEFT_1694938799987337.pcd
a79b87f86ea14fd5961ccbffc4689941,6d6cd02cde33436197a7820145262674,9fb76bae00124c85aaf4d6d0e4dbf194,LiDAR,LIDAR_LEFT,1694938800487621,True,samples,samples/LIDAR_LEFT/LIDAR_LEFT_1694938800487621.pcd
c09a7aa2f796459cb8e23e210a067391,7d86c0bd95b449658921145955fea4e0,9fb76bae00124c85aaf4d6d0e4dbf194,LiDAR,LIDAR_LEFT,1694938800987950,True,samples,samples/LIDAR_LEFT/LIDAR_LEFT_1694938800987950.pcd
836adbce7cd34265921aba72845c0d4d,6eae67dc76ff47b5af097b413c2447a5,9fb76bae00124c85aaf4d6d0e4dbf194,LiDAR,LIDAR_LEFT,1694938801487910,True,samples,samples/LIDAR_LEFT/LIDAR_LEFT_1694938801487910.pcd
f84a81266e934ac79614f1b368cf9246,db875de1c58748c0a4f273f4200b0841,9fb76bae00124c85aaf4d6d0e4dbf194,LiDAR,LIDAR_LEFT,1694938801987355,True,samples,samples/LIDAR_LEFT/LIDAR_LEFT_1694938801987355.pcd
8fb6f58328d2486baf048038c912ccf4,6fc67d6877724bbea6efa6d09a5f97d6,9fb76bae00124c85aaf4d6d0e4dbf194,LiDAR,LIDAR_LEFT,1694938802487118,True,samples,samples/LIDAR_LEFT/LIDAR_LEFT_1694938802487118.pcd
7191efc151f94f14b8f4fab028371c92,a0eaf36b2f7a4598bb0ae21a3e6d44cd,9fb76bae00124c85aaf4d6d0e4dbf194,LiDAR,LIDAR_LEFT,1694938802987019,True,samples,samples/LIDAR_LEFT/LIDAR_LEFT_1694938802987019.pcd
ba5821f239a04c94bc44febc09e7f48f,e9dab1896acf4c0fa04f85f5c3b047fa,9fb76bae00124c85aaf4d6d0e4dbf194,LiDAR,LIDAR_LEFT,1694938803487274,True,samples,samples/LIDAR_LEFT/LIDAR_LEFT_1694938803487274.pcd
5e2683fb4d3f4ad8a7908bb29184ad5a,4d113d0314e041d990d2e6448b87de40,9fb76bae00124c85aaf4d6d0e4dbf194,LiDAR,LIDAR_LEFT,1694938803987775,True,samples,samples/LIDAR_LEFT/LIDAR_LEFT_1694938803987775.pcd
2fec7169cca547f9a166a61865a9630a,446ab39c270845e3871ec28d5c13fb2c,9fb76bae00124c85aaf4d6d0e4dbf194,LiDAR,LIDAR_LEFT,1694938804487917,True,samples,samples/LIDAR_LEFT/LIDAR_LEFT_1694938804487917.pcd
4a0c1ca7579743f282f4c9ab9e8b3499,198a52743df64f89b4f6b639c49712f8,9fb76bae00124c85aaf4d6d0e4dbf194,LiDAR,LIDAR_LEFT,1694938804988024,True,samples,samples/LIDAR_LEFT/LIDAR_LEFT_1694938804988024.pcd
9e78eec1b81f4aa78d38a8ef87a538f8,403389bcbf164b2db48c73b913662b48,9fb76bae00124c85aaf4d6d0e4dbf194,LiDAR,LIDAR_LEFT,1694938805487782,True,samples,samples/LIDAR_LEFT/LIDAR_LEFT_1694938805487782.pcd
ddaf58a1a0954bd784692804edaf813e,73cd609690224547b69224dad987f4f3,9fb76bae00124c85aaf4d6d0e4dbf194,LiDAR,LIDAR_LEFT,1694938805987382,True,samples,samples/LIDAR_LEFT/LIDAR_LEFT_1694938805987382.pcd
f07bf412b83d45dca1c8ecb0608e535f,755ac2cd4ee1493785ccc9de7b96c907,9fb76bae00124c85aaf4d6d0e4dbf194,LiDAR,LIDAR_LEFT,1694938806487349,True,samples,samples/LIDAR_LEFT/LIDAR_LEFT_1694938806487349.pcd
19718533ff9649c0a4c79af75381fd77,2034f1707ec7419b9c3479fbef98c9b3,9fb76bae00124c85aaf4d6d0e4dbf194,LiDAR,LIDAR_LEFT,1694938806987400,True,samples,samples/LIDAR_LEFT/LIDAR_LEFT_1694938806987400.pcd
0dde7aebcd844f1db28439b46e76bb2b,9aaeea7462be41baacf3ceb9126136e7,9fb76bae00124c85aaf4d6d0e4dbf194,LiDAR,LIDAR_LEFT,1694938807487550,True,samples,samples/LIDAR_LEFT/LIDAR_LEFT_1694938807487550.pcd
28a061ae57e84a7ea44042b4c896134a,bd1b98fca97642d596c968d4df826df0,9fb76bae00124c85aaf4d6d0e4dbf194,LiDAR,LIDAR_LEFT,1694938807987793,True,samples,samples/LIDAR_LEFT/LIDAR_LEFT_1694938807987793.pcd
be4602ea5d614c78bb2867b1612580b1,30dbdc20e13249cd8117d7215071b4c8,9fb76bae00124c85aaf4d6d0e4dbf194,LiDAR,LIDAR_LEFT,1694938808487541,True,samples,samples/LIDAR_LEFT/LIDAR_LEFT_1694938808487541.pcd
e23a82be07304700919812d0acf36514,d5c1c80145214282b058cf815792baa9,9fb76bae00124c85aaf4d6d0e4dbf194,LiDAR,LIDAR_LEFT,1694938808987153,True,samples,samples/LIDAR_LEFT/LIDAR_LEFT_1694938808987153.pcd
894bae6a845a4e2ba6a8ec3c6bc0a4ac,87ba8b5a4c294644890ddfad19209e7a,9fb76bae00124c85aaf4d6d0e4dbf194,LiDAR,LIDAR_LEFT,1694938809487215,True,samples,samples/LIDAR_LEFT/LIDAR_LEFT_1694938809487215.pcd
78918c2980a145dbb2fa26f63f58ab79,51a6e5b5fe5f4f5a99c05a1540d6d92a,9fb76bae00124c85aaf4d6d0e4dbf194,LiDAR,LIDAR_LEFT,1694938809987732,True,samples,samples/LIDAR_LEFT/LIDAR_LEFT_1694938809987732.pcd
bce562f57aa44d238b2d05f6918e8cb0,1d111bf7b99d4a6cb886c4cc8525c855,9fb76bae00124c85aaf4d6d0e4dbf194,LiDAR,LIDAR_LEFT,1694938810487858,True,samples,samples/LIDAR_LEFT/LIDAR_LEFT_1694938810487858.pcd
411310ad0b2f463598af8b6678689474,9bd153ce54554cc9a028e6456d2751d2,9fb76bae00124c85aaf4d6d0e4dbf194,LiDAR,LIDAR_LEFT,1694938810987570,True,samples,samples/LIDAR_LEFT/LIDAR_LEFT_1694938810987570.pcd
66078003fcb84a9098517b7c2bfe7f10,ac66e06eade741ea8e18d7ed4ce20120,9fb76bae00124c85aaf4d6d0e4dbf194,LiDAR,LIDAR_LEFT,1694938811487372,True,samples,samples/LIDAR_LEFT/LIDAR_LEFT_1694938811487372.pcd
81b293ec918b419ca147b3632966f93e,1d22c6a108994cc9862094c5b3f454fd,9fb76bae00124c85aaf4d6d0e4dbf194,LiDAR,LIDAR_LEFT,1694938811987411,True,samples,samples/LIDAR_LEFT/LIDAR_LEFT_1694938811987411.pcd
c9267d677022450484854ce78e8e9e6d,868eb15fdbc047509a14c0a966dcd7b6,9fb76bae00124c85aaf4d6d0e4dbf194,LiDAR,LIDAR_LEFT,1694938812487797,True,samples,samples/LIDAR_LEFT/LIDAR_LEFT_1694938812487797.pcd
7bbb6f6bc37e4335bd406199499f4120,a5d7d3dc07d345cfb5649e4fac1cdd87,9fb76bae00124c85aaf4d6d0e4dbf194,LiDAR,LIDAR_RIGHT,1694938793012393,True,samples,samples/LIDAR_RIGHT/LIDAR_RIGHT_1694938793012393.pcd
7676878ee00b4d629e9e97b55fac3b76,19980a921db84f85aa54ef0ea75c3a8c,9fb76bae00124c85aaf4d6d0e4dbf194,LiDAR,LIDAR_RIGHT,1694938793512260,True,samples,samples/LIDAR_RIGHT/LIDAR_RIGHT_1694938793512260.pcd
83fead8ced4a4936850562378cfe2b0a,a98bbe5b6e394642a61d40b80e282bd2,9fb76bae00124c85aaf4d6d0e4dbf194,LiDAR,LIDAR_RIGHT,1694938794012129,True,samples,samples/LIDAR_RIGHT/LIDAR_RIGHT_1694938794012129.pcd
2be8112e3ccc440eab2533fb471cf909,0a159eaf8c1e42b4b94186d43230a214,9fb76bae00124c85aaf4d6d0e4dbf194,LiDAR,LIDAR_RIGHT,1694938794512436,True,samples,samples/LIDAR_RIGHT/LIDAR_RIGHT_1694938794512436.pcd
96ecc06856e94b1ab987e78df769b9fd,6e169e7d226d47ba88c32424fc414937,9fb76bae00124c85aaf4d6d0e4dbf194,LiDAR,LIDAR_RIGHT,1694938795012771,True,samples,samples/LIDAR_RIGHT/LIDAR_RIGHT_1694938795012771.pcd
c722514517e642c3950be074741e5a32,e4081856fd5349b5a7b89b944a5b543f,9fb76bae00124c85aaf4d6d0e4dbf194,LiDAR,LIDAR_RIGHT,1694938795513294,True,samples,samples/LIDAR_RIGHT/LIDAR_RIGHT_1694938795513294.pcd
70cb200d19e24409aee0dd00f917bbfd,30b294a43eae4f00a0856cee1c22502a,9fb76bae00124c85aaf4d6d0e4dbf194,LiDAR,LIDAR_RIGHT,1694938796013925,True,samples,samples/LIDAR_RIGHT/LIDAR_RIGHT_1694938796013925.pcd
3a88b0c24d5247e7af8e5a157a5fce43,67256e243cb14abeaa96f0be03dd3e9a,9fb76bae00124c85aaf4d6d0e4dbf194,LiDAR,LIDAR_RIGHT,1694938796513821,True,samples,samples/LIDAR_RIGHT/LIDAR_RIGHT_1694938796513821.pcd
efad9bc5d90642e8bfbcf519dbfd5e71,0c69f9d5815d4907a8438044c04201ef,9fb76bae00124c85aaf4d6d0e4dbf194,LiDAR,LIDAR_RIGHT,1694938797013044,True,samples,samples/LIDAR_RIGHT/LIDAR_RIGHT_1694938797013044.pcd
20965c8ebe294c75816ec8a23e6529fe,5ba8f82a2e3a4160b9e1243aafb78712,9fb76bae00124c85aaf4d6d0e4dbf194,LiDAR,LIDAR_RIGHT,1694938797512589,True,samples,samples/LIDAR_RIGHT/LIDAR_RIGHT_1694938797512589.pcd
9551736d16864f82b05c500c34b42594,618a863a1fcf4eb794fc783c366aa20f,9fb76bae00124c85aaf4d6d0e4dbf194,LiDAR,LIDAR_RIGHT,1694938798012333,True,samples,samples/LIDAR_RIGHT/LIDAR_RIGHT_1694938798012333.pcd
71e871b922294ae2b4d5bbbab27defd6,6ae89c7a1da948eb9e935bcc5f7b09e0,9fb76bae00124c85aaf4d6d0e4dbf194,LiDAR,LIDAR_RIGHT,1694938798512572,True,samples,samples/LIDAR_RIGHT/LIDAR_RIGHT_1694938798512572.pcd
d9e83667aaab44ea96a66e82fec79c8e,32473bdc06a342d4b42c978227abfe55,9fb76bae00124c85aaf4d6d0e4dbf194,LiDAR,LIDAR_RIGHT,1694938799012741,True,samples,samples/LIDAR_RIGHT/LIDAR_RIGHT_1694938799012741.pcd
36dd45c8e0e84277aec0a6b85fc0dbc7,67a6f2f5662d4035984509589c50c6b9,9fb76bae00124c85aaf4d6d0e4dbf194,LiDAR,LIDAR_RIGHT,1694938799512057,True,samples,samples/LIDAR_RIGHT/LIDAR_RIGHT_1694938799512057.pcd
59a00e8303d546719ad650e5f3ef3583,ed4081026261436197a9c66f1939d830,9fb76bae00124c85aaf4d6d0e4dbf194,LiDAR,LIDAR_RIGHT,1694938800011266,True,samples,samples/LIDAR_RIGHT/LIDAR_RIGHT_1694938800011266.pcd
9dc3df3c92b54023be959cfad6cb1a94,6d6cd02cde33436197a7820145262674,9fb76bae00124c85aaf4d6d0e4dbf194,LiDAR,LIDAR_RIGHT,1694938800511314,True,samples,samples/LIDAR_RIGHT/LIDAR_RIGHT_1694938800511314.pcd
bde22a7b7ec8415e917b938020e5184c,7d86c0bd95b449658921145955fea4e0,9fb76bae00124c85aaf4d6d0e4dbf194,LiDAR,LIDAR_RIGHT,1694938801012124,True,samples,samples/LIDAR_RIGHT/LIDAR_RIGHT_1694938801012124.pcd
a953e026a6a14a17b8c198d0332ea5c9,6eae67dc76ff47b5af097b413c2447a5,9fb76bae00124c85aaf4d6d0e4dbf194,LiDAR,LIDAR_RIGHT,1694938801512874,True,samples,samples/LIDAR_RIGHT/LIDAR_RIGHT_1694938801512874.pcd
59d887ea564d4a42a2e662d85e31b4b0,db875de1c58748c0a4f273f4200b0841,9fb76bae00124c85aaf4d6d0e4dbf194,LiDAR,LIDAR_RIGHT,1694938802013617,True,samples,samples/LIDAR_RIGHT/LIDAR_RIGHT_1694938802013617.pcd
5970ceb438c745b28c4f90ae95bed152,6fc67d6877724bbea6efa6d09a5f97d6,9fb76bae00124c85aaf4d6d0e4dbf194,LiDAR,LIDAR_RIGHT,1694938802513630,True,samples,samples/LIDAR_RIGHT/LIDAR_RIGHT_1694938802513630.pcd
5fe6fc67e2104129874f7a442f2f53ba,a0eaf36b2f7a4598bb0ae21a3e6d44cd,9fb76bae00124c85aaf4d6d0e4dbf194,LiDAR,LIDAR_RIGHT,1694938803012827,True,samples,samples/LIDAR_RIGHT/LIDAR_RIGHT_1694938803012827.pcd
63606a9897404a8f9f6714fc82c4faf5,e9dab1896acf4c0fa04f85f5c3b047fa,9fb76bae00124c85aaf4d6d0e4dbf194,LiDAR,LIDAR_RIGHT,1694938803512658,True,samples,samples/LIDAR_RIGHT/LIDAR_RIGHT_1694938803512658.pcd
cd26f00b0f1149b9860c2b87ae3d234b,4d113d0314e041d990d2e6448b87de40,9fb76bae00124c85aaf4d6d0e4dbf194,LiDAR,LIDAR_RIGHT,1694938804012579,True,samples,samples/LIDAR_RIGHT/LIDAR_RIGHT_1694938804012579.pcd
f0a46345d7b64ea0a871ed881697026b,446ab39c270845e3871ec28d5c13fb2c,9fb76bae00124c85aaf4d6d0e4dbf194,LiDAR,LIDAR_RIGHT,1694938804512367,True,samples,samples/LIDAR_RIGHT/LIDAR_RIGHT_1694938804512367.pcd
6afcb4f9737744b09fc0a4dc7c3c1650,198a52743df64f89b4f6b639c49712f8,9fb76bae00124c85aaf4d6d0e4dbf194,LiDAR,LIDAR_RIGHT,1694938805012606,True,samples,samples/LIDAR_RIGHT/LIDAR_RIGHT_1694938805012606.pcd
379be6ea936b4235ba4c73971ab0a074,403389bcbf164b2db48c73b913662b48,9fb76bae00124c85aaf4d6d0e4dbf194,LiDAR,LIDAR_RIGHT,1694938805513229,True,samples,samples/LIDAR_RIGHT/LIDAR_RIGHT_1694938805513229.pcd
aa5cba43e7244bb6bd91521aaf4bee79,73cd609690224547b69224dad987f4f3,9fb76bae00124c85aaf4d6d0e4dbf194,LiDAR,LIDAR_RIGHT,1694938806013833,True,samples,samples/LIDAR_RIGHT/LIDAR_RIGHT_1694938806013833.pcd
7c5b2b7ad02849ff8e0e7cac64e00c6a,755ac2cd4ee1493785ccc9de7b96c907,9fb76bae00124c85aaf4d6d0e4dbf194,LiDAR,LIDAR_RIGHT,1694938806513699,True,samples,samples/LIDAR_RIGHT/LIDAR_RIGHT_1694938806513699.pcd
0a6c4c85ec554146b049787ff7c83234,2034f1707ec7419b9c3479fbef98c9b3,9fb76bae00124c85aaf4d6d0e4dbf194,LiDAR,LIDAR_RIGHT,1694938807012946,True,samples,samples/LIDAR_RIGHT/LIDAR_RIGHT_1694938807012946.pcd
ea685dd02fbd45d78270697696595830,9aaeea7462be41baacf3ceb9126136e7,9fb76bae00124c85aaf4d6d0e4dbf194,LiDAR,LIDAR_RIGHT,1694938807512694,True,samples,samples/LIDAR_RIGHT/LIDAR_RIGHT_1694938807512694.pcd
669d2a6447cd4fc2b5be0583ec894780,bd1b98fca97642d596c968d4df826df0,9fb76bae00124c85aaf4d6d0e4dbf194,LiDAR,LIDAR_RIGHT,1694938808012533,True,samples,samples/LIDAR_RIGHT/LIDAR_RIGHT_1694938808012533.pcd
18c07cac0bff4a8cb53b3e3aea49388f,30dbdc20e13249cd8117d7215071b4c8,9fb76bae00124c85aaf4d6d0e4dbf194,LiDAR,LIDAR_RIGHT,1694938808512346,True,samples,samples/LIDAR_RIGHT/LIDAR_RIGHT_1694938808512346.pcd
81215834cb774d2bafb9b2f5743d3aa4,d5c1c80145214282b058cf815792baa9,9fb76bae00124c85aaf4d6d0e4dbf194,LiDAR,LIDAR_RIGHT,1694938809012768,True,samples,samples/LIDAR_RIGHT/LIDAR_RIGHT_1694938809012768.pcd
f471d127ecdd4e4cbb8a6d0b882b8d73,87ba8b5a4c294644890ddfad19209e7a,9fb76bae00124c85aaf4d6d0e4dbf194,LiDAR,LIDAR_RIGHT,1694938809512585,True,samples,samples/LIDAR_RIGHT/LIDAR_RIGHT_1694938809512585.pcd
53e382e72cb844f895398402a8e60310,51a6e5b5fe5f4f5a99c05a1540d6d92a,9fb76bae00124c85aaf4d6d0e4dbf194,LiDAR,LIDAR_RIGHT,1694938810012397,True,samples,samples/LIDAR_RIGHT/LIDAR_RIGHT_1694938810012397.pcd
743092e816e54f419eb9c732e56c00d5,1d111bf7b99d4a6cb886c4cc8525c855,9fb76bae00124c85aaf4d6d0e4dbf194,LiDAR,LIDAR_RIGHT,1694938810512850,True,samples,samples/LIDAR_RIGHT/LIDAR_RIGHT_1694938810512850.pcd
286dcda3a48b43899daf0d3d710ba2f9,9bd153ce54554cc9a028e6456d2751d2,9fb76bae00124c85aaf4d6d0e4dbf194,LiDAR,LIDAR_RIGHT,1694938811012550,True,samples,samples/LIDAR_RIGHT/LIDAR_RIGHT_1694938811012550.pcd
a9d5a618b71443deb1d35e4311109a08,ac66e06eade741ea8e18d7ed4ce20120,9fb76bae00124c85aaf4d6d0e4dbf194,LiDAR,LIDAR_RIGHT,1694938811512341,True,samples,samples/LIDAR_RIGHT/LIDAR_RIGHT_1694938811512341.pcd
5b581f62cb3b43f2859075caaf9e2196,1d22c6a108994cc9862094c5b3f454fd,9fb76bae00124c85aaf4d6d0e4dbf194,LiDAR,LIDAR_RIGHT,1694938812012573,True,samples,samples/LIDAR_RIGHT/LIDAR_RIGHT_1694938812012573.pcd
a947e50ca33e42e88c672248af22176a,868eb15fdbc047509a14c0a966dcd7b6,9fb76bae00124c85aaf4d6d0e4dbf194,LiDAR,LIDAR_RIGHT,1694938812512697,True,samples,samples/LIDAR_RIGHT/LIDAR_RIGHT_1694938812512697.pcd
f012f948abb54deaa90337b1d3ecd325,a5d7d3dc07d345cfb5649e4fac1cdd87,9fb76bae00124c85aaf4d6d0e4dbf194,LiDAR,LIDAR_TOP_FRONT,1694938793000873,True,samples,samples/LIDAR_TOP_FRONT/LIDAR_TOP_FRONT_1694938793000873.pcd
0bedd01d5a9142c6891f290ef4de0367,19980a921db84f85aa54ef0ea75c3a8c,9fb76bae00124c85aaf4d6d0e4dbf194,LiDAR,LIDAR_TOP_FRONT,1694938793500894,True,samples,samples/LIDAR_TOP_FRONT/LIDAR_TOP_FRONT_1694938793500894.pcd
c492ad26496b431781b6bcf06aa608b8,a98bbe5b6e394642a61d40b80e282bd2,9fb76bae00124c85aaf4d6d0e4dbf194,LiDAR,LIDAR_TOP_FRONT,1694938794000777,True,samples,samples/LIDAR_TOP_FRONT/LIDAR_TOP_FRONT_1694938794000777.pcd
579029536505407394ba1e229dda4dc4,0a159eaf8c1e42b4b94186d43230a214,9fb76bae00124c85aaf4d6d0e4dbf194,LiDAR,LIDAR_TOP_FRONT,1694938794500544,True,samples,samples/LIDAR_TOP_FRONT/LIDAR_TOP_FRONT_1694938794500544.pcd
261d1f6706b54a0f875adcce9dd48019,6e169e7d226d47ba88c32424fc414937,9fb76bae00124c85aaf4d6d0e4dbf194,LiDAR,LIDAR_TOP_FRONT,1694938795000427,True,samples,samples/LIDAR_TOP_FRONT/LIDAR_TOP_FRONT_1694938795000427.pcd
212708957575437dbeb3469301bb9e80,e4081856fd5349b5a7b89b944a5b543f,9fb76bae00124c85aaf4d6d0e4dbf194,LiDAR,LIDAR_TOP_FRONT,1694938795500410,True,samples,samples/LIDAR_TOP_FRONT/LIDAR_TOP_FRONT_1694938795500410.pcd
e06f31982caf4f188a2acf858e71ba9f,30b294a43eae4f00a0856cee1c22502a,9fb76bae00124c85aaf4d6d0e4dbf194,LiDAR,LIDAR_TOP_FRONT,1694938796000759,True,samples,samples/LIDAR_TOP_FRONT/LIDAR_TOP_FRONT_1694938796000759.pcd
85b616e8d0eb4332bfa0d05ab44c246b,67256e243cb14abeaa96f0be03dd3e9a,9fb76bae00124c85aaf4d6d0e4dbf194,LiDAR,LIDAR_TOP_FRONT,1694938796501013,True,samples,samples/LIDAR_TOP_FRONT/LIDAR_TOP_FRONT_1694938796501013.pcd
c80831714fbc4023be576fa9cea7fd36,0c69f9d5815d4907a8438044c04201ef,9fb76bae00124c85aaf4d6d0e4dbf194,LiDAR,LIDAR_TOP_FRONT,1694938797000983,True,samples,samples/LIDAR_TOP_FRONT/LIDAR_TOP_FRONT_1694938797000983.pcd
84ad6861dd6546568228c763fde53166,5ba8f82a2e3a4160b9e1243aafb78712,9fb76bae00124c85aaf4d6d0e4dbf194,LiDAR,LIDAR_TOP_FRONT,1694938797500975,True,samples,samples/LIDAR_TOP_FRONT/LIDAR_TOP_FRONT_1694938797500975.pcd
cc7b2df6ef6e42a1852a10001e8f3b6a,618a863a1fcf4eb794fc783c366aa20f,9fb76bae00124c85aaf4d6d0e4dbf194,LiDAR,LIDAR_TOP_FRONT,1694938798000889,True,samples,samples/LIDAR_TOP_FRONT/LIDAR_TOP_FRONT_1694938798000889.pcd
e6ea596f62d64db693a893216b6733f1,6ae89c7a1da948eb9e935bcc5f7b09e0,9fb76bae00124c85aaf4d6d0e4dbf194,LiDAR,LIDAR_TOP_FRONT,1694938798500581,True,samples,samples/LIDAR_TOP_FRONT/LIDAR_TOP_FRONT_1694938798500581.pcd
5711c8a7dad3462f9cfd7ec7ab6cd6d2,32473bdc06a342d4b42c978227abfe55,9fb76bae00124c85aaf4d6d0e4dbf194,LiDAR,LIDAR_TOP_FRONT,1694938799001015,True,samples,samples/LIDAR_TOP_FRONT/LIDAR_TOP_FRONT_1694938799001015.pcd
847f3faff97948b5a71e6aad016e56a6,67a6f2f5662d4035984509589c50c6b9,9fb76bae00124c85aaf4d6d0e4dbf194,LiDAR,LIDAR_TOP_FRONT,1694938799501071,True,samples,samples/LIDAR_TOP_FRONT/LIDAR_TOP_FRONT_1694938799501071.pcd
3635de94ea044c6191c59d5379685f98,ed4081026261436197a9c66f1939d830,9fb76bae00124c85aaf4d6d0e4dbf194,LiDAR,LIDAR_TOP_FRONT,1694938800001126,True,samples,samples/LIDAR_TOP_FRONT/LIDAR_TOP_FRONT_1694938800001126.pcd
bbba101c7808464d9ea6bdf538920072,6d6cd02cde33436197a7820145262674,9fb76bae00124c85aaf4d6d0e4dbf194,LiDAR,LIDAR_TOP_FRONT,1694938800501025,True,samples,samples/LIDAR_TOP_FRONT/LIDAR_TOP_FRONT_1694938800501025.pcd
084e94fab051408d8b4fd0a8f540c8a1,7d86c0bd95b449658921145955fea4e0,9fb76bae00124c85aaf4d6d0e4dbf194,LiDAR,LIDAR_TOP_FRONT,1694938801001043,True,samples,samples/LIDAR_TOP_FRONT/LIDAR_TOP_FRONT_1694938801001043.pcd
22c20f36f9bf427b9c4ed1c25eb5b5d1,6eae67dc76ff47b5af097b413c2447a5,9fb76bae00124c85aaf4d6d0e4dbf194,LiDAR,LIDAR_TOP_FRONT,1694938801501212,True,samples,samples/LIDAR_TOP_FRONT/LIDAR_TOP_FRONT_1694938801501212.pcd
4517809281ac414793133949e283cc25,db875de1c58748c0a4f273f4200b0841,9fb76bae00124c85aaf4d6d0e4dbf194,LiDAR,LIDAR_TOP_FRONT,1694938802001012,True,samples,samples/LIDAR_TOP_FRONT/LIDAR_TOP_FRONT_1694938802001012.pcd
72cfb8dd09584288a414f044ae0f4b72,6fc67d6877724bbea6efa6d09a5f97d6,9fb76bae00124c85aaf4d6d0e4dbf194,LiDAR,LIDAR_TOP_FRONT,1694938802501024,True,samples,samples/LIDAR_TOP_FRONT/LIDAR_TOP_FRONT_1694938802501024.pcd
9706cecc18724740af9b91d2c82bf9c6,a0eaf36b2f7a4598bb0ae21a3e6d44cd,9fb76bae00124c85aaf4d6d0e4dbf194,LiDAR,LIDAR_TOP_FRONT,1694938803000722,True,samples,samples/LIDAR_TOP_FRONT/LIDAR_TOP_FRONT_1694938803000722.pcd
9621c2a5bfa7450fa14610ae458cc6ab,e9dab1896acf4c0fa04f85f5c3b047fa,9fb76bae00124c85aaf4d6d0e4dbf194,LiDAR,LIDAR_TOP_FRONT,1694938803501042,True,samples,samples/LIDAR_TOP_FRONT/LIDAR_TOP_FRONT_1694938803501042.pcd
5eae9db0a9b54e2e8d75b182ed249ae5,4d113d0314e041d990d2e6448b87de40,9fb76bae00124c85aaf4d6d0e4dbf194,LiDAR,LIDAR_TOP_FRONT,1694938804000955,True,samples,samples/LIDAR_TOP_FRONT/LIDAR_TOP_FRONT_1694938804000955.pcd
3dfc3936c8734efcb5fcd44dc0b4dcf0,446ab39c270845e3871ec28d5c13fb2c,9fb76bae00124c85aaf4d6d0e4dbf194,LiDAR,LIDAR_TOP_FRONT,1694938804501064,True,samples,samples/LIDAR_TOP_FRONT/LIDAR_TOP_FRONT_1694938804501064.pcd
3118287a766147168f1145148ee1c009,198a52743df64f89b4f6b639c49712f8,9fb76bae00124c85aaf4d6d0e4dbf194,LiDAR,LIDAR_TOP_FRONT,1694938805001058,True,samples,samples/LIDAR_TOP_FRONT/LIDAR_TOP_FRONT_1694938805001058.pcd
0aabd7851da841e7931b3e557fac4f72,403389bcbf164b2db48c73b913662b48,9fb76bae00124c85aaf4d6d0e4dbf194,LiDAR,LIDAR_TOP_FRONT,1694938805500803,True,samples,samples/LIDAR_TOP_FRONT/LIDAR_TOP_FRONT_1694938805500803.pcd
0dd6a5a33dfd4bdb9d3cf251b3a69bb6,73cd609690224547b69224dad987f4f3,9fb76bae00124c85aaf4d6d0e4dbf194,LiDAR,LIDAR_TOP_FRONT,1694938806000873,True,samples,samples/LIDAR_TOP_FRONT/LIDAR_TOP_FRONT_1694938806000873.pcd
9c9845cc17fb46cb8f8a9b02fb3359d7,755ac2cd4ee1493785ccc9de7b96c907,9fb76bae00124c85aaf4d6d0e4dbf194,LiDAR,LIDAR_TOP_FRONT,1694938806500802,True,samples,samples/LIDAR_TOP_FRONT/LIDAR_TOP_FRONT_1694938806500802.pcd
b591f27661a54357ab8d2e9092ea58d6,2034f1707ec7419b9c3479fbef98c9b3,9fb76bae00124c85aaf4d6d0e4dbf194,LiDAR,LIDAR_TOP_FRONT,1694938807000833,True,samples,samples/LIDAR_TOP_FRONT/LIDAR_TOP_FRONT_1694938807000833.pcd
29d7e89b7ffc4009900222a5494e469c,9aaeea7462be41baacf3ceb9126136e7,9fb76bae00124c85aaf4d6d0e4dbf194,LiDAR,LIDAR_TOP_FRONT,1694938807500752,True,samples,samples/LIDAR_TOP_FRONT/LIDAR_TOP_FRONT_1694938807500752.pcd
c9e4d1f29f4049bf8a6ce00869ad4f91,bd1b98fca97642d596c968d4df826df0,9fb76bae00124c85aaf4d6d0e4dbf194,LiDAR,LIDAR_TOP_FRONT,1694938808000560,True,samples,samples/LIDAR_TOP_FRONT/LIDAR_TOP_FRONT_1694938808000560.pcd
4703c8f5833b4a77bdea2c491992723c,30dbdc20e13249cd8117d7215071b4c8,9fb76bae00124c85aaf4d6d0e4dbf194,LiDAR,LIDAR_TOP_FRONT,1694938808500793,True,samples,samples/LIDAR_TOP_FRONT/LIDAR_TOP_FRONT_1694938808500793.pcd
4ecf3f822add44429c8a4fc76ab4f862,d5c1c80145214282b058cf815792baa9,9fb76bae00124c85aaf4d6d0e4dbf194,LiDAR,LIDAR_TOP_FRONT,1694938809000792,True,samples,samples/LIDAR_TOP_FRONT/LIDAR_TOP_FRONT_1694938809000792.pcd
bff36afef1394a96ba73bdb602278874,87ba8b5a4c294644890ddfad19209e7a,9fb76bae00124c85aaf4d6d0e4dbf194,LiDAR,LIDAR_TOP_FRONT,1694938809500988,True,samples,samples/LIDAR_TOP_FRONT/LIDAR_TOP_FRONT_1694938809500988.pcd
47a0da7db60b4364b028d82f79259ece,51a6e5b5fe5f4f5a99c05a1540d6d92a,9fb76bae00124c85aaf4d6d0e4dbf194,LiDAR,LIDAR_TOP_FRONT,1694938810000991,True,samples,samples/LIDAR_TOP_FRONT/LIDAR_TOP_FRONT_1694938810000991.pcd
25044f8ba56f49ca8dd4dec2366360ba,1d111bf7b99d4a6cb886c4cc8525c855,9fb76bae00124c85aaf4d6d0e4dbf194,LiDAR,LIDAR_TOP_FRONT,1694938810501014,True,samples,samples/LIDAR_TOP_FRONT/LIDAR_TOP_FRONT_1694938810501014.pcd
3a9c40d13d3144ac91c9552816de61a5,9bd153ce54554cc9a028e6456d2751d2,9fb76bae00124c85aaf4d6d0e4dbf194,LiDAR,LIDAR_TOP_FRONT,1694938811000956,True,samples,samples/LIDAR_TOP_FRONT/LIDAR_TOP_FRONT_1694938811000956.pcd
3eb1f8b0078042a993c140df167608f8,ac66e06eade741ea8e18d7ed4ce20120,9fb76bae00124c85aaf4d6d0e4dbf194,LiDAR,LIDAR_TOP_FRONT,1694938811500813,True,samples,samples/LIDAR_TOP_FRONT/LIDAR_TOP_FRONT_1694938811500813.pcd
ddc6853e2db14b37a1709ef25d004302,1d22c6a108994cc9862094c5b3f454fd,9fb76bae00124c85aaf4d6d0e4dbf194,LiDAR,LIDAR_TOP_FRONT,1694938812000788,True,samples,samples/LIDAR_TOP_FRONT/LIDAR_TOP_FRONT_1694938812000788.pcd
e165d98dfb4040eeb7f2ec6613c1a3c5,868eb15fdbc047509a14c0a966dcd7b6,9fb76bae00124c85aaf4d6d0e4dbf194,LiDAR,LIDAR_TOP_FRONT,1694938812500826,True,samples,samples/LIDAR_TOP_FRONT/LIDAR_TOP_FRONT_1694938812500826.pcd
92afb34c452f4b44855c777e651dce5b,a5d7d3dc07d345cfb5649e4fac1cdd87,9fb76bae00124c85aaf4d6d0e4dbf194,LiDAR,LIDAR_TOP_LEFT,1694938792976353,True,samples,samples/LIDAR_TOP_LEFT/LIDAR_TOP_LEFT_1694938792976353.pcd
b2d398301b534bb98aa613fa3a95cea9,19980a921db84f85aa54ef0ea75c3a8c,9fb76bae00124c85aaf4d6d0e4dbf194,LiDAR,LIDAR_TOP_LEFT,1694938793476360,True,samples,samples/LIDAR_TOP_LEFT/LIDAR_TOP_LEFT_1694938793476360.pcd
0a64b63346984a68935c7bb64677f19d,a98bbe5b6e394642a61d40b80e282bd2,9fb76bae00124c85aaf4d6d0e4dbf194,LiDAR,LIDAR_TOP_LEFT,1694938793976332,True,samples,samples/LIDAR_TOP_LEFT/LIDAR_TOP_LEFT_1694938793976332.pcd
9c7d609f6aa64c43af0f503eb5788d74,0a159eaf8c1e42b4b94186d43230a214,9fb76bae00124c85aaf4d6d0e4dbf194,LiDAR,LIDAR_TOP_LEFT,1694938794476131,True,samples,samples/LIDAR_TOP_LEFT/LIDAR_TOP_LEFT_1694938794476131.pcd
ab9b8d7eea5e46a8b4c8f366e7053267,6e169e7d226d47ba88c32424fc414937,9fb76bae00124c85aaf4d6d0e4dbf194,LiDAR,LIDAR_TOP_LEFT,1694938794975926,True,samples,samples/LIDAR_TOP_LEFT/LIDAR_TOP_LEFT_1694938794975926.pcd
09778c1a30524480a3552db9e5c0a8a8,e4081856fd5349b5a7b89b944a5b543f,9fb76bae00124c85aaf4d6d0e4dbf194,LiDAR,LIDAR_TOP_LEFT,1694938795476038,True,samples,samples/LIDAR_TOP_LEFT/LIDAR_TOP_LEFT_1694938795476038.pcd
3bbace2975624705baceec211a6233ef,30b294a43eae4f00a0856cee1c22502a,9fb76bae00124c85aaf4d6d0e4dbf194,LiDAR,LIDAR_TOP_LEFT,1694938795975993,True,samples,samples/LIDAR_TOP_LEFT/LIDAR_TOP_LEFT_1694938795975993.pcd
9e361c14b0c74d6080c407f764b762bc,67256e243cb14abeaa96f0be03dd3e9a,9fb76bae00124c85aaf4d6d0e4dbf194,LiDAR,LIDAR_TOP_LEFT,1694938796475934,True,samples,samples/LIDAR_TOP_LEFT/LIDAR_TOP_LEFT_1694938796475934.pcd
cfa7d1c42c754c6185dd83ce2f27f9ca,0c69f9d5815d4907a8438044c04201ef,9fb76bae00124c85aaf4d6d0e4dbf194,LiDAR,LIDAR_TOP_LEFT,1694938796975892,True,samples,samples/LIDAR_TOP_LEFT/LIDAR_TOP_LEFT_1694938796975892.pcd
cc63253e25554b5395e9d745bfe1cc5d,5ba8f82a2e3a4160b9e1243aafb78712,9fb76bae00124c85aaf4d6d0e4dbf194,LiDAR,LIDAR_TOP_LEFT,1694938797475842,True,samples,samples/LIDAR_TOP_LEFT/LIDAR_TOP_LEFT_1694938797475842.pcd
8466c90d93d0469aab30ae5bf58361eb,618a863a1fcf4eb794fc783c366aa20f,9fb76bae00124c85aaf4d6d0e4dbf194,LiDAR,LIDAR_TOP_LEFT,1694938797975966,True,samples,samples/LIDAR_TOP_LEFT/LIDAR_TOP_LEFT_1694938797975966.pcd
a83113384c28443db3b42c7c822ddbcc,6ae89c7a1da948eb9e935bcc5f7b09e0,9fb76bae00124c85aaf4d6d0e4dbf194,LiDAR,LIDAR_TOP_LEFT,1694938798476199,True,samples,samples/LIDAR_TOP_LEFT/LIDAR_TOP_LEFT_1694938798476199.pcd
8f4e4ee123984f42990fde4afd982882,32473bdc06a342d4b42c978227abfe55,9fb76bae00124c85aaf4d6d0e4dbf194,LiDAR,LIDAR_TOP_LEFT,1694938798976277,True,samples,samples/LIDAR_TOP_LEFT/LIDAR_TOP_LEFT_1694938798976277.pcd
01af66f6b8e2490b97c0500819cefac4,67a6f2f5662d4035984509589c50c6b9,9fb76bae00124c85aaf4d6d0e4dbf194,LiDAR,LIDAR_TOP_LEFT,1694938799476307,True,samples,samples/LIDAR_TOP_LEFT/LIDAR_TOP_LEFT_1694938799476307.pcd
8e80470ee2f642c7985f4b396ea61969,ed4081026261436197a9c66f1939d830,9fb76bae00124c85aaf4d6d0e4dbf194,LiDAR,LIDAR_TOP_LEFT,1694938799976257,True,samples,samples/LIDAR_TOP_LEFT/LIDAR_TOP_LEFT_1694938799976257.pcd
3844c87f40a74fd9b0f5c20cf36e83a7,6d6cd02cde33436197a7820145262674,9fb76bae00124c85aaf4d6d0e4dbf194,LiDAR,LIDAR_TOP_LEFT,1694938800476060,True,samples,samples/LIDAR_TOP_LEFT/LIDAR_TOP_LEFT_1694938800476060.pcd
326d19c68e5242aabebf432005ef9b92,7d86c0bd95b449658921145955fea4e0,9fb76bae00124c85aaf4d6d0e4dbf194,LiDAR,LIDAR_TOP_LEFT,1694938800976004,True,samples,samples/LIDAR_TOP_LEFT/LIDAR_TOP_LEFT_1694938800976004.pcd
4eaf4e9ce5be4482a277a70c3514992f,6eae67dc76ff47b5af097b413c2447a5,9fb76bae00124c85aaf4d6d0e4dbf194,LiDAR,LIDAR_TOP_LEFT,1694938801475835,True,samples,samples/LIDAR_TOP_LEFT/LIDAR_TOP_LEFT_1694938801475835.pcd
ce0b2687d79c44e8bf0ad1341365c577,db875de1c58748c0a4f273f4200b0841,9fb76bae00124c85aaf4d6d0e4dbf194,LiDAR,LIDAR_TOP_LEFT,1694938801975890,True,samples,samples/LIDAR_TOP_LEFT/LIDAR_TOP_LEFT_1694938801975890.pcd
3a1dcc297cd941cd8ac0cef61ea54bef,6fc67d6877724bbea6efa6d09a5f97d6,9fb76bae00124c85aaf4d6d0e4dbf194,LiDAR,LIDAR_TOP_LEFT,1694938802476064,True,samples,samples/LIDAR_TOP_LEFT/LIDAR_TOP_LEFT_1694938802476064.pcd
8be750d3cd2f42c2855c249dd2744083,a0eaf36b2f7a4598bb0ae21a3e6d44cd,9fb76bae00124c85aaf4d6d0e4dbf194,LiDAR,LIDAR_TOP_LEFT,1694938802976249,True,samples,samples/LIDAR_TOP_LEFT/LIDAR_TOP_LEFT_1694938802976249.pcd
73c93439b053493aa8148b5318d5d705,e9dab1896acf4c0fa04f85f5c3b047fa,9fb76bae00124c85aaf4d6d0e4dbf194,LiDAR,LIDAR_TOP_LEFT,1694938803476257,True,samples,samples/LIDAR_TOP_LEFT/LIDAR_TOP_LEFT_1694938803476257.pcd
a0cd3715c1d84f04bbfe52da92220460,4d113d0314e041d990d2e6448b87de40,9fb76bae00124c85aaf4d6d0e4dbf194,LiDAR,LIDAR_TOP_LEFT,1694938803976313,True,samples,samples/LIDAR_TOP_LEFT/LIDAR_TOP_LEFT_1694938803976313.pcd
0cecb2f776c04503add9d316e04bec1a,446ab39c270845e3871ec28d5c13fb2c,9fb76bae00124c85aaf4d6d0e4dbf194,LiDAR,LIDAR_TOP_LEFT,1694938804476064,True,samples,samples/LIDAR_TOP_LEFT/LIDAR_TOP_LEFT_1694938804476064.pcd
4a7f81134ae44b8cb61f56d6c9e251ca,198a52743df64f89b4f6b639c49712f8,9fb76bae00124c85aaf4d6d0e4dbf194,LiDAR,LIDAR_TOP_LEFT,1694938804975983,True,samples,samples/LIDAR_TOP_LEFT/LIDAR_TOP_LEFT_1694938804975983.pcd
4d119b3750da485c859144442424de6d,403389bcbf164b2db48c73b913662b48,9fb76bae00124c85aaf4d6d0e4dbf194,LiDAR,LIDAR_TOP_LEFT,1694938805475961,True,samples,samples/LIDAR_TOP_LEFT/LIDAR_TOP_LEFT_1694938805475961.pcd
228cf80dfe8d45c3bbb46ccc4a5d806e,73cd609690224547b69224dad987f4f3,9fb76bae00124c85aaf4d6d0e4dbf194,LiDAR,LIDAR_TOP_LEFT,1694938805975931,True,samples,samples/LIDAR_TOP_LEFT/LIDAR_TOP_LEFT_1694938805975931.pcd
0e31afa0972a464fb42094b19c571ae1,755ac2cd4ee1493785ccc9de7b96c907,9fb76bae00124c85aaf4d6d0e4dbf194,LiDAR,LIDAR_TOP_LEFT,1694938806475906,True,samples,samples/LIDAR_TOP_LEFT/LIDAR_TOP_LEFT_1694938806475906.pcd
7e4409a3083a4279aab965a7bd31d541,2034f1707ec7419b9c3479fbef98c9b3,9fb76bae00124c85aaf4d6d0e4dbf194,LiDAR,LIDAR_TOP_LEFT,1694938806976012,True,samples,samples/LIDAR_TOP_LEFT/LIDAR_TOP_LEFT_1694938806976012.pcd
8ccf109856ab44cbbfd11a5466f5688e,9aaeea7462be41baacf3ceb9126136e7,9fb76bae00124c85aaf4d6d0e4dbf194,LiDAR,LIDAR_TOP_LEFT,1694938807476257,True,samples,samples/LIDAR_TOP_LEFT/LIDAR_TOP_LEFT_1694938807476257.pcd
98e945c76a034d8cb570137f0fb8535e,bd1b98fca97642d596c968d4df826df0,9fb76bae00124c85aaf4d6d0e4dbf194,LiDAR,LIDAR_TOP_LEFT,1694938807976355,True,samples,samples/LIDAR_TOP_LEFT/LIDAR_TOP_LEFT_1694938807976355.pcd
c1d65dc5d6b84417942db675cc46699c,30dbdc20e13249cd8117d7215071b4c8,9fb76bae00124c85aaf4d6d0e4dbf194,LiDAR,LIDAR_TOP_LEFT,1694938808476353,True,samples,samples/LIDAR_TOP_LEFT/LIDAR_TOP_LEFT_1694938808476353.pcd
115e15fdbaa74cc897b432ac5a6340fc,d5c1c80145214282b058cf815792baa9,9fb76bae00124c85aaf4d6d0e4dbf194,LiDAR,LIDAR_TOP_LEFT,1694938808976177,True,samples,samples/LIDAR_TOP_LEFT/LIDAR_TOP_LEFT_1694938808976177.pcd
4d00110e68cc425ebe7c099c82df2a6d,87ba8b5a4c294644890ddfad19209e7a,9fb76bae00124c85aaf4d6d0e4dbf194,LiDAR,LIDAR_TOP_LEFT,1694938809476037,True,samples,samples/LIDAR_TOP_LEFT/LIDAR_TOP_LEFT_1694938809476037.pcd
29b7e93eb26e4de095170a5c006895da,51a6e5b5fe5f4f5a99c05a1540d6d92a,9fb76bae00124c85aaf4d6d0e4dbf194,LiDAR,LIDAR_TOP_LEFT,1694938809975898,True,samples,samples/LIDAR_TOP_LEFT/LIDAR_TOP_LEFT_1694938809975898.pcd
8baee21254fb49b1874d37f7a8e36f0b,1d111bf7b99d4a6cb886c4cc8525c855,9fb76bae00124c85aaf4d6d0e4dbf194,LiDAR,LIDAR_TOP_LEFT,1694938810475888,True,samples,samples/LIDAR_TOP_LEFT/LIDAR_TOP_LEFT_1694938810475888.pcd
897fc589f5c0424fa7ccfd3f218f2ed9,9bd153ce54554cc9a028e6456d2751d2,9fb76bae00124c85aaf4d6d0e4dbf194,LiDAR,LIDAR_TOP_LEFT,1694938810975948,True,samples,samples/LIDAR_TOP_LEFT/LIDAR_TOP_LEFT_1694938810975948.pcd
12547268d5cc4d58ad501e756fdadd05,ac66e06eade741ea8e18d7ed4ce20120,9fb76bae00124c85aaf4d6d0e4dbf194,LiDAR,LIDAR_TOP_LEFT,1694938811475938,True,samples,samples/LIDAR_TOP_LEFT/LIDAR_TOP_LEFT_1694938811475938.pcd
24d4ccc51e34464595a376bb9d042ca1,1d22c6a108994cc9862094c5b3f454fd,9fb76bae00124c85aaf4d6d0e4dbf194,LiDAR,LIDAR_TOP_LEFT,1694938811976098,True,samples,samples/LIDAR_TOP_LEFT/LIDAR_TOP_LEFT_1694938811976098.pcd
a6c9c033b08a4a9e8effb572d22f47c2,868eb15fdbc047509a14c0a966dcd7b6,9fb76bae00124c85aaf4d6d0e4dbf194,LiDAR,LIDAR_TOP_LEFT,1694938812476126,True,samples,samples/LIDAR_TOP_LEFT/LIDAR_TOP_LEFT_1694938812476126.pcd
78d0c3f17fdd41d5a33775e6c4785348,a5d7d3dc07d345cfb5649e4fac1cdd87,9fb76bae00124c85aaf4d6d0e4dbf194,LiDAR,LIDAR_TOP_RIGHT,1694938793026055,True,samples,samples/LIDAR_TOP_RIGHT/LIDAR_TOP_RIGHT_1694938793026055.pcd
e19b329924c74c9b83045335255efe3b,19980a921db84f85aa54ef0ea75c3a8c,9fb76bae00124c85aaf4d6d0e4dbf194,LiDAR,LIDAR_TOP_RIGHT,1694938793526116,True,samples,samples/LIDAR_TOP_RIGHT/LIDAR_TOP_RIGHT_1694938793526116.pcd
72de04155e994670b8b40b637af79429,a98bbe5b6e394642a61d40b80e282bd2,9fb76bae00124c85aaf4d6d0e4dbf194,LiDAR,LIDAR_TOP_RIGHT,1694938794026138,True,samples,samples/LIDAR_TOP_RIGHT/LIDAR_TOP_RIGHT_1694938794026138.pcd
b5516bbe1cde464c92ef0d6044852b85,0a159eaf8c1e42b4b94186d43230a214,9fb76bae00124c85aaf4d6d0e4dbf194,LiDAR,LIDAR_TOP_RIGHT,1694938794526318,True,samples,samples/LIDAR_TOP_RIGHT/LIDAR_TOP_RIGHT_1694938794526318.pcd
2e79d71327ce4ccaa5936831ea8e0da4,6e169e7d226d47ba88c32424fc414937,9fb76bae00124c85aaf4d6d0e4dbf194,LiDAR,LIDAR_TOP_RIGHT,1694938795026418,True,samples,samples/LIDAR_TOP_RIGHT/LIDAR_TOP_RIGHT_1694938795026418.pcd
c2febe67188a4c0991e702d30de8b06e,e4081856fd5349b5a7b89b944a5b543f,9fb76bae00124c85aaf4d6d0e4dbf194,LiDAR,LIDAR_TOP_RIGHT,1694938795526313,True,samples,samples/LIDAR_TOP_RIGHT/LIDAR_TOP_RIGHT_1694938795526313.pcd
def11a0498b94eb996814e4f9016e604,30b294a43eae4f00a0856cee1c22502a,9fb76bae00124c85aaf4d6d0e4dbf194,LiDAR,LIDAR_TOP_RIGHT,1694938796026299,True,samples,samples/LIDAR_TOP_RIGHT/LIDAR_TOP_RIGHT_1694938796026299.pcd
ce90a1355df8427587d2e22928738702,67256e243cb14abeaa96f0be03dd3e9a,9fb76bae00124c85aaf4d6d0e4dbf194,LiDAR,LIDAR_TOP_RIGHT,1694938796526236,True,samples,samples/LIDAR_TOP_RIGHT/LIDAR_TOP_RIGHT_1694938796526236.pcd
d4142b48fc5a47e098336867c5fba4d6,0c69f9d5815d4907a8438044c04201ef,9fb76bae00124c85aaf4d6d0e4dbf194,LiDAR,LIDAR_TOP_RIGHT,1694938797026116,True,samples,samples/LIDAR_TOP_RIGHT/LIDAR_TOP_RIGHT_1694938797026116.pcd
bc5fa9554ee34beebec8b62644690d8c,5ba8f82a2e3a4160b9e1243aafb78712,9fb76bae00124c85aaf4d6d0e4dbf194,LiDAR,LIDAR_TOP_RIGHT,1694938797526001,True,samples,samples/LIDAR_TOP_RIGHT/LIDAR_TOP_RIGHT_1694938797526001.pcd
22342d0864784b929efa4c09c1d49324,618a863a1fcf4eb794fc783c366aa20f,9fb76bae00124c85aaf4d6d0e4dbf194,LiDAR,LIDAR_TOP_RIGHT,1694938798026193,True,samples,samples/LIDAR_TOP_RIGHT/LIDAR_TOP_RIGHT_1694938798026193.pcd
d1c8c5c3ec084961b8a5ce07d48bfcfd,6ae89c7a1da948eb9e935bcc5f7b09e0,9fb76bae00124c85aaf4d6d0e4dbf194,LiDAR,LIDAR_TOP_RIGHT,1694938798526094,True,samples,samples/LIDAR_TOP_RIGHT/LIDAR_TOP_RIGHT_1694938798526094.pcd
9cb570b0281b4d4ea380360cb39788d3,32473bdc06a342d4b42c978227abfe55,9fb76bae00124c85aaf4d6d0e4dbf194,LiDAR,LIDAR_TOP_RIGHT,1694938799025963,True,samples,samples/LIDAR_TOP_RIGHT/LIDAR_TOP_RIGHT_1694938799025963.pcd
2e0e2e265a134529811db8f029483b9c,67a6f2f5662d4035984509589c50c6b9,9fb76bae00124c85aaf4d6d0e4dbf194,LiDAR,LIDAR_TOP_RIGHT,1694938799525981,True,samples,samples/LIDAR_TOP_RIGHT/LIDAR_TOP_RIGHT_1694938799525981.pcd
48ddbd277c694d24a164ad3325f091d7,ed4081026261436197a9c66f1939d830,9fb76bae00124c85aaf4d6d0e4dbf194,LiDAR,LIDAR_TOP_RIGHT,1694938800025921,True,samples,samples/LIDAR_TOP_RIGHT/LIDAR_TOP_RIGHT_1694938800025921.pcd
03d913108fee42efb9fa9700a6e95541,6d6cd02cde33436197a7820145262674,9fb76bae00124c85aaf4d6d0e4dbf194,LiDAR,LIDAR_TOP_RIGHT,1694938800526120,True,samples,samples/LIDAR_TOP_RIGHT/LIDAR_TOP_RIGHT_1694938800526120.pcd
42679e1dbaf24d9eaa84fe111bce223c,7d86c0bd95b449658921145955fea4e0,9fb76bae00124c85aaf4d6d0e4dbf194,LiDAR,LIDAR_TOP_RIGHT,1694938801026212,True,samples,samples/LIDAR_TOP_RIGHT/LIDAR_TOP_RIGHT_1694938801026212.pcd
c214b47357d9436e98cff38e6d7588e8,6eae67dc76ff47b5af097b413c2447a5,9fb76bae00124c85aaf4d6d0e4dbf194,LiDAR,LIDAR_TOP_RIGHT,1694938801526409,True,samples,samples/LIDAR_TOP_RIGHT/LIDAR_TOP_RIGHT_1694938801526409.pcd
824c28016a7c4aa88e31ca339cd55a4b,db875de1c58748c0a4f273f4200b0841,9fb76bae00124c85aaf4d6d0e4dbf194,LiDAR,LIDAR_TOP_RIGHT,1694938802026401,True,samples,samples/LIDAR_TOP_RIGHT/LIDAR_TOP_RIGHT_1694938802026401.pcd
caa2a9b09d314f6988c837cbe96d3d29,6fc67d6877724bbea6efa6d09a5f97d6,9fb76bae00124c85aaf4d6d0e4dbf194,LiDAR,LIDAR_TOP_RIGHT,1694938802526421,True,samples,samples/LIDAR_TOP_RIGHT/LIDAR_TOP_RIGHT_1694938802526421.pcd
d11e700450cc45929b0bddc95a0a6b76,a0eaf36b2f7a4598bb0ae21a3e6d44cd,9fb76bae00124c85aaf4d6d0e4dbf194,LiDAR,LIDAR_TOP_RIGHT,1694938803026434,True,samples,samples/LIDAR_TOP_RIGHT/LIDAR_TOP_RIGHT_1694938803026434.pcd
80724af31d07499082e55e695deed5b4,e9dab1896acf4c0fa04f85f5c3b047fa,9fb76bae00124c85aaf4d6d0e4dbf194,LiDAR,LIDAR_TOP_RIGHT,1694938803526361,True,samples,samples/LIDAR_TOP_RIGHT/LIDAR_TOP_RIGHT_1694938803526361.pcd
a2b1175eda314e2391bb9dea0a9ed0a8,4d113d0314e041d990d2e6448b87de40,9fb76bae00124c85aaf4d6d0e4dbf194,LiDAR,LIDAR_TOP_RIGHT,1694938804026363,True,samples,samples/LIDAR_TOP_RIGHT/LIDAR_TOP_RIGHT_1694938804026363.pcd
fadf7cf764fb4388983a698e85db4ba0,446ab39c270845e3871ec28d5c13fb2c,9fb76bae00124c85aaf4d6d0e4dbf194,LiDAR,LIDAR_TOP_RIGHT,1694938804526280,True,samples,samples/LIDAR_TOP_RIGHT/LIDAR_TOP_RIGHT_1694938804526280.pcd
a4bf7391049b4eaebd3ab431ea34b4e8,198a52743df64f89b4f6b639c49712f8,9fb76bae00124c85aaf4d6d0e4dbf194,LiDAR,LIDAR_TOP_RIGHT,1694938805026104,True,samples,samples/LIDAR_TOP_RIGHT/LIDAR_TOP_RIGHT_1694938805026104.pcd
bdd6395b24364cabb193bbdad57b0358,403389bcbf164b2db48c73b913662b48,9fb76bae00124c85aaf4d6d0e4dbf194,LiDAR,LIDAR_TOP_RIGHT,1694938805525910,True,samples,samples/LIDAR_TOP_RIGHT/LIDAR_TOP_RIGHT_1694938805525910.pcd
363a9c9c59c54db596cbdfb86e0f2328,73cd609690224547b69224dad987f4f3,9fb76bae00124c85aaf4d6d0e4dbf194,LiDAR,LIDAR_TOP_RIGHT,1694938806025997,True,samples,samples/LIDAR_TOP_RIGHT/LIDAR_TOP_RIGHT_1694938806025997.pcd
500f40c652954ad89f9fec8385dfac46,755ac2cd4ee1493785ccc9de7b96c907,9fb76bae00124c85aaf4d6d0e4dbf194,LiDAR,LIDAR_TOP_RIGHT,1694938806526149,True,samples,samples/LIDAR_TOP_RIGHT/LIDAR_TOP_RIGHT_1694938806526149.pcd
fa1074d2bdd541448c655954b739865f,2034f1707ec7419b9c3479fbef98c9b3,9fb76bae00124c85aaf4d6d0e4dbf194,LiDAR,LIDAR_TOP_RIGHT,1694938807026286,True,samples,samples/LIDAR_TOP_RIGHT/LIDAR_TOP_RIGHT_1694938807026286.pcd
d8f4e0ac24114a6eaf561acdc4bf3df8,9aaeea7462be41baacf3ceb9126136e7,9fb76bae00124c85aaf4d6d0e4dbf194,LiDAR,LIDAR_TOP_RIGHT,1694938807526430,True,samples,samples/LIDAR_TOP_RIGHT/LIDAR_TOP_RIGHT_1694938807526430.pcd
a1a31623f0aa44969733cccaf3f71238,bd1b98fca97642d596c968d4df826df0,9fb76bae00124c85aaf4d6d0e4dbf194,LiDAR,LIDAR_TOP_RIGHT,1694938808026424,True,samples,samples/LIDAR_TOP_RIGHT/LIDAR_TOP_RIGHT_1694938808026424.pcd
4d62e3e865df4b4293aa66443bfb90ab,30dbdc20e13249cd8117d7215071b4c8,9fb76bae00124c85aaf4d6d0e4dbf194,LiDAR,LIDAR_TOP_RIGHT,1694938808526496,True,samples,samples/LIDAR_TOP_RIGHT/LIDAR_TOP_RIGHT_1694938808526496.pcd
dd0ce6aa446b49eeadf95123990135d2,d5c1c80145214282b058cf815792baa9,9fb76bae00124c85aaf4d6d0e4dbf194,LiDAR,LIDAR_TOP_RIGHT,1694938809026477,True,samples,samples/LIDAR_TOP_RIGHT/LIDAR_TOP_RIGHT_1694938809026477.pcd
35bbfe91dc564e9ab94f66a0982caee4,87ba8b5a4c294644890ddfad19209e7a,9fb76bae00124c85aaf4d6d0e4dbf194,LiDAR,LIDAR_TOP_RIGHT,1694938809526342,True,samples,samples/LIDAR_TOP_RIGHT/LIDAR_TOP_RIGHT_1694938809526342.pcd
f057a4259f6245dab072872bc4e5e45d,51a6e5b5fe5f4f5a99c05a1540d6d92a,9fb76bae00124c85aaf4d6d0e4dbf194,LiDAR,LIDAR_TOP_RIGHT,1694938810026096,True,samples,samples/LIDAR_TOP_RIGHT/LIDAR_TOP_RIGHT_1694938810026096.pcd
f5c5d809e0c64915aa9185018ed8c755,1d111bf7b99d4a6cb886c4cc8525c855,9fb76bae00124c85aaf4d6d0e4dbf194,LiDAR,LIDAR_TOP_RIGHT,1694938810525930,True,samples,samples/LIDAR_TOP_RIGHT/LIDAR_TOP_RIGHT_1694938810525930.pcd
b59e6ffe763a458882b39251fc64b059,9bd153ce54554cc9a028e6456d2751d2,9fb76bae00124c85aaf4d6d0e4dbf194,LiDAR,LIDAR_TOP_RIGHT,1694938811025982,True,samples,samples/LIDAR_TOP_RIGHT/LIDAR_TOP_RIGHT_1694938811025982.pcd
f649a8e2886a47729dd4329a2f2b5f66,ac66e06eade741ea8e18d7ed4ce20120,9fb76bae00124c85aaf4d6d0e4dbf194,LiDAR,LIDAR_TOP_RIGHT,1694938811525943,True,samples,samples/LIDAR_TOP_RIGHT/LIDAR_TOP_RIGHT_1694938811525943.pcd
9fb27b87d1934c8eb958a729d240dc9b,1d22c6a108994cc9862094c5b3f454fd,9fb76bae00124c85aaf4d6d0e4dbf194,LiDAR,LIDAR_TOP_RIGHT,1694938812026116,True,samples,samples/LIDAR_TOP_RIGHT/LIDAR_TOP_RIGHT_1694938812026116.pcd
74cc4c0bffb04fd0bee9c52a9c6fd481,868eb15fdbc047509a14c0a966dcd7b6,9fb76bae00124c85aaf4d6d0e4dbf194,LiDAR,LIDAR_TOP_RIGHT,1694938812526368,True,samples,samples/LIDAR_TOP_RIGHT/LIDAR_TOP_RIGHT_1694938812526368.pcd
a85b3a3903b942efad915a67cda5680b,a5d7d3dc07d345cfb5649e4fac1cdd87,9fb76bae00124c85aaf4d6d0e4dbf194,LiDAR,LIDAR_REAR,1694938792950046,True,samples,samples/LIDAR_REAR/LIDAR_REAR_1694938792950046.pcd
1c09f96aba71415fa96792c2bcb3c700,19980a921db84f85aa54ef0ea75c3a8c,9fb76bae00124c85aaf4d6d0e4dbf194,LiDAR,LIDAR_REAR,1694938793450074,True,samples,samples/LIDAR_REAR/LIDAR_REAR_1694938793450074.pcd
1df704dfacf74c41b0fb671f75210792,a98bbe5b6e394642a61d40b80e282bd2,9fb76bae00124c85aaf4d6d0e4dbf194,LiDAR,LIDAR_REAR,1694938793950099,True,samples,samples/LIDAR_REAR/LIDAR_REAR_1694938793950099.pcd
d26982a44c174da7ac489fffd57a740f,0a159eaf8c1e42b4b94186d43230a214,9fb76bae00124c85aaf4d6d0e4dbf194,LiDAR,LIDAR_REAR,1694938794450081,True,samples,samples/LIDAR_REAR/LIDAR_REAR_1694938794450081.pcd
4a0a438004164905a4237dd41020d5e9,6e169e7d226d47ba88c32424fc414937,9fb76bae00124c85aaf4d6d0e4dbf194,LiDAR,LIDAR_REAR,1694938794950276,True,samples,samples/LIDAR_REAR/LIDAR_REAR_1694938794950276.pcd
27e2a4d7ada749f7ac45025015a39a37,e4081856fd5349b5a7b89b944a5b543f,9fb76bae00124c85aaf4d6d0e4dbf194,LiDAR,LIDAR_REAR,1694938795450256,True,samples,samples/LIDAR_REAR/LIDAR_REAR_1694938795450256.pcd
ed593fba140b4014b6ac0ca1e1ae32a5,30b294a43eae4f00a0856cee1c22502a,9fb76bae00124c85aaf4d6d0e4dbf194,LiDAR,LIDAR_REAR,1694938795950053,True,samples,samples/LIDAR_REAR/LIDAR_REAR_1694938795950053.pcd
b1efeef759604ce18ab66acc9e19f3de,67256e243cb14abeaa96f0be03dd3e9a,9fb76bae00124c85aaf4d6d0e4dbf194,LiDAR,LIDAR_REAR,1694938796449986,True,samples,samples/LIDAR_REAR/LIDAR_REAR_1694938796449986.pcd
f2eaee7a16f04d1daf1b6af9e6fd9b5f,0c69f9d5815d4907a8438044c04201ef,9fb76bae00124c85aaf4d6d0e4dbf194,LiDAR,LIDAR_REAR,1694938796950000,True,samples,samples/LIDAR_REAR/LIDAR_REAR_1694938796950000.pcd
e2b0291278ab46b485b5131700305b2a,5ba8f82a2e3a4160b9e1243aafb78712,9fb76bae00124c85aaf4d6d0e4dbf194,LiDAR,LIDAR_REAR,1694938797449927,True,samples,samples/LIDAR_REAR/LIDAR_REAR_1694938797449927.pcd
5e9c46048cce40d2aa6686c9d2cdf559,618a863a1fcf4eb794fc783c366aa20f,9fb76bae00124c85aaf4d6d0e4dbf194,LiDAR,LIDAR_REAR,1694938797949972,True,samples,samples/LIDAR_REAR/LIDAR_REAR_1694938797949972.pcd
0f4ec75eae434ec089685c91818cc487,6ae89c7a1da948eb9e935bcc5f7b09e0,9fb76bae00124c85aaf4d6d0e4dbf194,LiDAR,LIDAR_REAR,1694938798450023,True,samples,samples/LIDAR_REAR/LIDAR_REAR_1694938798450023.pcd
bb9e12719cc04cbc9432e95d81f388ff,32473bdc06a342d4b42c978227abfe55,9fb76bae00124c85aaf4d6d0e4dbf194,LiDAR,LIDAR_REAR,1694938798950019,True,samples,samples/LIDAR_REAR/LIDAR_REAR_1694938798950019.pcd
b382a802064d44df9cd7c74463aa8a96,67a6f2f5662d4035984509589c50c6b9,9fb76bae00124c85aaf4d6d0e4dbf194,LiDAR,LIDAR_REAR,1694938799449971,True,samples,samples/LIDAR_REAR/LIDAR_REAR_1694938799449971.pcd
fab0797e50f04f5dbfe0b8a788ef8404,ed4081026261436197a9c66f1939d830,9fb76bae00124c85aaf4d6d0e4dbf194,LiDAR,LIDAR_REAR,1694938799950033,True,samples,samples/LIDAR_REAR/LIDAR_REAR_1694938799950033.pcd
883d219ab2bf43fb82b291d7da323dde,6d6cd02cde33436197a7820145262674,9fb76bae00124c85aaf4d6d0e4dbf194,LiDAR,LIDAR_REAR,1694938800450044,True,samples,samples/LIDAR_REAR/LIDAR_REAR_1694938800450044.pcd
a95c308c3c554199b8ada43425027861,7d86c0bd95b449658921145955fea4e0,9fb76bae00124c85aaf4d6d0e4dbf194,LiDAR,LIDAR_REAR,1694938800950065,True,samples,samples/LIDAR_REAR/LIDAR_REAR_1694938800950065.pcd
e6a8ac58a8bf49fcb800d9b2bb549ebc,6eae67dc76ff47b5af097b413c2447a5,9fb76bae00124c85aaf4d6d0e4dbf194,LiDAR,LIDAR_REAR,1694938801450302,True,samples,samples/LIDAR_REAR/LIDAR_REAR_1694938801450302.pcd
89e6bc79828c4c3b9832ed687fca0f82,db875de1c58748c0a4f273f4200b0841,9fb76bae00124c85aaf4d6d0e4dbf194,LiDAR,LIDAR_REAR,1694938801950358,True,samples,samples/LIDAR_REAR/LIDAR_REAR_1694938801950358.pcd
5b1f7fc6945d4da89d8a18a53dd39efd,6fc67d6877724bbea6efa6d09a5f97d6,9fb76bae00124c85aaf4d6d0e4dbf194,LiDAR,LIDAR_REAR,1694938802450419,True,samples,samples/LIDAR_REAR/LIDAR_REAR_1694938802450419.pcd
41215bb561dd4b63a2c474ee41387d14,a0eaf36b2f7a4598bb0ae21a3e6d44cd,9fb76bae00124c85aaf4d6d0e4dbf194,LiDAR,LIDAR_REAR,1694938802950417,True,samples,samples/LIDAR_REAR/LIDAR_REAR_1694938802950417.pcd
f4623fe0e29c4d309b677a26caa1738e,e9dab1896acf4c0fa04f85f5c3b047fa,9fb76bae00124c85aaf4d6d0e4dbf194,LiDAR,LIDAR_REAR,1694938803450334,True,samples,samples/LIDAR_REAR/LIDAR_REAR_1694938803450334.pcd
edd126e88cf9462597241392b09423cb,4d113d0314e041d990d2e6448b87de40,9fb76bae00124c85aaf4d6d0e4dbf194,LiDAR,LIDAR_REAR,1694938803950380,True,samples,samples/LIDAR_REAR/LIDAR_REAR_1694938803950380.pcd
3bd47b740d1047e5a71bee9576b32ad5,446ab39c270845e3871ec28d5c13fb2c,9fb76bae00124c85aaf4d6d0e4dbf194,LiDAR,LIDAR_REAR,1694938804450311,True,samples,samples/LIDAR_REAR/LIDAR_REAR_1694938804450311.pcd
35af09330ad740cca49077c388314b88,198a52743df64f89b4f6b639c49712f8,9fb76bae00124c85aaf4d6d0e4dbf194,LiDAR,LIDAR_REAR,1694938804950423,True,samples,samples/LIDAR_REAR/LIDAR_REAR_1694938804950423.pcd
c07357f89e87416b8c6825e6c19b7d7c,403389bcbf164b2db48c73b913662b48,9fb76bae00124c85aaf4d6d0e4dbf194,LiDAR,LIDAR_REAR,1694938805450339,True,samples,samples/LIDAR_REAR/LIDAR_REAR_1694938805450339.pcd
3ce1e0373c7e4b908ff9d1c222ff59d3,73cd609690224547b69224dad987f4f3,9fb76bae00124c85aaf4d6d0e4dbf194,LiDAR,LIDAR_REAR,1694938805950196,True,samples,samples/LIDAR_REAR/LIDAR_REAR_1694938805950196.pcd
b947ede5375d49a793d6675939fb6d28,755ac2cd4ee1493785ccc9de7b96c907,9fb76bae00124c85aaf4d6d0e4dbf194,LiDAR,LIDAR_REAR,1694938806450225,True,samples,samples/LIDAR_REAR/LIDAR_REAR_1694938806450225.pcd
41f95032b59748658e5c38b437c53b87,2034f1707ec7419b9c3479fbef98c9b3,9fb76bae00124c85aaf4d6d0e4dbf194,LiDAR,LIDAR_REAR,1694938806950237,True,samples,samples/LIDAR_REAR/LIDAR_REAR_1694938806950237.pcd
908984f48a5e47e3a840ceab119297d9,9aaeea7462be41baacf3ceb9126136e7,9fb76bae00124c85aaf4d6d0e4dbf194,LiDAR,LIDAR_REAR,1694938807450149,True,samples,samples/LIDAR_REAR/LIDAR_REAR_1694938807450149.pcd
ce0cf5fc6a95409c96da6587d6cf909a,bd1b98fca97642d596c968d4df826df0,9fb76bae00124c85aaf4d6d0e4dbf194,LiDAR,LIDAR_REAR,1694938807950091,True,samples,samples/LIDAR_REAR/LIDAR_REAR_1694938807950091.pcd
3281f40b8aca47cdbc8bf90288de0dcc,30dbdc20e13249cd8117d7215071b4c8,9fb76bae00124c85aaf4d6d0e4dbf194,LiDAR,LIDAR_REAR,1694938808450160,True,samples,samples/LIDAR_REAR/LIDAR_REAR_1694938808450160.pcd
e1bc3c2300ec41dda251825cdcc8909a,d5c1c80145214282b058cf815792baa9,9fb76bae00124c85aaf4d6d0e4dbf194,LiDAR,LIDAR_REAR,1694938808950137,True,samples,samples/LIDAR_REAR/LIDAR_REAR_1694938808950137.pcd
a456453b683a4d78a9454686ca06e020,87ba8b5a4c294644890ddfad19209e7a,9fb76bae00124c85aaf4d6d0e4dbf194,LiDAR,LIDAR_REAR,1694938809450020,True,samples,samples/LIDAR_REAR/LIDAR_REAR_1694938809450020.pcd
efe79dd1974c449f85ded88e01cf2c97,51a6e5b5fe5f4f5a99c05a1540d6d92a,9fb76bae00124c85aaf4d6d0e4dbf194,LiDAR,LIDAR_REAR,1694938809949987,True,samples,samples/LIDAR_REAR/LIDAR_REAR_1694938809949987.pcd
88db5b68d1f74b50848ccc8a95faf851,1d111bf7b99d4a6cb886c4cc8525c855,9fb76bae00124c85aaf4d6d0e4dbf194,LiDAR,LIDAR_REAR,1694938810449914,True,samples,samples/LIDAR_REAR/LIDAR_REAR_1694938810449914.pcd
1a73f1c57cfd4117969c383593778dd0,9bd153ce54554cc9a028e6456d2751d2,9fb76bae00124c85aaf4d6d0e4dbf194,LiDAR,LIDAR_REAR,1694938810949995,True,samples,samples/LIDAR_REAR/LIDAR_REAR_1694938810949995.pcd
0fa296750e4b48d8ad33629e46b43157,ac66e06eade741ea8e18d7ed4ce20120,9fb76bae00124c85aaf4d6d0e4dbf194,LiDAR,LIDAR_REAR,1694938811450173,True,samples,samples/LIDAR_REAR/LIDAR_REAR_1694938811450173.pcd
4cf41c377c9e446683b35af1503da4f5,1d22c6a108994cc9862094c5b3f454fd,9fb76bae00124c85aaf4d6d0e4dbf194,LiDAR,LIDAR_REAR,1694938811950168,True,samples,samples/LIDAR_REAR/LIDAR_REAR_1694938811950168.pcd
8a5af3329b324c14a0f6612aa40f41c0,868eb15fdbc047509a14c0a966dcd7b6,9fb76bae00124c85aaf4d6d0e4dbf194,LiDAR,LIDAR_REAR,1694938812450363,True,samples,samples/LIDAR_REAR/LIDAR_REAR_1694938812450363.pcd
4be156bd51f148e8b576f15a9b147b00,fa2acde00fe3439786ccd631c78fd641,38d4ba33fce94499be34f32d245113ed,LiDAR,LIDAR_LEFT,1706716774787508,True,samples,samples/LIDAR_LEFT/LIDAR_LEFT_1706716774787508.pcd
70db15f8cb01441594370e5f293491b2,6576cf45096c4d6f8a4f4d976e0e83b9,38d4ba33fce94499be34f32d245113ed,LiDAR,LIDAR_LEFT,1706716775287935,True,samples,samples/LIDAR_LEFT/LIDAR_LEFT_1706716775287935.pcd
adec6fb6e6464e42a83a402784c81565,717a5295dd944f6f9b9edef6562b48e9,38d4ba33fce94499be34f32d245113ed,LiDAR,LIDAR_LEFT,1706716775788263,True,samples,samples/LIDAR_LEFT/LIDAR_LEFT_1706716775788263.pcd
863438beeb3341598bb9d794b7026d9a,1b5208835de344f3b2e9a3d138c0f164,38d4ba33fce94499be34f32d245113ed,LiDAR,LIDAR_LEFT,1706716776288442,True,samples,samples/LIDAR_LEFT/LIDAR_LEFT_1706716776288442.pcd
afaa39fe9bef4bbe93caad6bef554804,3452bee1bda54634bf9e197ca371bf97,38d4ba33fce94499be34f32d245113ed,LiDAR,LIDAR_LEFT,1706716776787874,True,samples,samples/LIDAR_LEFT/LIDAR_LEFT_1706716776787874.pcd
a0e1f7ee7bf74b3493f1ec537cd1143c,ad06fdbd34fd4dd4b0f0ef8f8bd7ac68,38d4ba33fce94499be34f32d245113ed,LiDAR,LIDAR_LEFT,1706716777287388,True,samples,samples/LIDAR_LEFT/LIDAR_LEFT_1706716777287388.pcd
9cce95d39520418cb0320bd94b7d9329,30f771e62a3a44f4975189ece9b83c26,38d4ba33fce94499be34f32d245113ed,LiDAR,LIDAR_LEFT,1706716777787011,True,samples,samples/LIDAR_LEFT/LIDAR_LEFT_1706716777787011.pcd
8264fcdb235c47d9a6378d1cbada3f7a,5319f3d4f415475a82018472f7055951,38d4ba33fce94499be34f32d245113ed,LiDAR,LIDAR_LEFT,1706716778286766,True,samples,samples/LIDAR_LEFT/LIDAR_LEFT_1706716778286766.pcd
704e3398f2ad4e94a2bf5819132f67a6,de5890acd09f4e34801b92e9e73369db,38d4ba33fce94499be34f32d245113ed,LiDAR,LIDAR_LEFT,1706716778787357,True,samples,samples/LIDAR_LEFT/LIDAR_LEFT_1706716778787357.pcd
a2b9c4ede4d5402c93aba4d3bf009bc4,fc1d4a5b3ab94addad4ee0e5ae6cc62f,38d4ba33fce94499be34f32d245113ed,LiDAR,LIDAR_LEFT,1706716779287849,True,samples,samples/LIDAR_LEFT/LIDAR_LEFT_1706716779287849.pcd
0c2abf5bc5c34c01b21d0ae2f4b08a02,0531b8003c4941c481d29ed1caa924f7,38d4ba33fce94499be34f32d245113ed,LiDAR,LIDAR_LEFT,1706716779788179,True,samples,samples/LIDAR_LEFT/LIDAR_LEFT_1706716779788179.pcd
819e23480b55462aa63cb8cc79e72f57,69ed8f84bcd94a91b68a82957b623904,38d4ba33fce94499be34f32d245113ed,LiDAR,LIDAR_LEFT,1706716780288360,True,samples,samples/LIDAR_LEFT/LIDAR_LEFT_1706716780288360.pcd
99022c3ec0244f768c2dccf6a7a5d537,fc33e12c049840889efde7b2218b5c51,38d4ba33fce94499be34f32d245113ed,LiDAR,LIDAR_LEFT,1706716780787805,True,samples,samples/LIDAR_LEFT/LIDAR_LEFT_1706716780787805.pcd
85539cee2b50479caebe0ee3d310896a,be75e2cea76844e0ac64bdf7ab68721b,38d4ba33fce94499be34f32d245113ed,LiDAR,LIDAR_LEFT,1706716781287312,True,samples,samples/LIDAR_LEFT/LIDAR_LEFT_1706716781287312.pcd
10671341b1bb4c9aba4bbd1c55a5f4f1,4e85946701964f37bb8990ffa14b1c4e,38d4ba33fce94499be34f32d245113ed,LiDAR,LIDAR_LEFT,1706716781786998,True,samples,samples/LIDAR_LEFT/LIDAR_LEFT_1706716781786998.pcd
10df213064314660a4cb7bbc7d4f747f,1de6a44eff4749f494dd0b6cb5c48e84,38d4ba33fce94499be34f32d245113ed,LiDAR,LIDAR_LEFT,1706716782286816,True,samples,samples/LIDAR_LEFT/LIDAR_LEFT_1706716782286816.pcd
b5b37ad9ceb64e78bbb48e14b93a8139,9c55592e36884436880465b77c75a2de,38d4ba33fce94499be34f32d245113ed,LiDAR,LIDAR_LEFT,1706716782787398,True,samples,samples/LIDAR_LEFT/LIDAR_LEFT_1706716782787398.pcd
9baa26a2bad6416395a3c57719d967a5,77f8596f82c948efa5231a656b64a313,38d4ba33fce94499be34f32d245113ed,LiDAR,LIDAR_LEFT,1706716783287837,True,samples,samples/LIDAR_LEFT/LIDAR_LEFT_1706716783287837.pcd
be6bccc22d8b4d969e17343efab8935a,9eefc874f88a490cba62967ad2ea68be,38d4ba33fce94499be34f32d245113ed,LiDAR,LIDAR_LEFT,1706716783788174,True,samples,samples/LIDAR_LEFT/LIDAR_LEFT_1706716783788174.pcd
4392f87629aa4f39b41b9dba34039310,4403795d081d4150ab7174f19e8a2f0b,38d4ba33fce94499be34f32d245113ed,LiDAR,LIDAR_LEFT,1706716784288313,True,samples,samples/LIDAR_LEFT/LIDAR_LEFT_1706716784288313.pcd
67b54ab82a4d4d919a01231d51d550fc,856048bc4191462888a39dde92751b25,38d4ba33fce94499be34f32d245113ed,LiDAR,LIDAR_LEFT,1706716784787705,True,samples,samples/LIDAR_LEFT/LIDAR_LEFT_1706716784787705.pcd
e7bfd64cdcff444cad9dbf65ab850eb6,d9d945f2ecff47eaa09f9c2dd283a89d,38d4ba33fce94499be34f32d245113ed,LiDAR,LIDAR_LEFT,1706716785287372,True,samples,samples/LIDAR_LEFT/LIDAR_LEFT_1706716785287372.pcd
6066db1f6e5442c9bc885ca17bffde5a,107022cffcc148f299350a9344f26f84,38d4ba33fce94499be34f32d245113ed,LiDAR,LIDAR_LEFT,1706716785787461,True,samples,samples/LIDAR_LEFT/LIDAR_LEFT_1706716785787461.pcd
4a1adef02086438c89dc87ec011495c2,200accc64ca644669f74bdc5749a52c2,38d4ba33fce94499be34f32d245113ed,LiDAR,LIDAR_LEFT,1706716786287713,True,samples,samples/LIDAR_LEFT/LIDAR_LEFT_1706716786287713.pcd
4d2ac5a48f694a43ac0b902840673e0a,5dd62b98623c4212947265c15294f822,38d4ba33fce94499be34f32d245113ed,LiDAR,LIDAR_LEFT,1706716786787495,True,samples,samples/LIDAR_LEFT/LIDAR_LEFT_1706716786787495.pcd
46ed978f5bd6428ca15a6d97555a7a82,67ea7a1a866d4942b2f389567d11272f,38d4ba33fce94499be34f32d245113ed,LiDAR,LIDAR_LEFT,1706716787287266,True,samples,samples/LIDAR_LEFT/LIDAR_LEFT_1706716787287266.pcd
68522de3595347468d36df49019508a4,34031c02dc804642aa6520be28ce39c0,38d4ba33fce94499be34f32d245113ed,LiDAR,LIDAR_LEFT,1706716787787691,True,samples,samples/LIDAR_LEFT/LIDAR_LEFT_1706716787787691.pcd
634c9cb5738d4c5e9c1c38741219b5c3,ca174280df424acfacaab13a606faf99,38d4ba33fce94499be34f32d245113ed,LiDAR,LIDAR_LEFT,1706716788287883,True,samples,samples/LIDAR_LEFT/LIDAR_LEFT_1706716788287883.pcd
78c0132014d04b569257e4f2b775d83e,d90d09439b8049c2967999fc4a8fd2a4,38d4ba33fce94499be34f32d245113ed,LiDAR,LIDAR_LEFT,1706716788787688,True,samples,samples/LIDAR_LEFT/LIDAR_LEFT_1706716788787688.pcd
bcac00df34d3482fa23407d89518b599,f7ad54940a674f25be6c22317b0e3815,38d4ba33fce94499be34f32d245113ed,LiDAR,LIDAR_LEFT,1706716789287459,True,samples,samples/LIDAR_LEFT/LIDAR_LEFT_1706716789287459.pcd
2a4c820d92a6443199ddc5c4506cc2a2,ecfeab9c4ce14cc0a2f94a111172f157,38d4ba33fce94499be34f32d245113ed,LiDAR,LIDAR_LEFT,1706716789787294,True,samples,samples/LIDAR_LEFT/LIDAR_LEFT_1706716789787294.pcd
1817793b55dc45d78c7f2c2971478448,4ada9cbed75249478210480ecae22937,38d4ba33fce94499be34f32d245113ed,LiDAR,LIDAR_LEFT,1706716790287448,True,samples,samples/LIDAR_LEFT/LIDAR_LEFT_1706716790287448.pcd
b92c4f3ca5da47f7b6234cac82ce9b0b,d9a0ffc7dc7a4932af41044c29c0c558,38d4ba33fce94499be34f32d245113ed,LiDAR,LIDAR_LEFT,1706716790787749,True,samples,samples/LIDAR_LEFT/LIDAR_LEFT_1706716790787749.pcd
a8e382c8057348bca9fc67c7ecaae431,2bb86f1a816c41d6ac274402246a24fc,38d4ba33fce94499be34f32d245113ed,LiDAR,LIDAR_LEFT,1706716791287513,True,samples,samples/LIDAR_LEFT/LIDAR_LEFT_1706716791287513.pcd
80df5695f58847088f98589bb4e78fb5,d1a194be3c4d4ab3946f088897e0f578,38d4ba33fce94499be34f32d245113ed,LiDAR,LIDAR_LEFT,1706716791787340,True,samples,samples/LIDAR_LEFT/LIDAR_LEFT_1706716791787340.pcd
78c0bb37be5f4e8a9be3da674ee186ba,dfb9c2cee4824b6ea827e2cfac0dda0c,38d4ba33fce94499be34f32d245113ed,LiDAR,LIDAR_LEFT,1706716792287635,True,samples,samples/LIDAR_LEFT/LIDAR_LEFT_1706716792287635.pcd
041d5b22cad546ad8683930eccf191a7,d6749e370cac44b5af7a04924435ff6b,38d4ba33fce94499be34f32d245113ed,LiDAR,LIDAR_LEFT,1706716792787726,True,samples,samples/LIDAR_LEFT/LIDAR_LEFT_1706716792787726.pcd
f96b474b2c8f44e6a8894d23929d0879,08a1174ca5f54446bf5e560929f47307,38d4ba33fce94499be34f32d245113ed,LiDAR,LIDAR_LEFT,1706716793287482,True,samples,samples/LIDAR_LEFT/LIDAR_LEFT_1706716793287482.pcd
a2f4f2a0a11f42988ad0fafd4981adb8,bab11f9d759141a1a62ff8bedf2f5815,38d4ba33fce94499be34f32d245113ed,LiDAR,LIDAR_LEFT,1706716793787214,True,samples,samples/LIDAR_LEFT/LIDAR_LEFT_1706716793787214.pcd
5fc6d9c0f9f246768bcff023bdb7a7ec,6b21f9f8d72a436f9c8fc5dc60657af6,38d4ba33fce94499be34f32d245113ed,LiDAR,LIDAR_LEFT,1706716794287077,True,samples,samples/LIDAR_LEFT/LIDAR_LEFT_1706716794287077.pcd
a654b27b3f004b15ae4e3c67e4ce5325,fa2acde00fe3439786ccd631c78fd641,38d4ba33fce94499be34f32d245113ed,LiDAR,LIDAR_RIGHT,1706716774812767,True,samples,samples/LIDAR_RIGHT/LIDAR_RIGHT_1706716774812767.pcd
52c9ada4192b45e0b801c38496f94919,6576cf45096c4d6f8a4f4d976e0e83b9,38d4ba33fce94499be34f32d245113ed,LiDAR,LIDAR_RIGHT,1706716775312764,True,samples,samples/LIDAR_RIGHT/LIDAR_RIGHT_1706716775312764.pcd
2a5e5069744747eea55b37505f07b35c,717a5295dd944f6f9b9edef6562b48e9,38d4ba33fce94499be34f32d245113ed,LiDAR,LIDAR_RIGHT,1706716775812403,True,samples,samples/LIDAR_RIGHT/LIDAR_RIGHT_1706716775812403.pcd
13cd2583dd4a4d40ae9552c716ad8081,1b5208835de344f3b2e9a3d138c0f164,38d4ba33fce94499be34f32d245113ed,LiDAR,LIDAR_RIGHT,1706716776312808,True,samples,samples/LIDAR_RIGHT/LIDAR_RIGHT_1706716776312808.pcd
35cefdea821f4fbd95a01b1c3e21a8b5,3452bee1bda54634bf9e197ca371bf97,38d4ba33fce94499be34f32d245113ed,LiDAR,LIDAR_RIGHT,1706716776813619,True,samples,samples/LIDAR_RIGHT/LIDAR_RIGHT_1706716776813619.pcd
c291fea801bd4a8fa47580f25d46b1db,ad06fdbd34fd4dd4b0f0ef8f8bd7ac68,38d4ba33fce94499be34f32d245113ed,LiDAR,LIDAR_RIGHT,1706716777314178,True,samples,samples/LIDAR_RIGHT/LIDAR_RIGHT_1706716777314178.pcd
7252ea9da9c24eecb9f72beea5d6f7e1,30f771e62a3a44f4975189ece9b83c26,38d4ba33fce94499be34f32d245113ed,LiDAR,LIDAR_RIGHT,1706716777813521,True,samples,samples/LIDAR_RIGHT/LIDAR_RIGHT_1706716777813521.pcd
494691d0db494d2a98e917d8da6c667a,5319f3d4f415475a82018472f7055951,38d4ba33fce94499be34f32d245113ed,LiDAR,LIDAR_RIGHT,1706716778312913,True,samples,samples/LIDAR_RIGHT/LIDAR_RIGHT_1706716778312913.pcd
9fa262b0a3884bf781bd2700552a9c92,de5890acd09f4e34801b92e9e73369db,38d4ba33fce94499be34f32d245113ed,LiDAR,LIDAR_RIGHT,1706716778812270,True,samples,samples/LIDAR_RIGHT/LIDAR_RIGHT_1706716778812270.pcd
4856907662b44dafa7d5086b57a4e62a,fc1d4a5b3ab94addad4ee0e5ae6cc62f,38d4ba33fce94499be34f32d245113ed,LiDAR,LIDAR_RIGHT,1706716779311863,True,samples,samples/LIDAR_RIGHT/LIDAR_RIGHT_1706716779311863.pcd
9d601932925346fc8744414e552dfd27,0531b8003c4941c481d29ed1caa924f7,38d4ba33fce94499be34f32d245113ed,LiDAR,LIDAR_RIGHT,1706716779812574,True,samples,samples/LIDAR_RIGHT/LIDAR_RIGHT_1706716779812574.pcd
40c51f74330145cca9bf0a3f86645ce6,69ed8f84bcd94a91b68a82957b623904,38d4ba33fce94499be34f32d245113ed,LiDAR,LIDAR_RIGHT,1706716780312764,True,samples,samples/LIDAR_RIGHT/LIDAR_RIGHT_1706716780312764.pcd
2be9fc0f18d34fba93f664a7002b48fa,fc33e12c049840889efde7b2218b5c51,38d4ba33fce94499be34f32d245113ed,LiDAR,LIDAR_RIGHT,1706716780812974,True,samples,samples/LIDAR_RIGHT/LIDAR_RIGHT_1706716780812974.pcd
230f74f658834614b1cba72a67320169,be75e2cea76844e0ac64bdf7ab68721b,38d4ba33fce94499be34f32d245113ed,LiDAR,LIDAR_RIGHT,1706716781313037,True,samples,samples/LIDAR_RIGHT/LIDAR_RIGHT_1706716781313037.pcd
36b28e63c7c34eca8e3e47d9db836b09,4e85946701964f37bb8990ffa14b1c4e,38d4ba33fce94499be34f32d245113ed,LiDAR,LIDAR_RIGHT,1706716781812571,True,samples,samples/LIDAR_RIGHT/LIDAR_RIGHT_1706716781812571.pcd
3c870e8abb094bb38f9b3260ea92d0fa,1de6a44eff4749f494dd0b6cb5c48e84,38d4ba33fce94499be34f32d245113ed,LiDAR,LIDAR_RIGHT,1706716782312398,True,samples,samples/LIDAR_RIGHT/LIDAR_RIGHT_1706716782312398.pcd
a4b8f42171d44457b8ee6e327bc4849d,9c55592e36884436880465b77c75a2de,38d4ba33fce94499be34f32d245113ed,LiDAR,LIDAR_RIGHT,1706716782811886,True,samples,samples/LIDAR_RIGHT/LIDAR_RIGHT_1706716782811886.pcd
2ff8ea537ba14a18974675f08fbc1e58,77f8596f82c948efa5231a656b64a313,38d4ba33fce94499be34f32d245113ed,LiDAR,LIDAR_RIGHT,1706716783311508,True,samples,samples/LIDAR_RIGHT/LIDAR_RIGHT_1706716783311508.pcd
e3059bfb64e24537ad25ad88d4a28371,9eefc874f88a490cba62967ad2ea68be,38d4ba33fce94499be34f32d245113ed,LiDAR,LIDAR_RIGHT,1706716783812239,True,samples,samples/LIDAR_RIGHT/LIDAR_RIGHT_1706716783812239.pcd
e6997ef18b6a466f861b14927cc4b75b,4403795d081d4150ab7174f19e8a2f0b,38d4ba33fce94499be34f32d245113ed,LiDAR,LIDAR_RIGHT,1706716784312591,True,samples,samples/LIDAR_RIGHT/LIDAR_RIGHT_1706716784312591.pcd
9a87bf1e94b7404f9d980eb65b37afec,856048bc4191462888a39dde92751b25,38d4ba33fce94499be34f32d245113ed,LiDAR,LIDAR_RIGHT,1706716784812597,True,samples,samples/LIDAR_RIGHT/LIDAR_RIGHT_1706716784812597.pcd
e1b5e491ae2544ae9b380aa3f7c2e315,d9d945f2ecff47eaa09f9c2dd283a89d,38d4ba33fce94499be34f32d245113ed,LiDAR,LIDAR_RIGHT,1706716785312705,True,samples,samples/LIDAR_RIGHT/LIDAR_RIGHT_1706716785312705.pcd
6a4fca1478ba47b2a6f61c14b3cbb1b9,107022cffcc148f299350a9344f26f84,38d4ba33fce94499be34f32d245113ed,LiDAR,LIDAR_RIGHT,1706716785812721,True,samples,samples/LIDAR_RIGHT/LIDAR_RIGHT_1706716785812721.pcd
4b42641bfd40418f8f36687ca329564d,200accc64ca644669f74bdc5749a52c2,38d4ba33fce94499be34f32d245113ed,LiDAR,LIDAR_RIGHT,1706716786312375,True,samples,samples/LIDAR_RIGHT/LIDAR_RIGHT_1706716786312375.pcd
31f608f955cb46c1a36fa93f66387e76,5dd62b98623c4212947265c15294f822,38d4ba33fce94499be34f32d245113ed,LiDAR,LIDAR_RIGHT,1706716786812730,True,samples,samples/LIDAR_RIGHT/LIDAR_RIGHT_1706716786812730.pcd
132d453cca4a485ea5feb10ccc403ffc,67ea7a1a866d4942b2f389567d11272f,38d4ba33fce94499be34f32d245113ed,LiDAR,LIDAR_RIGHT,1706716787312778,True,samples,samples/LIDAR_RIGHT/LIDAR_RIGHT_1706716787312778.pcd
3aa5097c99b449d0a1a6e9ca14ee7016,34031c02dc804642aa6520be28ce39c0,38d4ba33fce94499be34f32d245113ed,LiDAR,LIDAR_RIGHT,1706716787812362,True,samples,samples/LIDAR_RIGHT/LIDAR_RIGHT_1706716787812362.pcd
6660d36d5f244658a7d57bec70c43db4,ca174280df424acfacaab13a606faf99,38d4ba33fce94499be34f32d245113ed,LiDAR,LIDAR_RIGHT,1706716788312065,True,samples,samples/LIDAR_RIGHT/LIDAR_RIGHT_1706716788312065.pcd
5a6536e2de1c45609f52a5cc82508dd6,d90d09439b8049c2967999fc4a8fd2a4,38d4ba33fce94499be34f32d245113ed,LiDAR,LIDAR_RIGHT,1706716788812675,True,samples,samples/LIDAR_RIGHT/LIDAR_RIGHT_1706716788812675.pcd
2421435cb891455097a118f8bcafce99,f7ad54940a674f25be6c22317b0e3815,38d4ba33fce94499be34f32d245113ed,LiDAR,LIDAR_RIGHT,1706716789312790,True,samples,samples/LIDAR_RIGHT/LIDAR_RIGHT_1706716789312790.pcd
c262dacfb6204f059b58dc58a83c6d4c,ecfeab9c4ce14cc0a2f94a111172f157,38d4ba33fce94499be34f32d245113ed,LiDAR,LIDAR_RIGHT,1706716789812437,True,samples,samples/LIDAR_RIGHT/LIDAR_RIGHT_1706716789812437.pcd
775445ada92f4612b32435f71260cc87,4ada9cbed75249478210480ecae22937,38d4ba33fce94499be34f32d245113ed,LiDAR,LIDAR_RIGHT,1706716790312692,True,samples,samples/LIDAR_RIGHT/LIDAR_RIGHT_1706716790312692.pcd
99ed381754ba45f5a93a9c38f09d7675,d9a0ffc7dc7a4932af41044c29c0c558,38d4ba33fce94499be34f32d245113ed,LiDAR,LIDAR_RIGHT,1706716790812702,True,samples,samples/LIDAR_RIGHT/LIDAR_RIGHT_1706716790812702.pcd
b26c0e9d9d464652af7db0ca0cbcb093,2bb86f1a816c41d6ac274402246a24fc,38d4ba33fce94499be34f32d245113ed,LiDAR,LIDAR_RIGHT,1706716791312379,True,samples,samples/LIDAR_RIGHT/LIDAR_RIGHT_1706716791312379.pcd
90f2123abaff4f429723576128f1f73d,d1a194be3c4d4ab3946f088897e0f578,38d4ba33fce94499be34f32d245113ed,LiDAR,LIDAR_RIGHT,1706716791812742,True,samples,samples/LIDAR_RIGHT/LIDAR_RIGHT_1706716791812742.pcd
7d88a2f3e73c492fae7e5ea3242ed9f5,dfb9c2cee4824b6ea827e2cfac0dda0c,38d4ba33fce94499be34f32d245113ed,LiDAR,LIDAR_RIGHT,1706716792312744,True,samples,samples/LIDAR_RIGHT/LIDAR_RIGHT_1706716792312744.pcd
46ea8a7d8043497d84b8d071cba40d27,d6749e370cac44b5af7a04924435ff6b,38d4ba33fce94499be34f32d245113ed,LiDAR,LIDAR_RIGHT,1706716792812236,True,samples,samples/LIDAR_RIGHT/LIDAR_RIGHT_1706716792812236.pcd
86d413a193bc4c4493fb68887fc78142,08a1174ca5f54446bf5e560929f47307,38d4ba33fce94499be34f32d245113ed,LiDAR,LIDAR_RIGHT,1706716793311920,True,samples,samples/LIDAR_RIGHT/LIDAR_RIGHT_1706716793311920.pcd
ea7a60d035a84110a024fa9d8404d422,bab11f9d759141a1a62ff8bedf2f5815,38d4ba33fce94499be34f32d245113ed,LiDAR,LIDAR_RIGHT,1706716793812599,True,samples,samples/LIDAR_RIGHT/LIDAR_RIGHT_1706716793812599.pcd
c716f11d0fc547c1b1594ede776abef7,6b21f9f8d72a436f9c8fc5dc60657af6,38d4ba33fce94499be34f32d245113ed,LiDAR,LIDAR_RIGHT,1706716794312757,True,samples,samples/LIDAR_RIGHT/LIDAR_RIGHT_1706716794312757.pcd
c51bfb813a0b4b2e89262a79656d98cb,fa2acde00fe3439786ccd631c78fd641,38d4ba33fce94499be34f32d245113ed,LiDAR,LIDAR_REAR,1706716774750003,True,samples,samples/LIDAR_REAR/LIDAR_REAR_1706716774750003.pcd
38488c72c5d64e5e99daea6378ba8792,6576cf45096c4d6f8a4f4d976e0e83b9,38d4ba33fce94499be34f32d245113ed,LiDAR,LIDAR_REAR,1706716775250031,True,samples,samples/LIDAR_REAR/LIDAR_REAR_1706716775250031.pcd
a02db8a7c85d430a81f0dd796fe3bf7f,717a5295dd944f6f9b9edef6562b48e9,38d4ba33fce94499be34f32d245113ed,LiDAR,LIDAR_REAR,1706716775749997,True,samples,samples/LIDAR_REAR/LIDAR_REAR_1706716775749997.pcd
b0ac77a96b7c42aabf76acaf57ff2251,1b5208835de344f3b2e9a3d138c0f164,38d4ba33fce94499be34f32d245113ed,LiDAR,LIDAR_REAR,1706716776250004,True,samples,samples/LIDAR_REAR/LIDAR_REAR_1706716776250004.pcd
f901f00357c24785b961b17ff4dab00a,3452bee1bda54634bf9e197ca371bf97,38d4ba33fce94499be34f32d245113ed,LiDAR,LIDAR_REAR,1706716776750025,True,samples,samples/LIDAR_REAR/LIDAR_REAR_1706716776750025.pcd
96b2402c47bb4e86a2d315bb4f8a4184,ad06fdbd34fd4dd4b0f0ef8f8bd7ac68,38d4ba33fce94499be34f32d245113ed,LiDAR,LIDAR_REAR,1706716777250055,True,samples,samples/LIDAR_REAR/LIDAR_REAR_1706716777250055.pcd
f5e3e3dbc65945668c7de0baa6f4dc9d,30f771e62a3a44f4975189ece9b83c26,38d4ba33fce94499be34f32d245113ed,LiDAR,LIDAR_REAR,1706716777749971,True,samples,samples/LIDAR_REAR/LIDAR_REAR_1706716777749971.pcd
23d0abefcf86402f938348e2577b4d5f,5319f3d4f415475a82018472f7055951,38d4ba33fce94499be34f32d245113ed,LiDAR,LIDAR_REAR,1706716778249957,True,samples,samples/LIDAR_REAR/LIDAR_REAR_1706716778249957.pcd
6c90b523fa81469ab737affa58eb48d8,de5890acd09f4e34801b92e9e73369db,38d4ba33fce94499be34f32d245113ed,LiDAR,LIDAR_REAR,1706716778750052,True,samples,samples/LIDAR_REAR/LIDAR_REAR_1706716778750052.pcd
a1c23cf221754a5d8154a6875aa271d8,fc1d4a5b3ab94addad4ee0e5ae6cc62f,38d4ba33fce94499be34f32d245113ed,LiDAR,LIDAR_REAR,1706716779250011,True,samples,samples/LIDAR_REAR/LIDAR_REAR_1706716779250011.pcd
0bfdeb2c9b6b484f86ae6e0affcdd8cb,0531b8003c4941c481d29ed1caa924f7,38d4ba33fce94499be34f32d245113ed,LiDAR,LIDAR_REAR,1706716779750091,True,samples,samples/LIDAR_REAR/LIDAR_REAR_1706716779750091.pcd
3908411fa49147d0a3462a5587585170,69ed8f84bcd94a91b68a82957b623904,38d4ba33fce94499be34f32d245113ed,LiDAR,LIDAR_REAR,1706716780250504,True,samples,samples/LIDAR_REAR/LIDAR_REAR_1706716780250504.pcd
912794ede59341dcaa460ef1ae9f91ae,fc33e12c049840889efde7b2218b5c51,38d4ba33fce94499be34f32d245113ed,LiDAR,LIDAR_REAR,1706716780750438,True,samples,samples/LIDAR_REAR/LIDAR_REAR_1706716780750438.pcd
e80dc3f7a302420d963f6cdd86fad4ef,be75e2cea76844e0ac64bdf7ab68721b,38d4ba33fce94499be34f32d245113ed,LiDAR,LIDAR_REAR,1706716781250304,True,samples,samples/LIDAR_REAR/LIDAR_REAR_1706716781250304.pcd
3699cacfe2f74362b7eb3655effc0683,4e85946701964f37bb8990ffa14b1c4e,38d4ba33fce94499be34f32d245113ed,LiDAR,LIDAR_REAR,1706716781750124,True,samples,samples/LIDAR_REAR/LIDAR_REAR_1706716781750124.pcd
53450998964b49ba98d1c3db0146b835,1de6a44eff4749f494dd0b6cb5c48e84,38d4ba33fce94499be34f32d245113ed,LiDAR,LIDAR_REAR,1706716782250236,True,samples,samples/LIDAR_REAR/LIDAR_REAR_1706716782250236.pcd
ddf83a8be3084033bbeeede75f150097,9c55592e36884436880465b77c75a2de,38d4ba33fce94499be34f32d245113ed,LiDAR,LIDAR_REAR,1706716782750308,True,samples,samples/LIDAR_REAR/LIDAR_REAR_1706716782750308.pcd
dbf3a1eebf4c44d0a6b641e27c295e78,77f8596f82c948efa5231a656b64a313,38d4ba33fce94499be34f32d245113ed,LiDAR,LIDAR_REAR,1706716783250210,True,samples,samples/LIDAR_REAR/LIDAR_REAR_1706716783250210.pcd
13ef1c8d493c464bb879c2d5aae6b616,9eefc874f88a490cba62967ad2ea68be,38d4ba33fce94499be34f32d245113ed,LiDAR,LIDAR_REAR,1706716783750119,True,samples,samples/LIDAR_REAR/LIDAR_REAR_1706716783750119.pcd
12d555948dec482caee1d6bf78114741,4403795d081d4150ab7174f19e8a2f0b,38d4ba33fce94499be34f32d245113ed,LiDAR,LIDAR_REAR,1706716784250087,True,samples,samples/LIDAR_REAR/LIDAR_REAR_1706716784250087.pcd
7cba3a58d29c4f06ace8bad550198a52,856048bc4191462888a39dde92751b25,38d4ba33fce94499be34f32d245113ed,LiDAR,LIDAR_REAR,1706716784749939,True,samples,samples/LIDAR_REAR/LIDAR_REAR_1706716784749939.pcd
67ecd4fca6cb4947a98d064572195e2b,d9d945f2ecff47eaa09f9c2dd283a89d,38d4ba33fce94499be34f32d245113ed,LiDAR,LIDAR_REAR,1706716785249970,True,samples,samples/LIDAR_REAR/LIDAR_REAR_1706716785249970.pcd
21591fc8533f4c18bf6f70312b23f8e5,107022cffcc148f299350a9344f26f84,38d4ba33fce94499be34f32d245113ed,LiDAR,LIDAR_REAR,1706716785749955,True,samples,samples/LIDAR_REAR/LIDAR_REAR_1706716785749955.pcd
f4db92698c4a4bb5b5623295aae134dd,200accc64ca644669f74bdc5749a52c2,38d4ba33fce94499be34f32d245113ed,LiDAR,LIDAR_REAR,1706716786249983,True,samples,samples/LIDAR_REAR/LIDAR_REAR_1706716786249983.pcd
b70929d8445d4d11aa1033b1d637f84e,5dd62b98623c4212947265c15294f822,38d4ba33fce94499be34f32d245113ed,LiDAR,LIDAR_REAR,1706716786750047,True,samples,samples/LIDAR_REAR/LIDAR_REAR_1706716786750047.pcd
767ca5572a454eb495c515e322f3a69f,67ea7a1a866d4942b2f389567d11272f,38d4ba33fce94499be34f32d245113ed,LiDAR,LIDAR_REAR,1706716787250110,True,samples,samples/LIDAR_REAR/LIDAR_REAR_1706716787250110.pcd
de6c46345faa4adbaa7532ba2645a18f,34031c02dc804642aa6520be28ce39c0,38d4ba33fce94499be34f32d245113ed,LiDAR,LIDAR_REAR,1706716787750221,True,samples,samples/LIDAR_REAR/LIDAR_REAR_1706716787750221.pcd
ec170e74e3cb48fea9cf4a7a91ef66d5,ca174280df424acfacaab13a606faf99,38d4ba33fce94499be34f32d245113ed,LiDAR,LIDAR_REAR,1706716788250177,True,samples,samples/LIDAR_REAR/LIDAR_REAR_1706716788250177.pcd
7afd75bc5149479b9b2277a65f3a499f,d90d09439b8049c2967999fc4a8fd2a4,38d4ba33fce94499be34f32d245113ed,LiDAR,LIDAR_REAR,1706716788750287,True,samples,samples/LIDAR_REAR/LIDAR_REAR_1706716788750287.pcd
7b54c152a8b84265be32539ffe3700d0,f7ad54940a674f25be6c22317b0e3815,38d4ba33fce94499be34f32d245113ed,LiDAR,LIDAR_REAR,1706716789250146,True,samples,samples/LIDAR_REAR/LIDAR_REAR_1706716789250146.pcd
c930317fe39346fea8059f965d3dff8a,ecfeab9c4ce14cc0a2f94a111172f157,38d4ba33fce94499be34f32d245113ed,LiDAR,LIDAR_REAR,1706716789750052,True,samples,samples/LIDAR_REAR/LIDAR_REAR_1706716789750052.pcd
428ad7fe3a05427092a05ff48a14a8af,4ada9cbed75249478210480ecae22937,38d4ba33fce94499be34f32d245113ed,LiDAR,LIDAR_REAR,1706716790249939,True,samples,samples/LIDAR_REAR/LIDAR_REAR_1706716790249939.pcd
12594268d5c14366ae1b4cbe23648361,d9a0ffc7dc7a4932af41044c29c0c558,38d4ba33fce94499be34f32d245113ed,LiDAR,LIDAR_REAR,1706716790749957,True,samples,samples/LIDAR_REAR/LIDAR_REAR_1706716790749957.pcd
3f82a40bba5b42b298f22d8cc6a31f1d,2bb86f1a816c41d6ac274402246a24fc,38d4ba33fce94499be34f32d245113ed,LiDAR,LIDAR_REAR,1706716791250118,True,samples,samples/LIDAR_REAR/LIDAR_REAR_1706716791250118.pcd
5897f1890d3b435ba92c5587804587ee,d1a194be3c4d4ab3946f088897e0f578,38d4ba33fce94499be34f32d245113ed,LiDAR,LIDAR_REAR,1706716791750207,True,samples,samples/LIDAR_REAR/LIDAR_REAR_1706716791750207.pcd
0b8c0350eed24343aa152122cb3176b2,dfb9c2cee4824b6ea827e2cfac0dda0c,38d4ba33fce94499be34f32d245113ed,LiDAR,LIDAR_REAR,1706716792250218,True,samples,samples/LIDAR_REAR/LIDAR_REAR_1706716792250218.pcd
9aa90b4e46d441bb83c03641836d40e4,d6749e370cac44b5af7a04924435ff6b,38d4ba33fce94499be34f32d245113ed,LiDAR,LIDAR_REAR,1706716792750193,True,samples,samples/LIDAR_REAR/LIDAR_REAR_1706716792750193.pcd
6e9e64351fcf4b22a4f0cd2644350bbc,08a1174ca5f54446bf5e560929f47307,38d4ba33fce94499be34f32d245113ed,LiDAR,LIDAR_REAR,1706716793250128,True,samples,samples/LIDAR_REAR/LIDAR_REAR_1706716793250128.pcd
ddb4824adf114eaf9284760ab348bdd3,bab11f9d759141a1a62ff8bedf2f5815,38d4ba33fce94499be34f32d245113ed,LiDAR,LIDAR_REAR,1706716793750108,True,samples,samples/LIDAR_REAR/LIDAR_REAR_1706716793750108.pcd
4b6f02527a564bb3a44828a96e112e97,6b21f9f8d72a436f9c8fc5dc60657af6,38d4ba33fce94499be34f32d245113ed,LiDAR,LIDAR_REAR,1706716794250063,True,samples,samples/LIDAR_REAR/LIDAR_REAR_1706716794250063.pcd
70cec521b5624bc7ad381af2ead0279a,fa2acde00fe3439786ccd631c78fd641,38d4ba33fce94499be34f32d245113ed,LiDAR,LIDAR_TOP_FRONT,1706716774801291,True,samples,samples/LIDAR_TOP_FRONT/LIDAR_TOP_FRONT_1706716774801291.pcd
6e5394f40f9a4baaaa6d0bf33f47670b,6576cf45096c4d6f8a4f4d976e0e83b9,38d4ba33fce94499be34f32d245113ed,LiDAR,LIDAR_TOP_FRONT,1706716775300407,True,samples,samples/LIDAR_TOP_FRONT/LIDAR_TOP_FRONT_1706716775300407.pcd
2c9c06c779ac497a9a84a3f87a5fb26d,717a5295dd944f6f9b9edef6562b48e9,38d4ba33fce94499be34f32d245113ed,LiDAR,LIDAR_TOP_FRONT,1706716775800771,True,samples,samples/LIDAR_TOP_FRONT/LIDAR_TOP_FRONT_1706716775800771.pcd
cd73dd56763c4fe9bde4b4387832f228,1b5208835de344f3b2e9a3d138c0f164,38d4ba33fce94499be34f32d245113ed,LiDAR,LIDAR_TOP_FRONT,1706716776301073,True,samples,samples/LIDAR_TOP_FRONT/LIDAR_TOP_FRONT_1706716776301073.pcd
8a84af121b8d4feea851d710f01c767c,3452bee1bda54634bf9e197ca371bf97,38d4ba33fce94499be34f32d245113ed,LiDAR,LIDAR_TOP_FRONT,1706716776801482,True,samples,samples/LIDAR_TOP_FRONT/LIDAR_TOP_FRONT_1706716776801482.pcd
e5e2a1d4318744c689e0c84b97e0054b,ad06fdbd34fd4dd4b0f0ef8f8bd7ac68,38d4ba33fce94499be34f32d245113ed,LiDAR,LIDAR_TOP_FRONT,1706716777300999,True,samples,samples/LIDAR_TOP_FRONT/LIDAR_TOP_FRONT_1706716777300999.pcd
6b3f6f07ad714caeaeadd9b23d77ebe3,30f771e62a3a44f4975189ece9b83c26,38d4ba33fce94499be34f32d245113ed,LiDAR,LIDAR_TOP_FRONT,1706716777800859,True,samples,samples/LIDAR_TOP_FRONT/LIDAR_TOP_FRONT_1706716777800859.pcd
afddbb5584f6475f868c695b684dd156,5319f3d4f415475a82018472f7055951,38d4ba33fce94499be34f32d245113ed,LiDAR,LIDAR_TOP_FRONT,1706716778300859,True,samples,samples/LIDAR_TOP_FRONT/LIDAR_TOP_FRONT_1706716778300859.pcd
f9aefc23e03b44aaabe360d0e478b228,de5890acd09f4e34801b92e9e73369db,38d4ba33fce94499be34f32d245113ed,LiDAR,LIDAR_TOP_FRONT,1706716778800814,True,samples,samples/LIDAR_TOP_FRONT/LIDAR_TOP_FRONT_1706716778800814.pcd
6b63d3ff25d041a69962c551b3c068cf,fc1d4a5b3ab94addad4ee0e5ae6cc62f,38d4ba33fce94499be34f32d245113ed,LiDAR,LIDAR_TOP_FRONT,1706716779300842,True,samples,samples/LIDAR_TOP_FRONT/LIDAR_TOP_FRONT_1706716779300842.pcd
3b026f9612454d9e98709f1f9dbafeaa,0531b8003c4941c481d29ed1caa924f7,38d4ba33fce94499be34f32d245113ed,LiDAR,LIDAR_TOP_FRONT,1706716779800849,True,samples,samples/LIDAR_TOP_FRONT/LIDAR_TOP_FRONT_1706716779800849.pcd
0f0ff88b2a4147b993a17720881f57a2,69ed8f84bcd94a91b68a82957b623904,38d4ba33fce94499be34f32d245113ed,LiDAR,LIDAR_TOP_FRONT,1706716780300716,True,samples,samples/LIDAR_TOP_FRONT/LIDAR_TOP_FRONT_1706716780300716.pcd
db18625948684704ad68e843e87d5448,fc33e12c049840889efde7b2218b5c51,38d4ba33fce94499be34f32d245113ed,LiDAR,LIDAR_TOP_FRONT,1706716780800856,True,samples,samples/LIDAR_TOP_FRONT/LIDAR_TOP_FRONT_1706716780800856.pcd
2d95d0d6620d4240afad68d119a3e8bf,be75e2cea76844e0ac64bdf7ab68721b,38d4ba33fce94499be34f32d245113ed,LiDAR,LIDAR_TOP_FRONT,1706716781301196,True,samples,samples/LIDAR_TOP_FRONT/LIDAR_TOP_FRONT_1706716781301196.pcd
95c4d2c5f9ce438caa3651d6de6b5cf0,4e85946701964f37bb8990ffa14b1c4e,38d4ba33fce94499be34f32d245113ed,LiDAR,LIDAR_TOP_FRONT,1706716781801036,True,samples,samples/LIDAR_TOP_FRONT/LIDAR_TOP_FRONT_1706716781801036.pcd
f6968a5c4eff48ceb294f2d4689194e3,1de6a44eff4749f494dd0b6cb5c48e84,38d4ba33fce94499be34f32d245113ed,LiDAR,LIDAR_TOP_FRONT,1706716782301214,True,samples,samples/LIDAR_TOP_FRONT/LIDAR_TOP_FRONT_1706716782301214.pcd
7b0f2cb2d85c41d1890bb923d06e5a01,9c55592e36884436880465b77c75a2de,38d4ba33fce94499be34f32d245113ed,LiDAR,LIDAR_TOP_FRONT,1706716782801327,True,samples,samples/LIDAR_TOP_FRONT/LIDAR_TOP_FRONT_1706716782801327.pcd
1a9931f9750746919e87a75dadd78e46,77f8596f82c948efa5231a656b64a313,38d4ba33fce94499be34f32d245113ed,LiDAR,LIDAR_TOP_FRONT,1706716783301224,True,samples,samples/LIDAR_TOP_FRONT/LIDAR_TOP_FRONT_1706716783301224.pcd
54831f725b314f1dad6256efda14b8ea,9eefc874f88a490cba62967ad2ea68be,38d4ba33fce94499be34f32d245113ed,LiDAR,LIDAR_TOP_FRONT,1706716783801250,True,samples,samples/LIDAR_TOP_FRONT/LIDAR_TOP_FRONT_1706716783801250.pcd
f2cca577dd40449b8aa0baff0a0511dc,4403795d081d4150ab7174f19e8a2f0b,38d4ba33fce94499be34f32d245113ed,LiDAR,LIDAR_TOP_FRONT,1706716784301206,True,samples,samples/LIDAR_TOP_FRONT/LIDAR_TOP_FRONT_1706716784301206.pcd
c1f30302b0e14aeebf99d38cbd18d8d1,856048bc4191462888a39dde92751b25,38d4ba33fce94499be34f32d245113ed,LiDAR,LIDAR_TOP_FRONT,1706716784801136,True,samples,samples/LIDAR_TOP_FRONT/LIDAR_TOP_FRONT_1706716784801136.pcd
00f5e3f60ee1446fb42833fc3823900a,d9d945f2ecff47eaa09f9c2dd283a89d,38d4ba33fce94499be34f32d245113ed,LiDAR,LIDAR_TOP_FRONT,1706716785301437,True,samples,samples/LIDAR_TOP_FRONT/LIDAR_TOP_FRONT_1706716785301437.pcd
7e8e1776575d44cb8939737e707fa947,107022cffcc148f299350a9344f26f84,38d4ba33fce94499be34f32d245113ed,LiDAR,LIDAR_TOP_FRONT,1706716785801613,True,samples,samples/LIDAR_TOP_FRONT/LIDAR_TOP_FRONT_1706716785801613.pcd
d16e00b9a4714640a29c2dd0622e2ec4,200accc64ca644669f74bdc5749a52c2,38d4ba33fce94499be34f32d245113ed,LiDAR,LIDAR_TOP_FRONT,1706716786301140,True,samples,samples/LIDAR_TOP_FRONT/LIDAR_TOP_FRONT_1706716786301140.pcd
1b457ccf415f4a0f80054e94ed195c5c,5dd62b98623c4212947265c15294f822,38d4ba33fce94499be34f32d245113ed,LiDAR,LIDAR_TOP_FRONT,1706716786800871,True,samples,samples/LIDAR_TOP_FRONT/LIDAR_TOP_FRONT_1706716786800871.pcd
03b2a3aba85d41f4b6592110c8ff752d,67ea7a1a866d4942b2f389567d11272f,38d4ba33fce94499be34f32d245113ed,LiDAR,LIDAR_TOP_FRONT,1706716787300733,True,samples,samples/LIDAR_TOP_FRONT/LIDAR_TOP_FRONT_1706716787300733.pcd
ff1dad7f83cb4d118746a7caf8a4a9a6,34031c02dc804642aa6520be28ce39c0,38d4ba33fce94499be34f32d245113ed,LiDAR,LIDAR_TOP_FRONT,1706716787800739,True,samples,samples/LIDAR_TOP_FRONT/LIDAR_TOP_FRONT_1706716787800739.pcd
51a65b8392d04af583be6a662a82cf2b,ca174280df424acfacaab13a606faf99,38d4ba33fce94499be34f32d245113ed,LiDAR,LIDAR_TOP_FRONT,1706716788300746,True,samples,samples/LIDAR_TOP_FRONT/LIDAR_TOP_FRONT_1706716788300746.pcd
7803e708573d46bda2b88257acf89b52,d90d09439b8049c2967999fc4a8fd2a4,38d4ba33fce94499be34f32d245113ed,LiDAR,LIDAR_TOP_FRONT,1706716788801136,True,samples,samples/LIDAR_TOP_FRONT/LIDAR_TOP_FRONT_1706716788801136.pcd
d6c2bc7edb5743b390d59264dabb601d,f7ad54940a674f25be6c22317b0e3815,38d4ba33fce94499be34f32d245113ed,LiDAR,LIDAR_TOP_FRONT,1706716789300914,True,samples,samples/LIDAR_TOP_FRONT/LIDAR_TOP_FRONT_1706716789300914.pcd
5fbe145f1dfc48a685d2f99311755660,ecfeab9c4ce14cc0a2f94a111172f157,38d4ba33fce94499be34f32d245113ed,LiDAR,LIDAR_TOP_FRONT,1706716789801098,True,samples,samples/LIDAR_TOP_FRONT/LIDAR_TOP_FRONT_1706716789801098.pcd
39ad703f617a48d58323e7158a99b09b,4ada9cbed75249478210480ecae22937,38d4ba33fce94499be34f32d245113ed,LiDAR,LIDAR_TOP_FRONT,1706716790300737,True,samples,samples/LIDAR_TOP_FRONT/LIDAR_TOP_FRONT_1706716790300737.pcd
4bb3e5a4c5124a7c92ae33cbe4e5e1be,d9a0ffc7dc7a4932af41044c29c0c558,38d4ba33fce94499be34f32d245113ed,LiDAR,LIDAR_TOP_FRONT,1706716790800711,True,samples,samples/LIDAR_TOP_FRONT/LIDAR_TOP_FRONT_1706716790800711.pcd
644f8fe5a7144afa8eecbb34a881f24c,2bb86f1a816c41d6ac274402246a24fc,38d4ba33fce94499be34f32d245113ed,LiDAR,LIDAR_TOP_FRONT,1706716791301087,True,samples,samples/LIDAR_TOP_FRONT/LIDAR_TOP_FRONT_1706716791301087.pcd
aced5e99082b4b5bb4d0615f2542f463,d1a194be3c4d4ab3946f088897e0f578,38d4ba33fce94499be34f32d245113ed,LiDAR,LIDAR_TOP_FRONT,1706716791801195,True,samples,samples/LIDAR_TOP_FRONT/LIDAR_TOP_FRONT_1706716791801195.pcd
9aa4d3342405461ebf43b41ce0f44f80,dfb9c2cee4824b6ea827e2cfac0dda0c,38d4ba33fce94499be34f32d245113ed,LiDAR,LIDAR_TOP_FRONT,1706716792300847,True,samples,samples/LIDAR_TOP_FRONT/LIDAR_TOP_FRONT_1706716792300847.pcd
43d5bbb0d6e24ef599bd705c79dd955c,d6749e370cac44b5af7a04924435ff6b,38d4ba33fce94499be34f32d245113ed,LiDAR,LIDAR_TOP_FRONT,1706716792799831,True,samples,samples/LIDAR_TOP_FRONT/LIDAR_TOP_FRONT_1706716792799831.pcd
a84f1edfb9694bcca63b2feb13366589,08a1174ca5f54446bf5e560929f47307,38d4ba33fce94499be34f32d245113ed,LiDAR,LIDAR_TOP_FRONT,1706716793301092,True,samples,samples/LIDAR_TOP_FRONT/LIDAR_TOP_FRONT_1706716793301092.pcd
4561b03b4074458b9fada583c3c632c1,bab11f9d759141a1a62ff8bedf2f5815,38d4ba33fce94499be34f32d245113ed,LiDAR,LIDAR_TOP_FRONT,1706716793801058,True,samples,samples/LIDAR_TOP_FRONT/LIDAR_TOP_FRONT_1706716793801058.pcd
bd265ae1ccf1451db2c8650c09db4e6e,6b21f9f8d72a436f9c8fc5dc60657af6,38d4ba33fce94499be34f32d245113ed,LiDAR,LIDAR_TOP_FRONT,1706716794301246,True,samples,samples/LIDAR_TOP_FRONT/LIDAR_TOP_FRONT_1706716794301246.pcd
f1ed9a5bd9fb4aba92dcdee137638031,fa2acde00fe3439786ccd631c78fd641,38d4ba33fce94499be34f32d245113ed,LiDAR,LIDAR_TOP_LEFT,1706716774776234,True,samples,samples/LIDAR_TOP_LEFT/LIDAR_TOP_LEFT_1706716774776234.pcd
e8859d762af14e8883b36dde5b685929,6576cf45096c4d6f8a4f4d976e0e83b9,38d4ba33fce94499be34f32d245113ed,LiDAR,LIDAR_TOP_LEFT,1706716775275980,True,samples,samples/LIDAR_TOP_LEFT/LIDAR_TOP_LEFT_1706716775275980.pcd
8ec1b4e3ff5b4a0098691008e38cf033,717a5295dd944f6f9b9edef6562b48e9,38d4ba33fce94499be34f32d245113ed,LiDAR,LIDAR_TOP_LEFT,1706716775775927,True,samples,samples/LIDAR_TOP_LEFT/LIDAR_TOP_LEFT_1706716775775927.pcd
79affa65521d4c24b870acad68216ba8,1b5208835de344f3b2e9a3d138c0f164,38d4ba33fce94499be34f32d245113ed,LiDAR,LIDAR_TOP_LEFT,1706716776275868,True,samples,samples/LIDAR_TOP_LEFT/LIDAR_TOP_LEFT_1706716776275868.pcd
60d447e62df646d39494616936f5b11b,3452bee1bda54634bf9e197ca371bf97,38d4ba33fce94499be34f32d245113ed,LiDAR,LIDAR_TOP_LEFT,1706716776775835,True,samples,samples/LIDAR_TOP_LEFT/LIDAR_TOP_LEFT_1706716776775835.pcd
c8d1bc5339c34b11b32a53fb880116f4,ad06fdbd34fd4dd4b0f0ef8f8bd7ac68,38d4ba33fce94499be34f32d245113ed,LiDAR,LIDAR_TOP_LEFT,1706716777275975,True,samples,samples/LIDAR_TOP_LEFT/LIDAR_TOP_LEFT_1706716777275975.pcd
9344b1102e6643c5a96dc0db69cdd3e7,30f771e62a3a44f4975189ece9b83c26,38d4ba33fce94499be34f32d245113ed,LiDAR,LIDAR_TOP_LEFT,1706716777776154,True,samples,samples/LIDAR_TOP_LEFT/LIDAR_TOP_LEFT_1706716777776154.pcd
70a0d3eff5dd47b1a1a6a521adcddb0b,5319f3d4f415475a82018472f7055951,38d4ba33fce94499be34f32d245113ed,LiDAR,LIDAR_TOP_LEFT,1706716778276242,True,samples,samples/LIDAR_TOP_LEFT/LIDAR_TOP_LEFT_1706716778276242.pcd
0efea1c31ffb4b75930e31a515cfc5db,de5890acd09f4e34801b92e9e73369db,38d4ba33fce94499be34f32d245113ed,LiDAR,LIDAR_TOP_LEFT,1706716778776252,True,samples,samples/LIDAR_TOP_LEFT/LIDAR_TOP_LEFT_1706716778776252.pcd
935b0803ea3d40d59afb09863f8f2bb8,fc1d4a5b3ab94addad4ee0e5ae6cc62f,38d4ba33fce94499be34f32d245113ed,LiDAR,LIDAR_TOP_LEFT,1706716779276150,True,samples,samples/LIDAR_TOP_LEFT/LIDAR_TOP_LEFT_1706716779276150.pcd
ee60712d208945c9b132af2151e2c53b,0531b8003c4941c481d29ed1caa924f7,38d4ba33fce94499be34f32d245113ed,LiDAR,LIDAR_TOP_LEFT,1706716779775932,True,samples,samples/LIDAR_TOP_LEFT/LIDAR_TOP_LEFT_1706716779775932.pcd
6c7a5f5c2a984d06827ef0aa02d89c77,69ed8f84bcd94a91b68a82957b623904,38d4ba33fce94499be34f32d245113ed,LiDAR,LIDAR_TOP_LEFT,1706716780275850,True,samples,samples/LIDAR_TOP_LEFT/LIDAR_TOP_LEFT_1706716780275850.pcd
cf6bbf8a627a40a38c8362729a7412b6,fc33e12c049840889efde7b2218b5c51,38d4ba33fce94499be34f32d245113ed,LiDAR,LIDAR_TOP_LEFT,1706716780775762,True,samples,samples/LIDAR_TOP_LEFT/LIDAR_TOP_LEFT_1706716780775762.pcd
9bf1a68d7c324597baacfb344ed9705a,be75e2cea76844e0ac64bdf7ab68721b,38d4ba33fce94499be34f32d245113ed,LiDAR,LIDAR_TOP_LEFT,1706716781275773,True,samples,samples/LIDAR_TOP_LEFT/LIDAR_TOP_LEFT_1706716781275773.pcd
6ae3fa8ca7be48f68376f91de4fabd04,4e85946701964f37bb8990ffa14b1c4e,38d4ba33fce94499be34f32d245113ed,LiDAR,LIDAR_TOP_LEFT,1706716781775870,True,samples,samples/LIDAR_TOP_LEFT/LIDAR_TOP_LEFT_1706716781775870.pcd
885db2ff0111455c9c7b4f0a7a6da1c9,1de6a44eff4749f494dd0b6cb5c48e84,38d4ba33fce94499be34f32d245113ed,LiDAR,LIDAR_TOP_LEFT,1706716782275971,True,samples,samples/LIDAR_TOP_LEFT/LIDAR_TOP_LEFT_1706716782275971.pcd
8e57eca1e2e24e7ab7d658c350adb936,9c55592e36884436880465b77c75a2de,38d4ba33fce94499be34f32d245113ed,LiDAR,LIDAR_TOP_LEFT,1706716782776072,True,samples,samples/LIDAR_TOP_LEFT/LIDAR_TOP_LEFT_1706716782776072.pcd
3f9304115e7844acb9caa0f8f578858e,77f8596f82c948efa5231a656b64a313,38d4ba33fce94499be34f32d245113ed,LiDAR,LIDAR_TOP_LEFT,1706716783276275,True,samples,samples/LIDAR_TOP_LEFT/LIDAR_TOP_LEFT_1706716783276275.pcd
18fcc7f382eb4939b9e28741f5344514,9eefc874f88a490cba62967ad2ea68be,38d4ba33fce94499be34f32d245113ed,LiDAR,LIDAR_TOP_LEFT,1706716783776268,True,samples,samples/LIDAR_TOP_LEFT/LIDAR_TOP_LEFT_1706716783776268.pcd
1a5157adc1c14cd2a77010ca549781f1,4403795d081d4150ab7174f19e8a2f0b,38d4ba33fce94499be34f32d245113ed,LiDAR,LIDAR_TOP_LEFT,1706716784276169,True,samples,samples/LIDAR_TOP_LEFT/LIDAR_TOP_LEFT_1706716784276169.pcd
19e72a367a4a4379a19421b1d254cd22,856048bc4191462888a39dde92751b25,38d4ba33fce94499be34f32d245113ed,LiDAR,LIDAR_TOP_LEFT,1706716784776046,True,samples,samples/LIDAR_TOP_LEFT/LIDAR_TOP_LEFT_1706716784776046.pcd
3c14464c26a84c10a6ff4c84ce103c1a,d9d945f2ecff47eaa09f9c2dd283a89d,38d4ba33fce94499be34f32d245113ed,LiDAR,LIDAR_TOP_LEFT,1706716785275852,True,samples,samples/LIDAR_TOP_LEFT/LIDAR_TOP_LEFT_1706716785275852.pcd
f1a44e0fc32d45b19e02083d0dff8e13,107022cffcc148f299350a9344f26f84,38d4ba33fce94499be34f32d245113ed,LiDAR,LIDAR_TOP_LEFT,1706716785775887,True,samples,samples/LIDAR_TOP_LEFT/LIDAR_TOP_LEFT_1706716785775887.pcd
9ab2d0f72b6f440eb94c5838481ef5b9,200accc64ca644669f74bdc5749a52c2,38d4ba33fce94499be34f32d245113ed,LiDAR,LIDAR_TOP_LEFT,1706716786275842,True,samples,samples/LIDAR_TOP_LEFT/LIDAR_TOP_LEFT_1706716786275842.pcd
8f2082747444405f96bef182b03b345f,5dd62b98623c4212947265c15294f822,38d4ba33fce94499be34f32d245113ed,LiDAR,LIDAR_TOP_LEFT,1706716786776087,True,samples,samples/LIDAR_TOP_LEFT/LIDAR_TOP_LEFT_1706716786776087.pcd
f1b78d6a0a924bc5808b8ee596a87bb3,67ea7a1a866d4942b2f389567d11272f,38d4ba33fce94499be34f32d245113ed,LiDAR,LIDAR_TOP_LEFT,1706716787276264,True,samples,samples/LIDAR_TOP_LEFT/LIDAR_TOP_LEFT_1706716787276264.pcd
ec74195148e147c493a097dbe09b2a63,34031c02dc804642aa6520be28ce39c0,38d4ba33fce94499be34f32d245113ed,LiDAR,LIDAR_TOP_LEFT,1706716787776251,True,samples,samples/LIDAR_TOP_LEFT/LIDAR_TOP_LEFT_1706716787776251.pcd
871b851dd2524dac84fbdda72a185ef8,ca174280df424acfacaab13a606faf99,38d4ba33fce94499be34f32d245113ed,LiDAR,LIDAR_TOP_LEFT,1706716788276283,True,samples,samples/LIDAR_TOP_LEFT/LIDAR_TOP_LEFT_1706716788276283.pcd
936647bf1a2c4df68b1bd25e7bc67999,d90d09439b8049c2967999fc4a8fd2a4,38d4ba33fce94499be34f32d245113ed,LiDAR,LIDAR_TOP_LEFT,1706716788776213,True,samples,samples/LIDAR_TOP_LEFT/LIDAR_TOP_LEFT_1706716788776213.pcd
b7918471a8e64aa69bba6a125baff74b,f7ad54940a674f25be6c22317b0e3815,38d4ba33fce94499be34f32d245113ed,LiDAR,LIDAR_TOP_LEFT,1706716789276018,True,samples,samples/LIDAR_TOP_LEFT/LIDAR_TOP_LEFT_1706716789276018.pcd
610d0242797742a0b34869fbd9c2067b,ecfeab9c4ce14cc0a2f94a111172f157,38d4ba33fce94499be34f32d245113ed,LiDAR,LIDAR_TOP_LEFT,1706716789775924,True,samples,samples/LIDAR_TOP_LEFT/LIDAR_TOP_LEFT_1706716789775924.pcd
4f83d5a1830d405eb176a46ec8e5de7a,4ada9cbed75249478210480ecae22937,38d4ba33fce94499be34f32d245113ed,LiDAR,LIDAR_TOP_LEFT,1706716790275857,True,samples,samples/LIDAR_TOP_LEFT/LIDAR_TOP_LEFT_1706716790275857.pcd
67cb88048345473ebca2600e5c4d1eb3,d9a0ffc7dc7a4932af41044c29c0c558,38d4ba33fce94499be34f32d245113ed,LiDAR,LIDAR_TOP_LEFT,1706716790775812,True,samples,samples/LIDAR_TOP_LEFT/LIDAR_TOP_LEFT_1706716790775812.pcd
0ecbaadf507347ab98ab84dd1bb5b191,2bb86f1a816c41d6ac274402246a24fc,38d4ba33fce94499be34f32d245113ed,LiDAR,LIDAR_TOP_LEFT,1706716791275902,True,samples,samples/LIDAR_TOP_LEFT/LIDAR_TOP_LEFT_1706716791275902.pcd
64e8659bf44e47f5b84d419456bb066f,d1a194be3c4d4ab3946f088897e0f578,38d4ba33fce94499be34f32d245113ed,LiDAR,LIDAR_TOP_LEFT,1706716791776081,True,samples,samples/LIDAR_TOP_LEFT/LIDAR_TOP_LEFT_1706716791776081.pcd
3bfec76b18f948ceaeb4ce5053a0f6e5,dfb9c2cee4824b6ea827e2cfac0dda0c,38d4ba33fce94499be34f32d245113ed,LiDAR,LIDAR_TOP_LEFT,1706716792276317,True,samples,samples/LIDAR_TOP_LEFT/LIDAR_TOP_LEFT_1706716792276317.pcd
70ba64c3503c47d49e83aa31b0df50d2,d6749e370cac44b5af7a04924435ff6b,38d4ba33fce94499be34f32d245113ed,LiDAR,LIDAR_TOP_LEFT,1706716792776188,True,samples,samples/LIDAR_TOP_LEFT/LIDAR_TOP_LEFT_1706716792776188.pcd
46089fcbe17d474290f80316544d5814,08a1174ca5f54446bf5e560929f47307,38d4ba33fce94499be34f32d245113ed,LiDAR,LIDAR_TOP_LEFT,1706716793276237,True,samples,samples/LIDAR_TOP_LEFT/LIDAR_TOP_LEFT_1706716793276237.pcd
a6bfbc0c0f514087850397656f4c0b1c,bab11f9d759141a1a62ff8bedf2f5815,38d4ba33fce94499be34f32d245113ed,LiDAR,LIDAR_TOP_LEFT,1706716793776185,True,samples,samples/LIDAR_TOP_LEFT/LIDAR_TOP_LEFT_1706716793776185.pcd
8f76b17cf49d4f22ad6d51d35e862de5,6b21f9f8d72a436f9c8fc5dc60657af6,38d4ba33fce94499be34f32d245113ed,LiDAR,LIDAR_TOP_LEFT,1706716794275976,True,samples,samples/LIDAR_TOP_LEFT/LIDAR_TOP_LEFT_1706716794275976.pcd
a095e3882da74a8a84835d1522551e69,fa2acde00fe3439786ccd631c78fd641,38d4ba33fce94499be34f32d245113ed,LiDAR,LIDAR_TOP_RIGHT,1706716774825893,True,samples,samples/LIDAR_TOP_RIGHT/LIDAR_TOP_RIGHT_1706716774825893.pcd
3d127fd88fca400aaf82341886508337,6576cf45096c4d6f8a4f4d976e0e83b9,38d4ba33fce94499be34f32d245113ed,LiDAR,LIDAR_TOP_RIGHT,1706716775325942,True,samples,samples/LIDAR_TOP_RIGHT/LIDAR_TOP_RIGHT_1706716775325942.pcd
51fa72f0efd34ea1b749a8b96b717ffc,717a5295dd944f6f9b9edef6562b48e9,38d4ba33fce94499be34f32d245113ed,LiDAR,LIDAR_TOP_RIGHT,1706716775826186,True,samples,samples/LIDAR_TOP_RIGHT/LIDAR_TOP_RIGHT_1706716775826186.pcd
de4f8c836e8946aea345fe6ff808be89,1b5208835de344f3b2e9a3d138c0f164,38d4ba33fce94499be34f32d245113ed,LiDAR,LIDAR_TOP_RIGHT,1706716776326198,True,samples,samples/LIDAR_TOP_RIGHT/LIDAR_TOP_RIGHT_1706716776326198.pcd
3ac23b5738f440d0becec1ad1669711c,3452bee1bda54634bf9e197ca371bf97,38d4ba33fce94499be34f32d245113ed,LiDAR,LIDAR_TOP_RIGHT,1706716776826021,True,samples,samples/LIDAR_TOP_RIGHT/LIDAR_TOP_RIGHT_1706716776826021.pcd
95dec2cda9d749289b55e0b135837dc1,ad06fdbd34fd4dd4b0f0ef8f8bd7ac68,38d4ba33fce94499be34f32d245113ed,LiDAR,LIDAR_TOP_RIGHT,1706716777326327,True,samples,samples/LIDAR_TOP_RIGHT/LIDAR_TOP_RIGHT_1706716777326327.pcd
136ba7a64e3147169d4c8c401a6e1b77,30f771e62a3a44f4975189ece9b83c26,38d4ba33fce94499be34f32d245113ed,LiDAR,LIDAR_TOP_RIGHT,1706716777826456,True,samples,samples/LIDAR_TOP_RIGHT/LIDAR_TOP_RIGHT_1706716777826456.pcd
2be9be57baf34eb8b2c4d662a4c8e1ca,5319f3d4f415475a82018472f7055951,38d4ba33fce94499be34f32d245113ed,LiDAR,LIDAR_TOP_RIGHT,1706716778326158,True,samples,samples/LIDAR_TOP_RIGHT/LIDAR_TOP_RIGHT_1706716778326158.pcd
f2d0052c44ff4cc787a7756f6467ca30,de5890acd09f4e34801b92e9e73369db,38d4ba33fce94499be34f32d245113ed,LiDAR,LIDAR_TOP_RIGHT,1706716778826215,True,samples,samples/LIDAR_TOP_RIGHT/LIDAR_TOP_RIGHT_1706716778826215.pcd
1ddddd9a7cbe4922896ae652490f179d,fc1d4a5b3ab94addad4ee0e5ae6cc62f,38d4ba33fce94499be34f32d245113ed,LiDAR,LIDAR_TOP_RIGHT,1706716779326058,True,samples,samples/LIDAR_TOP_RIGHT/LIDAR_TOP_RIGHT_1706716779326058.pcd
79e140d1e49c4fdc97f77cfd233b0db9,0531b8003c4941c481d29ed1caa924f7,38d4ba33fce94499be34f32d245113ed,LiDAR,LIDAR_TOP_RIGHT,1706716779825861,True,samples,samples/LIDAR_TOP_RIGHT/LIDAR_TOP_RIGHT_1706716779825861.pcd
e2c98e77bcf74aa6bbc60e9a1d114255,69ed8f84bcd94a91b68a82957b623904,38d4ba33fce94499be34f32d245113ed,LiDAR,LIDAR_TOP_RIGHT,1706716780326006,True,samples,samples/LIDAR_TOP_RIGHT/LIDAR_TOP_RIGHT_1706716780326006.pcd
76a61c1c2152410e973addaca7e0047d,fc33e12c049840889efde7b2218b5c51,38d4ba33fce94499be34f32d245113ed,LiDAR,LIDAR_TOP_RIGHT,1706716780825894,True,samples,samples/LIDAR_TOP_RIGHT/LIDAR_TOP_RIGHT_1706716780825894.pcd
f49a4f60aae541188a94ab7da3c07568,be75e2cea76844e0ac64bdf7ab68721b,38d4ba33fce94499be34f32d245113ed,LiDAR,LIDAR_TOP_RIGHT,1706716781326304,True,samples,samples/LIDAR_TOP_RIGHT/LIDAR_TOP_RIGHT_1706716781326304.pcd
a108922f098d471ea4065abd0d3037dd,4e85946701964f37bb8990ffa14b1c4e,38d4ba33fce94499be34f32d245113ed,LiDAR,LIDAR_TOP_RIGHT,1706716781826339,True,samples,samples/LIDAR_TOP_RIGHT/LIDAR_TOP_RIGHT_1706716781826339.pcd
635d7f984d5e4c9db6d35f486a097231,1de6a44eff4749f494dd0b6cb5c48e84,38d4ba33fce94499be34f32d245113ed,LiDAR,LIDAR_TOP_RIGHT,1706716782326396,True,samples,samples/LIDAR_TOP_RIGHT/LIDAR_TOP_RIGHT_1706716782326396.pcd
cec48f5c96e546bb98c84b91150a8cd0,9c55592e36884436880465b77c75a2de,38d4ba33fce94499be34f32d245113ed,LiDAR,LIDAR_TOP_RIGHT,1706716782826490,True,samples,samples/LIDAR_TOP_RIGHT/LIDAR_TOP_RIGHT_1706716782826490.pcd
18103f8c179f4a03a450624cefef1839,77f8596f82c948efa5231a656b64a313,38d4ba33fce94499be34f32d245113ed,LiDAR,LIDAR_TOP_RIGHT,1706716783326328,True,samples,samples/LIDAR_TOP_RIGHT/LIDAR_TOP_RIGHT_1706716783326328.pcd
2cf72ea42d6b4e99ba445f676a15f610,9eefc874f88a490cba62967ad2ea68be,38d4ba33fce94499be34f32d245113ed,LiDAR,LIDAR_TOP_RIGHT,1706716783826259,True,samples,samples/LIDAR_TOP_RIGHT/LIDAR_TOP_RIGHT_1706716783826259.pcd
8665926e1e724533ae0ac2bc51ba7739,4403795d081d4150ab7174f19e8a2f0b,38d4ba33fce94499be34f32d245113ed,LiDAR,LIDAR_TOP_RIGHT,1706716784326208,True,samples,samples/LIDAR_TOP_RIGHT/LIDAR_TOP_RIGHT_1706716784326208.pcd
de5c3202a15d4d749a7bb6a46709a924,856048bc4191462888a39dde92751b25,38d4ba33fce94499be34f32d245113ed,LiDAR,LIDAR_TOP_RIGHT,1706716784826156,True,samples,samples/LIDAR_TOP_RIGHT/LIDAR_TOP_RIGHT_1706716784826156.pcd
8c216695522647768c20763127268616,d9d945f2ecff47eaa09f9c2dd283a89d,38d4ba33fce94499be34f32d245113ed,LiDAR,LIDAR_TOP_RIGHT,1706716785325968,True,samples,samples/LIDAR_TOP_RIGHT/LIDAR_TOP_RIGHT_1706716785325968.pcd
c3ed3cb7b23248d8b26ff6f1d5980f0c,107022cffcc148f299350a9344f26f84,38d4ba33fce94499be34f32d245113ed,LiDAR,LIDAR_TOP_RIGHT,1706716785825871,True,samples,samples/LIDAR_TOP_RIGHT/LIDAR_TOP_RIGHT_1706716785825871.pcd
4376e7ca97054e908702893dd1aa86c3,200accc64ca644669f74bdc5749a52c2,38d4ba33fce94499be34f32d245113ed,LiDAR,LIDAR_TOP_RIGHT,1706716786325736,True,samples,samples/LIDAR_TOP_RIGHT/LIDAR_TOP_RIGHT_1706716786325736.pcd
ca87913add4340b88ac33418c53c75a3,5dd62b98623c4212947265c15294f822,38d4ba33fce94499be34f32d245113ed,LiDAR,LIDAR_TOP_RIGHT,1706716786825979,True,samples,samples/LIDAR_TOP_RIGHT/LIDAR_TOP_RIGHT_1706716786825979.pcd
9ae1027d3327439496b58dbe72ced64e,67ea7a1a866d4942b2f389567d11272f,38d4ba33fce94499be34f32d245113ed,LiDAR,LIDAR_TOP_RIGHT,1706716787326252,True,samples,samples/LIDAR_TOP_RIGHT/LIDAR_TOP_RIGHT_1706716787326252.pcd
d104b2c463674403b2e429acc7ccc168,34031c02dc804642aa6520be28ce39c0,38d4ba33fce94499be34f32d245113ed,LiDAR,LIDAR_TOP_RIGHT,1706716787826020,True,samples,samples/LIDAR_TOP_RIGHT/LIDAR_TOP_RIGHT_1706716787826020.pcd
b1cbbaa8baf24d88bec1fdbf04622572,ca174280df424acfacaab13a606faf99,38d4ba33fce94499be34f32d245113ed,LiDAR,LIDAR_TOP_RIGHT,1706716788325945,True,samples,samples/LIDAR_TOP_RIGHT/LIDAR_TOP_RIGHT_1706716788325945.pcd
bbbad1a88a774fbaadc6dda3151797a9,d90d09439b8049c2967999fc4a8fd2a4,38d4ba33fce94499be34f32d245113ed,LiDAR,LIDAR_TOP_RIGHT,1706716788826025,True,samples,samples/LIDAR_TOP_RIGHT/LIDAR_TOP_RIGHT_1706716788826025.pcd
826d41325de94de1bc09a73775eb53ec,f7ad54940a674f25be6c22317b0e3815,38d4ba33fce94499be34f32d245113ed,LiDAR,LIDAR_TOP_RIGHT,1706716789326288,True,samples,samples/LIDAR_TOP_RIGHT/LIDAR_TOP_RIGHT_1706716789326288.pcd
c2734f68813a43bcbdb2ecb48f648aae,ecfeab9c4ce14cc0a2f94a111172f157,38d4ba33fce94499be34f32d245113ed,LiDAR,LIDAR_TOP_RIGHT,1706716789826176,True,samples,samples/LIDAR_TOP_RIGHT/LIDAR_TOP_RIGHT_1706716789826176.pcd
5f6efece4d874fc6a945300057564b6a,4ada9cbed75249478210480ecae22937,38d4ba33fce94499be34f32d245113ed,LiDAR,LIDAR_TOP_RIGHT,1706716790326299,True,samples,samples/LIDAR_TOP_RIGHT/LIDAR_TOP_RIGHT_1706716790326299.pcd
7151460f5678490f8fd190ec9c665eac,d9a0ffc7dc7a4932af41044c29c0c558,38d4ba33fce94499be34f32d245113ed,LiDAR,LIDAR_TOP_RIGHT,1706716790826196,True,samples,samples/LIDAR_TOP_RIGHT/LIDAR_TOP_RIGHT_1706716790826196.pcd
5268cd82f1f64b7d9d5f5f7415a9ce26,2bb86f1a816c41d6ac274402246a24fc,38d4ba33fce94499be34f32d245113ed,LiDAR,LIDAR_TOP_RIGHT,1706716791326181,True,samples,samples/LIDAR_TOP_RIGHT/LIDAR_TOP_RIGHT_1706716791326181.pcd
3ec5fae07f5a4eaf815e06fecf74ddb8,d1a194be3c4d4ab3946f088897e0f578,38d4ba33fce94499be34f32d245113ed,LiDAR,LIDAR_TOP_RIGHT,1706716791825784,True,samples,samples/LIDAR_TOP_RIGHT/LIDAR_TOP_RIGHT_1706716791825784.pcd
b66a1aa985d1400da9421933c16f2e3a,dfb9c2cee4824b6ea827e2cfac0dda0c,38d4ba33fce94499be34f32d245113ed,LiDAR,LIDAR_TOP_RIGHT,1706716792325873,True,samples,samples/LIDAR_TOP_RIGHT/LIDAR_TOP_RIGHT_1706716792325873.pcd
a117d438f6894a48b98fbb7f10b996a6,d6749e370cac44b5af7a04924435ff6b,38d4ba33fce94499be34f32d245113ed,LiDAR,LIDAR_TOP_RIGHT,1706716792826100,True,samples,samples/LIDAR_TOP_RIGHT/LIDAR_TOP_RIGHT_1706716792826100.pcd
c20310dd0dcc4f5ba5ac9a6f03294b07,08a1174ca5f54446bf5e560929f47307,38d4ba33fce94499be34f32d245113ed,LiDAR,LIDAR_TOP_RIGHT,1706716793326193,True,samples,samples/LIDAR_TOP_RIGHT/LIDAR_TOP_RIGHT_1706716793326193.pcd
56184803eae04cdd9baa05ee2afa6098,bab11f9d759141a1a62ff8bedf2f5815,38d4ba33fce94499be34f32d245113ed,LiDAR,LIDAR_TOP_RIGHT,1706716793826317,True,samples,samples/LIDAR_TOP_RIGHT/LIDAR_TOP_RIGHT_1706716793826317.pcd
7a479e50e41d4f22befff52cf039c60e,6b21f9f8d72a436f9c8fc5dc60657af6,38d4ba33fce94499be34f32d245113ed,LiDAR,LIDAR_TOP_RIGHT,1706716794326247,True,samples,samples/LIDAR_TOP_RIGHT/LIDAR_TOP_RIGHT_1706716794326247.pcd
7c86570656434ac0ba81d672b4084927,9d75f3c77f384353b5477c981fb46011,d0b02e67e97a435192bf43f7bb0f902c,LiDAR,LIDAR_LEFT,1701174170487536,True,samples,samples/LIDAR_LEFT/LIDAR_LEFT_1701174170487536.pcd
c5e4a928494e40cfab643aba493f8900,d61070d1f0eb4ebdbf6a3082758cfd57,d0b02e67e97a435192bf43f7bb0f902c,LiDAR,LIDAR_LEFT,1701174170987320,True,samples,samples/LIDAR_LEFT/LIDAR_LEFT_1701174170987320.pcd
d79e15be7a8f420c96afac95bfcb90a3,74315069a83c4013bcacf251d9928fe1,d0b02e67e97a435192bf43f7bb0f902c,LiDAR,LIDAR_LEFT,1701174171487751,True,samples,samples/LIDAR_LEFT/LIDAR_LEFT_1701174171487751.pcd
0c1ab6a740584713a7c16cdaf4b518a1,46e9fde57b0845da94c549c832796659,d0b02e67e97a435192bf43f7bb0f902c,LiDAR,LIDAR_LEFT,1701174171987700,True,samples,samples/LIDAR_LEFT/LIDAR_LEFT_1701174171987700.pcd
550d3d2fc5ff4f55b118b2d2eb505396,5e7ef242185a4143814462c9fcf614c0,d0b02e67e97a435192bf43f7bb0f902c,LiDAR,LIDAR_LEFT,1701174172487310,True,samples,samples/LIDAR_LEFT/LIDAR_LEFT_1701174172487310.pcd
56d08d5d1795488d897d272330836df2,58813f71db1447779ee3edc3fced1b68,d0b02e67e97a435192bf43f7bb0f902c,LiDAR,LIDAR_LEFT,1701174172987355,True,samples,samples/LIDAR_LEFT/LIDAR_LEFT_1701174172987355.pcd
a8be3a69b7de4fbaabc71bfd2104017e,8fead37877da4451b2cb3fc28c0a2df9,d0b02e67e97a435192bf43f7bb0f902c,LiDAR,LIDAR_LEFT,1701174173487684,True,samples,samples/LIDAR_LEFT/LIDAR_LEFT_1701174173487684.pcd
fcebda65a9fd4ef3b6b85127659d52ff,6eaa78ca11614526ae026ae75686c69e,d0b02e67e97a435192bf43f7bb0f902c,LiDAR,LIDAR_LEFT,1701174173987686,True,samples,samples/LIDAR_LEFT/LIDAR_LEFT_1701174173987686.pcd
d0084040e23845f89513b14bd1f7fbd1,dc80f86d4864439d98edf0612e4892dc,d0b02e67e97a435192bf43f7bb0f902c,LiDAR,LIDAR_LEFT,1701174174487343,True,samples,samples/LIDAR_LEFT/LIDAR_LEFT_1701174174487343.pcd
c3d6365009d3453baed9732f8a50dfa8,4d89463ec72c4a1a81f6d023b979b265,d0b02e67e97a435192bf43f7bb0f902c,LiDAR,LIDAR_LEFT,1701174174987400,True,samples,samples/LIDAR_LEFT/LIDAR_LEFT_1701174174987400.pcd
0612a938c5e04d0b902ea03ef169b5ab,5491f8939d344ac58185f2a7c73d86d7,d0b02e67e97a435192bf43f7bb0f902c,LiDAR,LIDAR_LEFT,1701174175487769,True,samples,samples/LIDAR_LEFT/LIDAR_LEFT_1701174175487769.pcd
9f0f5e92077b4570b4112b0eca83b291,a87217a4529f494e9da56915badf6a85,d0b02e67e97a435192bf43f7bb0f902c,LiDAR,LIDAR_LEFT,1701174175987734,True,samples,samples/LIDAR_LEFT/LIDAR_LEFT_1701174175987734.pcd
4184699ad60342f5ab078f6664fa20bf,18049a9e579045b0bffd3fd107fc7ee7,d0b02e67e97a435192bf43f7bb0f902c,LiDAR,LIDAR_LEFT,1701174176487310,True,samples,samples/LIDAR_LEFT/LIDAR_LEFT_1701174176487310.pcd
98542a5b11bf475bac0f0ac11def77c7,eb1934dd31474c05868325b6c31fc2df,d0b02e67e97a435192bf43f7bb0f902c,LiDAR,LIDAR_LEFT,1701174176986777,True,samples,samples/LIDAR_LEFT/LIDAR_LEFT_1701174176986777.pcd
4ef9aad588334b678e2a9d2bb7e8314f,1e4312d50f3f432e95142cfe773af936,d0b02e67e97a435192bf43f7bb0f902c,LiDAR,LIDAR_LEFT,1701174177486848,True,samples,samples/LIDAR_LEFT/LIDAR_LEFT_1701174177486848.pcd
d2fa0ca4b13d446f87f4d01395d06918,890b47ea4045423a9b0ca56f584c1aee,d0b02e67e97a435192bf43f7bb0f902c,LiDAR,LIDAR_LEFT,1701174177987595,True,samples,samples/LIDAR_LEFT/LIDAR_LEFT_1701174177987595.pcd
b4a2f34a1e834585831912d4752f2d98,960323dc7d534ab5aa9280808a29f280,d0b02e67e97a435192bf43f7bb0f902c,LiDAR,LIDAR_LEFT,1701174178487946,True,samples,samples/LIDAR_LEFT/LIDAR_LEFT_1701174178487946.pcd
8e59ea2877614c439cc7a793bcc85bbc,e4615d6d7e5b4d8989a3bed70a3f8aba,d0b02e67e97a435192bf43f7bb0f902c,LiDAR,LIDAR_LEFT,1701174178988186,True,samples,samples/LIDAR_LEFT/LIDAR_LEFT_1701174178988186.pcd
aa9985b7e08749edaa3ff5043f993396,b512ae4bb98c4adcb570163a783ba1b1,d0b02e67e97a435192bf43f7bb0f902c,LiDAR,LIDAR_LEFT,1701174179488036,True,samples,samples/LIDAR_LEFT/LIDAR_LEFT_1701174179488036.pcd
b01b7b9761f44418a7a8d2986ffa6108,5506016eb8744666a78cdf74299839bb,d0b02e67e97a435192bf43f7bb0f902c,LiDAR,LIDAR_LEFT,1701174179987477,True,samples,samples/LIDAR_LEFT/LIDAR_LEFT_1701174179987477.pcd
d51b55d8ea6d4c69bf377cb13b3a2849,05dd1b152df640e5bb7b915f5758b739,d0b02e67e97a435192bf43f7bb0f902c,LiDAR,LIDAR_LEFT,1701174180487161,True,samples,samples/LIDAR_LEFT/LIDAR_LEFT_1701174180487161.pcd
192333e63a914fe6a4b77f97cc514768,42d984d09e10442096c330abcaaa16b8,d0b02e67e97a435192bf43f7bb0f902c,LiDAR,LIDAR_LEFT,1701174180986874,True,samples,samples/LIDAR_LEFT/LIDAR_LEFT_1701174180986874.pcd
829ff1884db4446691c8893b9a36c4a2,820da4bfc83143079d6444793dea903a,d0b02e67e97a435192bf43f7bb0f902c,LiDAR,LIDAR_LEFT,1701174181486977,True,samples,samples/LIDAR_LEFT/LIDAR_LEFT_1701174181486977.pcd
433f5a0d34324e0885d1636a3d389471,e261df7d29c84cde8d408c5571ae44a5,d0b02e67e97a435192bf43f7bb0f902c,LiDAR,LIDAR_LEFT,1701174181987637,True,samples,samples/LIDAR_LEFT/LIDAR_LEFT_1701174181987637.pcd
d6c68634e6dd48f69c8ed9596976db38,cf11812a2090490bb96be72aa701cd97,d0b02e67e97a435192bf43f7bb0f902c,LiDAR,LIDAR_LEFT,1701174182487666,True,samples,samples/LIDAR_LEFT/LIDAR_LEFT_1701174182487666.pcd
a3f56b68b2c345088778a5f7582aba65,8632c70a010c410ea60e0e03c605659a,d0b02e67e97a435192bf43f7bb0f902c,LiDAR,LIDAR_LEFT,1701174182987311,True,samples,samples/LIDAR_LEFT/LIDAR_LEFT_1701174182987311.pcd
4655f1d39cd7487686f57ed6c1d30832,2a75e8b11a3b4e64bbea3de7c0886379,d0b02e67e97a435192bf43f7bb0f902c,LiDAR,LIDAR_LEFT,1701174183487442,True,samples,samples/LIDAR_LEFT/LIDAR_LEFT_1701174183487442.pcd
378bab4c6e6744b198297607f9595824,2f54f880546c4537b1562888bef4a710,d0b02e67e97a435192bf43f7bb0f902c,LiDAR,LIDAR_LEFT,1701174183987825,True,samples,samples/LIDAR_LEFT/LIDAR_LEFT_1701174183987825.pcd
374c3fa8d9d5423eb51cd3d102ae5c81,e59952ad704f4cb58c01f74e21c6251c,d0b02e67e97a435192bf43f7bb0f902c,LiDAR,LIDAR_LEFT,1701174184487649,True,samples,samples/LIDAR_LEFT/LIDAR_LEFT_1701174184487649.pcd
746f0124d7a14827927b61083ae395b1,ecac575c0ef94854bd31474102fc7bdd,d0b02e67e97a435192bf43f7bb0f902c,LiDAR,LIDAR_LEFT,1701174184987312,True,samples,samples/LIDAR_LEFT/LIDAR_LEFT_1701174184987312.pcd
bf23926c879b4255ab763b4890f9f69a,ae92726ca1c7497b8d312122603399ec,d0b02e67e97a435192bf43f7bb0f902c,LiDAR,LIDAR_LEFT,1701174185487527,True,samples,samples/LIDAR_LEFT/LIDAR_LEFT_1701174185487527.pcd
41d7b4eedd76480aa98a045b34cd6780,22f971faaa804e60a46de1b33b76167c,d0b02e67e97a435192bf43f7bb0f902c,LiDAR,LIDAR_LEFT,1701174185987781,True,samples,samples/LIDAR_LEFT/LIDAR_LEFT_1701174185987781.pcd
0eaee39d8a3b46d78b3c73bd5291451e,31f10293e9214bcda362d7d968b80297,d0b02e67e97a435192bf43f7bb0f902c,LiDAR,LIDAR_LEFT,1701174186487515,True,samples,samples/LIDAR_LEFT/LIDAR_LEFT_1701174186487515.pcd
89af6d688f254bc3a735c96f66db3b1b,f5db1031dd334e8c8eb03bedf91c5bba,d0b02e67e97a435192bf43f7bb0f902c,LiDAR,LIDAR_LEFT,1701174186987339,True,samples,samples/LIDAR_LEFT/LIDAR_LEFT_1701174186987339.pcd
e632516316af420e8edb2f7b37064269,f30cc75a84fd4777b255f7d540c150d6,d0b02e67e97a435192bf43f7bb0f902c,LiDAR,LIDAR_LEFT,1701174187487643,True,samples,samples/LIDAR_LEFT/LIDAR_LEFT_1701174187487643.pcd
a0a340e02a384772b34062cd0b698037,ac4e4e1e38fc42f69e1a1b91086ce77a,d0b02e67e97a435192bf43f7bb0f902c,LiDAR,LIDAR_LEFT,1701174187987739,True,samples,samples/LIDAR_LEFT/LIDAR_LEFT_1701174187987739.pcd
ce4908df66d5487bb56b94481bbb1231,5ab589390a0f4fc9a6e5acd152aea650,d0b02e67e97a435192bf43f7bb0f902c,LiDAR,LIDAR_LEFT,1701174188487351,True,samples,samples/LIDAR_LEFT/LIDAR_LEFT_1701174188487351.pcd
be1aaa2fa7ce4ef589580c063c3547fa,f03439e032294f6989ef7d6d91b32101,d0b02e67e97a435192bf43f7bb0f902c,LiDAR,LIDAR_LEFT,1701174188987302,True,samples,samples/LIDAR_LEFT/LIDAR_LEFT_1701174188987302.pcd
5a8a5b89f7744cbcb1d8550b1bea45f3,80bf2114c8b94da1b824ade14128ea7a,d0b02e67e97a435192bf43f7bb0f902c,LiDAR,LIDAR_LEFT,1701174189487725,True,samples,samples/LIDAR_LEFT/LIDAR_LEFT_1701174189487725.pcd
07d8852c5a52482e80dea969bd994ffc,abc3a19f07de4554ac44b788cce7315b,d0b02e67e97a435192bf43f7bb0f902c,LiDAR,LIDAR_LEFT,1701174189988221,True,samples,samples/LIDAR_LEFT/LIDAR_LEFT_1701174189988221.pcd
3731fe99f3b84b66bb5eeca57149b624,9d75f3c77f384353b5477c981fb46011,d0b02e67e97a435192bf43f7bb0f902c,LiDAR,LIDAR_RIGHT,1701174170512718,True,samples,samples/LIDAR_RIGHT/LIDAR_RIGHT_1701174170512718.pcd
f102262c41d64ee6bea567dd157de8d2,d61070d1f0eb4ebdbf6a3082758cfd57,d0b02e67e97a435192bf43f7bb0f902c,LiDAR,LIDAR_RIGHT,1701174171012647,True,samples,samples/LIDAR_RIGHT/LIDAR_RIGHT_1701174171012647.pcd
446ad3a4ffc845e4bdb58223719187d2,74315069a83c4013bcacf251d9928fe1,d0b02e67e97a435192bf43f7bb0f902c,LiDAR,LIDAR_RIGHT,1701174171512366,True,samples,samples/LIDAR_RIGHT/LIDAR_RIGHT_1701174171512366.pcd
ff007661288843adbc0e88676a828edb,46e9fde57b0845da94c549c832796659,d0b02e67e97a435192bf43f7bb0f902c,LiDAR,LIDAR_RIGHT,1701174172012685,True,samples,samples/LIDAR_RIGHT/LIDAR_RIGHT_1701174172012685.pcd
a0422d35ef7a409ab138203713b02f7d,5e7ef242185a4143814462c9fcf614c0,d0b02e67e97a435192bf43f7bb0f902c,LiDAR,LIDAR_RIGHT,1701174172512625,True,samples,samples/LIDAR_RIGHT/LIDAR_RIGHT_1701174172512625.pcd
4a0c2d5ebfe04e3c8a6b92a02cce5999,58813f71db1447779ee3edc3fced1b68,d0b02e67e97a435192bf43f7bb0f902c,LiDAR,LIDAR_RIGHT,1701174173012429,True,samples,samples/LIDAR_RIGHT/LIDAR_RIGHT_1701174173012429.pcd
a42bc3fff8f04ebcbbe31cbec34bd914,8fead37877da4451b2cb3fc28c0a2df9,d0b02e67e97a435192bf43f7bb0f902c,LiDAR,LIDAR_RIGHT,1701174173512819,True,samples,samples/LIDAR_RIGHT/LIDAR_RIGHT_1701174173512819.pcd
59df9947fcbf4ac29c5fded7f1b7bfed,6eaa78ca11614526ae026ae75686c69e,d0b02e67e97a435192bf43f7bb0f902c,LiDAR,LIDAR_RIGHT,1701174174012473,True,samples,samples/LIDAR_RIGHT/LIDAR_RIGHT_1701174174012473.pcd
2a1b85684e99444790ca57370eee2471,dc80f86d4864439d98edf0612e4892dc,d0b02e67e97a435192bf43f7bb0f902c,LiDAR,LIDAR_RIGHT,1701174174512397,True,samples,samples/LIDAR_RIGHT/LIDAR_RIGHT_1701174174512397.pcd
a6edc11cbe564ab4be637174b290e63d,4d89463ec72c4a1a81f6d023b979b265,d0b02e67e97a435192bf43f7bb0f902c,LiDAR,LIDAR_RIGHT,1701174175012828,True,samples,samples/LIDAR_RIGHT/LIDAR_RIGHT_1701174175012828.pcd
c3e88471bbd94ffc871fc6658d4a9421,5491f8939d344ac58185f2a7c73d86d7,d0b02e67e97a435192bf43f7bb0f902c,LiDAR,LIDAR_RIGHT,1701174175512594,True,samples,samples/LIDAR_RIGHT/LIDAR_RIGHT_1701174175512594.pcd
e76530b76035497d94bacd30803e685a,a87217a4529f494e9da56915badf6a85,d0b02e67e97a435192bf43f7bb0f902c,LiDAR,LIDAR_RIGHT,1701174176012316,True,samples,samples/LIDAR_RIGHT/LIDAR_RIGHT_1701174176012316.pcd
84345dbd2dfc4ba78e2d242f0f853653,18049a9e579045b0bffd3fd107fc7ee7,d0b02e67e97a435192bf43f7bb0f902c,LiDAR,LIDAR_RIGHT,1701174176512466,True,samples,samples/LIDAR_RIGHT/LIDAR_RIGHT_1701174176512466.pcd
3efde678795346bba0cbf19593f1ab73,eb1934dd31474c05868325b6c31fc2df,d0b02e67e97a435192bf43f7bb0f902c,LiDAR,LIDAR_RIGHT,1701174177012782,True,samples,samples/LIDAR_RIGHT/LIDAR_RIGHT_1701174177012782.pcd
2e17e5dfc79145a3ad26c5429bb79a4d,1e4312d50f3f432e95142cfe773af936,d0b02e67e97a435192bf43f7bb0f902c,LiDAR,LIDAR_RIGHT,1701174177512261,True,samples,samples/LIDAR_RIGHT/LIDAR_RIGHT_1701174177512261.pcd
e94b9a7324f542259a352f2026d83f3c,890b47ea4045423a9b0ca56f584c1aee,d0b02e67e97a435192bf43f7bb0f902c,LiDAR,LIDAR_RIGHT,1701174178011438,True,samples,samples/LIDAR_RIGHT/LIDAR_RIGHT_1701174178011438.pcd
d40a28fd5c044bb28b5c4fc275998eba,960323dc7d534ab5aa9280808a29f280,d0b02e67e97a435192bf43f7bb0f902c,LiDAR,LIDAR_RIGHT,1701174178511466,True,samples,samples/LIDAR_RIGHT/LIDAR_RIGHT_1701174178511466.pcd
4a4bd474a5f947be8325568672c39fa7,e4615d6d7e5b4d8989a3bed70a3f8aba,d0b02e67e97a435192bf43f7bb0f902c,LiDAR,LIDAR_RIGHT,1701174179012241,True,samples,samples/LIDAR_RIGHT/LIDAR_RIGHT_1701174179012241.pcd
2d4a1376f61246aebbf3ee50061c430d,b512ae4bb98c4adcb570163a783ba1b1,d0b02e67e97a435192bf43f7bb0f902c,LiDAR,LIDAR_RIGHT,1701174179512981,True,samples,samples/LIDAR_RIGHT/LIDAR_RIGHT_1701174179512981.pcd
bf9e68f9791c48e3a9ff0c8b2ac8da2c,5506016eb8744666a78cdf74299839bb,d0b02e67e97a435192bf43f7bb0f902c,LiDAR,LIDAR_RIGHT,1701174180013788,True,samples,samples/LIDAR_RIGHT/LIDAR_RIGHT_1701174180013788.pcd
ef9883863b444b7c9f364e1fbd4b5f54,05dd1b152df640e5bb7b915f5758b739,d0b02e67e97a435192bf43f7bb0f902c,LiDAR,LIDAR_RIGHT,1701174180513830,True,samples,samples/LIDAR_RIGHT/LIDAR_RIGHT_1701174180513830.pcd
8ef0265c88334177a42bd5cb444f526a,42d984d09e10442096c330abcaaa16b8,d0b02e67e97a435192bf43f7bb0f902c,LiDAR,LIDAR_RIGHT,1701174181013060,True,samples,samples/LIDAR_RIGHT/LIDAR_RIGHT_1701174181013060.pcd
6c9b6cdf6f154ba4a0ccfe7d267fc8eb,820da4bfc83143079d6444793dea903a,d0b02e67e97a435192bf43f7bb0f902c,LiDAR,LIDAR_RIGHT,1701174181512669,True,samples,samples/LIDAR_RIGHT/LIDAR_RIGHT_1701174181512669.pcd
825e642512634eaf8fd6c8f0e7a3b974,e261df7d29c84cde8d408c5571ae44a5,d0b02e67e97a435192bf43f7bb0f902c,LiDAR,LIDAR_RIGHT,1701174182012419,True,samples,samples/LIDAR_RIGHT/LIDAR_RIGHT_1701174182012419.pcd
e6419bd6888c42a799a4af821ac4fa7e,cf11812a2090490bb96be72aa701cd97,d0b02e67e97a435192bf43f7bb0f902c,LiDAR,LIDAR_RIGHT,1701174182512358,True,samples,samples/LIDAR_RIGHT/LIDAR_RIGHT_1701174182512358.pcd
640b1cee08614ee08c9d068ad386613e,8632c70a010c410ea60e0e03c605659a,d0b02e67e97a435192bf43f7bb0f902c,LiDAR,LIDAR_RIGHT,1701174183012809,True,samples,samples/LIDAR_RIGHT/LIDAR_RIGHT_1701174183012809.pcd
81780cc5f9f5408aababb6179523cd69,2a75e8b11a3b4e64bbea3de7c0886379,d0b02e67e97a435192bf43f7bb0f902c,LiDAR,LIDAR_RIGHT,1701174183512495,True,samples,samples/LIDAR_RIGHT/LIDAR_RIGHT_1701174183512495.pcd
46eaf6fc12674f0eb3efbaa9de616f44,2f54f880546c4537b1562888bef4a710,d0b02e67e97a435192bf43f7bb0f902c,LiDAR,LIDAR_RIGHT,1701174184012427,True,samples,samples/LIDAR_RIGHT/LIDAR_RIGHT_1701174184012427.pcd
95f64e7331a946929c8687d687297428,e59952ad704f4cb58c01f74e21c6251c,d0b02e67e97a435192bf43f7bb0f902c,LiDAR,LIDAR_RIGHT,1701174184512836,True,samples,samples/LIDAR_RIGHT/LIDAR_RIGHT_1701174184512836.pcd
cee6aac63aec45e093b3322ee884fb0d,ecac575c0ef94854bd31474102fc7bdd,d0b02e67e97a435192bf43f7bb0f902c,LiDAR,LIDAR_RIGHT,1701174185012492,True,samples,samples/LIDAR_RIGHT/LIDAR_RIGHT_1701174185012492.pcd
458f9dc8db0243cbbc448465273e3ea4,ae92726ca1c7497b8d312122603399ec,d0b02e67e97a435192bf43f7bb0f902c,LiDAR,LIDAR_RIGHT,1701174185512288,True,samples,samples/LIDAR_RIGHT/LIDAR_RIGHT_1701174185512288.pcd
907eb82c9284401990d272778dfeb3ca,22f971faaa804e60a46de1b33b76167c,d0b02e67e97a435192bf43f7bb0f902c,LiDAR,LIDAR_RIGHT,1701174186012750,True,samples,samples/LIDAR_RIGHT/LIDAR_RIGHT_1701174186012750.pcd
ec608a767d6940dabdb42b5c8e0a2aa1,31f10293e9214bcda362d7d968b80297,d0b02e67e97a435192bf43f7bb0f902c,LiDAR,LIDAR_RIGHT,1701174186512876,True,samples,samples/LIDAR_RIGHT/LIDAR_RIGHT_1701174186512876.pcd
64597e40ba6249fb945ae342cb7567e2,f5db1031dd334e8c8eb03bedf91c5bba,d0b02e67e97a435192bf43f7bb0f902c,LiDAR,LIDAR_RIGHT,1701174187012836,True,samples,samples/LIDAR_RIGHT/LIDAR_RIGHT_1701174187012836.pcd
cb16b661f6714412a4f8c22712f762b6,f30cc75a84fd4777b255f7d540c150d6,d0b02e67e97a435192bf43f7bb0f902c,LiDAR,LIDAR_RIGHT,1701174187512631,True,samples,samples/LIDAR_RIGHT/LIDAR_RIGHT_1701174187512631.pcd
3f37c1c169fb46d28e5de479df1e9e2f,ac4e4e1e38fc42f69e1a1b91086ce77a,d0b02e67e97a435192bf43f7bb0f902c,LiDAR,LIDAR_RIGHT,1701174188012378,True,samples,samples/LIDAR_RIGHT/LIDAR_RIGHT_1701174188012378.pcd
096321bd9fb946119d4a7c7f25a1fb9e,5ab589390a0f4fc9a6e5acd152aea650,d0b02e67e97a435192bf43f7bb0f902c,LiDAR,LIDAR_RIGHT,1701174188512329,True,samples,samples/LIDAR_RIGHT/LIDAR_RIGHT_1701174188512329.pcd
e253cb4c89d54c2abfbb95e541196a39,f03439e032294f6989ef7d6d91b32101,d0b02e67e97a435192bf43f7bb0f902c,LiDAR,LIDAR_RIGHT,1701174189012325,True,samples,samples/LIDAR_RIGHT/LIDAR_RIGHT_1701174189012325.pcd
98cf07bed1424e478f46a434d7c96622,80bf2114c8b94da1b824ade14128ea7a,d0b02e67e97a435192bf43f7bb0f902c,LiDAR,LIDAR_RIGHT,1701174189512699,True,samples,samples/LIDAR_RIGHT/LIDAR_RIGHT_1701174189512699.pcd
8924394837674e17a8db40af8dfbc5a6,abc3a19f07de4554ac44b788cce7315b,d0b02e67e97a435192bf43f7bb0f902c,LiDAR,LIDAR_RIGHT,1701174190012663,True,samples,samples/LIDAR_RIGHT/LIDAR_RIGHT_1701174190012663.pcd
46217ffe33f44894bfb0a98ce82ae83f,9d75f3c77f384353b5477c981fb46011,d0b02e67e97a435192bf43f7bb0f902c,LiDAR,LIDAR_TOP_FRONT,1701174170501003,True,samples,samples/LIDAR_TOP_FRONT/LIDAR_TOP_FRONT_1701174170501003.pcd
e2941db915d14c6d9b7e439baa18c9fc,d61070d1f0eb4ebdbf6a3082758cfd57,d0b02e67e97a435192bf43f7bb0f902c,LiDAR,LIDAR_TOP_FRONT,1701174171001045,True,samples,samples/LIDAR_TOP_FRONT/LIDAR_TOP_FRONT_1701174171001045.pcd
3fdb7dd3a134489d895f1b2ade9a165e,74315069a83c4013bcacf251d9928fe1,d0b02e67e97a435192bf43f7bb0f902c,LiDAR,LIDAR_TOP_FRONT,1701174171500875,True,samples,samples/LIDAR_TOP_FRONT/LIDAR_TOP_FRONT_1701174171500875.pcd
193cfb51f44241e69a159037a60e87da,46e9fde57b0845da94c549c832796659,d0b02e67e97a435192bf43f7bb0f902c,LiDAR,LIDAR_TOP_FRONT,1701174172001092,True,samples,samples/LIDAR_TOP_FRONT/LIDAR_TOP_FRONT_1701174172001092.pcd
3b8f0e36dc0d452695e0b6abac87763c,5e7ef242185a4143814462c9fcf614c0,d0b02e67e97a435192bf43f7bb0f902c,LiDAR,LIDAR_TOP_FRONT,1701174172500967,True,samples,samples/LIDAR_TOP_FRONT/LIDAR_TOP_FRONT_1701174172500967.pcd
07591a4b3e6049fa852fc8ce49fc16bf,58813f71db1447779ee3edc3fced1b68,d0b02e67e97a435192bf43f7bb0f902c,LiDAR,LIDAR_TOP_FRONT,1701174173000966,True,samples,samples/LIDAR_TOP_FRONT/LIDAR_TOP_FRONT_1701174173000966.pcd
e353455967694b51b62149ab2932c62e,8fead37877da4451b2cb3fc28c0a2df9,d0b02e67e97a435192bf43f7bb0f902c,LiDAR,LIDAR_TOP_FRONT,1701174173500979,True,samples,samples/LIDAR_TOP_FRONT/LIDAR_TOP_FRONT_1701174173500979.pcd
50db9e5212f74b35ae149aae4c5dea21,6eaa78ca11614526ae026ae75686c69e,d0b02e67e97a435192bf43f7bb0f902c,LiDAR,LIDAR_TOP_FRONT,1701174174000928,True,samples,samples/LIDAR_TOP_FRONT/LIDAR_TOP_FRONT_1701174174000928.pcd
a19ebb3fb5a8438c8595e21c13a85ad2,dc80f86d4864439d98edf0612e4892dc,d0b02e67e97a435192bf43f7bb0f902c,LiDAR,LIDAR_TOP_FRONT,1701174174500778,True,samples,samples/LIDAR_TOP_FRONT/LIDAR_TOP_FRONT_1701174174500778.pcd
18314a5d4b78414c8ebe0b05d3a6937b,4d89463ec72c4a1a81f6d023b979b265,d0b02e67e97a435192bf43f7bb0f902c,LiDAR,LIDAR_TOP_FRONT,1701174175000913,True,samples,samples/LIDAR_TOP_FRONT/LIDAR_TOP_FRONT_1701174175000913.pcd
2ec3f2f5d5d649bcb98c18673bbea617,5491f8939d344ac58185f2a7c73d86d7,d0b02e67e97a435192bf43f7bb0f902c,LiDAR,LIDAR_TOP_FRONT,1701174175500712,True,samples,samples/LIDAR_TOP_FRONT/LIDAR_TOP_FRONT_1701174175500712.pcd
9d12d555c30c48108e446e6787c0f2cd,a87217a4529f494e9da56915badf6a85,d0b02e67e97a435192bf43f7bb0f902c,LiDAR,LIDAR_TOP_FRONT,1701174176000989,True,samples,samples/LIDAR_TOP_FRONT/LIDAR_TOP_FRONT_1701174176000989.pcd
2fa98906f5a746f0bb3db5d5d079a870,18049a9e579045b0bffd3fd107fc7ee7,d0b02e67e97a435192bf43f7bb0f902c,LiDAR,LIDAR_TOP_FRONT,1701174176500994,True,samples,samples/LIDAR_TOP_FRONT/LIDAR_TOP_FRONT_1701174176500994.pcd
57588d93e78049eab7f1e8f3e589c12f,eb1934dd31474c05868325b6c31fc2df,d0b02e67e97a435192bf43f7bb0f902c,LiDAR,LIDAR_TOP_FRONT,1701174177000947,True,samples,samples/LIDAR_TOP_FRONT/LIDAR_TOP_FRONT_1701174177000947.pcd
568ccdc86ed04f959966b6941efc05f1,1e4312d50f3f432e95142cfe773af936,d0b02e67e97a435192bf43f7bb0f902c,LiDAR,LIDAR_TOP_FRONT,1701174177500969,True,samples,samples/LIDAR_TOP_FRONT/LIDAR_TOP_FRONT_1701174177500969.pcd
91161294cdc14fd7937673e2eb86070b,890b47ea4045423a9b0ca56f584c1aee,d0b02e67e97a435192bf43f7bb0f902c,LiDAR,LIDAR_TOP_FRONT,1701174178001066,True,samples,samples/LIDAR_TOP_FRONT/LIDAR_TOP_FRONT_1701174178001066.pcd
02a636726c144d878ba08c4d09969d5e,960323dc7d534ab5aa9280808a29f280,d0b02e67e97a435192bf43f7bb0f902c,LiDAR,LIDAR_TOP_FRONT,1701174178501155,True,samples,samples/LIDAR_TOP_FRONT/LIDAR_TOP_FRONT_1701174178501155.pcd
f8a6a9cf27a541cc9d13b10d5cf421a6,e4615d6d7e5b4d8989a3bed70a3f8aba,d0b02e67e97a435192bf43f7bb0f902c,LiDAR,LIDAR_TOP_FRONT,1701174179000914,True,samples,samples/LIDAR_TOP_FRONT/LIDAR_TOP_FRONT_1701174179000914.pcd
9d2cbcc6a0624091a65bdc401294b2e7,b512ae4bb98c4adcb570163a783ba1b1,d0b02e67e97a435192bf43f7bb0f902c,LiDAR,LIDAR_TOP_FRONT,1701174179500777,True,samples,samples/LIDAR_TOP_FRONT/LIDAR_TOP_FRONT_1701174179500777.pcd
1d08950e40ff4dd1a21f824c4bafe604,5506016eb8744666a78cdf74299839bb,d0b02e67e97a435192bf43f7bb0f902c,LiDAR,LIDAR_TOP_FRONT,1701174180000787,True,samples,samples/LIDAR_TOP_FRONT/LIDAR_TOP_FRONT_1701174180000787.pcd
763a277aa492468b8a698aeaaf876ad9,05dd1b152df640e5bb7b915f5758b739,d0b02e67e97a435192bf43f7bb0f902c,LiDAR,LIDAR_TOP_FRONT,1701174180500702,True,samples,samples/LIDAR_TOP_FRONT/LIDAR_TOP_FRONT_1701174180500702.pcd
1d5c0bdd8f9644bb80d6c0d3792f2aee,42d984d09e10442096c330abcaaa16b8,d0b02e67e97a435192bf43f7bb0f902c,LiDAR,LIDAR_TOP_FRONT,1701174181000796,True,samples,samples/LIDAR_TOP_FRONT/LIDAR_TOP_FRONT_1701174181000796.pcd
fd2cec2ce8354dfa9586f1ea18e90a77,820da4bfc83143079d6444793dea903a,d0b02e67e97a435192bf43f7bb0f902c,LiDAR,LIDAR_TOP_FRONT,1701174181500706,True,samples,samples/LIDAR_TOP_FRONT/LIDAR_TOP_FRONT_1701174181500706.pcd
252e1702006645efbf1745f66b89bd39,e261df7d29c84cde8d408c5571ae44a5,d0b02e67e97a435192bf43f7bb0f902c,LiDAR,LIDAR_TOP_FRONT,1701174182000894,True,samples,samples/LIDAR_TOP_FRONT/LIDAR_TOP_FRONT_1701174182000894.pcd
9ee051f0aa2e4f9e8786b2803c4ef982,cf11812a2090490bb96be72aa701cd97,d0b02e67e97a435192bf43f7bb0f902c,LiDAR,LIDAR_TOP_FRONT,1701174182500826,True,samples,samples/LIDAR_TOP_FRONT/LIDAR_TOP_FRONT_1701174182500826.pcd
7620d92e21a044e495e8aa04c84bd386,8632c70a010c410ea60e0e03c605659a,d0b02e67e97a435192bf43f7bb0f902c,LiDAR,LIDAR_TOP_FRONT,1701174183001021,True,samples,samples/LIDAR_TOP_FRONT/LIDAR_TOP_FRONT_1701174183001021.pcd
5378ebeabeea4d038c8caf2ffaaec758,2a75e8b11a3b4e64bbea3de7c0886379,d0b02e67e97a435192bf43f7bb0f902c,LiDAR,LIDAR_TOP_FRONT,1701174183500964,True,samples,samples/LIDAR_TOP_FRONT/LIDAR_TOP_FRONT_1701174183500964.pcd
f9a30c14dae843e9ba2bd9bb012526bc,2f54f880546c4537b1562888bef4a710,d0b02e67e97a435192bf43f7bb0f902c,LiDAR,LIDAR_TOP_FRONT,1701174184001055,True,samples,samples/LIDAR_TOP_FRONT/LIDAR_TOP_FRONT_1701174184001055.pcd
7c598c5625384dbc832f4be0ba225726,e59952ad704f4cb58c01f74e21c6251c,d0b02e67e97a435192bf43f7bb0f902c,LiDAR,LIDAR_TOP_FRONT,1701174184500469,True,samples,samples/LIDAR_TOP_FRONT/LIDAR_TOP_FRONT_1701174184500469.pcd
989ebbe1b4cb48edaebcf8e2df450dd3,ecac575c0ef94854bd31474102fc7bdd,d0b02e67e97a435192bf43f7bb0f902c,LiDAR,LIDAR_TOP_FRONT,1701174185000458,True,samples,samples/LIDAR_TOP_FRONT/LIDAR_TOP_FRONT_1701174185000458.pcd
a166dff643f6494eab03675d290c472d,ae92726ca1c7497b8d312122603399ec,d0b02e67e97a435192bf43f7bb0f902c,LiDAR,LIDAR_TOP_FRONT,1701174185500587,True,samples,samples/LIDAR_TOP_FRONT/LIDAR_TOP_FRONT_1701174185500587.pcd
0966789ed1f34746ade637b611abed34,22f971faaa804e60a46de1b33b76167c,d0b02e67e97a435192bf43f7bb0f902c,LiDAR,LIDAR_TOP_FRONT,1701174186000474,True,samples,samples/LIDAR_TOP_FRONT/LIDAR_TOP_FRONT_1701174186000474.pcd
9980d1c133eb48209544dd9474f92b04,31f10293e9214bcda362d7d968b80297,d0b02e67e97a435192bf43f7bb0f902c,LiDAR,LIDAR_TOP_FRONT,1701174186500870,True,samples,samples/LIDAR_TOP_FRONT/LIDAR_TOP_FRONT_1701174186500870.pcd
d90c2bc7d5214a70808abbe57f1aa5cc,f5db1031dd334e8c8eb03bedf91c5bba,d0b02e67e97a435192bf43f7bb0f902c,LiDAR,LIDAR_TOP_FRONT,1701174187001067,True,samples,samples/LIDAR_TOP_FRONT/LIDAR_TOP_FRONT_1701174187001067.pcd
f9c55415cd674645a076309550573c04,f30cc75a84fd4777b255f7d540c150d6,d0b02e67e97a435192bf43f7bb0f902c,LiDAR,LIDAR_TOP_FRONT,1701174187500971,True,samples,samples/LIDAR_TOP_FRONT/LIDAR_TOP_FRONT_1701174187500971.pcd
a08027c5a6b64c918673a15bf4f7e808,ac4e4e1e38fc42f69e1a1b91086ce77a,d0b02e67e97a435192bf43f7bb0f902c,LiDAR,LIDAR_TOP_FRONT,1701174188000836,True,samples,samples/LIDAR_TOP_FRONT/LIDAR_TOP_FRONT_1701174188000836.pcd
d12cc1acd33a43eb91ba13692192d0f1,5ab589390a0f4fc9a6e5acd152aea650,d0b02e67e97a435192bf43f7bb0f902c,LiDAR,LIDAR_TOP_FRONT,1701174188500772,True,samples,samples/LIDAR_TOP_FRONT/LIDAR_TOP_FRONT_1701174188500772.pcd
b8e487b4539b4b69af6feae61733be0b,f03439e032294f6989ef7d6d91b32101,d0b02e67e97a435192bf43f7bb0f902c,LiDAR,LIDAR_TOP_FRONT,1701174189000881,True,samples,samples/LIDAR_TOP_FRONT/LIDAR_TOP_FRONT_1701174189000881.pcd
85967a3519d244f9b40d2890156c261e,80bf2114c8b94da1b824ade14128ea7a,d0b02e67e97a435192bf43f7bb0f902c,LiDAR,LIDAR_TOP_FRONT,1701174189500951,True,samples,samples/LIDAR_TOP_FRONT/LIDAR_TOP_FRONT_1701174189500951.pcd
6823447f31ee4288bc09e43396b190e3,abc3a19f07de4554ac44b788cce7315b,d0b02e67e97a435192bf43f7bb0f902c,LiDAR,LIDAR_TOP_FRONT,1701174190000940,True,samples,samples/LIDAR_TOP_FRONT/LIDAR_TOP_FRONT_1701174190000940.pcd
b9981dc2421b497d81b76feb68716a13,9d75f3c77f384353b5477c981fb46011,d0b02e67e97a435192bf43f7bb0f902c,LiDAR,LIDAR_TOP_LEFT,1701174170475967,True,samples,samples/LIDAR_TOP_LEFT/LIDAR_TOP_LEFT_1701174170475967.pcd
4cd29c7d5266420ba7d1e7b79f75cdbb,d61070d1f0eb4ebdbf6a3082758cfd57,d0b02e67e97a435192bf43f7bb0f902c,LiDAR,LIDAR_TOP_LEFT,1701174170975799,True,samples,samples/LIDAR_TOP_LEFT/LIDAR_TOP_LEFT_1701174170975799.pcd
11ed9742be3d48cbadd2bea99d767eb8,74315069a83c4013bcacf251d9928fe1,d0b02e67e97a435192bf43f7bb0f902c,LiDAR,LIDAR_TOP_LEFT,1701174171475961,True,samples,samples/LIDAR_TOP_LEFT/LIDAR_TOP_LEFT_1701174171475961.pcd
b92ddcee333c4a9dae5cd2756787b95c,46e9fde57b0845da94c549c832796659,d0b02e67e97a435192bf43f7bb0f902c,LiDAR,LIDAR_TOP_LEFT,1701174171976013,True,samples,samples/LIDAR_TOP_LEFT/LIDAR_TOP_LEFT_1701174171976013.pcd
be00ec32b1a4447d86857ad9ef5ac48f,5e7ef242185a4143814462c9fcf614c0,d0b02e67e97a435192bf43f7bb0f902c,LiDAR,LIDAR_TOP_LEFT,1701174172476126,True,samples,samples/LIDAR_TOP_LEFT/LIDAR_TOP_LEFT_1701174172476126.pcd
ff55a0a2097741d4bb0e096af8d10ac8,58813f71db1447779ee3edc3fced1b68,d0b02e67e97a435192bf43f7bb0f902c,LiDAR,LIDAR_TOP_LEFT,1701174172976222,True,samples,samples/LIDAR_TOP_LEFT/LIDAR_TOP_LEFT_1701174172976222.pcd
45d2e6c1ab5f4f9baf2af9ac8f448596,8fead37877da4451b2cb3fc28c0a2df9,d0b02e67e97a435192bf43f7bb0f902c,LiDAR,LIDAR_TOP_LEFT,1701174173476277,True,samples,samples/LIDAR_TOP_LEFT/LIDAR_TOP_LEFT_1701174173476277.pcd
902716c7a65f4db69283107ce295e9b3,6eaa78ca11614526ae026ae75686c69e,d0b02e67e97a435192bf43f7bb0f902c,LiDAR,LIDAR_TOP_LEFT,1701174173975854,True,samples,samples/LIDAR_TOP_LEFT/LIDAR_TOP_LEFT_1701174173975854.pcd
8d2ac8d5cda64284860b19d64c7d3334,dc80f86d4864439d98edf0612e4892dc,d0b02e67e97a435192bf43f7bb0f902c,LiDAR,LIDAR_TOP_LEFT,1701174174475874,True,samples,samples/LIDAR_TOP_LEFT/LIDAR_TOP_LEFT_1701174174475874.pcd
325b1e141dc943e59c7933d0f2d92374,4d89463ec72c4a1a81f6d023b979b265,d0b02e67e97a435192bf43f7bb0f902c,LiDAR,LIDAR_TOP_LEFT,1701174174975834,True,samples,samples/LIDAR_TOP_LEFT/LIDAR_TOP_LEFT_1701174174975834.pcd
6e69704c48744e5db317b9f6ea6de420,5491f8939d344ac58185f2a7c73d86d7,d0b02e67e97a435192bf43f7bb0f902c,LiDAR,LIDAR_TOP_LEFT,1701174175475936,True,samples,samples/LIDAR_TOP_LEFT/LIDAR_TOP_LEFT_1701174175475936.pcd
f5cc1c4f9a7d46a88c0c6da7d348595d,a87217a4529f494e9da56915badf6a85,d0b02e67e97a435192bf43f7bb0f902c,LiDAR,LIDAR_TOP_LEFT,1701174175976022,True,samples,samples/LIDAR_TOP_LEFT/LIDAR_TOP_LEFT_1701174175976022.pcd
6f52b8f410404a91a447e827e193d8d8,18049a9e579045b0bffd3fd107fc7ee7,d0b02e67e97a435192bf43f7bb0f902c,LiDAR,LIDAR_TOP_LEFT,1701174176476087,True,samples,samples/LIDAR_TOP_LEFT/LIDAR_TOP_LEFT_1701174176476087.pcd
5575903969db43e2be67fbf801e1474f,eb1934dd31474c05868325b6c31fc2df,d0b02e67e97a435192bf43f7bb0f902c,LiDAR,LIDAR_TOP_LEFT,1701174176976326,True,samples,samples/LIDAR_TOP_LEFT/LIDAR_TOP_LEFT_1701174176976326.pcd
1fbc2bd95f0c4e8dbe000c80106fcda1,1e4312d50f3f432e95142cfe773af936,d0b02e67e97a435192bf43f7bb0f902c,LiDAR,LIDAR_TOP_LEFT,1701174177476368,True,samples,samples/LIDAR_TOP_LEFT/LIDAR_TOP_LEFT_1701174177476368.pcd
af081422b0ed4b22aacd2595ccfe53ce,890b47ea4045423a9b0ca56f584c1aee,d0b02e67e97a435192bf43f7bb0f902c,LiDAR,LIDAR_TOP_LEFT,1701174177976318,True,samples,samples/LIDAR_TOP_LEFT/LIDAR_TOP_LEFT_1701174177976318.pcd
c71b13f0cedb4f1391ef7db698818dee,960323dc7d534ab5aa9280808a29f280,d0b02e67e97a435192bf43f7bb0f902c,LiDAR,LIDAR_TOP_LEFT,1701174178476318,True,samples,samples/LIDAR_TOP_LEFT/LIDAR_TOP_LEFT_1701174178476318.pcd
78503ee8fd0843319f1e16d16bf6ecd1,e4615d6d7e5b4d8989a3bed70a3f8aba,d0b02e67e97a435192bf43f7bb0f902c,LiDAR,LIDAR_TOP_LEFT,1701174178976137,True,samples,samples/LIDAR_TOP_LEFT/LIDAR_TOP_LEFT_1701174178976137.pcd
1b6cf8eddc5043e38506303c0b6ca7db,b512ae4bb98c4adcb570163a783ba1b1,d0b02e67e97a435192bf43f7bb0f902c,LiDAR,LIDAR_TOP_LEFT,1701174179475939,True,samples,samples/LIDAR_TOP_LEFT/LIDAR_TOP_LEFT_1701174179475939.pcd
d8e31a5df5cc49e19fa4b84de2f39136,5506016eb8744666a78cdf74299839bb,d0b02e67e97a435192bf43f7bb0f902c,LiDAR,LIDAR_TOP_LEFT,1701174179975922,True,samples,samples/LIDAR_TOP_LEFT/LIDAR_TOP_LEFT_1701174179975922.pcd
b7cdf1ee950f412db96f61e6f291fc08,05dd1b152df640e5bb7b915f5758b739,d0b02e67e97a435192bf43f7bb0f902c,LiDAR,LIDAR_TOP_LEFT,1701174180475882,True,samples,samples/LIDAR_TOP_LEFT/LIDAR_TOP_LEFT_1701174180475882.pcd
be595fa157af410bb4b60d618f7acef0,42d984d09e10442096c330abcaaa16b8,d0b02e67e97a435192bf43f7bb0f902c,LiDAR,LIDAR_TOP_LEFT,1701174180975926,True,samples,samples/LIDAR_TOP_LEFT/LIDAR_TOP_LEFT_1701174180975926.pcd
d536abbc6d494725a5b836b8bd2d747d,820da4bfc83143079d6444793dea903a,d0b02e67e97a435192bf43f7bb0f902c,LiDAR,LIDAR_TOP_LEFT,1701174181475983,True,samples,samples/LIDAR_TOP_LEFT/LIDAR_TOP_LEFT_1701174181475983.pcd
a25e1e2a42634db68f1af62aa7ed3787,e261df7d29c84cde8d408c5571ae44a5,d0b02e67e97a435192bf43f7bb0f902c,LiDAR,LIDAR_TOP_LEFT,1701174181976004,True,samples,samples/LIDAR_TOP_LEFT/LIDAR_TOP_LEFT_1701174181976004.pcd
0b5ab6799b284553b4d128ffbdd731d9,cf11812a2090490bb96be72aa701cd97,d0b02e67e97a435192bf43f7bb0f902c,LiDAR,LIDAR_TOP_LEFT,1701174182476075,True,samples,samples/LIDAR_TOP_LEFT/LIDAR_TOP_LEFT_1701174182476075.pcd
201327c5c4354062b57b6d7630ecd813,8632c70a010c410ea60e0e03c605659a,d0b02e67e97a435192bf43f7bb0f902c,LiDAR,LIDAR_TOP_LEFT,1701174182976216,True,samples,samples/LIDAR_TOP_LEFT/LIDAR_TOP_LEFT_1701174182976216.pcd
057e07aa49f44f54a7dc20e8e28f41c9,2a75e8b11a3b4e64bbea3de7c0886379,d0b02e67e97a435192bf43f7bb0f902c,LiDAR,LIDAR_TOP_LEFT,1701174183476273,True,samples,samples/LIDAR_TOP_LEFT/LIDAR_TOP_LEFT_1701174183476273.pcd
634e33fe80cc4a47a2adfd983443fd89,2f54f880546c4537b1562888bef4a710,d0b02e67e97a435192bf43f7bb0f902c,LiDAR,LIDAR_TOP_LEFT,1701174183976136,True,samples,samples/LIDAR_TOP_LEFT/LIDAR_TOP_LEFT_1701174183976136.pcd
e10b1bc3e76d48a992e15893f8756b66,e59952ad704f4cb58c01f74e21c6251c,d0b02e67e97a435192bf43f7bb0f902c,LiDAR,LIDAR_TOP_LEFT,1701174184476060,True,samples,samples/LIDAR_TOP_LEFT/LIDAR_TOP_LEFT_1701174184476060.pcd
ef205571d0964d15bc83a33acddf9685,ecac575c0ef94854bd31474102fc7bdd,d0b02e67e97a435192bf43f7bb0f902c,LiDAR,LIDAR_TOP_LEFT,1701174184975916,True,samples,samples/LIDAR_TOP_LEFT/LIDAR_TOP_LEFT_1701174184975916.pcd
2cdf2ed57dae4b0cbb26eda6689efb61,ae92726ca1c7497b8d312122603399ec,d0b02e67e97a435192bf43f7bb0f902c,LiDAR,LIDAR_TOP_LEFT,1701174185475787,True,samples,samples/LIDAR_TOP_LEFT/LIDAR_TOP_LEFT_1701174185475787.pcd
b5544a4e7fd1406fb6389dc7a86494df,22f971faaa804e60a46de1b33b76167c,d0b02e67e97a435192bf43f7bb0f902c,LiDAR,LIDAR_TOP_LEFT,1701174185975864,True,samples,samples/LIDAR_TOP_LEFT/LIDAR_TOP_LEFT_1701174185975864.pcd
3032090326ad46b88b77bc82eb7e69a6,31f10293e9214bcda362d7d968b80297,d0b02e67e97a435192bf43f7bb0f902c,LiDAR,LIDAR_TOP_LEFT,1701174186475834,True,samples,samples/LIDAR_TOP_LEFT/LIDAR_TOP_LEFT_1701174186475834.pcd
248562b360dd41b4814d5e1d97972a56,f5db1031dd334e8c8eb03bedf91c5bba,d0b02e67e97a435192bf43f7bb0f902c,LiDAR,LIDAR_TOP_LEFT,1701174186975860,True,samples,samples/LIDAR_TOP_LEFT/LIDAR_TOP_LEFT_1701174186975860.pcd
bb611e24893f403199ad9458cbbca15d,f30cc75a84fd4777b255f7d540c150d6,d0b02e67e97a435192bf43f7bb0f902c,LiDAR,LIDAR_TOP_LEFT,1701174187475813,True,samples,samples/LIDAR_TOP_LEFT/LIDAR_TOP_LEFT_1701174187475813.pcd
d2f6ada325a24a348b5d690568295df9,ac4e4e1e38fc42f69e1a1b91086ce77a,d0b02e67e97a435192bf43f7bb0f902c,LiDAR,LIDAR_TOP_LEFT,1701174187975931,True,samples,samples/LIDAR_TOP_LEFT/LIDAR_TOP_LEFT_1701174187975931.pcd
928609c0a9234364a7423e87cbf63d1d,5ab589390a0f4fc9a6e5acd152aea650,d0b02e67e97a435192bf43f7bb0f902c,LiDAR,LIDAR_TOP_LEFT,1701174188476143,True,samples,samples/LIDAR_TOP_LEFT/LIDAR_TOP_LEFT_1701174188476143.pcd
7ce7ec692f824d289b810b5a5f5552ca,f03439e032294f6989ef7d6d91b32101,d0b02e67e97a435192bf43f7bb0f902c,LiDAR,LIDAR_TOP_LEFT,1701174188976370,True,samples,samples/LIDAR_TOP_LEFT/LIDAR_TOP_LEFT_1701174188976370.pcd
01e66fd2e1164d3096c174c89ee56c7b,80bf2114c8b94da1b824ade14128ea7a,d0b02e67e97a435192bf43f7bb0f902c,LiDAR,LIDAR_TOP_LEFT,1701174189476322,True,samples,samples/LIDAR_TOP_LEFT/LIDAR_TOP_LEFT_1701174189476322.pcd
676284ef858d4a258b3a751faea2f0fe,abc3a19f07de4554ac44b788cce7315b,d0b02e67e97a435192bf43f7bb0f902c,LiDAR,LIDAR_TOP_LEFT,1701174189976268,True,samples,samples/LIDAR_TOP_LEFT/LIDAR_TOP_LEFT_1701174189976268.pcd
a4e2348d4d8f40af968194fb8bdcad8c,9d75f3c77f384353b5477c981fb46011,d0b02e67e97a435192bf43f7bb0f902c,LiDAR,LIDAR_TOP_RIGHT,1701174170526251,True,samples,samples/LIDAR_TOP_RIGHT/LIDAR_TOP_RIGHT_1701174170526251.pcd
a63d9343d0f34edf9807132ea9267d26,d61070d1f0eb4ebdbf6a3082758cfd57,d0b02e67e97a435192bf43f7bb0f902c,LiDAR,LIDAR_TOP_RIGHT,1701174171026360,True,samples,samples/LIDAR_TOP_RIGHT/LIDAR_TOP_RIGHT_1701174171026360.pcd
ff5fb16afb3a49bdb72447d444899ed9,74315069a83c4013bcacf251d9928fe1,d0b02e67e97a435192bf43f7bb0f902c,LiDAR,LIDAR_TOP_RIGHT,1701174171526125,True,samples,samples/LIDAR_TOP_RIGHT/LIDAR_TOP_RIGHT_1701174171526125.pcd
b99a9b4947064c0e856afab12b806863,46e9fde57b0845da94c549c832796659,d0b02e67e97a435192bf43f7bb0f902c,LiDAR,LIDAR_TOP_RIGHT,1701174172026491,True,samples,samples/LIDAR_TOP_RIGHT/LIDAR_TOP_RIGHT_1701174172026491.pcd
2ac5850972e14b09bca7f4dcc5864c51,5e7ef242185a4143814462c9fcf614c0,d0b02e67e97a435192bf43f7bb0f902c,LiDAR,LIDAR_TOP_RIGHT,1701174172526227,True,samples,samples/LIDAR_TOP_RIGHT/LIDAR_TOP_RIGHT_1701174172526227.pcd
7a75325f90b34c389071f61b6326d2fd,58813f71db1447779ee3edc3fced1b68,d0b02e67e97a435192bf43f7bb0f902c,LiDAR,LIDAR_TOP_RIGHT,1701174173026205,True,samples,samples/LIDAR_TOP_RIGHT/LIDAR_TOP_RIGHT_1701174173026205.pcd
2e4c132637d14c02bd01f84f373d19ed,8fead37877da4451b2cb3fc28c0a2df9,d0b02e67e97a435192bf43f7bb0f902c,LiDAR,LIDAR_TOP_RIGHT,1701174173526191,True,samples,samples/LIDAR_TOP_RIGHT/LIDAR_TOP_RIGHT_1701174173526191.pcd
0ab640b5e47544f08fbd1c4b627f34c4,6eaa78ca11614526ae026ae75686c69e,d0b02e67e97a435192bf43f7bb0f902c,LiDAR,LIDAR_TOP_RIGHT,1701174174026251,True,samples,samples/LIDAR_TOP_RIGHT/LIDAR_TOP_RIGHT_1701174174026251.pcd
ac1707136ec54bc58039fd0b18ffc11d,dc80f86d4864439d98edf0612e4892dc,d0b02e67e97a435192bf43f7bb0f902c,LiDAR,LIDAR_TOP_RIGHT,1701174174526298,True,samples,samples/LIDAR_TOP_RIGHT/LIDAR_TOP_RIGHT_1701174174526298.pcd
ef8a484f7b634591a5f7c3c8fc1f849c,4d89463ec72c4a1a81f6d023b979b265,d0b02e67e97a435192bf43f7bb0f902c,LiDAR,LIDAR_TOP_RIGHT,1701174175026486,True,samples,samples/LIDAR_TOP_RIGHT/LIDAR_TOP_RIGHT_1701174175026486.pcd
ca3b60f32e0943c98b47e3ca1ba2efc1,5491f8939d344ac58185f2a7c73d86d7,d0b02e67e97a435192bf43f7bb0f902c,LiDAR,LIDAR_TOP_RIGHT,1701174175526293,True,samples,samples/LIDAR_TOP_RIGHT/LIDAR_TOP_RIGHT_1701174175526293.pcd
13e73bad031246f0ae5f2fee6f16a123,a87217a4529f494e9da56915badf6a85,d0b02e67e97a435192bf43f7bb0f902c,LiDAR,LIDAR_TOP_RIGHT,1701174176026424,True,samples,samples/LIDAR_TOP_RIGHT/LIDAR_TOP_RIGHT_1701174176026424.pcd
d0a8a07fcd2a47f2b1a01640d4cd3bd5,18049a9e579045b0bffd3fd107fc7ee7,d0b02e67e97a435192bf43f7bb0f902c,LiDAR,LIDAR_TOP_RIGHT,1701174176526413,True,samples,samples/LIDAR_TOP_RIGHT/LIDAR_TOP_RIGHT_1701174176526413.pcd
3e2c5003e67848f080d766787f405192,eb1934dd31474c05868325b6c31fc2df,d0b02e67e97a435192bf43f7bb0f902c,LiDAR,LIDAR_TOP_RIGHT,1701174177026045,True,samples,samples/LIDAR_TOP_RIGHT/LIDAR_TOP_RIGHT_1701174177026045.pcd
57efcd02fabd4ae1a28ee3c364ca8f51,1e4312d50f3f432e95142cfe773af936,d0b02e67e97a435192bf43f7bb0f902c,LiDAR,LIDAR_TOP_RIGHT,1701174177525945,True,samples,samples/LIDAR_TOP_RIGHT/LIDAR_TOP_RIGHT_1701174177525945.pcd
24ad8f27d3824cbf83b3d2bf6a849ad1,890b47ea4045423a9b0ca56f584c1aee,d0b02e67e97a435192bf43f7bb0f902c,LiDAR,LIDAR_TOP_RIGHT,1701174178025855,True,samples,samples/LIDAR_TOP_RIGHT/LIDAR_TOP_RIGHT_1701174178025855.pcd
f32ffacc25b54052a71476cd4e7e55db,960323dc7d534ab5aa9280808a29f280,d0b02e67e97a435192bf43f7bb0f902c,LiDAR,LIDAR_TOP_RIGHT,1701174178526514,True,samples,samples/LIDAR_TOP_RIGHT/LIDAR_TOP_RIGHT_1701174178526514.pcd
bc027a6970e14611981204d8a5c834f3,e4615d6d7e5b4d8989a3bed70a3f8aba,d0b02e67e97a435192bf43f7bb0f902c,LiDAR,LIDAR_TOP_RIGHT,1701174179026121,True,samples,samples/LIDAR_TOP_RIGHT/LIDAR_TOP_RIGHT_1701174179026121.pcd
8ba80f9d728646f39195974e8af3c76a,b512ae4bb98c4adcb570163a783ba1b1,d0b02e67e97a435192bf43f7bb0f902c,LiDAR,LIDAR_TOP_RIGHT,1701174179526108,True,samples,samples/LIDAR_TOP_RIGHT/LIDAR_TOP_RIGHT_1701174179526108.pcd
bfa152a61bc6467c84f5c7735142674b,5506016eb8744666a78cdf74299839bb,d0b02e67e97a435192bf43f7bb0f902c,LiDAR,LIDAR_TOP_RIGHT,1701174180026465,True,samples,samples/LIDAR_TOP_RIGHT/LIDAR_TOP_RIGHT_1701174180026465.pcd
0efb3e0970554b62aebaf22ea75d55f1,05dd1b152df640e5bb7b915f5758b739,d0b02e67e97a435192bf43f7bb0f902c,LiDAR,LIDAR_TOP_RIGHT,1701174180526509,True,samples,samples/LIDAR_TOP_RIGHT/LIDAR_TOP_RIGHT_1701174180526509.pcd
ce4d98d5b5de4d07924014709d82a4da,42d984d09e10442096c330abcaaa16b8,d0b02e67e97a435192bf43f7bb0f902c,LiDAR,LIDAR_TOP_RIGHT,1701174181026295,True,samples,samples/LIDAR_TOP_RIGHT/LIDAR_TOP_RIGHT_1701174181026295.pcd
7e80de7650c54214b70be02ea94a56a6,820da4bfc83143079d6444793dea903a,d0b02e67e97a435192bf43f7bb0f902c,LiDAR,LIDAR_TOP_RIGHT,1701174181526262,True,samples,samples/LIDAR_TOP_RIGHT/LIDAR_TOP_RIGHT_1701174181526262.pcd
82d0026d78ce400f8ee79abd0e062ff5,e261df7d29c84cde8d408c5571ae44a5,d0b02e67e97a435192bf43f7bb0f902c,LiDAR,LIDAR_TOP_RIGHT,1701174182026152,True,samples,samples/LIDAR_TOP_RIGHT/LIDAR_TOP_RIGHT_1701174182026152.pcd
12428c4fb9694cb4a88e7186c449f551,cf11812a2090490bb96be72aa701cd97,d0b02e67e97a435192bf43f7bb0f902c,LiDAR,LIDAR_TOP_RIGHT,1701174182526120,True,samples,samples/LIDAR_TOP_RIGHT/LIDAR_TOP_RIGHT_1701174182526120.pcd
2c1991a4925d4c8a86e99e8f562277d1,8632c70a010c410ea60e0e03c605659a,d0b02e67e97a435192bf43f7bb0f902c,LiDAR,LIDAR_TOP_RIGHT,1701174183026032,True,samples,samples/LIDAR_TOP_RIGHT/LIDAR_TOP_RIGHT_1701174183026032.pcd
fe5f087d2a7547758c785d3e18d2f75c,2a75e8b11a3b4e64bbea3de7c0886379,d0b02e67e97a435192bf43f7bb0f902c,LiDAR,LIDAR_TOP_RIGHT,1701174183525961,True,samples,samples/LIDAR_TOP_RIGHT/LIDAR_TOP_RIGHT_1701174183525961.pcd
360307cbab594c159c92139a062a04fa,2f54f880546c4537b1562888bef4a710,d0b02e67e97a435192bf43f7bb0f902c,LiDAR,LIDAR_TOP_RIGHT,1701174184026240,True,samples,samples/LIDAR_TOP_RIGHT/LIDAR_TOP_RIGHT_1701174184026240.pcd
b49ae866821848bca38f8a3bf5ca388c,e59952ad704f4cb58c01f74e21c6251c,d0b02e67e97a435192bf43f7bb0f902c,LiDAR,LIDAR_TOP_RIGHT,1701174184526363,True,samples,samples/LIDAR_TOP_RIGHT/LIDAR_TOP_RIGHT_1701174184526363.pcd
77719e465ccd4baaa6f33db8087c34e1,ecac575c0ef94854bd31474102fc7bdd,d0b02e67e97a435192bf43f7bb0f902c,LiDAR,LIDAR_TOP_RIGHT,1701174185026361,True,samples,samples/LIDAR_TOP_RIGHT/LIDAR_TOP_RIGHT_1701174185026361.pcd
821bc8c454bc401197cac541b5dc2627,ae92726ca1c7497b8d312122603399ec,d0b02e67e97a435192bf43f7bb0f902c,LiDAR,LIDAR_TOP_RIGHT,1701174185526596,True,samples,samples/LIDAR_TOP_RIGHT/LIDAR_TOP_RIGHT_1701174185526596.pcd
cd80ada25e9046d7be936b8d0a4c314f,22f971faaa804e60a46de1b33b76167c,d0b02e67e97a435192bf43f7bb0f902c,LiDAR,LIDAR_TOP_RIGHT,1701174186026528,True,samples,samples/LIDAR_TOP_RIGHT/LIDAR_TOP_RIGHT_1701174186026528.pcd
fd8a69619a2242398cfb02efab716aa2,31f10293e9214bcda362d7d968b80297,d0b02e67e97a435192bf43f7bb0f902c,LiDAR,LIDAR_TOP_RIGHT,1701174186526085,True,samples,samples/LIDAR_TOP_RIGHT/LIDAR_TOP_RIGHT_1701174186526085.pcd
bdcf098364f0422bb60f4b8ff08c27e6,f5db1031dd334e8c8eb03bedf91c5bba,d0b02e67e97a435192bf43f7bb0f902c,LiDAR,LIDAR_TOP_RIGHT,1701174187026206,True,samples,samples/LIDAR_TOP_RIGHT/LIDAR_TOP_RIGHT_1701174187026206.pcd
df34cd34fdb64463a4017c434425eb74,f30cc75a84fd4777b255f7d540c150d6,d0b02e67e97a435192bf43f7bb0f902c,LiDAR,LIDAR_TOP_RIGHT,1701174187526070,True,samples,samples/LIDAR_TOP_RIGHT/LIDAR_TOP_RIGHT_1701174187526070.pcd
104a3248e4ff44cb825bad41abb2be7d,ac4e4e1e38fc42f69e1a1b91086ce77a,d0b02e67e97a435192bf43f7bb0f902c,LiDAR,LIDAR_TOP_RIGHT,1701174188025978,True,samples,samples/LIDAR_TOP_RIGHT/LIDAR_TOP_RIGHT_1701174188025978.pcd
63e40514a63c4cbeaea37317efe04285,5ab589390a0f4fc9a6e5acd152aea650,d0b02e67e97a435192bf43f7bb0f902c,LiDAR,LIDAR_TOP_RIGHT,1701174188525919,True,samples,samples/LIDAR_TOP_RIGHT/LIDAR_TOP_RIGHT_1701174188525919.pcd
423a9b8795b54420a52f61197b6b093c,f03439e032294f6989ef7d6d91b32101,d0b02e67e97a435192bf43f7bb0f902c,LiDAR,LIDAR_TOP_RIGHT,1701174189026243,True,samples,samples/LIDAR_TOP_RIGHT/LIDAR_TOP_RIGHT_1701174189026243.pcd
db16802fe8004440b92e24bb2db7bc0d,80bf2114c8b94da1b824ade14128ea7a,d0b02e67e97a435192bf43f7bb0f902c,LiDAR,LIDAR_TOP_RIGHT,1701174189526077,True,samples,samples/LIDAR_TOP_RIGHT/LIDAR_TOP_RIGHT_1701174189526077.pcd
e0780d97292442fd83ff2e40ecb3ea13,abc3a19f07de4554ac44b788cce7315b,d0b02e67e97a435192bf43f7bb0f902c,LiDAR,LIDAR_TOP_RIGHT,1701174190026032,True,samples,samples/LIDAR_TOP_RIGHT/LIDAR_TOP_RIGHT_1701174190026032.pcd
a065cb5a726c45329baf9a4b1eaaa1a9,9d75f3c77f384353b5477c981fb46011,d0b02e67e97a435192bf43f7bb0f902c,LiDAR,LIDAR_REAR,1701174170450156,True,samples,samples/LIDAR_REAR/LIDAR_REAR_1701174170450156.pcd
7b2c2532ae1540ceb1be6a6644ff3055,d61070d1f0eb4ebdbf6a3082758cfd57,d0b02e67e97a435192bf43f7bb0f902c,LiDAR,LIDAR_REAR,1701174170950245,True,samples,samples/LIDAR_REAR/LIDAR_REAR_1701174170950245.pcd
61edc8267204431dbb4c096e1f822b94,74315069a83c4013bcacf251d9928fe1,d0b02e67e97a435192bf43f7bb0f902c,LiDAR,LIDAR_REAR,1701174171450439,True,samples,samples/LIDAR_REAR/LIDAR_REAR_1701174171450439.pcd
df7e5bd7ae9540e79566f1fc46793537,46e9fde57b0845da94c549c832796659,d0b02e67e97a435192bf43f7bb0f902c,LiDAR,LIDAR_REAR,1701174171950399,True,samples,samples/LIDAR_REAR/LIDAR_REAR_1701174171950399.pcd
3c9f1560822940ec80cda5b3954bbce8,5e7ef242185a4143814462c9fcf614c0,d0b02e67e97a435192bf43f7bb0f902c,LiDAR,LIDAR_REAR,1701174172450377,True,samples,samples/LIDAR_REAR/LIDAR_REAR_1701174172450377.pcd
679cf18dde684516b726c4593df69ac5,58813f71db1447779ee3edc3fced1b68,d0b02e67e97a435192bf43f7bb0f902c,LiDAR,LIDAR_REAR,1701174172950271,True,samples,samples/LIDAR_REAR/LIDAR_REAR_1701174172950271.pcd
3dfdac366abc4dc2ac4374e9fbf7cdeb,8fead37877da4451b2cb3fc28c0a2df9,d0b02e67e97a435192bf43f7bb0f902c,LiDAR,LIDAR_REAR,1701174173450123,True,samples,samples/LIDAR_REAR/LIDAR_REAR_1701174173450123.pcd
1e340881f6d4456c8fcccfc327deebf0,6eaa78ca11614526ae026ae75686c69e,d0b02e67e97a435192bf43f7bb0f902c,LiDAR,LIDAR_REAR,1701174173950348,True,samples,samples/LIDAR_REAR/LIDAR_REAR_1701174173950348.pcd
5f46c68aa1214c638927f13857b57316,dc80f86d4864439d98edf0612e4892dc,d0b02e67e97a435192bf43f7bb0f902c,LiDAR,LIDAR_REAR,1701174174450265,True,samples,samples/LIDAR_REAR/LIDAR_REAR_1701174174450265.pcd
3b6ddd21cdb64e058e0cc455310d597b,4d89463ec72c4a1a81f6d023b979b265,d0b02e67e97a435192bf43f7bb0f902c,LiDAR,LIDAR_REAR,1701174174950225,True,samples,samples/LIDAR_REAR/LIDAR_REAR_1701174174950225.pcd
28a1ef2cd7a447788e527774d7e837b7,5491f8939d344ac58185f2a7c73d86d7,d0b02e67e97a435192bf43f7bb0f902c,LiDAR,LIDAR_REAR,1701174175450112,True,samples,samples/LIDAR_REAR/LIDAR_REAR_1701174175450112.pcd
0dbe31ddf8244db484a111ce2e0daf4d,a87217a4529f494e9da56915badf6a85,d0b02e67e97a435192bf43f7bb0f902c,LiDAR,LIDAR_REAR,1701174175950129,True,samples,samples/LIDAR_REAR/LIDAR_REAR_1701174175950129.pcd
56829998ffc64be49323aad30eb84c90,18049a9e579045b0bffd3fd107fc7ee7,d0b02e67e97a435192bf43f7bb0f902c,LiDAR,LIDAR_REAR,1701174176450089,True,samples,samples/LIDAR_REAR/LIDAR_REAR_1701174176450089.pcd
b9e51490d44a45a0b2807623d8fca1db,eb1934dd31474c05868325b6c31fc2df,d0b02e67e97a435192bf43f7bb0f902c,LiDAR,LIDAR_REAR,1701174176950054,True,samples,samples/LIDAR_REAR/LIDAR_REAR_1701174176950054.pcd
7691b3cc77474215a4a654bde68677e1,1e4312d50f3f432e95142cfe773af936,d0b02e67e97a435192bf43f7bb0f902c,LiDAR,LIDAR_REAR,1701174177450062,True,samples,samples/LIDAR_REAR/LIDAR_REAR_1701174177450062.pcd
416ae2a6cde84ff8ac8d58399f410452,890b47ea4045423a9b0ca56f584c1aee,d0b02e67e97a435192bf43f7bb0f902c,LiDAR,LIDAR_REAR,1701174177950031,True,samples,samples/LIDAR_REAR/LIDAR_REAR_1701174177950031.pcd
e7944222bd51489aab7d317d32ad56bd,960323dc7d534ab5aa9280808a29f280,d0b02e67e97a435192bf43f7bb0f902c,LiDAR,LIDAR_REAR,1701174178449885,True,samples,samples/LIDAR_REAR/LIDAR_REAR_1701174178449885.pcd
20966ffa591641639f64bc5d8d357aad,e4615d6d7e5b4d8989a3bed70a3f8aba,d0b02e67e97a435192bf43f7bb0f902c,LiDAR,LIDAR_REAR,1701174178950011,True,samples,samples/LIDAR_REAR/LIDAR_REAR_1701174178950011.pcd
92d2448c722b4142b1ae51a75c549be8,b512ae4bb98c4adcb570163a783ba1b1,d0b02e67e97a435192bf43f7bb0f902c,LiDAR,LIDAR_REAR,1701174179450021,True,samples,samples/LIDAR_REAR/LIDAR_REAR_1701174179450021.pcd
1fb7bb8968aa4f939b6b03ea91b41bfc,5506016eb8744666a78cdf74299839bb,d0b02e67e97a435192bf43f7bb0f902c,LiDAR,LIDAR_REAR,1701174179949991,True,samples,samples/LIDAR_REAR/LIDAR_REAR_1701174179949991.pcd
56f57eba2323467bbea1bd253e9087dc,05dd1b152df640e5bb7b915f5758b739,d0b02e67e97a435192bf43f7bb0f902c,LiDAR,LIDAR_REAR,1701174180449932,True,samples,samples/LIDAR_REAR/LIDAR_REAR_1701174180449932.pcd
0a531ae418654113821115faeb192c07,42d984d09e10442096c330abcaaa16b8,d0b02e67e97a435192bf43f7bb0f902c,LiDAR,LIDAR_REAR,1701174180949908,True,samples,samples/LIDAR_REAR/LIDAR_REAR_1701174180949908.pcd
1d72284637fc4934948e604cdd0fdfa0,820da4bfc83143079d6444793dea903a,d0b02e67e97a435192bf43f7bb0f902c,LiDAR,LIDAR_REAR,1701174181449988,True,samples,samples/LIDAR_REAR/LIDAR_REAR_1701174181449988.pcd
3e5ebbf5eafb4bd7b2be2dd0b47b7652,e261df7d29c84cde8d408c5571ae44a5,d0b02e67e97a435192bf43f7bb0f902c,LiDAR,LIDAR_REAR,1701174181950068,True,samples,samples/LIDAR_REAR/LIDAR_REAR_1701174181950068.pcd
c7ce277435724f8195295ad07257929f,cf11812a2090490bb96be72aa701cd97,d0b02e67e97a435192bf43f7bb0f902c,LiDAR,LIDAR_REAR,1701174182450187,True,samples,samples/LIDAR_REAR/LIDAR_REAR_1701174182450187.pcd
f5aa21c220b84ab7a92b88d7c5855ffb,8632c70a010c410ea60e0e03c605659a,d0b02e67e97a435192bf43f7bb0f902c,LiDAR,LIDAR_REAR,1701174182950324,True,samples,samples/LIDAR_REAR/LIDAR_REAR_1701174182950324.pcd
5e072e1f0feb40b4a50d14f28ead3341,2a75e8b11a3b4e64bbea3de7c0886379,d0b02e67e97a435192bf43f7bb0f902c,LiDAR,LIDAR_REAR,1701174183450323,True,samples,samples/LIDAR_REAR/LIDAR_REAR_1701174183450323.pcd
8e160df32ee749feb3138a9fe7ed61d3,2f54f880546c4537b1562888bef4a710,d0b02e67e97a435192bf43f7bb0f902c,LiDAR,LIDAR_REAR,1701174183950297,True,samples,samples/LIDAR_REAR/LIDAR_REAR_1701174183950297.pcd
3127923dceeb466494ac1890463fe33d,e59952ad704f4cb58c01f74e21c6251c,d0b02e67e97a435192bf43f7bb0f902c,LiDAR,LIDAR_REAR,1701174184450081,True,samples,samples/LIDAR_REAR/LIDAR_REAR_1701174184450081.pcd
89c1f5f3145540fead412f510cabe124,ecac575c0ef94854bd31474102fc7bdd,d0b02e67e97a435192bf43f7bb0f902c,LiDAR,LIDAR_REAR,1701174184950150,True,samples,samples/LIDAR_REAR/LIDAR_REAR_1701174184950150.pcd
d0494cc3a7f748a9ad06507b442f6009,ae92726ca1c7497b8d312122603399ec,d0b02e67e97a435192bf43f7bb0f902c,LiDAR,LIDAR_REAR,1701174185450327,True,samples,samples/LIDAR_REAR/LIDAR_REAR_1701174185450327.pcd
8db58a13b3a44745b641b05794f18f09,22f971faaa804e60a46de1b33b76167c,d0b02e67e97a435192bf43f7bb0f902c,LiDAR,LIDAR_REAR,1701174185950291,True,samples,samples/LIDAR_REAR/LIDAR_REAR_1701174185950291.pcd
041072804b564d8f98d59ec59b6a95e1,31f10293e9214bcda362d7d968b80297,d0b02e67e97a435192bf43f7bb0f902c,LiDAR,LIDAR_REAR,1701174186450279,True,samples,samples/LIDAR_REAR/LIDAR_REAR_1701174186450279.pcd
019fc920121045569cd8e22c45159ac5,f5db1031dd334e8c8eb03bedf91c5bba,d0b02e67e97a435192bf43f7bb0f902c,LiDAR,LIDAR_REAR,1701174186950300,True,samples,samples/LIDAR_REAR/LIDAR_REAR_1701174186950300.pcd
7b0517101da945fe950e36682b84811c,f30cc75a84fd4777b255f7d540c150d6,d0b02e67e97a435192bf43f7bb0f902c,LiDAR,LIDAR_REAR,1701174187450141,True,samples,samples/LIDAR_REAR/LIDAR_REAR_1701174187450141.pcd
de33021b224746b4b035f73a67549ad1,ac4e4e1e38fc42f69e1a1b91086ce77a,d0b02e67e97a435192bf43f7bb0f902c,LiDAR,LIDAR_REAR,1701174187950200,True,samples,samples/LIDAR_REAR/LIDAR_REAR_1701174187950200.pcd
f74c41434bf74d868d07dd25947de02b,5ab589390a0f4fc9a6e5acd152aea650,d0b02e67e97a435192bf43f7bb0f902c,LiDAR,LIDAR_REAR,1701174188450115,True,samples,samples/LIDAR_REAR/LIDAR_REAR_1701174188450115.pcd
1b9301d7d2be4eb49ec9083ad3961037,f03439e032294f6989ef7d6d91b32101,d0b02e67e97a435192bf43f7bb0f902c,LiDAR,LIDAR_REAR,1701174188950239,True,samples,samples/LIDAR_REAR/LIDAR_REAR_1701174188950239.pcd
5ed652c791394d08815245978977d9ad,80bf2114c8b94da1b824ade14128ea7a,d0b02e67e97a435192bf43f7bb0f902c,LiDAR,LIDAR_REAR,1701174189450189,True,samples,samples/LIDAR_REAR/LIDAR_REAR_1701174189450189.pcd
22e0bb927f124c909c526d68f4753540,abc3a19f07de4554ac44b788cce7315b,d0b02e67e97a435192bf43f7bb0f902c,LiDAR,LIDAR_REAR,1701174189950312,True,samples,samples/LIDAR_REAR/LIDAR_REAR_1701174189950312.pcd
0c93cdabc71b4cff9e19bbf239c2c64b,e9f4a50a1b0a41a492edf7a4870f594c,b13b6eb5c4bf4479a631372af53baf28,LiDAR,LIDAR_LEFT,1699973974887402,True,samples,samples/LIDAR_LEFT/LIDAR_LEFT_1699973974887402.pcd
a9db5afedf1046c1a62935d1ee64a7c6,80587e2bcbc24524967ae3d9ebb2517a,b13b6eb5c4bf4479a631372af53baf28,LiDAR,LIDAR_LEFT,1699973975387756,True,samples,samples/LIDAR_LEFT/LIDAR_LEFT_1699973975387756.pcd
2d9b8e86d5ab4bf3b473925361f04d48,ce95e0afbb7245018e8645c3fd8a1bc6,b13b6eb5c4bf4479a631372af53baf28,LiDAR,LIDAR_LEFT,1699973975887524,True,samples,samples/LIDAR_LEFT/LIDAR_LEFT_1699973975887524.pcd
55a28063f5c24440bf2124cac389efeb,3d64d76d8a914f1dad6e09956d6443b7,b13b6eb5c4bf4479a631372af53baf28,LiDAR,LIDAR_LEFT,1699973976387158,True,samples,samples/LIDAR_LEFT/LIDAR_LEFT_1699973976387158.pcd
51e6e397bb404b47a718a95a877fec90,db3eb0f710004882b55e2dd1e7b9f606,b13b6eb5c4bf4479a631372af53baf28,LiDAR,LIDAR_LEFT,1699973976886760,True,samples,samples/LIDAR_LEFT/LIDAR_LEFT_1699973976886760.pcd
ca95fa50a732402b93e310eb4344b79e,fc4f2122f1d44b22bf8ad29854af135f,b13b6eb5c4bf4479a631372af53baf28,LiDAR,LIDAR_LEFT,1699973977386636,True,samples,samples/LIDAR_LEFT/LIDAR_LEFT_1699973977386636.pcd
fc2af5ef80514ec5973cea267e0f2f44,c0b2ee117e004da190dcfd033a30f641,b13b6eb5c4bf4479a631372af53baf28,LiDAR,LIDAR_LEFT,1699973977887331,True,samples,samples/LIDAR_LEFT/LIDAR_LEFT_1699973977887331.pcd
47735f82384e4b8787bb67a3aab45bb9,4fdb484979df426c9c795f52552887e7,b13b6eb5c4bf4479a631372af53baf28,LiDAR,LIDAR_LEFT,1699973978387795,True,samples,samples/LIDAR_LEFT/LIDAR_LEFT_1699973978387795.pcd
1ff1729756df43e7a95000a77dff477f,0ffd727ee4d04207843493199bf12fe9,b13b6eb5c4bf4479a631372af53baf28,LiDAR,LIDAR_LEFT,1699973978888160,True,samples,samples/LIDAR_LEFT/LIDAR_LEFT_1699973978888160.pcd
001f586ea9e44b4789578ef288bc5171,728fb789245746ae9c5979f49181de0a,b13b6eb5c4bf4479a631372af53baf28,LiDAR,LIDAR_LEFT,1699973979388171,True,samples,samples/LIDAR_LEFT/LIDAR_LEFT_1699973979388171.pcd
a5b57df2435644abb773ee22624b240c,301cc77681c94addbbafd10011477b45,b13b6eb5c4bf4479a631372af53baf28,LiDAR,LIDAR_LEFT,1699973979887556,True,samples,samples/LIDAR_LEFT/LIDAR_LEFT_1699973979887556.pcd
4f54d9215b2c48cf924c34015534cc31,0a7844ac9902454292fe37c39d7e27ba,b13b6eb5c4bf4479a631372af53baf28,LiDAR,LIDAR_LEFT,1699973980387331,True,samples,samples/LIDAR_LEFT/LIDAR_LEFT_1699973980387331.pcd
4a968c406fe940ae9fa3e462b773d151,69a9e258759e4c43931a00be16410656,b13b6eb5c4bf4479a631372af53baf28,LiDAR,LIDAR_LEFT,1699973980887581,True,samples,samples/LIDAR_LEFT/LIDAR_LEFT_1699973980887581.pcd
723a3f49042d4b78898eb2f2b9a89088,0efe8fc67f014c2ebaf8b12581ae2b6d,b13b6eb5c4bf4479a631372af53baf28,LiDAR,LIDAR_LEFT,1699973981387773,True,samples,samples/LIDAR_LEFT/LIDAR_LEFT_1699973981387773.pcd
5f7e5324493d49f08ef7357cad71ac9c,bd668ece51fe418db7990a8539513299,b13b6eb5c4bf4479a631372af53baf28,LiDAR,LIDAR_LEFT,1699973981887478,True,samples,samples/LIDAR_LEFT/LIDAR_LEFT_1699973981887478.pcd
d1393c80443b498c81b2f9aac7df7d00,848b9e73fd014bf0a78da8c453978822,b13b6eb5c4bf4479a631372af53baf28,LiDAR,LIDAR_LEFT,1699973982387310,True,samples,samples/LIDAR_LEFT/LIDAR_LEFT_1699973982387310.pcd
37cdbb7ae6d54d18aba9cc7996c88e41,f7266f0631c84eac82c76a41a661eda1,b13b6eb5c4bf4479a631372af53baf28,LiDAR,LIDAR_LEFT,1699973982887592,True,samples,samples/LIDAR_LEFT/LIDAR_LEFT_1699973982887592.pcd
67deaf0848bf4990aa491a4b83274791,3f58555db3e348fd911d4a6df37d83d0,b13b6eb5c4bf4479a631372af53baf28,LiDAR,LIDAR_LEFT,1699973983387729,True,samples,samples/LIDAR_LEFT/LIDAR_LEFT_1699973983387729.pcd
b30793cb6c4d4436a1521b00be382c05,233456c1dd114acab949de6a6bb8c704,b13b6eb5c4bf4479a631372af53baf28,LiDAR,LIDAR_LEFT,1699973983887418,True,samples,samples/LIDAR_LEFT/LIDAR_LEFT_1699973983887418.pcd
ab1b077128d24b649963000f555f77a0,1cfd4f53ec5b4d5fa4ced38e29274968,b13b6eb5c4bf4479a631372af53baf28,LiDAR,LIDAR_LEFT,1699973984387309,True,samples,samples/LIDAR_LEFT/LIDAR_LEFT_1699973984387309.pcd
52c67c80ce3e4408bb32ed7788441590,0085b50c1d064bbba1c214e4d712d514,b13b6eb5c4bf4479a631372af53baf28,LiDAR,LIDAR_LEFT,1699973984887237,True,samples,samples/LIDAR_LEFT/LIDAR_LEFT_1699973984887237.pcd
229f4fd9a0e548b9a68de3b129c62490,4235fb5749094aeca76c365d88d2e901,b13b6eb5c4bf4479a631372af53baf28,LiDAR,LIDAR_LEFT,1699973985387310,True,samples,samples/LIDAR_LEFT/LIDAR_LEFT_1699973985387310.pcd
59cf31c379984194b30a1667ea22938d,9e7a04dbb9dd4f41a103ef7280d51b19,b13b6eb5c4bf4479a631372af53baf28,LiDAR,LIDAR_LEFT,1699973985887588,True,samples,samples/LIDAR_LEFT/LIDAR_LEFT_1699973985887588.pcd
190854cee63948bcb93aa5d71b58509b,4658e0b5cf6446b19273607532f1d7a8,b13b6eb5c4bf4479a631372af53baf28,LiDAR,LIDAR_LEFT,1699973986387815,True,samples,samples/LIDAR_LEFT/LIDAR_LEFT_1699973986387815.pcd
71b98774cd794c05b139dccb107aa7ba,ab1028c0aef4497481ce6ead95eae8b4,b13b6eb5c4bf4479a631372af53baf28,LiDAR,LIDAR_LEFT,1699973986887909,True,samples,samples/LIDAR_LEFT/LIDAR_LEFT_1699973986887909.pcd
ad38faf88bb24c3f9ef27f043ff12489,9698580f407f42b3a66fa06c3d67fc7b,b13b6eb5c4bf4479a631372af53baf28,LiDAR,LIDAR_LEFT,1699973987387829,True,samples,samples/LIDAR_LEFT/LIDAR_LEFT_1699973987387829.pcd
f449508850cc49edb218ff78d101e43e,3513b52c0aff4b35b81bea8dc55ede6b,b13b6eb5c4bf4479a631372af53baf28,LiDAR,LIDAR_LEFT,1699973987887422,True,samples,samples/LIDAR_LEFT/LIDAR_LEFT_1699973987887422.pcd
e6518b82d2554f4c8a2c3cf08503af89,9d872a2768df4239af24b78af494435f,b13b6eb5c4bf4479a631372af53baf28,LiDAR,LIDAR_LEFT,1699973988387123,True,samples,samples/LIDAR_LEFT/LIDAR_LEFT_1699973988387123.pcd
f1552eeb752e494c81d026c34f9e341a,9f4cd7e6a69444c7afa7208021183235,b13b6eb5c4bf4479a631372af53baf28,LiDAR,LIDAR_LEFT,1699973988886963,True,samples,samples/LIDAR_LEFT/LIDAR_LEFT_1699973988886963.pcd
d2f01c3d35334618835798a6d42eadde,01ac03ac6766489fb3bcd9ecf5700ce5,b13b6eb5c4bf4479a631372af53baf28,LiDAR,LIDAR_LEFT,1699973989387031,True,samples,samples/LIDAR_LEFT/LIDAR_LEFT_1699973989387031.pcd
09d9d88933c648749f05a5f49ca3b80f,5ecba197ec55474fbb2a146cd1ca2594,b13b6eb5c4bf4479a631372af53baf28,LiDAR,LIDAR_LEFT,1699973989887688,True,samples,samples/LIDAR_LEFT/LIDAR_LEFT_1699973989887688.pcd
80634a4935f84b09b32c50caca1ed5ec,30c09473abfb4055ade3017dd7875cb6,b13b6eb5c4bf4479a631372af53baf28,LiDAR,LIDAR_LEFT,1699973990387810,True,samples,samples/LIDAR_LEFT/LIDAR_LEFT_1699973990387810.pcd
9efeda52c7d145d780a633fac5ba4fcb,57f8607a62fd4faa8b7a0bb5458c6a1d,b13b6eb5c4bf4479a631372af53baf28,LiDAR,LIDAR_LEFT,1699973990887697,True,samples,samples/LIDAR_LEFT/LIDAR_LEFT_1699973990887697.pcd
30802f1d855b4294b83cc19713f11193,6971d80d24be4b029be0e143233f4261,b13b6eb5c4bf4479a631372af53baf28,LiDAR,LIDAR_LEFT,1699973991387589,True,samples,samples/LIDAR_LEFT/LIDAR_LEFT_1699973991387589.pcd
6666a2e7cecb4c31bf9725d5811a08f2,63ca8d3dcbb0491a9a77079626a73c0d,b13b6eb5c4bf4479a631372af53baf28,LiDAR,LIDAR_LEFT,1699973991887342,True,samples,samples/LIDAR_LEFT/LIDAR_LEFT_1699973991887342.pcd
b70cf2ede58645c49cc2cabc57b9391e,cdcb5969e1824bc4bd262ff795fbeae1,b13b6eb5c4bf4479a631372af53baf28,LiDAR,LIDAR_LEFT,1699973992387548,True,samples,samples/LIDAR_LEFT/LIDAR_LEFT_1699973992387548.pcd
b880213d99984b5a9eefc5220606b41a,843eca25e8c742deb381c7ed8642fb40,b13b6eb5c4bf4479a631372af53baf28,LiDAR,LIDAR_LEFT,1699973992887894,True,samples,samples/LIDAR_LEFT/LIDAR_LEFT_1699973992887894.pcd
2574f98479194ca7a472bcd09a5ff115,053bc5e0decd465aa6fc47606f82b17f,b13b6eb5c4bf4479a631372af53baf28,LiDAR,LIDAR_LEFT,1699973993388006,True,samples,samples/LIDAR_LEFT/LIDAR_LEFT_1699973993388006.pcd
f3b38186f57d43798bdc4336f5fc016d,709d08c09f2c4c0e81dd3ecf76e57168,b13b6eb5c4bf4479a631372af53baf28,LiDAR,LIDAR_LEFT,1699973993887459,True,samples,samples/LIDAR_LEFT/LIDAR_LEFT_1699973993887459.pcd
8787038409974ef78681e98368b8c793,4808479e83bc48d78248ece72cb7ae5f,b13b6eb5c4bf4479a631372af53baf28,LiDAR,LIDAR_LEFT,1699973994387123,True,samples,samples/LIDAR_LEFT/LIDAR_LEFT_1699973994387123.pcd
c72b4ed356ce4785890d54a68bf6648d,e9f4a50a1b0a41a492edf7a4870f594c,b13b6eb5c4bf4479a631372af53baf28,LiDAR,LIDAR_RIGHT,1699973974912696,True,samples,samples/LIDAR_RIGHT/LIDAR_RIGHT_1699973974912696.pcd
40dfbb3aa72442f5934c4b44ac4657ca,80587e2bcbc24524967ae3d9ebb2517a,b13b6eb5c4bf4479a631372af53baf28,LiDAR,LIDAR_RIGHT,1699973975412714,True,samples,samples/LIDAR_RIGHT/LIDAR_RIGHT_1699973975412714.pcd
52a9ae665ddd485e9a64d76bc9b967ea,ce95e0afbb7245018e8645c3fd8a1bc6,b13b6eb5c4bf4479a631372af53baf28,LiDAR,LIDAR_RIGHT,1699973975912434,True,samples,samples/LIDAR_RIGHT/LIDAR_RIGHT_1699973975912434.pcd
4dfe4126550e4e61979a6785e01be1ee,3d64d76d8a914f1dad6e09956d6443b7,b13b6eb5c4bf4479a631372af53baf28,LiDAR,LIDAR_RIGHT,1699973976412677,True,samples,samples/LIDAR_RIGHT/LIDAR_RIGHT_1699973976412677.pcd
ad516c2e19144542884a69d671beea64,db3eb0f710004882b55e2dd1e7b9f606,b13b6eb5c4bf4479a631372af53baf28,LiDAR,LIDAR_RIGHT,1699973976913237,True,samples,samples/LIDAR_RIGHT/LIDAR_RIGHT_1699973976913237.pcd
fd9f4537754644a4a35b07c366d7db3f,fc4f2122f1d44b22bf8ad29854af135f,b13b6eb5c4bf4479a631372af53baf28,LiDAR,LIDAR_RIGHT,1699973977413361,True,samples,samples/LIDAR_RIGHT/LIDAR_RIGHT_1699973977413361.pcd
45eab8597edc4108a6a7234577cbf82f,c0b2ee117e004da190dcfd033a30f641,b13b6eb5c4bf4479a631372af53baf28,LiDAR,LIDAR_RIGHT,1699973977912681,True,samples,samples/LIDAR_RIGHT/LIDAR_RIGHT_1699973977912681.pcd
fa66382988d546ea9a9e24a4eb911480,4fdb484979df426c9c795f52552887e7,b13b6eb5c4bf4479a631372af53baf28,LiDAR,LIDAR_RIGHT,1699973978412607,True,samples,samples/LIDAR_RIGHT/LIDAR_RIGHT_1699973978412607.pcd
a1b84f4ee3d84630a98bb3d3c5b9ac05,0ffd727ee4d04207843493199bf12fe9,b13b6eb5c4bf4479a631372af53baf28,LiDAR,LIDAR_RIGHT,1699973978912611,True,samples,samples/LIDAR_RIGHT/LIDAR_RIGHT_1699973978912611.pcd
cf4e294784774fc3ba73a986d387d5b6,728fb789245746ae9c5979f49181de0a,b13b6eb5c4bf4479a631372af53baf28,LiDAR,LIDAR_RIGHT,1699973979412474,True,samples,samples/LIDAR_RIGHT/LIDAR_RIGHT_1699973979412474.pcd
939eb10159e540dc8c2b06f8d7e91ad5,301cc77681c94addbbafd10011477b45,b13b6eb5c4bf4479a631372af53baf28,LiDAR,LIDAR_RIGHT,1699973979912392,True,samples,samples/LIDAR_RIGHT/LIDAR_RIGHT_1699973979912392.pcd
a87f5bcaf7a24972b78cc478e0f20855,0a7844ac9902454292fe37c39d7e27ba,b13b6eb5c4bf4479a631372af53baf28,LiDAR,LIDAR_RIGHT,1699973980412785,True,samples,samples/LIDAR_RIGHT/LIDAR_RIGHT_1699973980412785.pcd
d617a159032a4cdf8522d2017767b8c9,69a9e258759e4c43931a00be16410656,b13b6eb5c4bf4479a631372af53baf28,LiDAR,LIDAR_RIGHT,1699973980912446,True,samples,samples/LIDAR_RIGHT/LIDAR_RIGHT_1699973980912446.pcd
d815cb1b5df64c97beabf262ad784fbd,0efe8fc67f014c2ebaf8b12581ae2b6d,b13b6eb5c4bf4479a631372af53baf28,LiDAR,LIDAR_RIGHT,1699973981412615,True,samples,samples/LIDAR_RIGHT/LIDAR_RIGHT_1699973981412615.pcd
a77c78a88c8f4d4d8db8497bd92a13b8,bd668ece51fe418db7990a8539513299,b13b6eb5c4bf4479a631372af53baf28,LiDAR,LIDAR_RIGHT,1699973981912733,True,samples,samples/LIDAR_RIGHT/LIDAR_RIGHT_1699973981912733.pcd
c8c22657085c4b70be3aeafd63c81b4e,848b9e73fd014bf0a78da8c453978822,b13b6eb5c4bf4479a631372af53baf28,LiDAR,LIDAR_RIGHT,1699973982412394,True,samples,samples/LIDAR_RIGHT/LIDAR_RIGHT_1699973982412394.pcd
fa6925f14e7e4b6db5863a64e6e494cc,f7266f0631c84eac82c76a41a661eda1,b13b6eb5c4bf4479a631372af53baf28,LiDAR,LIDAR_RIGHT,1699973982912545,True,samples,samples/LIDAR_RIGHT/LIDAR_RIGHT_1699973982912545.pcd
33e7a9971a974d8bbd471b25b7233670,3f58555db3e348fd911d4a6df37d83d0,b13b6eb5c4bf4479a631372af53baf28,LiDAR,LIDAR_RIGHT,1699973983412696,True,samples,samples/LIDAR_RIGHT/LIDAR_RIGHT_1699973983412696.pcd
7c91308596964908944df58e00fe900a,233456c1dd114acab949de6a6bb8c704,b13b6eb5c4bf4479a631372af53baf28,LiDAR,LIDAR_RIGHT,1699973983912405,True,samples,samples/LIDAR_RIGHT/LIDAR_RIGHT_1699973983912405.pcd
69a9c456e3ea4ebf9207d8ed8f492447,1cfd4f53ec5b4d5fa4ced38e29274968,b13b6eb5c4bf4479a631372af53baf28,LiDAR,LIDAR_RIGHT,1699973984412564,True,samples,samples/LIDAR_RIGHT/LIDAR_RIGHT_1699973984412564.pcd
962d675a9d0a48829ef221c15d6e7a64,0085b50c1d064bbba1c214e4d712d514,b13b6eb5c4bf4479a631372af53baf28,LiDAR,LIDAR_RIGHT,1699973984913119,True,samples,samples/LIDAR_RIGHT/LIDAR_RIGHT_1699973984913119.pcd
ecdacf26dbe04979a122bf4371d897c1,4235fb5749094aeca76c365d88d2e901,b13b6eb5c4bf4479a631372af53baf28,LiDAR,LIDAR_RIGHT,1699973985413279,True,samples,samples/LIDAR_RIGHT/LIDAR_RIGHT_1699973985413279.pcd
eaca6e64cb4f42be991122cf565316bc,9e7a04dbb9dd4f41a103ef7280d51b19,b13b6eb5c4bf4479a631372af53baf28,LiDAR,LIDAR_RIGHT,1699973985912601,True,samples,samples/LIDAR_RIGHT/LIDAR_RIGHT_1699973985912601.pcd
6938686e18914758b43222a73045b472,4658e0b5cf6446b19273607532f1d7a8,b13b6eb5c4bf4479a631372af53baf28,LiDAR,LIDAR_RIGHT,1699973986412543,True,samples,samples/LIDAR_RIGHT/LIDAR_RIGHT_1699973986412543.pcd
555ab2824d6d4a149a1d2ddb087f4bad,ab1028c0aef4497481ce6ead95eae8b4,b13b6eb5c4bf4479a631372af53baf28,LiDAR,LIDAR_RIGHT,1699973986912482,True,samples,samples/LIDAR_RIGHT/LIDAR_RIGHT_1699973986912482.pcd
067950bc451d496aa809992a5063c33a,9698580f407f42b3a66fa06c3d67fc7b,b13b6eb5c4bf4479a631372af53baf28,LiDAR,LIDAR_RIGHT,1699973987412329,True,samples,samples/LIDAR_RIGHT/LIDAR_RIGHT_1699973987412329.pcd
9d44e0e47383453db89f688ac1cfd4d5,3513b52c0aff4b35b81bea8dc55ede6b,b13b6eb5c4bf4479a631372af53baf28,LiDAR,LIDAR_RIGHT,1699973987912558,True,samples,samples/LIDAR_RIGHT/LIDAR_RIGHT_1699973987912558.pcd
694febeec2a64c798d5559260fe7785a,9d872a2768df4239af24b78af494435f,b13b6eb5c4bf4479a631372af53baf28,LiDAR,LIDAR_RIGHT,1699973988413131,True,samples,samples/LIDAR_RIGHT/LIDAR_RIGHT_1699973988413131.pcd
25bb2839231b4bcc9050876381dc8e27,9f4cd7e6a69444c7afa7208021183235,b13b6eb5c4bf4479a631372af53baf28,LiDAR,LIDAR_RIGHT,1699973988913703,True,samples,samples/LIDAR_RIGHT/LIDAR_RIGHT_1699973988913703.pcd
d2cca3c8fd8f4de1947c8e7632198a1b,01ac03ac6766489fb3bcd9ecf5700ce5,b13b6eb5c4bf4479a631372af53baf28,LiDAR,LIDAR_RIGHT,1699973989413792,True,samples,samples/LIDAR_RIGHT/LIDAR_RIGHT_1699973989413792.pcd
0bba880524594d23ac0dd4eacd8013f2,5ecba197ec55474fbb2a146cd1ca2594,b13b6eb5c4bf4479a631372af53baf28,LiDAR,LIDAR_RIGHT,1699973989912976,True,samples,samples/LIDAR_RIGHT/LIDAR_RIGHT_1699973989912976.pcd
8fa5e522df8b4cd5bf24bc005358fbdb,30c09473abfb4055ade3017dd7875cb6,b13b6eb5c4bf4479a631372af53baf28,LiDAR,LIDAR_RIGHT,1699973990412792,True,samples,samples/LIDAR_RIGHT/LIDAR_RIGHT_1699973990412792.pcd
dfd661a29a29443f8f6a24da39e94ce8,57f8607a62fd4faa8b7a0bb5458c6a1d,b13b6eb5c4bf4479a631372af53baf28,LiDAR,LIDAR_RIGHT,1699973990912751,True,samples,samples/LIDAR_RIGHT/LIDAR_RIGHT_1699973990912751.pcd
cfafe581cc544fdfa79ba7ed089a2af7,6971d80d24be4b029be0e143233f4261,b13b6eb5c4bf4479a631372af53baf28,LiDAR,LIDAR_RIGHT,1699973991412594,True,samples,samples/LIDAR_RIGHT/LIDAR_RIGHT_1699973991412594.pcd
5773b974cc3f4b7d92e0d56898dd4294,63ca8d3dcbb0491a9a77079626a73c0d,b13b6eb5c4bf4479a631372af53baf28,LiDAR,LIDAR_RIGHT,1699973991912329,True,samples,samples/LIDAR_RIGHT/LIDAR_RIGHT_1699973991912329.pcd
59452bcfb9dc4b8b8760d9f3ba69602c,cdcb5969e1824bc4bd262ff795fbeae1,b13b6eb5c4bf4479a631372af53baf28,LiDAR,LIDAR_RIGHT,1699973992412643,True,samples,samples/LIDAR_RIGHT/LIDAR_RIGHT_1699973992412643.pcd
58213022af23473090bdf8e53e4c9717,843eca25e8c742deb381c7ed8642fb40,b13b6eb5c4bf4479a631372af53baf28,LiDAR,LIDAR_RIGHT,1699973992913258,True,samples,samples/LIDAR_RIGHT/LIDAR_RIGHT_1699973992913258.pcd
fc5bf4fc64754e3683f3db73aca06e61,053bc5e0decd465aa6fc47606f82b17f,b13b6eb5c4bf4479a631372af53baf28,LiDAR,LIDAR_RIGHT,1699973993413467,True,samples,samples/LIDAR_RIGHT/LIDAR_RIGHT_1699973993413467.pcd
73271917e8764987821564c91bda2c70,709d08c09f2c4c0e81dd3ecf76e57168,b13b6eb5c4bf4479a631372af53baf28,LiDAR,LIDAR_RIGHT,1699973993912731,True,samples,samples/LIDAR_RIGHT/LIDAR_RIGHT_1699973993912731.pcd
9b67f55d52b847b6b46a22076e7500af,4808479e83bc48d78248ece72cb7ae5f,b13b6eb5c4bf4479a631372af53baf28,LiDAR,LIDAR_RIGHT,1699973994412617,True,samples,samples/LIDAR_RIGHT/LIDAR_RIGHT_1699973994412617.pcd
4c2c93c7057441d78ac6d2e442b06424,e9f4a50a1b0a41a492edf7a4870f594c,b13b6eb5c4bf4479a631372af53baf28,LiDAR,LIDAR_TOP_FRONT,1699973974901176,True,samples,samples/LIDAR_TOP_FRONT/LIDAR_TOP_FRONT_1699973974901176.pcd
419da36ef64e40d780c0d655c140b222,80587e2bcbc24524967ae3d9ebb2517a,b13b6eb5c4bf4479a631372af53baf28,LiDAR,LIDAR_TOP_FRONT,1699973975400853,True,samples,samples/LIDAR_TOP_FRONT/LIDAR_TOP_FRONT_1699973975400853.pcd
00d3802b084b4a0ca0207fce83f8417a,ce95e0afbb7245018e8645c3fd8a1bc6,b13b6eb5c4bf4479a631372af53baf28,LiDAR,LIDAR_TOP_FRONT,1699973975900995,True,samples,samples/LIDAR_TOP_FRONT/LIDAR_TOP_FRONT_1699973975900995.pcd
495991136f4c49ae908914bbc897372f,3d64d76d8a914f1dad6e09956d6443b7,b13b6eb5c4bf4479a631372af53baf28,LiDAR,LIDAR_TOP_FRONT,1699973976401153,True,samples,samples/LIDAR_TOP_FRONT/LIDAR_TOP_FRONT_1699973976401153.pcd
705f0154887b4a57a38a19e5194f7da4,db3eb0f710004882b55e2dd1e7b9f606,b13b6eb5c4bf4479a631372af53baf28,LiDAR,LIDAR_TOP_FRONT,1699973976901179,True,samples,samples/LIDAR_TOP_FRONT/LIDAR_TOP_FRONT_1699973976901179.pcd
6f07d9fbabf346f785469ac3d26a08bc,fc4f2122f1d44b22bf8ad29854af135f,b13b6eb5c4bf4479a631372af53baf28,LiDAR,LIDAR_TOP_FRONT,1699973977400993,True,samples,samples/LIDAR_TOP_FRONT/LIDAR_TOP_FRONT_1699973977400993.pcd
d42fa4f29aac4cd4ba57553810547805,c0b2ee117e004da190dcfd033a30f641,b13b6eb5c4bf4479a631372af53baf28,LiDAR,LIDAR_TOP_FRONT,1699973977901076,True,samples,samples/LIDAR_TOP_FRONT/LIDAR_TOP_FRONT_1699973977901076.pcd
582930f66f1f4fed87130f46cd64ba35,4fdb484979df426c9c795f52552887e7,b13b6eb5c4bf4479a631372af53baf28,LiDAR,LIDAR_TOP_FRONT,1699973978400998,True,samples,samples/LIDAR_TOP_FRONT/LIDAR_TOP_FRONT_1699973978400998.pcd
c1895f5da85040e9b8ba43cf7ecc491b,0ffd727ee4d04207843493199bf12fe9,b13b6eb5c4bf4479a631372af53baf28,LiDAR,LIDAR_TOP_FRONT,1699973978900968,True,samples,samples/LIDAR_TOP_FRONT/LIDAR_TOP_FRONT_1699973978900968.pcd
ce65f6ab31dc4e5fafc43e0bfa9d00d2,728fb789245746ae9c5979f49181de0a,b13b6eb5c4bf4479a631372af53baf28,LiDAR,LIDAR_TOP_FRONT,1699973979400807,True,samples,samples/LIDAR_TOP_FRONT/LIDAR_TOP_FRONT_1699973979400807.pcd
2e51c3247782413ca5572581b13c91d2,301cc77681c94addbbafd10011477b45,b13b6eb5c4bf4479a631372af53baf28,LiDAR,LIDAR_TOP_FRONT,1699973979901019,True,samples,samples/LIDAR_TOP_FRONT/LIDAR_TOP_FRONT_1699973979901019.pcd
660e359635f34666a2e958b51aae3917,0a7844ac9902454292fe37c39d7e27ba,b13b6eb5c4bf4479a631372af53baf28,LiDAR,LIDAR_TOP_FRONT,1699973980400833,True,samples,samples/LIDAR_TOP_FRONT/LIDAR_TOP_FRONT_1699973980400833.pcd
f81851fae5274fbb90213b0f0423b00e,69a9e258759e4c43931a00be16410656,b13b6eb5c4bf4479a631372af53baf28,LiDAR,LIDAR_TOP_FRONT,1699973980900694,True,samples,samples/LIDAR_TOP_FRONT/LIDAR_TOP_FRONT_1699973980900694.pcd
fbab78fc47b64a60857c6c5b14b2904b,0efe8fc67f014c2ebaf8b12581ae2b6d,b13b6eb5c4bf4479a631372af53baf28,LiDAR,LIDAR_TOP_FRONT,1699973981400690,True,samples,samples/LIDAR_TOP_FRONT/LIDAR_TOP_FRONT_1699973981400690.pcd
9a4aa5ed08104d9f94ad9e0c52e13ae0,bd668ece51fe418db7990a8539513299,b13b6eb5c4bf4479a631372af53baf28,LiDAR,LIDAR_TOP_FRONT,1699973981900483,True,samples,samples/LIDAR_TOP_FRONT/LIDAR_TOP_FRONT_1699973981900483.pcd
93fe973f3a7e46b9bfb477df8a02238e,848b9e73fd014bf0a78da8c453978822,b13b6eb5c4bf4479a631372af53baf28,LiDAR,LIDAR_TOP_FRONT,1699973982400678,True,samples,samples/LIDAR_TOP_FRONT/LIDAR_TOP_FRONT_1699973982400678.pcd
6404c21935544aad925fc5d889bb23a8,f7266f0631c84eac82c76a41a661eda1,b13b6eb5c4bf4479a631372af53baf28,LiDAR,LIDAR_TOP_FRONT,1699973982900706,True,samples,samples/LIDAR_TOP_FRONT/LIDAR_TOP_FRONT_1699973982900706.pcd
388c6a3bb68749939cc2226d15c74b0f,3f58555db3e348fd911d4a6df37d83d0,b13b6eb5c4bf4479a631372af53baf28,LiDAR,LIDAR_TOP_FRONT,1699973983400974,True,samples,samples/LIDAR_TOP_FRONT/LIDAR_TOP_FRONT_1699973983400974.pcd
efa8bc52afad4cee93b3ed99e14ead74,233456c1dd114acab949de6a6bb8c704,b13b6eb5c4bf4479a631372af53baf28,LiDAR,LIDAR_TOP_FRONT,1699973983901140,True,samples,samples/LIDAR_TOP_FRONT/LIDAR_TOP_FRONT_1699973983901140.pcd
6053fd9244704344ada108d4a2c01789,1cfd4f53ec5b4d5fa4ced38e29274968,b13b6eb5c4bf4479a631372af53baf28,LiDAR,LIDAR_TOP_FRONT,1699973984401010,True,samples,samples/LIDAR_TOP_FRONT/LIDAR_TOP_FRONT_1699973984401010.pcd
cdb1800a0c094bb8afca20fd8f66f1f2,0085b50c1d064bbba1c214e4d712d514,b13b6eb5c4bf4479a631372af53baf28,LiDAR,LIDAR_TOP_FRONT,1699973984900775,True,samples,samples/LIDAR_TOP_FRONT/LIDAR_TOP_FRONT_1699973984900775.pcd
646da43aab9a40ecbd709fe6074bcad8,4235fb5749094aeca76c365d88d2e901,b13b6eb5c4bf4479a631372af53baf28,LiDAR,LIDAR_TOP_FRONT,1699973985400854,True,samples,samples/LIDAR_TOP_FRONT/LIDAR_TOP_FRONT_1699973985400854.pcd
6d6651d3f855458e9f5ecd2c5ba8b62d,9e7a04dbb9dd4f41a103ef7280d51b19,b13b6eb5c4bf4479a631372af53baf28,LiDAR,LIDAR_TOP_FRONT,1699973985900922,True,samples,samples/LIDAR_TOP_FRONT/LIDAR_TOP_FRONT_1699973985900922.pcd
104f17031132440a8fd3f8d2d3f0c06a,4658e0b5cf6446b19273607532f1d7a8,b13b6eb5c4bf4479a631372af53baf28,LiDAR,LIDAR_TOP_FRONT,1699973986400586,True,samples,samples/LIDAR_TOP_FRONT/LIDAR_TOP_FRONT_1699973986400586.pcd
7fd26f439b4c445d962f2d714c370b89,ab1028c0aef4497481ce6ead95eae8b4,b13b6eb5c4bf4479a631372af53baf28,LiDAR,LIDAR_TOP_FRONT,1699973986900772,True,samples,samples/LIDAR_TOP_FRONT/LIDAR_TOP_FRONT_1699973986900772.pcd
73b09e0c152740eea28109d4f43b3989,9698580f407f42b3a66fa06c3d67fc7b,b13b6eb5c4bf4479a631372af53baf28,LiDAR,LIDAR_TOP_FRONT,1699973987400715,True,samples,samples/LIDAR_TOP_FRONT/LIDAR_TOP_FRONT_1699973987400715.pcd
25fbd272de1c48288c6cd2ebc3f51d7b,3513b52c0aff4b35b81bea8dc55ede6b,b13b6eb5c4bf4479a631372af53baf28,LiDAR,LIDAR_TOP_FRONT,1699973987900745,True,samples,samples/LIDAR_TOP_FRONT/LIDAR_TOP_FRONT_1699973987900745.pcd
0db32698583d4450a8381721354f9d96,9d872a2768df4239af24b78af494435f,b13b6eb5c4bf4479a631372af53baf28,LiDAR,LIDAR_TOP_FRONT,1699973988400733,True,samples,samples/LIDAR_TOP_FRONT/LIDAR_TOP_FRONT_1699973988400733.pcd
4885a0ce77984a4389e0b249be810a0f,9f4cd7e6a69444c7afa7208021183235,b13b6eb5c4bf4479a631372af53baf28,LiDAR,LIDAR_TOP_FRONT,1699973988901074,True,samples,samples/LIDAR_TOP_FRONT/LIDAR_TOP_FRONT_1699973988901074.pcd
bb74ee23bb6f4f40a57e6129a8106717,01ac03ac6766489fb3bcd9ecf5700ce5,b13b6eb5c4bf4479a631372af53baf28,LiDAR,LIDAR_TOP_FRONT,1699973989401097,True,samples,samples/LIDAR_TOP_FRONT/LIDAR_TOP_FRONT_1699973989401097.pcd
7f684fdf14384e36a4a6b0f1f3bdecb1,5ecba197ec55474fbb2a146cd1ca2594,b13b6eb5c4bf4479a631372af53baf28,LiDAR,LIDAR_TOP_FRONT,1699973989901112,True,samples,samples/LIDAR_TOP_FRONT/LIDAR_TOP_FRONT_1699973989901112.pcd
a9c6ca0a278d4071a2f61b0dd218483b,30c09473abfb4055ade3017dd7875cb6,b13b6eb5c4bf4479a631372af53baf28,LiDAR,LIDAR_TOP_FRONT,1699973990400669,True,samples,samples/LIDAR_TOP_FRONT/LIDAR_TOP_FRONT_1699973990400669.pcd
4dff1430dc4844899b73411e9085d6d9,57f8607a62fd4faa8b7a0bb5458c6a1d,b13b6eb5c4bf4479a631372af53baf28,LiDAR,LIDAR_TOP_FRONT,1699973990900781,True,samples,samples/LIDAR_TOP_FRONT/LIDAR_TOP_FRONT_1699973990900781.pcd
f2cfdfc0da204130a4ff6aa3e6d08cac,6971d80d24be4b029be0e143233f4261,b13b6eb5c4bf4479a631372af53baf28,LiDAR,LIDAR_TOP_FRONT,1699973991400635,True,samples,samples/LIDAR_TOP_FRONT/LIDAR_TOP_FRONT_1699973991400635.pcd
50abc08c3bcc4fe6a78576cba9a2fe1a,63ca8d3dcbb0491a9a77079626a73c0d,b13b6eb5c4bf4479a631372af53baf28,LiDAR,LIDAR_TOP_FRONT,1699973991900711,True,samples,samples/LIDAR_TOP_FRONT/LIDAR_TOP_FRONT_1699973991900711.pcd
a151d0df2f96421f810a638b9853d116,cdcb5969e1824bc4bd262ff795fbeae1,b13b6eb5c4bf4479a631372af53baf28,LiDAR,LIDAR_TOP_FRONT,1699973992400681,True,samples,samples/LIDAR_TOP_FRONT/LIDAR_TOP_FRONT_1699973992400681.pcd
021630300c2a4866801f09f11ce7c040,843eca25e8c742deb381c7ed8642fb40,b13b6eb5c4bf4479a631372af53baf28,LiDAR,LIDAR_TOP_FRONT,1699973992900591,True,samples,samples/LIDAR_TOP_FRONT/LIDAR_TOP_FRONT_1699973992900591.pcd
5c45f684fc02486396bfe08a456f379e,053bc5e0decd465aa6fc47606f82b17f,b13b6eb5c4bf4479a631372af53baf28,LiDAR,LIDAR_TOP_FRONT,1699973993400762,True,samples,samples/LIDAR_TOP_FRONT/LIDAR_TOP_FRONT_1699973993400762.pcd
40e586edf06645d787040dc065684f42,709d08c09f2c4c0e81dd3ecf76e57168,b13b6eb5c4bf4479a631372af53baf28,LiDAR,LIDAR_TOP_FRONT,1699973993900846,True,samples,samples/LIDAR_TOP_FRONT/LIDAR_TOP_FRONT_1699973993900846.pcd
cf43a87b886946bf8ed0f70e1bed05b5,4808479e83bc48d78248ece72cb7ae5f,b13b6eb5c4bf4479a631372af53baf28,LiDAR,LIDAR_TOP_FRONT,1699973994401056,True,samples,samples/LIDAR_TOP_FRONT/LIDAR_TOP_FRONT_1699973994401056.pcd
6906776b913148ffb2087868af372316,e9f4a50a1b0a41a492edf7a4870f594c,b13b6eb5c4bf4479a631372af53baf28,LiDAR,LIDAR_TOP_LEFT,1699973974876295,True,samples,samples/LIDAR_TOP_LEFT/LIDAR_TOP_LEFT_1699973974876295.pcd
58c3d1d7c2404d1ebc0c657c88a23ac4,80587e2bcbc24524967ae3d9ebb2517a,b13b6eb5c4bf4479a631372af53baf28,LiDAR,LIDAR_TOP_LEFT,1699973975376190,True,samples,samples/LIDAR_TOP_LEFT/LIDAR_TOP_LEFT_1699973975376190.pcd
f403ad7818de45b1ae8ed56e15b84ba4,ce95e0afbb7245018e8645c3fd8a1bc6,b13b6eb5c4bf4479a631372af53baf28,LiDAR,LIDAR_TOP_LEFT,1699973975876103,True,samples,samples/LIDAR_TOP_LEFT/LIDAR_TOP_LEFT_1699973975876103.pcd
52e3f4aa27fe4ede925127ba38b8ba57,3d64d76d8a914f1dad6e09956d6443b7,b13b6eb5c4bf4479a631372af53baf28,LiDAR,LIDAR_TOP_LEFT,1699973976376028,True,samples,samples/LIDAR_TOP_LEFT/LIDAR_TOP_LEFT_1699973976376028.pcd
17fcdcb1118f42fe96ec7efa73dcebec,db3eb0f710004882b55e2dd1e7b9f606,b13b6eb5c4bf4479a631372af53baf28,LiDAR,LIDAR_TOP_LEFT,1699973976876035,True,samples,samples/LIDAR_TOP_LEFT/LIDAR_TOP_LEFT_1699973976876035.pcd
679771226ba844b298a68abc7fb2a4f7,fc4f2122f1d44b22bf8ad29854af135f,b13b6eb5c4bf4479a631372af53baf28,LiDAR,LIDAR_TOP_LEFT,1699973977375873,True,samples,samples/LIDAR_TOP_LEFT/LIDAR_TOP_LEFT_1699973977375873.pcd
6e12cbfe3d414202841dfcd6f2c8a1e4,c0b2ee117e004da190dcfd033a30f641,b13b6eb5c4bf4479a631372af53baf28,LiDAR,LIDAR_TOP_LEFT,1699973977875903,True,samples,samples/LIDAR_TOP_LEFT/LIDAR_TOP_LEFT_1699973977875903.pcd
b68914192aaa40d899862d9feaed5b8e,4fdb484979df426c9c795f52552887e7,b13b6eb5c4bf4479a631372af53baf28,LiDAR,LIDAR_TOP_LEFT,1699973978375845,True,samples,samples/LIDAR_TOP_LEFT/LIDAR_TOP_LEFT_1699973978375845.pcd
ff37df8cb493497da964fdb1a1de8687,0ffd727ee4d04207843493199bf12fe9,b13b6eb5c4bf4479a631372af53baf28,LiDAR,LIDAR_TOP_LEFT,1699973978875917,True,samples,samples/LIDAR_TOP_LEFT/LIDAR_TOP_LEFT_1699973978875917.pcd
74be5a7be9b54769b6aa140cd421aaf7,728fb789245746ae9c5979f49181de0a,b13b6eb5c4bf4479a631372af53baf28,LiDAR,LIDAR_TOP_LEFT,1699973979376021,True,samples,samples/LIDAR_TOP_LEFT/LIDAR_TOP_LEFT_1699973979376021.pcd
8da02f77527941579a6d0f6084ed6c02,301cc77681c94addbbafd10011477b45,b13b6eb5c4bf4479a631372af53baf28,LiDAR,LIDAR_TOP_LEFT,1699973979876149,True,samples,samples/LIDAR_TOP_LEFT/LIDAR_TOP_LEFT_1699973979876149.pcd
d4cd3c47c9464638978053f0696b289b,0a7844ac9902454292fe37c39d7e27ba,b13b6eb5c4bf4479a631372af53baf28,LiDAR,LIDAR_TOP_LEFT,1699973980376323,True,samples,samples/LIDAR_TOP_LEFT/LIDAR_TOP_LEFT_1699973980376323.pcd
4a06639f31114b8ab8cf9f7460c18f1e,69a9e258759e4c43931a00be16410656,b13b6eb5c4bf4479a631372af53baf28,LiDAR,LIDAR_TOP_LEFT,1699973980876390,True,samples,samples/LIDAR_TOP_LEFT/LIDAR_TOP_LEFT_1699973980876390.pcd
4074ee8d629f49c88385115c83dadbad,0efe8fc67f014c2ebaf8b12581ae2b6d,b13b6eb5c4bf4479a631372af53baf28,LiDAR,LIDAR_TOP_LEFT,1699973981376339,True,samples,samples/LIDAR_TOP_LEFT/LIDAR_TOP_LEFT_1699973981376339.pcd
77157dffe186408fa5581fbafd577d7f,bd668ece51fe418db7990a8539513299,b13b6eb5c4bf4479a631372af53baf28,LiDAR,LIDAR_TOP_LEFT,1699973981876317,True,samples,samples/LIDAR_TOP_LEFT/LIDAR_TOP_LEFT_1699973981876317.pcd
98c876cfb35342bd95456bb5cfc911df,848b9e73fd014bf0a78da8c453978822,b13b6eb5c4bf4479a631372af53baf28,LiDAR,LIDAR_TOP_LEFT,1699973982376357,True,samples,samples/LIDAR_TOP_LEFT/LIDAR_TOP_LEFT_1699973982376357.pcd
2f03879afc3b442ab2b05dd0d89f384f,f7266f0631c84eac82c76a41a661eda1,b13b6eb5c4bf4479a631372af53baf28,LiDAR,LIDAR_TOP_LEFT,1699973982876102,True,samples,samples/LIDAR_TOP_LEFT/LIDAR_TOP_LEFT_1699973982876102.pcd
21f24c38abe84c389604de860d8a2625,3f58555db3e348fd911d4a6df37d83d0,b13b6eb5c4bf4479a631372af53baf28,LiDAR,LIDAR_TOP_LEFT,1699973983375946,True,samples,samples/LIDAR_TOP_LEFT/LIDAR_TOP_LEFT_1699973983375946.pcd
76f865d46bb54e509ecc2c06daffb9e7,233456c1dd114acab949de6a6bb8c704,b13b6eb5c4bf4479a631372af53baf28,LiDAR,LIDAR_TOP_LEFT,1699973983875885,True,samples,samples/LIDAR_TOP_LEFT/LIDAR_TOP_LEFT_1699973983875885.pcd
96e191c04a144063add577808295319a,1cfd4f53ec5b4d5fa4ced38e29274968,b13b6eb5c4bf4479a631372af53baf28,LiDAR,LIDAR_TOP_LEFT,1699973984375943,True,samples,samples/LIDAR_TOP_LEFT/LIDAR_TOP_LEFT_1699973984375943.pcd
7b982d9ccc33417a8349f1dd3f28b5e2,0085b50c1d064bbba1c214e4d712d514,b13b6eb5c4bf4479a631372af53baf28,LiDAR,LIDAR_TOP_LEFT,1699973984876161,True,samples,samples/LIDAR_TOP_LEFT/LIDAR_TOP_LEFT_1699973984876161.pcd
06bdf44e6e5140679cfa476a060a3805,4235fb5749094aeca76c365d88d2e901,b13b6eb5c4bf4479a631372af53baf28,LiDAR,LIDAR_TOP_LEFT,1699973985376115,True,samples,samples/LIDAR_TOP_LEFT/LIDAR_TOP_LEFT_1699973985376115.pcd
77bce45a554b4e9e8c87ae4ca2ced2f8,9e7a04dbb9dd4f41a103ef7280d51b19,b13b6eb5c4bf4479a631372af53baf28,LiDAR,LIDAR_TOP_LEFT,1699973985876373,True,samples,samples/LIDAR_TOP_LEFT/LIDAR_TOP_LEFT_1699973985876373.pcd
e398112cad79446287c47d547ed7c986,4658e0b5cf6446b19273607532f1d7a8,b13b6eb5c4bf4479a631372af53baf28,LiDAR,LIDAR_TOP_LEFT,1699973986376281,True,samples,samples/LIDAR_TOP_LEFT/LIDAR_TOP_LEFT_1699973986376281.pcd
da2fe35b186d4712bb9f998abb2c3082,ab1028c0aef4497481ce6ead95eae8b4,b13b6eb5c4bf4479a631372af53baf28,LiDAR,LIDAR_TOP_LEFT,1699973986876335,True,samples,samples/LIDAR_TOP_LEFT/LIDAR_TOP_LEFT_1699973986876335.pcd
0ade06ab469846c4bab2c5cc323370a8,9698580f407f42b3a66fa06c3d67fc7b,b13b6eb5c4bf4479a631372af53baf28,LiDAR,LIDAR_TOP_LEFT,1699973987376309,True,samples,samples/LIDAR_TOP_LEFT/LIDAR_TOP_LEFT_1699973987376309.pcd
d99b26ba06d743a391c210ba1b63ac1b,3513b52c0aff4b35b81bea8dc55ede6b,b13b6eb5c4bf4479a631372af53baf28,LiDAR,LIDAR_TOP_LEFT,1699973987876107,True,samples,samples/LIDAR_TOP_LEFT/LIDAR_TOP_LEFT_1699973987876107.pcd
eff6d36aeef44849ac95244994392802,9d872a2768df4239af24b78af494435f,b13b6eb5c4bf4479a631372af53baf28,LiDAR,LIDAR_TOP_LEFT,1699973988376014,True,samples,samples/LIDAR_TOP_LEFT/LIDAR_TOP_LEFT_1699973988376014.pcd
440ecd04135c4763a23a78ab538fe8d7,9f4cd7e6a69444c7afa7208021183235,b13b6eb5c4bf4479a631372af53baf28,LiDAR,LIDAR_TOP_LEFT,1699973988875949,True,samples,samples/LIDAR_TOP_LEFT/LIDAR_TOP_LEFT_1699973988875949.pcd
fe6be0a83a1841b0a9c5f55f2196acb5,01ac03ac6766489fb3bcd9ecf5700ce5,b13b6eb5c4bf4479a631372af53baf28,LiDAR,LIDAR_TOP_LEFT,1699973989375882,True,samples,samples/LIDAR_TOP_LEFT/LIDAR_TOP_LEFT_1699973989375882.pcd
2d10ba9c93b3413faa54a3f75cf903ed,5ecba197ec55474fbb2a146cd1ca2594,b13b6eb5c4bf4479a631372af53baf28,LiDAR,LIDAR_TOP_LEFT,1699973989875945,True,samples,samples/LIDAR_TOP_LEFT/LIDAR_TOP_LEFT_1699973989875945.pcd
1b8b5c3b3adb45b5b506a4fcd03dcc82,30c09473abfb4055ade3017dd7875cb6,b13b6eb5c4bf4479a631372af53baf28,LiDAR,LIDAR_TOP_LEFT,1699973990375926,True,samples,samples/LIDAR_TOP_LEFT/LIDAR_TOP_LEFT_1699973990375926.pcd
6c079c7d86754fad965758880d88251b,57f8607a62fd4faa8b7a0bb5458c6a1d,b13b6eb5c4bf4479a631372af53baf28,LiDAR,LIDAR_TOP_LEFT,1699973990875997,True,samples,samples/LIDAR_TOP_LEFT/LIDAR_TOP_LEFT_1699973990875997.pcd
96fe155f9ada430db7e3bf7d4ed8b937,6971d80d24be4b029be0e143233f4261,b13b6eb5c4bf4479a631372af53baf28,LiDAR,LIDAR_TOP_LEFT,1699973991375958,True,samples,samples/LIDAR_TOP_LEFT/LIDAR_TOP_LEFT_1699973991375958.pcd
002097e040df471bbb195217dbed8791,63ca8d3dcbb0491a9a77079626a73c0d,b13b6eb5c4bf4479a631372af53baf28,LiDAR,LIDAR_TOP_LEFT,1699973991875934,True,samples,samples/LIDAR_TOP_LEFT/LIDAR_TOP_LEFT_1699973991875934.pcd
3f097862c28143a5badef25d5440c7b4,cdcb5969e1824bc4bd262ff795fbeae1,b13b6eb5c4bf4479a631372af53baf28,LiDAR,LIDAR_TOP_LEFT,1699973992375932,True,samples,samples/LIDAR_TOP_LEFT/LIDAR_TOP_LEFT_1699973992375932.pcd
1c0f2155adde4dc08b403c5fa1d7d98c,843eca25e8c742deb381c7ed8642fb40,b13b6eb5c4bf4479a631372af53baf28,LiDAR,LIDAR_TOP_LEFT,1699973992875957,True,samples,samples/LIDAR_TOP_LEFT/LIDAR_TOP_LEFT_1699973992875957.pcd
dd0f7a85de2a42c88122708208c9f0c9,053bc5e0decd465aa6fc47606f82b17f,b13b6eb5c4bf4479a631372af53baf28,LiDAR,LIDAR_TOP_LEFT,1699973993376026,True,samples,samples/LIDAR_TOP_LEFT/LIDAR_TOP_LEFT_1699973993376026.pcd
3d097086d81f43edbce213d22ba54147,709d08c09f2c4c0e81dd3ecf76e57168,b13b6eb5c4bf4479a631372af53baf28,LiDAR,LIDAR_TOP_LEFT,1699973993876199,True,samples,samples/LIDAR_TOP_LEFT/LIDAR_TOP_LEFT_1699973993876199.pcd
40066c59f79c428683f5be1543cc346c,4808479e83bc48d78248ece72cb7ae5f,b13b6eb5c4bf4479a631372af53baf28,LiDAR,LIDAR_TOP_LEFT,1699973994376364,True,samples,samples/LIDAR_TOP_LEFT/LIDAR_TOP_LEFT_1699973994376364.pcd
49efa069157b45388bd6961b0763e220,e9f4a50a1b0a41a492edf7a4870f594c,b13b6eb5c4bf4479a631372af53baf28,LiDAR,LIDAR_TOP_RIGHT,1699973974926289,True,samples,samples/LIDAR_TOP_RIGHT/LIDAR_TOP_RIGHT_1699973974926289.pcd
9e3b40195daa46c7a47c2d455c8bed66,80587e2bcbc24524967ae3d9ebb2517a,b13b6eb5c4bf4479a631372af53baf28,LiDAR,LIDAR_TOP_RIGHT,1699973975426091,True,samples,samples/LIDAR_TOP_RIGHT/LIDAR_TOP_RIGHT_1699973975426091.pcd
1b1950526df141c394bb3edb7c07cda9,ce95e0afbb7245018e8645c3fd8a1bc6,b13b6eb5c4bf4479a631372af53baf28,LiDAR,LIDAR_TOP_RIGHT,1699973975926213,True,samples,samples/LIDAR_TOP_RIGHT/LIDAR_TOP_RIGHT_1699973975926213.pcd
fadcf07e75d345c28e97e1ced19ec742,3d64d76d8a914f1dad6e09956d6443b7,b13b6eb5c4bf4479a631372af53baf28,LiDAR,LIDAR_TOP_RIGHT,1699973976426344,True,samples,samples/LIDAR_TOP_RIGHT/LIDAR_TOP_RIGHT_1699973976426344.pcd
b9e95dc690bd46bf934b820e8c42aa03,db3eb0f710004882b55e2dd1e7b9f606,b13b6eb5c4bf4479a631372af53baf28,LiDAR,LIDAR_TOP_RIGHT,1699973976926277,True,samples,samples/LIDAR_TOP_RIGHT/LIDAR_TOP_RIGHT_1699973976926277.pcd
18797853e29749109f4051b00da69d58,fc4f2122f1d44b22bf8ad29854af135f,b13b6eb5c4bf4479a631372af53baf28,LiDAR,LIDAR_TOP_RIGHT,1699973977426380,True,samples,samples/LIDAR_TOP_RIGHT/LIDAR_TOP_RIGHT_1699973977426380.pcd
6adeda4ec2e947d69a477635f2321c1e,c0b2ee117e004da190dcfd033a30f641,b13b6eb5c4bf4479a631372af53baf28,LiDAR,LIDAR_TOP_RIGHT,1699973977926243,True,samples,samples/LIDAR_TOP_RIGHT/LIDAR_TOP_RIGHT_1699973977926243.pcd
fe88fc362fcc45f1b81cd2879e2516d5,4fdb484979df426c9c795f52552887e7,b13b6eb5c4bf4479a631372af53baf28,LiDAR,LIDAR_TOP_RIGHT,1699973978426015,True,samples,samples/LIDAR_TOP_RIGHT/LIDAR_TOP_RIGHT_1699973978426015.pcd
25323c891ac04f4db1cb9c4d55597518,0ffd727ee4d04207843493199bf12fe9,b13b6eb5c4bf4479a631372af53baf28,LiDAR,LIDAR_TOP_RIGHT,1699973978925948,True,samples,samples/LIDAR_TOP_RIGHT/LIDAR_TOP_RIGHT_1699973978925948.pcd
a0caaf1cd7fe49faa0f46179672bcd60,728fb789245746ae9c5979f49181de0a,b13b6eb5c4bf4479a631372af53baf28,LiDAR,LIDAR_TOP_RIGHT,1699973979425872,True,samples,samples/LIDAR_TOP_RIGHT/LIDAR_TOP_RIGHT_1699973979425872.pcd
703756e9754a441387aee2f3cf4618cd,301cc77681c94addbbafd10011477b45,b13b6eb5c4bf4479a631372af53baf28,LiDAR,LIDAR_TOP_RIGHT,1699973979925907,True,samples,samples/LIDAR_TOP_RIGHT/LIDAR_TOP_RIGHT_1699973979925907.pcd
2819c0941d674b759b66d51f9d5c6e9f,0a7844ac9902454292fe37c39d7e27ba,b13b6eb5c4bf4479a631372af53baf28,LiDAR,LIDAR_TOP_RIGHT,1699973980426040,True,samples,samples/LIDAR_TOP_RIGHT/LIDAR_TOP_RIGHT_1699973980426040.pcd
a90978eaa23047f08b08c1522a9de209,69a9e258759e4c43931a00be16410656,b13b6eb5c4bf4479a631372af53baf28,LiDAR,LIDAR_TOP_RIGHT,1699973980926147,True,samples,samples/LIDAR_TOP_RIGHT/LIDAR_TOP_RIGHT_1699973980926147.pcd
dc9a515f2fb64fa5a0f01b6d080d70d9,0efe8fc67f014c2ebaf8b12581ae2b6d,b13b6eb5c4bf4479a631372af53baf28,LiDAR,LIDAR_TOP_RIGHT,1699973981426305,True,samples,samples/LIDAR_TOP_RIGHT/LIDAR_TOP_RIGHT_1699973981426305.pcd
afd0748e94dd41db8632a09091f62d29,bd668ece51fe418db7990a8539513299,b13b6eb5c4bf4479a631372af53baf28,LiDAR,LIDAR_TOP_RIGHT,1699973981926262,True,samples,samples/LIDAR_TOP_RIGHT/LIDAR_TOP_RIGHT_1699973981926262.pcd
1f588d8634e84b4a9e2de21aacb0e056,848b9e73fd014bf0a78da8c453978822,b13b6eb5c4bf4479a631372af53baf28,LiDAR,LIDAR_TOP_RIGHT,1699973982426394,True,samples,samples/LIDAR_TOP_RIGHT/LIDAR_TOP_RIGHT_1699973982426394.pcd
5731f8df8d31407783a2adc15b97eb12,f7266f0631c84eac82c76a41a661eda1,b13b6eb5c4bf4479a631372af53baf28,LiDAR,LIDAR_TOP_RIGHT,1699973982926260,True,samples,samples/LIDAR_TOP_RIGHT/LIDAR_TOP_RIGHT_1699973982926260.pcd
2f78f7da546d4ba4b2aea461d9ea2448,3f58555db3e348fd911d4a6df37d83d0,b13b6eb5c4bf4479a631372af53baf28,LiDAR,LIDAR_TOP_RIGHT,1699973983425979,True,samples,samples/LIDAR_TOP_RIGHT/LIDAR_TOP_RIGHT_1699973983425979.pcd
3f5ec27b350f406db33e14ed64fd6766,233456c1dd114acab949de6a6bb8c704,b13b6eb5c4bf4479a631372af53baf28,LiDAR,LIDAR_TOP_RIGHT,1699973983925914,True,samples,samples/LIDAR_TOP_RIGHT/LIDAR_TOP_RIGHT_1699973983925914.pcd
866e2beffce647419cef12563224b8c7,1cfd4f53ec5b4d5fa4ced38e29274968,b13b6eb5c4bf4479a631372af53baf28,LiDAR,LIDAR_TOP_RIGHT,1699973984425943,True,samples,samples/LIDAR_TOP_RIGHT/LIDAR_TOP_RIGHT_1699973984425943.pcd
5c57ef6964f44d0194e69bbac4e9649f,0085b50c1d064bbba1c214e4d712d514,b13b6eb5c4bf4479a631372af53baf28,LiDAR,LIDAR_TOP_RIGHT,1699973984926003,True,samples,samples/LIDAR_TOP_RIGHT/LIDAR_TOP_RIGHT_1699973984926003.pcd
a6e2b0284d2e484c961a05cdab8dd2c9,4235fb5749094aeca76c365d88d2e901,b13b6eb5c4bf4479a631372af53baf28,LiDAR,LIDAR_TOP_RIGHT,1699973985426046,True,samples,samples/LIDAR_TOP_RIGHT/LIDAR_TOP_RIGHT_1699973985426046.pcd
ec2335fa953b422fa4c4d53e0b054bbf,9e7a04dbb9dd4f41a103ef7280d51b19,b13b6eb5c4bf4479a631372af53baf28,LiDAR,LIDAR_TOP_RIGHT,1699973985926061,True,samples,samples/LIDAR_TOP_RIGHT/LIDAR_TOP_RIGHT_1699973985926061.pcd
ee996887d5d245ceb070fc2d0338420f,4658e0b5cf6446b19273607532f1d7a8,b13b6eb5c4bf4479a631372af53baf28,LiDAR,LIDAR_TOP_RIGHT,1699973986426246,True,samples,samples/LIDAR_TOP_RIGHT/LIDAR_TOP_RIGHT_1699973986426246.pcd
20ef34719d734c07a587f5db03e1b7a6,ab1028c0aef4497481ce6ead95eae8b4,b13b6eb5c4bf4479a631372af53baf28,LiDAR,LIDAR_TOP_RIGHT,1699973986926386,True,samples,samples/LIDAR_TOP_RIGHT/LIDAR_TOP_RIGHT_1699973986926386.pcd
e0a35c938e534ae982a1fffcc4d27b73,9698580f407f42b3a66fa06c3d67fc7b,b13b6eb5c4bf4479a631372af53baf28,LiDAR,LIDAR_TOP_RIGHT,1699973987426161,True,samples,samples/LIDAR_TOP_RIGHT/LIDAR_TOP_RIGHT_1699973987426161.pcd
e5e77cb4be3b46bfae67bcf9939efee7,3513b52c0aff4b35b81bea8dc55ede6b,b13b6eb5c4bf4479a631372af53baf28,LiDAR,LIDAR_TOP_RIGHT,1699973987926118,True,samples,samples/LIDAR_TOP_RIGHT/LIDAR_TOP_RIGHT_1699973987926118.pcd
1d180781e8904424a78b687bad857c45,9d872a2768df4239af24b78af494435f,b13b6eb5c4bf4479a631372af53baf28,LiDAR,LIDAR_TOP_RIGHT,1699973988425956,True,samples,samples/LIDAR_TOP_RIGHT/LIDAR_TOP_RIGHT_1699973988425956.pcd
36c8a85af2864483aa447b65a5a872b7,9f4cd7e6a69444c7afa7208021183235,b13b6eb5c4bf4479a631372af53baf28,LiDAR,LIDAR_TOP_RIGHT,1699973988925930,True,samples,samples/LIDAR_TOP_RIGHT/LIDAR_TOP_RIGHT_1699973988925930.pcd
379a6313da784e61bed790d1922586f4,01ac03ac6766489fb3bcd9ecf5700ce5,b13b6eb5c4bf4479a631372af53baf28,LiDAR,LIDAR_TOP_RIGHT,1699973989425924,True,samples,samples/LIDAR_TOP_RIGHT/LIDAR_TOP_RIGHT_1699973989425924.pcd
dbae4cd24e6244b38ff0e49ddf0fdb90,5ecba197ec55474fbb2a146cd1ca2594,b13b6eb5c4bf4479a631372af53baf28,LiDAR,LIDAR_TOP_RIGHT,1699973989925955,True,samples,samples/LIDAR_TOP_RIGHT/LIDAR_TOP_RIGHT_1699973989925955.pcd
8c76ee6b61af48769ea01e6dacc3948b,30c09473abfb4055ade3017dd7875cb6,b13b6eb5c4bf4479a631372af53baf28,LiDAR,LIDAR_TOP_RIGHT,1699973990426027,True,samples,samples/LIDAR_TOP_RIGHT/LIDAR_TOP_RIGHT_1699973990426027.pcd
46f4731b92de4122b8412a68b7b41d34,57f8607a62fd4faa8b7a0bb5458c6a1d,b13b6eb5c4bf4479a631372af53baf28,LiDAR,LIDAR_TOP_RIGHT,1699973990926041,True,samples,samples/LIDAR_TOP_RIGHT/LIDAR_TOP_RIGHT_1699973990926041.pcd
0c8436fdef364ee0b1673d061479a0df,6971d80d24be4b029be0e143233f4261,b13b6eb5c4bf4479a631372af53baf28,LiDAR,LIDAR_TOP_RIGHT,1699973991425913,True,samples,samples/LIDAR_TOP_RIGHT/LIDAR_TOP_RIGHT_1699973991425913.pcd
5f80c3162413431e932d8dee44de2a93,63ca8d3dcbb0491a9a77079626a73c0d,b13b6eb5c4bf4479a631372af53baf28,LiDAR,LIDAR_TOP_RIGHT,1699973991926097,True,samples,samples/LIDAR_TOP_RIGHT/LIDAR_TOP_RIGHT_1699973991926097.pcd
7848852992f14b0ba24f5dd927ebbda8,cdcb5969e1824bc4bd262ff795fbeae1,b13b6eb5c4bf4479a631372af53baf28,LiDAR,LIDAR_TOP_RIGHT,1699973992426009,True,samples,samples/LIDAR_TOP_RIGHT/LIDAR_TOP_RIGHT_1699973992426009.pcd
8a2bd77d47ab4030b59695b858832f0b,843eca25e8c742deb381c7ed8642fb40,b13b6eb5c4bf4479a631372af53baf28,LiDAR,LIDAR_TOP_RIGHT,1699973992926287,True,samples,samples/LIDAR_TOP_RIGHT/LIDAR_TOP_RIGHT_1699973992926287.pcd
d439a0f8a2ce452b983072e2b151050f,053bc5e0decd465aa6fc47606f82b17f,b13b6eb5c4bf4479a631372af53baf28,LiDAR,LIDAR_TOP_RIGHT,1699973993426200,True,samples,samples/LIDAR_TOP_RIGHT/LIDAR_TOP_RIGHT_1699973993426200.pcd
0136ecc8dab0472a8f207a80ea6d1360,709d08c09f2c4c0e81dd3ecf76e57168,b13b6eb5c4bf4479a631372af53baf28,LiDAR,LIDAR_TOP_RIGHT,1699973993926230,True,samples,samples/LIDAR_TOP_RIGHT/LIDAR_TOP_RIGHT_1699973993926230.pcd
aec2ce37e0874bf7b02c934412bfb5f4,4808479e83bc48d78248ece72cb7ae5f,b13b6eb5c4bf4479a631372af53baf28,LiDAR,LIDAR_TOP_RIGHT,1699973994426352,True,samples,samples/LIDAR_TOP_RIGHT/LIDAR_TOP_RIGHT_1699973994426352.pcd
0c1e58bd29b349ecb8202f125ac02cd5,e9f4a50a1b0a41a492edf7a4870f594c,b13b6eb5c4bf4479a631372af53baf28,LiDAR,LIDAR_REAR,1699973974850013,True,samples,samples/LIDAR_REAR/LIDAR_REAR_1699973974850013.pcd
817aedf62884420db9dd624927207512,80587e2bcbc24524967ae3d9ebb2517a,b13b6eb5c4bf4479a631372af53baf28,LiDAR,LIDAR_REAR,1699973975349926,True,samples,samples/LIDAR_REAR/LIDAR_REAR_1699973975349926.pcd
6c2924c50bab43cc8dbc21df15471ded,ce95e0afbb7245018e8645c3fd8a1bc6,b13b6eb5c4bf4479a631372af53baf28,LiDAR,LIDAR_REAR,1699973975849986,True,samples,samples/LIDAR_REAR/LIDAR_REAR_1699973975849986.pcd
e61a87ffa55f41039ef2c6e426937652,3d64d76d8a914f1dad6e09956d6443b7,b13b6eb5c4bf4479a631372af53baf28,LiDAR,LIDAR_REAR,1699973976349991,True,samples,samples/LIDAR_REAR/LIDAR_REAR_1699973976349991.pcd
04b4225ab55546de922cf463c522eec8,db3eb0f710004882b55e2dd1e7b9f606,b13b6eb5c4bf4479a631372af53baf28,LiDAR,LIDAR_REAR,1699973976850047,True,samples,samples/LIDAR_REAR/LIDAR_REAR_1699973976850047.pcd
1f2ac29181e9479ab8568ea6815ce90b,fc4f2122f1d44b22bf8ad29854af135f,b13b6eb5c4bf4479a631372af53baf28,LiDAR,LIDAR_REAR,1699973977350088,True,samples,samples/LIDAR_REAR/LIDAR_REAR_1699973977350088.pcd
2f1b45dc50f24e8f927a5df27e2327c8,c0b2ee117e004da190dcfd033a30f641,b13b6eb5c4bf4479a631372af53baf28,LiDAR,LIDAR_REAR,1699973977850249,True,samples,samples/LIDAR_REAR/LIDAR_REAR_1699973977850249.pcd
12e8a0ef68dc480f93f37f7d47db0018,4fdb484979df426c9c795f52552887e7,b13b6eb5c4bf4479a631372af53baf28,LiDAR,LIDAR_REAR,1699973978350417,True,samples,samples/LIDAR_REAR/LIDAR_REAR_1699973978350417.pcd
eca8b7ffbfee49759e54b915582e3e9e,0ffd727ee4d04207843493199bf12fe9,b13b6eb5c4bf4479a631372af53baf28,LiDAR,LIDAR_REAR,1699973978850288,True,samples,samples/LIDAR_REAR/LIDAR_REAR_1699973978850288.pcd
53d27f8b041146c491c0b0aa32c98d6a,728fb789245746ae9c5979f49181de0a,b13b6eb5c4bf4479a631372af53baf28,LiDAR,LIDAR_REAR,1699973979350156,True,samples,samples/LIDAR_REAR/LIDAR_REAR_1699973979350156.pcd
b9a49606b977446b9befcf62a48c2183,301cc77681c94addbbafd10011477b45,b13b6eb5c4bf4479a631372af53baf28,LiDAR,LIDAR_REAR,1699973979850097,True,samples,samples/LIDAR_REAR/LIDAR_REAR_1699973979850097.pcd
d207b729601e45268f5aff7ff7a5fe28,0a7844ac9902454292fe37c39d7e27ba,b13b6eb5c4bf4479a631372af53baf28,LiDAR,LIDAR_REAR,1699973980350412,True,samples,samples/LIDAR_REAR/LIDAR_REAR_1699973980350412.pcd
21e860a9f51d45abaed4c023b0bf7ef4,69a9e258759e4c43931a00be16410656,b13b6eb5c4bf4479a631372af53baf28,LiDAR,LIDAR_REAR,1699973980850455,True,samples,samples/LIDAR_REAR/LIDAR_REAR_1699973980850455.pcd
518249f1da344a90baad76b7662c5e73,0efe8fc67f014c2ebaf8b12581ae2b6d,b13b6eb5c4bf4479a631372af53baf28,LiDAR,LIDAR_REAR,1699973981350337,True,samples,samples/LIDAR_REAR/LIDAR_REAR_1699973981350337.pcd
b5d2d26727204867ad8edfa070c4529a,bd668ece51fe418db7990a8539513299,b13b6eb5c4bf4479a631372af53baf28,LiDAR,LIDAR_REAR,1699973981850195,True,samples,samples/LIDAR_REAR/LIDAR_REAR_1699973981850195.pcd
13e1c8ca94ea41a8af6a5483e3dc0abf,848b9e73fd014bf0a78da8c453978822,b13b6eb5c4bf4479a631372af53baf28,LiDAR,LIDAR_REAR,1699973982350356,True,samples,samples/LIDAR_REAR/LIDAR_REAR_1699973982350356.pcd
63c1ec33e5424ccc8b05a16492f453a2,f7266f0631c84eac82c76a41a661eda1,b13b6eb5c4bf4479a631372af53baf28,LiDAR,LIDAR_REAR,1699973982850166,True,samples,samples/LIDAR_REAR/LIDAR_REAR_1699973982850166.pcd
55e51d8584a5460c80993c7913a9ee1a,3f58555db3e348fd911d4a6df37d83d0,b13b6eb5c4bf4479a631372af53baf28,LiDAR,LIDAR_REAR,1699973983350146,True,samples,samples/LIDAR_REAR/LIDAR_REAR_1699973983350146.pcd
0a4f8cbe623c4fcd8f2c107d9189fd6d,233456c1dd114acab949de6a6bb8c704,b13b6eb5c4bf4479a631372af53baf28,LiDAR,LIDAR_REAR,1699973983850050,True,samples,samples/LIDAR_REAR/LIDAR_REAR_1699973983850050.pcd
099da5f09d9b446cb913c9fa1be6a8c7,1cfd4f53ec5b4d5fa4ced38e29274968,b13b6eb5c4bf4479a631372af53baf28,LiDAR,LIDAR_REAR,1699973984350089,True,samples,samples/LIDAR_REAR/LIDAR_REAR_1699973984350089.pcd
39c8aa466b324d0098e06deff9e8c0dc,0085b50c1d064bbba1c214e4d712d514,b13b6eb5c4bf4479a631372af53baf28,LiDAR,LIDAR_REAR,1699973984850030,True,samples,samples/LIDAR_REAR/LIDAR_REAR_1699973984850030.pcd
4ad8f768930348aaa7affd95579ecc7a,4235fb5749094aeca76c365d88d2e901,b13b6eb5c4bf4479a631372af53baf28,LiDAR,LIDAR_REAR,1699973985350042,True,samples,samples/LIDAR_REAR/LIDAR_REAR_1699973985350042.pcd
c11cbf9f37c140b488d3a0cc932b0218,9e7a04dbb9dd4f41a103ef7280d51b19,b13b6eb5c4bf4479a631372af53baf28,LiDAR,LIDAR_REAR,1699973985849983,True,samples,samples/LIDAR_REAR/LIDAR_REAR_1699973985849983.pcd
f03fdef6f8d945d0a919725b967b9404,4658e0b5cf6446b19273607532f1d7a8,b13b6eb5c4bf4479a631372af53baf28,LiDAR,LIDAR_REAR,1699973986349987,True,samples,samples/LIDAR_REAR/LIDAR_REAR_1699973986349987.pcd
e69d4b08316343d6908df1f7e86cfff7,ab1028c0aef4497481ce6ead95eae8b4,b13b6eb5c4bf4479a631372af53baf28,LiDAR,LIDAR_REAR,1699973986849979,True,samples,samples/LIDAR_REAR/LIDAR_REAR_1699973986849979.pcd
3adca9e52a3f40b6b41b7968c9407c1f,9698580f407f42b3a66fa06c3d67fc7b,b13b6eb5c4bf4479a631372af53baf28,LiDAR,LIDAR_REAR,1699973987349996,True,samples,samples/LIDAR_REAR/LIDAR_REAR_1699973987349996.pcd
6c2bf2df16f940a9a5328e29d64244b6,3513b52c0aff4b35b81bea8dc55ede6b,b13b6eb5c4bf4479a631372af53baf28,LiDAR,LIDAR_REAR,1699973987850096,True,samples,samples/LIDAR_REAR/LIDAR_REAR_1699973987850096.pcd
b6973e6554314d7083e851844844ee70,9d872a2768df4239af24b78af494435f,b13b6eb5c4bf4479a631372af53baf28,LiDAR,LIDAR_REAR,1699973988350088,True,samples,samples/LIDAR_REAR/LIDAR_REAR_1699973988350088.pcd
b9fae2a27cef457aa5e0243e4feca154,9f4cd7e6a69444c7afa7208021183235,b13b6eb5c4bf4479a631372af53baf28,LiDAR,LIDAR_REAR,1699973988850251,True,samples,samples/LIDAR_REAR/LIDAR_REAR_1699973988850251.pcd
b0835c0fc51b481a93a71e8c93aa020d,01ac03ac6766489fb3bcd9ecf5700ce5,b13b6eb5c4bf4479a631372af53baf28,LiDAR,LIDAR_REAR,1699973989350246,True,samples,samples/LIDAR_REAR/LIDAR_REAR_1699973989350246.pcd
91d435d26d314ad38705e2ecfd6642ca,5ecba197ec55474fbb2a146cd1ca2594,b13b6eb5c4bf4479a631372af53baf28,LiDAR,LIDAR_REAR,1699973989850123,True,samples,samples/LIDAR_REAR/LIDAR_REAR_1699973989850123.pcd
32bd97b550c04882bbb923b4c38485a5,30c09473abfb4055ade3017dd7875cb6,b13b6eb5c4bf4479a631372af53baf28,LiDAR,LIDAR_REAR,1699973990350279,True,samples,samples/LIDAR_REAR/LIDAR_REAR_1699973990350279.pcd
b32fce395a084416a754a2a74fa81cdb,57f8607a62fd4faa8b7a0bb5458c6a1d,b13b6eb5c4bf4479a631372af53baf28,LiDAR,LIDAR_REAR,1699973990850341,True,samples,samples/LIDAR_REAR/LIDAR_REAR_1699973990850341.pcd
427f296de5b0474f9d1732f65d446c49,6971d80d24be4b029be0e143233f4261,b13b6eb5c4bf4479a631372af53baf28,LiDAR,LIDAR_REAR,1699973991350241,True,samples,samples/LIDAR_REAR/LIDAR_REAR_1699973991350241.pcd
0d91dd2e3fe8428d8432c2987fe344eb,63ca8d3dcbb0491a9a77079626a73c0d,b13b6eb5c4bf4479a631372af53baf28,LiDAR,LIDAR_REAR,1699973991850148,True,samples,samples/LIDAR_REAR/LIDAR_REAR_1699973991850148.pcd
b5e5b4a3da64440787b8d0aa476e519f,cdcb5969e1824bc4bd262ff795fbeae1,b13b6eb5c4bf4479a631372af53baf28,LiDAR,LIDAR_REAR,1699973992349999,True,samples,samples/LIDAR_REAR/LIDAR_REAR_1699973992349999.pcd
4a90c808663e40dfb22bbfb3b3f0ebaa,843eca25e8c742deb381c7ed8642fb40,b13b6eb5c4bf4479a631372af53baf28,LiDAR,LIDAR_REAR,1699973992850003,True,samples,samples/LIDAR_REAR/LIDAR_REAR_1699973992850003.pcd
944cb83dc9424a89b655946178c26fac,053bc5e0decd465aa6fc47606f82b17f,b13b6eb5c4bf4479a631372af53baf28,LiDAR,LIDAR_REAR,1699973993349945,True,samples,samples/LIDAR_REAR/LIDAR_REAR_1699973993349945.pcd
876ec8793589408cbfb1b75568b36e50,709d08c09f2c4c0e81dd3ecf76e57168,b13b6eb5c4bf4479a631372af53baf28,LiDAR,LIDAR_REAR,1699973993850006,True,samples,samples/LIDAR_REAR/LIDAR_REAR_1699973993850006.pcd
4c70843cf3524dc7a0f9c52c6c57d617,4808479e83bc48d78248ece72cb7ae5f,b13b6eb5c4bf4479a631372af53baf28,LiDAR,LIDAR_REAR,1699973994350030,True,samples,samples/LIDAR_REAR/LIDAR_REAR_1699973994350030.pcd
be1bc2488e174e21be532b5e0df5e283,e43ae3c9b670423d89fe92170f0c87e9,073e6bb18188424ea9981e3845df54a6,LiDAR,LIDAR_LEFT,1706541302887830,True,samples,samples/LIDAR_LEFT/LIDAR_LEFT_1706541302887830.pcd
b9b9d41cdcc24dd2841668ebb32cb82c,b5e85c3fdd73410bbd64b73e699641ed,073e6bb18188424ea9981e3845df54a6,LiDAR,LIDAR_LEFT,1706541303387941,True,samples,samples/LIDAR_LEFT/LIDAR_LEFT_1706541303387941.pcd
ae1ad2b85a584b7bb5b3867da5f35d95,00b7a051298345d7a162393e5c0e2764,073e6bb18188424ea9981e3845df54a6,LiDAR,LIDAR_LEFT,1706541303887445,True,samples,samples/LIDAR_LEFT/LIDAR_LEFT_1706541303887445.pcd
2035736fcbac4feaa6ea2afcfcfcf906,1c9adfec38f84c1792e008a8a1771cca,073e6bb18188424ea9981e3845df54a6,LiDAR,LIDAR_LEFT,1706541304387324,True,samples,samples/LIDAR_LEFT/LIDAR_LEFT_1706541304387324.pcd
70eaa6808ba14bb4be7eec2e51e34f05,b1724a8b614640e39cd18857d741d2d3,073e6bb18188424ea9981e3845df54a6,LiDAR,LIDAR_LEFT,1706541304887406,True,samples,samples/LIDAR_LEFT/LIDAR_LEFT_1706541304887406.pcd
016436b3b6484234a5738578f0da60c4,a24b8e21a49746d196ba067b09e21a4f,073e6bb18188424ea9981e3845df54a6,LiDAR,LIDAR_LEFT,1706541305387588,True,samples,samples/LIDAR_LEFT/LIDAR_LEFT_1706541305387588.pcd
fca894ad61cd445a9d5ee021a9cb49f8,75f794a6f0dd4e2c9910b2f8f1192b04,073e6bb18188424ea9981e3845df54a6,LiDAR,LIDAR_LEFT,1706541305887770,True,samples,samples/LIDAR_LEFT/LIDAR_LEFT_1706541305887770.pcd
979403ed80724a0fbd9a359ec9a00d3d,fd46341537f34c16b8f37389b25b5eff,073e6bb18188424ea9981e3845df54a6,LiDAR,LIDAR_LEFT,1706541306387397,True,samples,samples/LIDAR_LEFT/LIDAR_LEFT_1706541306387397.pcd
c8db2e8115dd44d9b24a542e1baa2029,70ea4677eb1f4126a217de41eb5119ee,073e6bb18188424ea9981e3845df54a6,LiDAR,LIDAR_LEFT,1706541306886850,True,samples,samples/LIDAR_LEFT/LIDAR_LEFT_1706541306886850.pcd
26e156299aed42f590ca97efb5c4ea4b,fb586e9af9bc4ded87c306e7964345e6,073e6bb18188424ea9981e3845df54a6,LiDAR,LIDAR_LEFT,1706541307386535,True,samples,samples/LIDAR_LEFT/LIDAR_LEFT_1706541307386535.pcd
d225337d736042259b14d0a2ed691b6a,7f551a9ca9144a289797b1de66b1bfa3,073e6bb18188424ea9981e3845df54a6,LiDAR,LIDAR_LEFT,1706541307887287,True,samples,samples/LIDAR_LEFT/LIDAR_LEFT_1706541307887287.pcd
93b7cad3614d4ecb9460c7f1faeb08ba,c689aeff0cd344188c9272316a7d57c0,073e6bb18188424ea9981e3845df54a6,LiDAR,LIDAR_LEFT,1706541308387771,True,samples,samples/LIDAR_LEFT/LIDAR_LEFT_1706541308387771.pcd
84b0b42bb5414ac29115826ac3a0e496,885bbe9d84d94c9f925437acf6e31921,073e6bb18188424ea9981e3845df54a6,LiDAR,LIDAR_LEFT,1706541308888016,True,samples,samples/LIDAR_LEFT/LIDAR_LEFT_1706541308888016.pcd
beec30af11724af9aeb673368f0fc671,b0c7aef37dee49a6ac2236b212af059c,073e6bb18188424ea9981e3845df54a6,LiDAR,LIDAR_LEFT,1706541309388008,True,samples,samples/LIDAR_LEFT/LIDAR_LEFT_1706541309388008.pcd
e6ecf54fcdb14590b06b2132a15aa16e,2c61cb7566c948d8be146eb265fde451,073e6bb18188424ea9981e3845df54a6,LiDAR,LIDAR_LEFT,1706541309887436,True,samples,samples/LIDAR_LEFT/LIDAR_LEFT_1706541309887436.pcd
45e35f79eff146b5b17b00c3193d052f,853e1e0907f14966be0c22eab0f4f05c,073e6bb18188424ea9981e3845df54a6,LiDAR,LIDAR_LEFT,1706541310387231,True,samples,samples/LIDAR_LEFT/LIDAR_LEFT_1706541310387231.pcd
23dc1ad073324d638c4bcef53a85ce55,840bbca5b29741d29de0fc1a00d81cd4,073e6bb18188424ea9981e3845df54a6,LiDAR,LIDAR_LEFT,1706541310887215,True,samples,samples/LIDAR_LEFT/LIDAR_LEFT_1706541310887215.pcd
39da89223451400c91f0baac77add629,97366e0a4e504322aaae6e8b07884f2f,073e6bb18188424ea9981e3845df54a6,LiDAR,LIDAR_LEFT,1706541311387291,True,samples,samples/LIDAR_LEFT/LIDAR_LEFT_1706541311387291.pcd
9083275627194f36bd06c4e3f1012eab,5d019ee18c50449591f26cf683e09898,073e6bb18188424ea9981e3845df54a6,LiDAR,LIDAR_LEFT,1706541311887705,True,samples,samples/LIDAR_LEFT/LIDAR_LEFT_1706541311887705.pcd
b6692ad388f44e2db4706846fb9603a0,7aab37b38b4344b2a5f9b4d56bdc8cf9,073e6bb18188424ea9981e3845df54a6,LiDAR,LIDAR_LEFT,1706541312387848,True,samples,samples/LIDAR_LEFT/LIDAR_LEFT_1706541312387848.pcd
dc663378313a431baadbe68004f94c45,b193a929462d4b28b559eda6d21dba5d,073e6bb18188424ea9981e3845df54a6,LiDAR,LIDAR_LEFT,1706541312887866,True,samples,samples/LIDAR_LEFT/LIDAR_LEFT_1706541312887866.pcd
c9474471f37f43c392c309abbd7a69f9,b6a30d50fb9f41eea4cce04d65fbadd1,073e6bb18188424ea9981e3845df54a6,LiDAR,LIDAR_LEFT,1706541313387796,True,samples,samples/LIDAR_LEFT/LIDAR_LEFT_1706541313387796.pcd
2a5f714cee2c45d88837462b5ac30f32,37e26c60741142d7811e41f7a35448c9,073e6bb18188424ea9981e3845df54a6,LiDAR,LIDAR_LEFT,1706541313887400,True,samples,samples/LIDAR_LEFT/LIDAR_LEFT_1706541313887400.pcd
d88394308aaf46e79e5ed06e7080e3b0,fd6f19fe58c1488f9c45ccd70f25561c,073e6bb18188424ea9981e3845df54a6,LiDAR,LIDAR_LEFT,1706541314386947,True,samples,samples/LIDAR_LEFT/LIDAR_LEFT_1706541314386947.pcd
20d95885bde04341b9a0d6652c381bfe,d088162159534984bbe9c0e4ca87de81,073e6bb18188424ea9981e3845df54a6,LiDAR,LIDAR_LEFT,1706541314886593,True,samples,samples/LIDAR_LEFT/LIDAR_LEFT_1706541314886593.pcd
209f21c7dd864ea48ba57cf6aa0ac1c1,1c2acee839b34c158452d570f1ebf203,073e6bb18188424ea9981e3845df54a6,LiDAR,LIDAR_LEFT,1706541315386595,True,samples,samples/LIDAR_LEFT/LIDAR_LEFT_1706541315386595.pcd
14dbd8a7dbf84bf6997f00c58263017a,c5dc48287d064c87939d630ff4c21065,073e6bb18188424ea9981e3845df54a6,LiDAR,LIDAR_LEFT,1706541315887315,True,samples,samples/LIDAR_LEFT/LIDAR_LEFT_1706541315887315.pcd
236399952c284433a8741db24b3ed3d2,bf562ad191424bd7b701bb1dfddf068f,073e6bb18188424ea9981e3845df54a6,LiDAR,LIDAR_LEFT,1706541316387790,True,samples,samples/LIDAR_LEFT/LIDAR_LEFT_1706541316387790.pcd
a512bf3d97234f41899be9244f81dd9b,876fc60ede7d47aa8eb3d1c396aa8ee1,073e6bb18188424ea9981e3845df54a6,LiDAR,LIDAR_LEFT,1706541316887580,True,samples,samples/LIDAR_LEFT/LIDAR_LEFT_1706541316887580.pcd
695f95a1deb24e78990cd52b7db8b3e4,b213083c83b74031b2a23040e38861aa,073e6bb18188424ea9981e3845df54a6,LiDAR,LIDAR_LEFT,1706541317387289,True,samples,samples/LIDAR_LEFT/LIDAR_LEFT_1706541317387289.pcd
d9970ac2fa1c4d58a788b6d05312a911,b7aef90fff4146c5b2fbd5938dbe2317,073e6bb18188424ea9981e3845df54a6,LiDAR,LIDAR_LEFT,1706541317887429,True,samples,samples/LIDAR_LEFT/LIDAR_LEFT_1706541317887429.pcd
a855687f4998413087db6bf3662e32bf,7225b605df0940e88cdc695c21771415,073e6bb18188424ea9981e3845df54a6,LiDAR,LIDAR_LEFT,1706541318387898,True,samples,samples/LIDAR_LEFT/LIDAR_LEFT_1706541318387898.pcd
87f833f1ccf74272adaa64af1dbf8731,f78fc07d7ea847ceb289a9a695a9a01b,073e6bb18188424ea9981e3845df54a6,LiDAR,LIDAR_LEFT,1706541318887492,True,samples,samples/LIDAR_LEFT/LIDAR_LEFT_1706541318887492.pcd
5514fe32e04346bca7a6307dae4dc5e1,f82496cfbd55402eb388ca3b2de1ff00,073e6bb18188424ea9981e3845df54a6,LiDAR,LIDAR_LEFT,1706541319387228,True,samples,samples/LIDAR_LEFT/LIDAR_LEFT_1706541319387228.pcd
3f7e53b67b29429c8aadd7d125792bb3,2e2ac9d98ef0429b8be1a17bb9ef0074,073e6bb18188424ea9981e3845df54a6,LiDAR,LIDAR_LEFT,1706541319887664,True,samples,samples/LIDAR_LEFT/LIDAR_LEFT_1706541319887664.pcd
c1d1c8eb62dd4ca389bc8109eeadaeb8,43f5fe636d6e459a8c858e6f82ba835c,073e6bb18188424ea9981e3845df54a6,LiDAR,LIDAR_LEFT,1706541320387769,True,samples,samples/LIDAR_LEFT/LIDAR_LEFT_1706541320387769.pcd
ebf34287a2824e0f9d58e67f3ffea11a,7ebdaf01abe2419bbc2f437149052f7e,073e6bb18188424ea9981e3845df54a6,LiDAR,LIDAR_LEFT,1706541320887552,True,samples,samples/LIDAR_LEFT/LIDAR_LEFT_1706541320887552.pcd
4c955c66f8464002815d9be9f5cbad07,f31befb82f864a368e6164a75a1733f9,073e6bb18188424ea9981e3845df54a6,LiDAR,LIDAR_LEFT,1706541321387232,True,samples,samples/LIDAR_LEFT/LIDAR_LEFT_1706541321387232.pcd
e0375529939a47cdaf81970321222ad7,f2aa8afaba7249398e32f59a538ec5bf,073e6bb18188424ea9981e3845df54a6,LiDAR,LIDAR_LEFT,1706541321886755,True,samples,samples/LIDAR_LEFT/LIDAR_LEFT_1706541321886755.pcd
ef4d937db5704dad997f9cabf18d1b99,30e96baf00fa44d49a50640917bdea00,073e6bb18188424ea9981e3845df54a6,LiDAR,LIDAR_LEFT,1706541322386622,True,samples,samples/LIDAR_LEFT/LIDAR_LEFT_1706541322386622.pcd
2675afcbc52845e6971be6ac2c6095f5,e43ae3c9b670423d89fe92170f0c87e9,073e6bb18188424ea9981e3845df54a6,LiDAR,LIDAR_RIGHT,1706541302912678,True,samples,samples/LIDAR_RIGHT/LIDAR_RIGHT_1706541302912678.pcd
2448e128f8a545519d30dde9e7b47fba,b5e85c3fdd73410bbd64b73e699641ed,073e6bb18188424ea9981e3845df54a6,LiDAR,LIDAR_RIGHT,1706541303412984,True,samples,samples/LIDAR_RIGHT/LIDAR_RIGHT_1706541303412984.pcd
7b6227ebec2149e1b8bda4a8703ac375,00b7a051298345d7a162393e5c0e2764,073e6bb18188424ea9981e3845df54a6,LiDAR,LIDAR_RIGHT,1706541303913333,True,samples,samples/LIDAR_RIGHT/LIDAR_RIGHT_1706541303913333.pcd
349e74f08dbe4a6db58c2908732961ba,1c9adfec38f84c1792e008a8a1771cca,073e6bb18188424ea9981e3845df54a6,LiDAR,LIDAR_RIGHT,1706541304413331,True,samples,samples/LIDAR_RIGHT/LIDAR_RIGHT_1706541304413331.pcd
9381f2f1718c49dc81b75711b24721dc,b1724a8b614640e39cd18857d741d2d3,073e6bb18188424ea9981e3845df54a6,LiDAR,LIDAR_RIGHT,1706541304912713,True,samples,samples/LIDAR_RIGHT/LIDAR_RIGHT_1706541304912713.pcd
c906365d36ea4bfcb04a0f4b5a7bfc20,a24b8e21a49746d196ba067b09e21a4f,073e6bb18188424ea9981e3845df54a6,LiDAR,LIDAR_RIGHT,1706541305412703,True,samples,samples/LIDAR_RIGHT/LIDAR_RIGHT_1706541305412703.pcd
058849d998074586a5a21824938b453d,75f794a6f0dd4e2c9910b2f8f1192b04,073e6bb18188424ea9981e3845df54a6,LiDAR,LIDAR_RIGHT,1706541305912826,True,samples,samples/LIDAR_RIGHT/LIDAR_RIGHT_1706541305912826.pcd
8dfb714be2f843259c6ff12ac4f71298,fd46341537f34c16b8f37389b25b5eff,073e6bb18188424ea9981e3845df54a6,LiDAR,LIDAR_RIGHT,1706541306412695,True,samples,samples/LIDAR_RIGHT/LIDAR_RIGHT_1706541306412695.pcd
6007632e056e4967b047d0f7c7a93f13,70ea4677eb1f4126a217de41eb5119ee,073e6bb18188424ea9981e3845df54a6,LiDAR,LIDAR_RIGHT,1706541306912432,True,samples,samples/LIDAR_RIGHT/LIDAR_RIGHT_1706541306912432.pcd
32fddd7460294a15b2fb9175589f9065,fb586e9af9bc4ded87c306e7964345e6,073e6bb18188424ea9981e3845df54a6,LiDAR,LIDAR_RIGHT,1706541307412671,True,samples,samples/LIDAR_RIGHT/LIDAR_RIGHT_1706541307412671.pcd
35bf8e4b58a440a38dd0c0a669e32b1d,7f551a9ca9144a289797b1de66b1bfa3,073e6bb18188424ea9981e3845df54a6,LiDAR,LIDAR_RIGHT,1706541307913100,True,samples,samples/LIDAR_RIGHT/LIDAR_RIGHT_1706541307913100.pcd
0bfe092fe583421e94cfcb404ee4ba9f,c689aeff0cd344188c9272316a7d57c0,073e6bb18188424ea9981e3845df54a6,LiDAR,LIDAR_RIGHT,1706541308413154,True,samples,samples/LIDAR_RIGHT/LIDAR_RIGHT_1706541308413154.pcd
4ff85b0269b64a9b9c6d2da89234d687,885bbe9d84d94c9f925437acf6e31921,073e6bb18188424ea9981e3845df54a6,LiDAR,LIDAR_RIGHT,1706541308912559,True,samples,samples/LIDAR_RIGHT/LIDAR_RIGHT_1706541308912559.pcd
fe478f3f7ae045db91faa7e3283f3899,b0c7aef37dee49a6ac2236b212af059c,073e6bb18188424ea9981e3845df54a6,LiDAR,LIDAR_RIGHT,1706541309412606,True,samples,samples/LIDAR_RIGHT/LIDAR_RIGHT_1706541309412606.pcd
7fc654ffaf784f6bbdb83d5e5066939b,2c61cb7566c948d8be146eb265fde451,073e6bb18188424ea9981e3845df54a6,LiDAR,LIDAR_RIGHT,1706541309912646,True,samples,samples/LIDAR_RIGHT/LIDAR_RIGHT_1706541309912646.pcd
46cf58bc38d942e9a8c573530860190f,853e1e0907f14966be0c22eab0f4f05c,073e6bb18188424ea9981e3845df54a6,LiDAR,LIDAR_RIGHT,1706541310412467,True,samples,samples/LIDAR_RIGHT/LIDAR_RIGHT_1706541310412467.pcd
74d07728dbd844e4b052c1bca4fa6930,840bbca5b29741d29de0fc1a00d81cd4,073e6bb18188424ea9981e3845df54a6,LiDAR,LIDAR_RIGHT,1706541310912551,True,samples,samples/LIDAR_RIGHT/LIDAR_RIGHT_1706541310912551.pcd
cfff584fae774fc197da05bb738fd866,97366e0a4e504322aaae6e8b07884f2f,073e6bb18188424ea9981e3845df54a6,LiDAR,LIDAR_RIGHT,1706541311413070,True,samples,samples/LIDAR_RIGHT/LIDAR_RIGHT_1706541311413070.pcd
3381b0d6ba954a4b89c57ee2b919822f,5d019ee18c50449591f26cf683e09898,073e6bb18188424ea9981e3845df54a6,LiDAR,LIDAR_RIGHT,1706541311913505,True,samples,samples/LIDAR_RIGHT/LIDAR_RIGHT_1706541311913505.pcd
b965239be593497da59f918b36ae0c2f,7aab37b38b4344b2a5f9b4d56bdc8cf9,073e6bb18188424ea9981e3845df54a6,LiDAR,LIDAR_RIGHT,1706541312413489,True,samples,samples/LIDAR_RIGHT/LIDAR_RIGHT_1706541312413489.pcd
d77a560642b84aba854410e6c7bad453,b193a929462d4b28b559eda6d21dba5d,073e6bb18188424ea9981e3845df54a6,LiDAR,LIDAR_RIGHT,1706541312912835,True,samples,samples/LIDAR_RIGHT/LIDAR_RIGHT_1706541312912835.pcd
cb33a84b5d0d4f2c87b1baaaa05d093d,b6a30d50fb9f41eea4cce04d65fbadd1,073e6bb18188424ea9981e3845df54a6,LiDAR,LIDAR_RIGHT,1706541313412769,True,samples,samples/LIDAR_RIGHT/LIDAR_RIGHT_1706541313412769.pcd
daf202b17fdb45b5b9403313a817bcad,37e26c60741142d7811e41f7a35448c9,073e6bb18188424ea9981e3845df54a6,LiDAR,LIDAR_RIGHT,1706541313912816,True,samples,samples/LIDAR_RIGHT/LIDAR_RIGHT_1706541313912816.pcd
6bd4458aade14fab8a9f49295afe600c,fd6f19fe58c1488f9c45ccd70f25561c,073e6bb18188424ea9981e3845df54a6,LiDAR,LIDAR_RIGHT,1706541314412716,True,samples,samples/LIDAR_RIGHT/LIDAR_RIGHT_1706541314412716.pcd
0e366ac153624c92acd98a6a48f27b80,d088162159534984bbe9c0e4ca87de81,073e6bb18188424ea9981e3845df54a6,LiDAR,LIDAR_RIGHT,1706541314912462,True,samples,samples/LIDAR_RIGHT/LIDAR_RIGHT_1706541314912462.pcd
eeea1ffd9258409fb8f0a97fb0db3b34,1c2acee839b34c158452d570f1ebf203,073e6bb18188424ea9981e3845df54a6,LiDAR,LIDAR_RIGHT,1706541315412815,True,samples,samples/LIDAR_RIGHT/LIDAR_RIGHT_1706541315412815.pcd
7cb888f12b75483c95f92ce54be03a42,c5dc48287d064c87939d630ff4c21065,073e6bb18188424ea9981e3845df54a6,LiDAR,LIDAR_RIGHT,1706541315912425,True,samples,samples/LIDAR_RIGHT/LIDAR_RIGHT_1706541315912425.pcd
41545c464ac84f2f8cd8c66f2b81a0ce,bf562ad191424bd7b701bb1dfddf068f,073e6bb18188424ea9981e3845df54a6,LiDAR,LIDAR_RIGHT,1706541316412808,True,samples,samples/LIDAR_RIGHT/LIDAR_RIGHT_1706541316412808.pcd
c3bf90c0920a4049974a5fe97076e39e,876fc60ede7d47aa8eb3d1c396aa8ee1,073e6bb18188424ea9981e3845df54a6,LiDAR,LIDAR_RIGHT,1706541316912739,True,samples,samples/LIDAR_RIGHT/LIDAR_RIGHT_1706541316912739.pcd
27a9fa25a39645e493e1fd2d90bab412,b213083c83b74031b2a23040e38861aa,073e6bb18188424ea9981e3845df54a6,LiDAR,LIDAR_RIGHT,1706541317412427,True,samples,samples/LIDAR_RIGHT/LIDAR_RIGHT_1706541317412427.pcd
8956db7610e44047912f3001ef9407fe,b7aef90fff4146c5b2fbd5938dbe2317,073e6bb18188424ea9981e3845df54a6,LiDAR,LIDAR_RIGHT,1706541317912393,True,samples,samples/LIDAR_RIGHT/LIDAR_RIGHT_1706541317912393.pcd
94439d5d09d245989cc9c3ec6bd24bd2,7225b605df0940e88cdc695c21771415,073e6bb18188424ea9981e3845df54a6,LiDAR,LIDAR_RIGHT,1706541318412812,True,samples,samples/LIDAR_RIGHT/LIDAR_RIGHT_1706541318412812.pcd
4fce8d5f7ac74bb583c2a080e0ea9ad7,f78fc07d7ea847ceb289a9a695a9a01b,073e6bb18188424ea9981e3845df54a6,LiDAR,LIDAR_RIGHT,1706541318912342,True,samples,samples/LIDAR_RIGHT/LIDAR_RIGHT_1706541318912342.pcd
fb78fa6fc0784113a92ac4c90c57cc07,f82496cfbd55402eb388ca3b2de1ff00,073e6bb18188424ea9981e3845df54a6,LiDAR,LIDAR_RIGHT,1706541319412700,True,samples,samples/LIDAR_RIGHT/LIDAR_RIGHT_1706541319412700.pcd
1fb698bf1e59444aa833f55b58b2f4ee,2e2ac9d98ef0429b8be1a17bb9ef0074,073e6bb18188424ea9981e3845df54a6,LiDAR,LIDAR_RIGHT,1706541319912643,True,samples,samples/LIDAR_RIGHT/LIDAR_RIGHT_1706541319912643.pcd
c072de0b2e634930a4fb40f56f85e330,43f5fe636d6e459a8c858e6f82ba835c,073e6bb18188424ea9981e3845df54a6,LiDAR,LIDAR_RIGHT,1706541320412399,True,samples,samples/LIDAR_RIGHT/LIDAR_RIGHT_1706541320412399.pcd
0218e7a057434a288ec4b608aa23907e,7ebdaf01abe2419bbc2f437149052f7e,073e6bb18188424ea9981e3845df54a6,LiDAR,LIDAR_RIGHT,1706541320912837,True,samples,samples/LIDAR_RIGHT/LIDAR_RIGHT_1706541320912837.pcd
895c2f88fbb84c5fb83db470362d9bb4,f31befb82f864a368e6164a75a1733f9,073e6bb18188424ea9981e3845df54a6,LiDAR,LIDAR_RIGHT,1706541321412766,True,samples,samples/LIDAR_RIGHT/LIDAR_RIGHT_1706541321412766.pcd
7de04b4c27234949924806b5d2a90276,f2aa8afaba7249398e32f59a538ec5bf,073e6bb18188424ea9981e3845df54a6,LiDAR,LIDAR_RIGHT,1706541321912405,True,samples,samples/LIDAR_RIGHT/LIDAR_RIGHT_1706541321912405.pcd
44e23f5785b74e37bfb970908700e087,30e96baf00fa44d49a50640917bdea00,073e6bb18188424ea9981e3845df54a6,LiDAR,LIDAR_RIGHT,1706541322412416,True,samples,samples/LIDAR_RIGHT/LIDAR_RIGHT_1706541322412416.pcd
0d381c38996a456fb300f3137e4a6618,e43ae3c9b670423d89fe92170f0c87e9,073e6bb18188424ea9981e3845df54a6,LiDAR,LIDAR_REAR,1706541302850098,True,samples,samples/LIDAR_REAR/LIDAR_REAR_1706541302850098.pcd
dfaff36efbfc484db264b15b58e5bf1f,b5e85c3fdd73410bbd64b73e699641ed,073e6bb18188424ea9981e3845df54a6,LiDAR,LIDAR_REAR,1706541303350207,True,samples,samples/LIDAR_REAR/LIDAR_REAR_1706541303350207.pcd
e355757fcadf4e04a96b5a5fe0b7ca63,00b7a051298345d7a162393e5c0e2764,073e6bb18188424ea9981e3845df54a6,LiDAR,LIDAR_REAR,1706541303850131,True,samples,samples/LIDAR_REAR/LIDAR_REAR_1706541303850131.pcd
082547f5609041a181946fc42f55d3a8,1c9adfec38f84c1792e008a8a1771cca,073e6bb18188424ea9981e3845df54a6,LiDAR,LIDAR_REAR,1706541304350174,True,samples,samples/LIDAR_REAR/LIDAR_REAR_1706541304350174.pcd
85473524026946adae5f07246c2df1ee,b1724a8b614640e39cd18857d741d2d3,073e6bb18188424ea9981e3845df54a6,LiDAR,LIDAR_REAR,1706541304850169,True,samples,samples/LIDAR_REAR/LIDAR_REAR_1706541304850169.pcd
0f4831e7a74b4726ac65882cc03b4de9,a24b8e21a49746d196ba067b09e21a4f,073e6bb18188424ea9981e3845df54a6,LiDAR,LIDAR_REAR,1706541305350211,True,samples,samples/LIDAR_REAR/LIDAR_REAR_1706541305350211.pcd
05009b2f3f654e0fb130ba46fca935a0,75f794a6f0dd4e2c9910b2f8f1192b04,073e6bb18188424ea9981e3845df54a6,LiDAR,LIDAR_REAR,1706541305850294,True,samples,samples/LIDAR_REAR/LIDAR_REAR_1706541305850294.pcd
2c9d59aa5101415bbe89cfd5d29670ea,fd46341537f34c16b8f37389b25b5eff,073e6bb18188424ea9981e3845df54a6,LiDAR,LIDAR_REAR,1706541306350252,True,samples,samples/LIDAR_REAR/LIDAR_REAR_1706541306350252.pcd
2d35e6300ed44859b1dad15f79ebffbe,70ea4677eb1f4126a217de41eb5119ee,073e6bb18188424ea9981e3845df54a6,LiDAR,LIDAR_REAR,1706541306850174,True,samples,samples/LIDAR_REAR/LIDAR_REAR_1706541306850174.pcd
0c6281d39e0f45e1834be030b8eabd43,fb586e9af9bc4ded87c306e7964345e6,073e6bb18188424ea9981e3845df54a6,LiDAR,LIDAR_REAR,1706541307350017,True,samples,samples/LIDAR_REAR/LIDAR_REAR_1706541307350017.pcd
a71b69e5a21f4daaba9d72dc86a06202,7f551a9ca9144a289797b1de66b1bfa3,073e6bb18188424ea9981e3845df54a6,LiDAR,LIDAR_REAR,1706541307849973,True,samples,samples/LIDAR_REAR/LIDAR_REAR_1706541307849973.pcd
d1e226ba05384d77956eaff86de91080,c689aeff0cd344188c9272316a7d57c0,073e6bb18188424ea9981e3845df54a6,LiDAR,LIDAR_REAR,1706541308349982,True,samples,samples/LIDAR_REAR/LIDAR_REAR_1706541308349982.pcd
d65f229d3c464b558e1f2202e12db607,885bbe9d84d94c9f925437acf6e31921,073e6bb18188424ea9981e3845df54a6,LiDAR,LIDAR_REAR,1706541308849942,True,samples,samples/LIDAR_REAR/LIDAR_REAR_1706541308849942.pcd
25b9d23645364672a19c743ded75e49a,b0c7aef37dee49a6ac2236b212af059c,073e6bb18188424ea9981e3845df54a6,LiDAR,LIDAR_REAR,1706541309350045,True,samples,samples/LIDAR_REAR/LIDAR_REAR_1706541309350045.pcd
494a09a63b034d3d91f6edfabf9fb761,2c61cb7566c948d8be146eb265fde451,073e6bb18188424ea9981e3845df54a6,LiDAR,LIDAR_REAR,1706541309850157,True,samples,samples/LIDAR_REAR/LIDAR_REAR_1706541309850157.pcd
7ef19eba92304c0b9e65be414c097ec5,853e1e0907f14966be0c22eab0f4f05c,073e6bb18188424ea9981e3845df54a6,LiDAR,LIDAR_REAR,1706541310350187,True,samples,samples/LIDAR_REAR/LIDAR_REAR_1706541310350187.pcd
d30ffd303fec4d0b824a2b9b1880e5e7,840bbca5b29741d29de0fc1a00d81cd4,073e6bb18188424ea9981e3845df54a6,LiDAR,LIDAR_REAR,1706541310850175,True,samples,samples/LIDAR_REAR/LIDAR_REAR_1706541310850175.pcd
28f4c6e1bf824299a679578882bc0cf7,97366e0a4e504322aaae6e8b07884f2f,073e6bb18188424ea9981e3845df54a6,LiDAR,LIDAR_REAR,1706541311350148,True,samples,samples/LIDAR_REAR/LIDAR_REAR_1706541311350148.pcd
6be0f6e8834640dab7670fce734e5c16,5d019ee18c50449591f26cf683e09898,073e6bb18188424ea9981e3845df54a6,LiDAR,LIDAR_REAR,1706541311850229,True,samples,samples/LIDAR_REAR/LIDAR_REAR_1706541311850229.pcd
d2d5924c369f46d0b2200c4035a5c15b,7aab37b38b4344b2a5f9b4d56bdc8cf9,073e6bb18188424ea9981e3845df54a6,LiDAR,LIDAR_REAR,1706541312350172,True,samples,samples/LIDAR_REAR/LIDAR_REAR_1706541312350172.pcd
c9a253b6515d4cc3862b439d13e9f7f6,b193a929462d4b28b559eda6d21dba5d,073e6bb18188424ea9981e3845df54a6,LiDAR,LIDAR_REAR,1706541312850186,True,samples,samples/LIDAR_REAR/LIDAR_REAR_1706541312850186.pcd
6e86f764cbee4d22b75c2d60c65a9361,b6a30d50fb9f41eea4cce04d65fbadd1,073e6bb18188424ea9981e3845df54a6,LiDAR,LIDAR_REAR,1706541313350294,True,samples,samples/LIDAR_REAR/LIDAR_REAR_1706541313350294.pcd
b279be73b90c494cbfa298cfa8cdc28d,37e26c60741142d7811e41f7a35448c9,073e6bb18188424ea9981e3845df54a6,LiDAR,LIDAR_REAR,1706541313850286,True,samples,samples/LIDAR_REAR/LIDAR_REAR_1706541313850286.pcd
cb8b65b530744def877b1b35801b7daa,fd6f19fe58c1488f9c45ccd70f25561c,073e6bb18188424ea9981e3845df54a6,LiDAR,LIDAR_REAR,1706541314350375,True,samples,samples/LIDAR_REAR/LIDAR_REAR_1706541314350375.pcd
796780d05b85499a9747128a69c2f710,d088162159534984bbe9c0e4ca87de81,073e6bb18188424ea9981e3845df54a6,LiDAR,LIDAR_REAR,1706541314850559,True,samples,samples/LIDAR_REAR/LIDAR_REAR_1706541314850559.pcd
79a15a9dac8a4b34b8d41e13cd736fdf,1c2acee839b34c158452d570f1ebf203,073e6bb18188424ea9981e3845df54a6,LiDAR,LIDAR_REAR,1706541315350280,True,samples,samples/LIDAR_REAR/LIDAR_REAR_1706541315350280.pcd
16aed3593e544d04a8415a205cae5d9f,c5dc48287d064c87939d630ff4c21065,073e6bb18188424ea9981e3845df54a6,LiDAR,LIDAR_REAR,1706541315850183,True,samples,samples/LIDAR_REAR/LIDAR_REAR_1706541315850183.pcd
259d173c09904c4d9c53b06ca52ae1ab,bf562ad191424bd7b701bb1dfddf068f,073e6bb18188424ea9981e3845df54a6,LiDAR,LIDAR_REAR,1706541316350270,True,samples,samples/LIDAR_REAR/LIDAR_REAR_1706541316350270.pcd
80ebac3d3ba84a8b87e4b0da40bbefb5,876fc60ede7d47aa8eb3d1c396aa8ee1,073e6bb18188424ea9981e3845df54a6,LiDAR,LIDAR_REAR,1706541316850280,True,samples,samples/LIDAR_REAR/LIDAR_REAR_1706541316850280.pcd
17e8cea9bec24c74b8aeb6a763b83a1b,b213083c83b74031b2a23040e38861aa,073e6bb18188424ea9981e3845df54a6,LiDAR,LIDAR_REAR,1706541317350260,True,samples,samples/LIDAR_REAR/LIDAR_REAR_1706541317350260.pcd
04263d16af3d49d595e2cf8bb7bb5996,b7aef90fff4146c5b2fbd5938dbe2317,073e6bb18188424ea9981e3845df54a6,LiDAR,LIDAR_REAR,1706541317850175,True,samples,samples/LIDAR_REAR/LIDAR_REAR_1706541317850175.pcd
0aaf02b455f042339e0c8d01822ac3cb,7225b605df0940e88cdc695c21771415,073e6bb18188424ea9981e3845df54a6,LiDAR,LIDAR_REAR,1706541318350077,True,samples,samples/LIDAR_REAR/LIDAR_REAR_1706541318350077.pcd
fb141a56c2fd4d998df3e62b007bca2d,f78fc07d7ea847ceb289a9a695a9a01b,073e6bb18188424ea9981e3845df54a6,LiDAR,LIDAR_REAR,1706541318850072,True,samples,samples/LIDAR_REAR/LIDAR_REAR_1706541318850072.pcd
1d7231c13ab04d15a22a91e393076fcf,f82496cfbd55402eb388ca3b2de1ff00,073e6bb18188424ea9981e3845df54a6,LiDAR,LIDAR_REAR,1706541319350059,True,samples,samples/LIDAR_REAR/LIDAR_REAR_1706541319350059.pcd
111b0bc3451343f292dc4fcbc2d61afe,2e2ac9d98ef0429b8be1a17bb9ef0074,073e6bb18188424ea9981e3845df54a6,LiDAR,LIDAR_REAR,1706541319850073,True,samples,samples/LIDAR_REAR/LIDAR_REAR_1706541319850073.pcd
0676195927de44a685a2f688dfdb9688,43f5fe636d6e459a8c858e6f82ba835c,073e6bb18188424ea9981e3845df54a6,LiDAR,LIDAR_REAR,1706541320350211,True,samples,samples/LIDAR_REAR/LIDAR_REAR_1706541320350211.pcd
b3eb4735c0994b0794f3bde8f96fe101,7ebdaf01abe2419bbc2f437149052f7e,073e6bb18188424ea9981e3845df54a6,LiDAR,LIDAR_REAR,1706541320850108,True,samples,samples/LIDAR_REAR/LIDAR_REAR_1706541320850108.pcd
cd928155048c4064a086b84fdf2e566b,f31befb82f864a368e6164a75a1733f9,073e6bb18188424ea9981e3845df54a6,LiDAR,LIDAR_REAR,1706541321350087,True,samples,samples/LIDAR_REAR/LIDAR_REAR_1706541321350087.pcd
5a47afbb4c5242d390483b276ac1a9a3,f2aa8afaba7249398e32f59a538ec5bf,073e6bb18188424ea9981e3845df54a6,LiDAR,LIDAR_REAR,1706541321850015,True,samples,samples/LIDAR_REAR/LIDAR_REAR_1706541321850015.pcd
d0d09502d95d4466a8e309b456f18198,30e96baf00fa44d49a50640917bdea00,073e6bb18188424ea9981e3845df54a6,LiDAR,LIDAR_REAR,1706541322349999,True,samples,samples/LIDAR_REAR/LIDAR_REAR_1706541322349999.pcd
34e5874fe14e4ee19498209bdf4d0872,e43ae3c9b670423d89fe92170f0c87e9,073e6bb18188424ea9981e3845df54a6,LiDAR,LIDAR_TOP_FRONT,1706541302900772,True,samples,samples/LIDAR_TOP_FRONT/LIDAR_TOP_FRONT_1706541302900772.pcd
d33c16841c4e42dab2a3dd6f2f0a4be3,b5e85c3fdd73410bbd64b73e699641ed,073e6bb18188424ea9981e3845df54a6,LiDAR,LIDAR_TOP_FRONT,1706541303400968,True,samples,samples/LIDAR_TOP_FRONT/LIDAR_TOP_FRONT_1706541303400968.pcd
ccc3273345b94c4aa50ea6f182d282cf,00b7a051298345d7a162393e5c0e2764,073e6bb18188424ea9981e3845df54a6,LiDAR,LIDAR_TOP_FRONT,1706541303900569,True,samples,samples/LIDAR_TOP_FRONT/LIDAR_TOP_FRONT_1706541303900569.pcd
887df61f11664ba0852cb6c43c4205fa,1c9adfec38f84c1792e008a8a1771cca,073e6bb18188424ea9981e3845df54a6,LiDAR,LIDAR_TOP_FRONT,1706541304400589,True,samples,samples/LIDAR_TOP_FRONT/LIDAR_TOP_FRONT_1706541304400589.pcd
cc61cc7be8384f799a25a1a1ab5d53d0,b1724a8b614640e39cd18857d741d2d3,073e6bb18188424ea9981e3845df54a6,LiDAR,LIDAR_TOP_FRONT,1706541304900915,True,samples,samples/LIDAR_TOP_FRONT/LIDAR_TOP_FRONT_1706541304900915.pcd
9bdf89089b334f8abec285eb62ded486,a24b8e21a49746d196ba067b09e21a4f,073e6bb18188424ea9981e3845df54a6,LiDAR,LIDAR_TOP_FRONT,1706541305400841,True,samples,samples/LIDAR_TOP_FRONT/LIDAR_TOP_FRONT_1706541305400841.pcd
ee94f09aae534f59ba4d2f297604b21d,75f794a6f0dd4e2c9910b2f8f1192b04,073e6bb18188424ea9981e3845df54a6,LiDAR,LIDAR_TOP_FRONT,1706541305900950,True,samples,samples/LIDAR_TOP_FRONT/LIDAR_TOP_FRONT_1706541305900950.pcd
41a30e5e955444a5852093d9a8913c12,fd46341537f34c16b8f37389b25b5eff,073e6bb18188424ea9981e3845df54a6,LiDAR,LIDAR_TOP_FRONT,1706541306400807,True,samples,samples/LIDAR_TOP_FRONT/LIDAR_TOP_FRONT_1706541306400807.pcd
4822aa76ff734b86901538292ac786ea,70ea4677eb1f4126a217de41eb5119ee,073e6bb18188424ea9981e3845df54a6,LiDAR,LIDAR_TOP_FRONT,1706541306900702,True,samples,samples/LIDAR_TOP_FRONT/LIDAR_TOP_FRONT_1706541306900702.pcd
d03951271af54372991df8cf3647d571,fb586e9af9bc4ded87c306e7964345e6,073e6bb18188424ea9981e3845df54a6,LiDAR,LIDAR_TOP_FRONT,1706541307400683,True,samples,samples/LIDAR_TOP_FRONT/LIDAR_TOP_FRONT_1706541307400683.pcd
f8bc88ddd2e24485ae1e5e7fa8f90dc5,7f551a9ca9144a289797b1de66b1bfa3,073e6bb18188424ea9981e3845df54a6,LiDAR,LIDAR_TOP_FRONT,1706541307900718,True,samples,samples/LIDAR_TOP_FRONT/LIDAR_TOP_FRONT_1706541307900718.pcd
9b2f7018c0934655878fdd5bf6323621,c689aeff0cd344188c9272316a7d57c0,073e6bb18188424ea9981e3845df54a6,LiDAR,LIDAR_TOP_FRONT,1706541308400635,True,samples,samples/LIDAR_TOP_FRONT/LIDAR_TOP_FRONT_1706541308400635.pcd
170865a5b67b459b9010591e52204c3a,885bbe9d84d94c9f925437acf6e31921,073e6bb18188424ea9981e3845df54a6,LiDAR,LIDAR_TOP_FRONT,1706541308900146,True,samples,samples/LIDAR_TOP_FRONT/LIDAR_TOP_FRONT_1706541308900146.pcd
4296d02ce81248b48082eb13d9cc5a4f,b0c7aef37dee49a6ac2236b212af059c,073e6bb18188424ea9981e3845df54a6,LiDAR,LIDAR_TOP_FRONT,1706541309400810,True,samples,samples/LIDAR_TOP_FRONT/LIDAR_TOP_FRONT_1706541309400810.pcd
e7b62d3305ed404a992d4e695dd8ceaf,2c61cb7566c948d8be146eb265fde451,073e6bb18188424ea9981e3845df54a6,LiDAR,LIDAR_TOP_FRONT,1706541309900744,True,samples,samples/LIDAR_TOP_FRONT/LIDAR_TOP_FRONT_1706541309900744.pcd
44c78a384f5d4bb4814a44e203de882b,853e1e0907f14966be0c22eab0f4f05c,073e6bb18188424ea9981e3845df54a6,LiDAR,LIDAR_TOP_FRONT,1706541310400702,True,samples,samples/LIDAR_TOP_FRONT/LIDAR_TOP_FRONT_1706541310400702.pcd
1aea1e80aa224f5b8a3af716bd8a4831,840bbca5b29741d29de0fc1a00d81cd4,073e6bb18188424ea9981e3845df54a6,LiDAR,LIDAR_TOP_FRONT,1706541310900928,True,samples,samples/LIDAR_TOP_FRONT/LIDAR_TOP_FRONT_1706541310900928.pcd
9bc33d88ff494fdc92b6e6523d58b0da,97366e0a4e504322aaae6e8b07884f2f,073e6bb18188424ea9981e3845df54a6,LiDAR,LIDAR_TOP_FRONT,1706541311400623,True,samples,samples/LIDAR_TOP_FRONT/LIDAR_TOP_FRONT_1706541311400623.pcd
4729f0fbf5a94fc8ad56e6c41c2ad6d7,5d019ee18c50449591f26cf683e09898,073e6bb18188424ea9981e3845df54a6,LiDAR,LIDAR_TOP_FRONT,1706541311900610,True,samples,samples/LIDAR_TOP_FRONT/LIDAR_TOP_FRONT_1706541311900610.pcd
a9dc08df339b44779b9fb41185aee95b,7aab37b38b4344b2a5f9b4d56bdc8cf9,073e6bb18188424ea9981e3845df54a6,LiDAR,LIDAR_TOP_FRONT,1706541312400747,True,samples,samples/LIDAR_TOP_FRONT/LIDAR_TOP_FRONT_1706541312400747.pcd
2e41ef33aa7d4b8184f6653bdd86b8c1,b193a929462d4b28b559eda6d21dba5d,073e6bb18188424ea9981e3845df54a6,LiDAR,LIDAR_TOP_FRONT,1706541312900695,True,samples,samples/LIDAR_TOP_FRONT/LIDAR_TOP_FRONT_1706541312900695.pcd
ec6a0930424b4179abb1169a44505833,b6a30d50fb9f41eea4cce04d65fbadd1,073e6bb18188424ea9981e3845df54a6,LiDAR,LIDAR_TOP_FRONT,1706541313401030,True,samples,samples/LIDAR_TOP_FRONT/LIDAR_TOP_FRONT_1706541313401030.pcd
afd853a0bacf4873ac2b3dcd75f9579e,37e26c60741142d7811e41f7a35448c9,073e6bb18188424ea9981e3845df54a6,LiDAR,LIDAR_TOP_FRONT,1706541313901092,True,samples,samples/LIDAR_TOP_FRONT/LIDAR_TOP_FRONT_1706541313901092.pcd
39addd3bef2143e9ac292c0c73bca0c9,fd6f19fe58c1488f9c45ccd70f25561c,073e6bb18188424ea9981e3845df54a6,LiDAR,LIDAR_TOP_FRONT,1706541314400686,True,samples,samples/LIDAR_TOP_FRONT/LIDAR_TOP_FRONT_1706541314400686.pcd
a29420cb9a4a4f3ca2b15bd2aced22e1,d088162159534984bbe9c0e4ca87de81,073e6bb18188424ea9981e3845df54a6,LiDAR,LIDAR_TOP_FRONT,1706541314900893,True,samples,samples/LIDAR_TOP_FRONT/LIDAR_TOP_FRONT_1706541314900893.pcd
71cf67f8e54b49279174d350fe2715ca,1c2acee839b34c158452d570f1ebf203,073e6bb18188424ea9981e3845df54a6,LiDAR,LIDAR_TOP_FRONT,1706541315400915,True,samples,samples/LIDAR_TOP_FRONT/LIDAR_TOP_FRONT_1706541315400915.pcd
53beca96a2aa4749a6cd5c4b0f8042fe,c5dc48287d064c87939d630ff4c21065,073e6bb18188424ea9981e3845df54a6,LiDAR,LIDAR_TOP_FRONT,1706541315900523,True,samples,samples/LIDAR_TOP_FRONT/LIDAR_TOP_FRONT_1706541315900523.pcd
4a605b4419754d058f84200ae1c0d78e,bf562ad191424bd7b701bb1dfddf068f,073e6bb18188424ea9981e3845df54a6,LiDAR,LIDAR_TOP_FRONT,1706541316400571,True,samples,samples/LIDAR_TOP_FRONT/LIDAR_TOP_FRONT_1706541316400571.pcd
6171205b3d3145488411c7a07a883da5,876fc60ede7d47aa8eb3d1c396aa8ee1,073e6bb18188424ea9981e3845df54a6,LiDAR,LIDAR_TOP_FRONT,1706541316900783,True,samples,samples/LIDAR_TOP_FRONT/LIDAR_TOP_FRONT_1706541316900783.pcd
37b08e4b39714c52870feb547a685501,b213083c83b74031b2a23040e38861aa,073e6bb18188424ea9981e3845df54a6,LiDAR,LIDAR_TOP_FRONT,1706541317400618,True,samples,samples/LIDAR_TOP_FRONT/LIDAR_TOP_FRONT_1706541317400618.pcd
c54fefbafcdc45a8bfb9ef55453df3cc,b7aef90fff4146c5b2fbd5938dbe2317,073e6bb18188424ea9981e3845df54a6,LiDAR,LIDAR_TOP_FRONT,1706541317900409,True,samples,samples/LIDAR_TOP_FRONT/LIDAR_TOP_FRONT_1706541317900409.pcd
d61b003769434de79b27f6ca315bea11,7225b605df0940e88cdc695c21771415,073e6bb18188424ea9981e3845df54a6,LiDAR,LIDAR_TOP_FRONT,1706541318400865,True,samples,samples/LIDAR_TOP_FRONT/LIDAR_TOP_FRONT_1706541318400865.pcd
99fc3f7baa5e4b0e88cc88d735fe6c90,f78fc07d7ea847ceb289a9a695a9a01b,073e6bb18188424ea9981e3845df54a6,LiDAR,LIDAR_TOP_FRONT,1706541318900829,True,samples,samples/LIDAR_TOP_FRONT/LIDAR_TOP_FRONT_1706541318900829.pcd
2027b9f44fec4880b37f712f3e3f8fe8,f82496cfbd55402eb388ca3b2de1ff00,073e6bb18188424ea9981e3845df54a6,LiDAR,LIDAR_TOP_FRONT,1706541319400953,True,samples,samples/LIDAR_TOP_FRONT/LIDAR_TOP_FRONT_1706541319400953.pcd
10c9fb06281049a781f8819be2b5faac,2e2ac9d98ef0429b8be1a17bb9ef0074,073e6bb18188424ea9981e3845df54a6,LiDAR,LIDAR_TOP_FRONT,1706541319900737,True,samples,samples/LIDAR_TOP_FRONT/LIDAR_TOP_FRONT_1706541319900737.pcd
3fcaadf411254e8b928ec1fcb2f6170e,43f5fe636d6e459a8c858e6f82ba835c,073e6bb18188424ea9981e3845df54a6,LiDAR,LIDAR_TOP_FRONT,1706541320401025,True,samples,samples/LIDAR_TOP_FRONT/LIDAR_TOP_FRONT_1706541320401025.pcd
1da165883edb4ac5be8ebdfb5095f95e,7ebdaf01abe2419bbc2f437149052f7e,073e6bb18188424ea9981e3845df54a6,LiDAR,LIDAR_TOP_FRONT,1706541320901039,True,samples,samples/LIDAR_TOP_FRONT/LIDAR_TOP_FRONT_1706541320901039.pcd
ba58b47e9e0441c496e533833bf7475e,f31befb82f864a368e6164a75a1733f9,073e6bb18188424ea9981e3845df54a6,LiDAR,LIDAR_TOP_FRONT,1706541321400831,True,samples,samples/LIDAR_TOP_FRONT/LIDAR_TOP_FRONT_1706541321400831.pcd
d89cd85e58ed43089127daf2f2036877,f2aa8afaba7249398e32f59a538ec5bf,073e6bb18188424ea9981e3845df54a6,LiDAR,LIDAR_TOP_FRONT,1706541321900828,True,samples,samples/LIDAR_TOP_FRONT/LIDAR_TOP_FRONT_1706541321900828.pcd
64656f3fed5749c28b366ab5fd2b87ec,30e96baf00fa44d49a50640917bdea00,073e6bb18188424ea9981e3845df54a6,LiDAR,LIDAR_TOP_FRONT,1706541322401051,True,samples,samples/LIDAR_TOP_FRONT/LIDAR_TOP_FRONT_1706541322401051.pcd
a4548e6f4f7142ac848d2234d5ada30e,e43ae3c9b670423d89fe92170f0c87e9,073e6bb18188424ea9981e3845df54a6,LiDAR,LIDAR_TOP_LEFT,1706541302875892,True,samples,samples/LIDAR_TOP_LEFT/LIDAR_TOP_LEFT_1706541302875892.pcd
dd3fd319376849a58688d2c42af5450e,b5e85c3fdd73410bbd64b73e699641ed,073e6bb18188424ea9981e3845df54a6,LiDAR,LIDAR_TOP_LEFT,1706541303375925,True,samples,samples/LIDAR_TOP_LEFT/LIDAR_TOP_LEFT_1706541303375925.pcd
3ecf23d8094e42b1a0dbaa932d74fddc,00b7a051298345d7a162393e5c0e2764,073e6bb18188424ea9981e3845df54a6,LiDAR,LIDAR_TOP_LEFT,1706541303875940,True,samples,samples/LIDAR_TOP_LEFT/LIDAR_TOP_LEFT_1706541303875940.pcd
6a79401412de4793b3d092934deddb39,1c9adfec38f84c1792e008a8a1771cca,073e6bb18188424ea9981e3845df54a6,LiDAR,LIDAR_TOP_LEFT,1706541304376092,True,samples,samples/LIDAR_TOP_LEFT/LIDAR_TOP_LEFT_1706541304376092.pcd
5d0ccc346ed54d7b9243bdd61d783ce6,b1724a8b614640e39cd18857d741d2d3,073e6bb18188424ea9981e3845df54a6,LiDAR,LIDAR_TOP_LEFT,1706541304876282,True,samples,samples/LIDAR_TOP_LEFT/LIDAR_TOP_LEFT_1706541304876282.pcd
1b7d335577d54d4dbf0a45c706220dd4,a24b8e21a49746d196ba067b09e21a4f,073e6bb18188424ea9981e3845df54a6,LiDAR,LIDAR_TOP_LEFT,1706541305376348,True,samples,samples/LIDAR_TOP_LEFT/LIDAR_TOP_LEFT_1706541305376348.pcd
6461e1fa12e9497eb55af309a66dc9fa,75f794a6f0dd4e2c9910b2f8f1192b04,073e6bb18188424ea9981e3845df54a6,LiDAR,LIDAR_TOP_LEFT,1706541305876198,True,samples,samples/LIDAR_TOP_LEFT/LIDAR_TOP_LEFT_1706541305876198.pcd
d89b3d36cf3c4525a7842428aecfd18a,fd46341537f34c16b8f37389b25b5eff,073e6bb18188424ea9981e3845df54a6,LiDAR,LIDAR_TOP_LEFT,1706541306376172,True,samples,samples/LIDAR_TOP_LEFT/LIDAR_TOP_LEFT_1706541306376172.pcd
d5e0e16414b74e939682afe073e1b26f,70ea4677eb1f4126a217de41eb5119ee,073e6bb18188424ea9981e3845df54a6,LiDAR,LIDAR_TOP_LEFT,1706541306876169,True,samples,samples/LIDAR_TOP_LEFT/LIDAR_TOP_LEFT_1706541306876169.pcd
9723df0840a047cb9742b82e442799db,fb586e9af9bc4ded87c306e7964345e6,073e6bb18188424ea9981e3845df54a6,LiDAR,LIDAR_TOP_LEFT,1706541307376038,True,samples,samples/LIDAR_TOP_LEFT/LIDAR_TOP_LEFT_1706541307376038.pcd
39059f4544cc40368fee48a3da9b91ce,7f551a9ca9144a289797b1de66b1bfa3,073e6bb18188424ea9981e3845df54a6,LiDAR,LIDAR_TOP_LEFT,1706541307875929,True,samples,samples/LIDAR_TOP_LEFT/LIDAR_TOP_LEFT_1706541307875929.pcd
6813facaa2a440d48d5cfaebb43d15f4,c689aeff0cd344188c9272316a7d57c0,073e6bb18188424ea9981e3845df54a6,LiDAR,LIDAR_TOP_LEFT,1706541308375910,True,samples,samples/LIDAR_TOP_LEFT/LIDAR_TOP_LEFT_1706541308375910.pcd
dbb7cf7a0e0b4390914c0d688d9d0d50,885bbe9d84d94c9f925437acf6e31921,073e6bb18188424ea9981e3845df54a6,LiDAR,LIDAR_TOP_LEFT,1706541308875893,True,samples,samples/LIDAR_TOP_LEFT/LIDAR_TOP_LEFT_1706541308875893.pcd
b266d6a9ec3b4205b4f90406944d5746,b0c7aef37dee49a6ac2236b212af059c,073e6bb18188424ea9981e3845df54a6,LiDAR,LIDAR_TOP_LEFT,1706541309375899,True,samples,samples/LIDAR_TOP_LEFT/LIDAR_TOP_LEFT_1706541309375899.pcd
a48606b9b77b4d2d84a2ae2fb7a1f961,2c61cb7566c948d8be146eb265fde451,073e6bb18188424ea9981e3845df54a6,LiDAR,LIDAR_TOP_LEFT,1706541309875858,True,samples,samples/LIDAR_TOP_LEFT/LIDAR_TOP_LEFT_1706541309875858.pcd
5f08609174c449679a84efae0e8536ef,853e1e0907f14966be0c22eab0f4f05c,073e6bb18188424ea9981e3845df54a6,LiDAR,LIDAR_TOP_LEFT,1706541310376074,True,samples,samples/LIDAR_TOP_LEFT/LIDAR_TOP_LEFT_1706541310376074.pcd
4b94d4a96e5245ee9d9c32320409f12e,840bbca5b29741d29de0fc1a00d81cd4,073e6bb18188424ea9981e3845df54a6,LiDAR,LIDAR_TOP_LEFT,1706541310876322,True,samples,samples/LIDAR_TOP_LEFT/LIDAR_TOP_LEFT_1706541310876322.pcd
f8b9c1f8f6e047f38d227e5d19ab4a09,97366e0a4e504322aaae6e8b07884f2f,073e6bb18188424ea9981e3845df54a6,LiDAR,LIDAR_TOP_LEFT,1706541311376214,True,samples,samples/LIDAR_TOP_LEFT/LIDAR_TOP_LEFT_1706541311376214.pcd
e76a745ae3664386aaae568cd701c056,5d019ee18c50449591f26cf683e09898,073e6bb18188424ea9981e3845df54a6,LiDAR,LIDAR_TOP_LEFT,1706541311876171,True,samples,samples/LIDAR_TOP_LEFT/LIDAR_TOP_LEFT_1706541311876171.pcd
39a22bba1a2347d48b2c083db1646d78,7aab37b38b4344b2a5f9b4d56bdc8cf9,073e6bb18188424ea9981e3845df54a6,LiDAR,LIDAR_TOP_LEFT,1706541312376388,True,samples,samples/LIDAR_TOP_LEFT/LIDAR_TOP_LEFT_1706541312376388.pcd
09acc6249aeb43faa4a9ec3f6a1c464f,b193a929462d4b28b559eda6d21dba5d,073e6bb18188424ea9981e3845df54a6,LiDAR,LIDAR_TOP_LEFT,1706541312876153,True,samples,samples/LIDAR_TOP_LEFT/LIDAR_TOP_LEFT_1706541312876153.pcd
584ed20a1d8343d78318b79dbc4d2868,b6a30d50fb9f41eea4cce04d65fbadd1,073e6bb18188424ea9981e3845df54a6,LiDAR,LIDAR_TOP_LEFT,1706541313376085,True,samples,samples/LIDAR_TOP_LEFT/LIDAR_TOP_LEFT_1706541313376085.pcd
65551f6b25274babb9d3b12b0a7eaa4f,37e26c60741142d7811e41f7a35448c9,073e6bb18188424ea9981e3845df54a6,LiDAR,LIDAR_TOP_LEFT,1706541313875943,True,samples,samples/LIDAR_TOP_LEFT/LIDAR_TOP_LEFT_1706541313875943.pcd
ab21fd6202bb4970b18e9cc90bf7320c,fd6f19fe58c1488f9c45ccd70f25561c,073e6bb18188424ea9981e3845df54a6,LiDAR,LIDAR_TOP_LEFT,1706541314375908,True,samples,samples/LIDAR_TOP_LEFT/LIDAR_TOP_LEFT_1706541314375908.pcd
8f8229401c4a4b1ebb2b50b6c8eda11b,d088162159534984bbe9c0e4ca87de81,073e6bb18188424ea9981e3845df54a6,LiDAR,LIDAR_TOP_LEFT,1706541314875941,True,samples,samples/LIDAR_TOP_LEFT/LIDAR_TOP_LEFT_1706541314875941.pcd
c3be83394c01470cbfc81573526a9e37,1c2acee839b34c158452d570f1ebf203,073e6bb18188424ea9981e3845df54a6,LiDAR,LIDAR_TOP_LEFT,1706541315375886,True,samples,samples/LIDAR_TOP_LEFT/LIDAR_TOP_LEFT_1706541315375886.pcd
672b53df201f4ba08cd34c28c783c5f5,c5dc48287d064c87939d630ff4c21065,073e6bb18188424ea9981e3845df54a6,LiDAR,LIDAR_TOP_LEFT,1706541315875914,True,samples,samples/LIDAR_TOP_LEFT/LIDAR_TOP_LEFT_1706541315875914.pcd
43ed83f8523d416192ea84cf83606a51,bf562ad191424bd7b701bb1dfddf068f,073e6bb18188424ea9981e3845df54a6,LiDAR,LIDAR_TOP_LEFT,1706541316375915,True,samples,samples/LIDAR_TOP_LEFT/LIDAR_TOP_LEFT_1706541316375915.pcd
66ad9da6eaa14362b6a29e4e9bb63cce,876fc60ede7d47aa8eb3d1c396aa8ee1,073e6bb18188424ea9981e3845df54a6,LiDAR,LIDAR_TOP_LEFT,1706541316875912,True,samples,samples/LIDAR_TOP_LEFT/LIDAR_TOP_LEFT_1706541316875912.pcd
203c72a1bc714900abc124460bac75b5,b213083c83b74031b2a23040e38861aa,073e6bb18188424ea9981e3845df54a6,LiDAR,LIDAR_TOP_LEFT,1706541317375915,True,samples,samples/LIDAR_TOP_LEFT/LIDAR_TOP_LEFT_1706541317375915.pcd
70388200e7b4463d915f339c663e4173,b7aef90fff4146c5b2fbd5938dbe2317,073e6bb18188424ea9981e3845df54a6,LiDAR,LIDAR_TOP_LEFT,1706541317875923,True,samples,samples/LIDAR_TOP_LEFT/LIDAR_TOP_LEFT_1706541317875923.pcd
3cbc79f427544493a22dbed4740c0c2b,7225b605df0940e88cdc695c21771415,073e6bb18188424ea9981e3845df54a6,LiDAR,LIDAR_TOP_LEFT,1706541318376050,True,samples,samples/LIDAR_TOP_LEFT/LIDAR_TOP_LEFT_1706541318376050.pcd
c58a334255d149728aa20f9c32cdea77,f78fc07d7ea847ceb289a9a695a9a01b,073e6bb18188424ea9981e3845df54a6,LiDAR,LIDAR_TOP_LEFT,1706541318876132,True,samples,samples/LIDAR_TOP_LEFT/LIDAR_TOP_LEFT_1706541318876132.pcd
d3487baaa21248d79591be3a1ee9b038,f82496cfbd55402eb388ca3b2de1ff00,073e6bb18188424ea9981e3845df54a6,LiDAR,LIDAR_TOP_LEFT,1706541319376093,True,samples,samples/LIDAR_TOP_LEFT/LIDAR_TOP_LEFT_1706541319376093.pcd
ba54b325a0244fbab1342679a84f2c74,2e2ac9d98ef0429b8be1a17bb9ef0074,073e6bb18188424ea9981e3845df54a6,LiDAR,LIDAR_TOP_LEFT,1706541319876269,True,samples,samples/LIDAR_TOP_LEFT/LIDAR_TOP_LEFT_1706541319876269.pcd
15cb1481a6f04b95b9460f23f449e9b0,43f5fe636d6e459a8c858e6f82ba835c,073e6bb18188424ea9981e3845df54a6,LiDAR,LIDAR_TOP_LEFT,1706541320376324,True,samples,samples/LIDAR_TOP_LEFT/LIDAR_TOP_LEFT_1706541320376324.pcd
1712c9ff10ab46ddabf331690c8adcea,7ebdaf01abe2419bbc2f437149052f7e,073e6bb18188424ea9981e3845df54a6,LiDAR,LIDAR_TOP_LEFT,1706541320876328,True,samples,samples/LIDAR_TOP_LEFT/LIDAR_TOP_LEFT_1706541320876328.pcd
5b794fe427ab402c8b881554a806bee8,f31befb82f864a368e6164a75a1733f9,073e6bb18188424ea9981e3845df54a6,LiDAR,LIDAR_TOP_LEFT,1706541321376362,True,samples,samples/LIDAR_TOP_LEFT/LIDAR_TOP_LEFT_1706541321376362.pcd
8306dace436046998ff651ba3fcb5824,f2aa8afaba7249398e32f59a538ec5bf,073e6bb18188424ea9981e3845df54a6,LiDAR,LIDAR_TOP_LEFT,1706541321876447,True,samples,samples/LIDAR_TOP_LEFT/LIDAR_TOP_LEFT_1706541321876447.pcd
7d4bc11520574144b94cef46d3f829bd,30e96baf00fa44d49a50640917bdea00,073e6bb18188424ea9981e3845df54a6,LiDAR,LIDAR_TOP_LEFT,1706541322376347,True,samples,samples/LIDAR_TOP_LEFT/LIDAR_TOP_LEFT_1706541322376347.pcd
82edeb490f794ca0ae49efa562b4e449,e43ae3c9b670423d89fe92170f0c87e9,073e6bb18188424ea9981e3845df54a6,LiDAR,LIDAR_TOP_RIGHT,1706541302925813,True,samples,samples/LIDAR_TOP_RIGHT/LIDAR_TOP_RIGHT_1706541302925813.pcd
537011bf0ef24615bcc47a2ba700bfb8,b5e85c3fdd73410bbd64b73e699641ed,073e6bb18188424ea9981e3845df54a6,LiDAR,LIDAR_TOP_RIGHT,1706541303426120,True,samples,samples/LIDAR_TOP_RIGHT/LIDAR_TOP_RIGHT_1706541303426120.pcd
54e52ae30b974740a2bb41828056fa98,00b7a051298345d7a162393e5c0e2764,073e6bb18188424ea9981e3845df54a6,LiDAR,LIDAR_TOP_RIGHT,1706541303926240,True,samples,samples/LIDAR_TOP_RIGHT/LIDAR_TOP_RIGHT_1706541303926240.pcd
54c6a3b4b6ae412e87166757fe3460b6,1c9adfec38f84c1792e008a8a1771cca,073e6bb18188424ea9981e3845df54a6,LiDAR,LIDAR_TOP_RIGHT,1706541304426298,True,samples,samples/LIDAR_TOP_RIGHT/LIDAR_TOP_RIGHT_1706541304426298.pcd
dc30d4fb0f5a4977b3c1102124f43fbb,b1724a8b614640e39cd18857d741d2d3,073e6bb18188424ea9981e3845df54a6,LiDAR,LIDAR_TOP_RIGHT,1706541304926201,True,samples,samples/LIDAR_TOP_RIGHT/LIDAR_TOP_RIGHT_1706541304926201.pcd
8e39c81d2bf444fcb456b18588fae439,a24b8e21a49746d196ba067b09e21a4f,073e6bb18188424ea9981e3845df54a6,LiDAR,LIDAR_TOP_RIGHT,1706541305426027,True,samples,samples/LIDAR_TOP_RIGHT/LIDAR_TOP_RIGHT_1706541305426027.pcd
73ed20cc794947ed9f7b4afcd0b80fbb,75f794a6f0dd4e2c9910b2f8f1192b04,073e6bb18188424ea9981e3845df54a6,LiDAR,LIDAR_TOP_RIGHT,1706541305925938,True,samples,samples/LIDAR_TOP_RIGHT/LIDAR_TOP_RIGHT_1706541305925938.pcd
922a56e4e3a94a15914a3ed2520311a1,fd46341537f34c16b8f37389b25b5eff,073e6bb18188424ea9981e3845df54a6,LiDAR,LIDAR_TOP_RIGHT,1706541306426013,True,samples,samples/LIDAR_TOP_RIGHT/LIDAR_TOP_RIGHT_1706541306426013.pcd
a4425de67fcc40089b4c3ee32636d30b,70ea4677eb1f4126a217de41eb5119ee,073e6bb18188424ea9981e3845df54a6,LiDAR,LIDAR_TOP_RIGHT,1706541306926188,True,samples,samples/LIDAR_TOP_RIGHT/LIDAR_TOP_RIGHT_1706541306926188.pcd
8301612bbf254a5398ec83c78e505f6c,fb586e9af9bc4ded87c306e7964345e6,073e6bb18188424ea9981e3845df54a6,LiDAR,LIDAR_TOP_RIGHT,1706541307426211,True,samples,samples/LIDAR_TOP_RIGHT/LIDAR_TOP_RIGHT_1706541307426211.pcd
118c8b18d5734e8b80fd8c79dc6c11cf,7f551a9ca9144a289797b1de66b1bfa3,073e6bb18188424ea9981e3845df54a6,LiDAR,LIDAR_TOP_RIGHT,1706541307926301,True,samples,samples/LIDAR_TOP_RIGHT/LIDAR_TOP_RIGHT_1706541307926301.pcd
bdb3fa429e9a4a87930ed1bac5331080,c689aeff0cd344188c9272316a7d57c0,073e6bb18188424ea9981e3845df54a6,LiDAR,LIDAR_TOP_RIGHT,1706541308426382,True,samples,samples/LIDAR_TOP_RIGHT/LIDAR_TOP_RIGHT_1706541308426382.pcd
ed48c8d461d64b7e8e174a69869c946b,885bbe9d84d94c9f925437acf6e31921,073e6bb18188424ea9981e3845df54a6,LiDAR,LIDAR_TOP_RIGHT,1706541308926447,True,samples,samples/LIDAR_TOP_RIGHT/LIDAR_TOP_RIGHT_1706541308926447.pcd
dc04ca113f5f40ec9ab1c87edca3f324,b0c7aef37dee49a6ac2236b212af059c,073e6bb18188424ea9981e3845df54a6,LiDAR,LIDAR_TOP_RIGHT,1706541309426358,True,samples,samples/LIDAR_TOP_RIGHT/LIDAR_TOP_RIGHT_1706541309426358.pcd
d481508586354f7b87792094a38dc21a,2c61cb7566c948d8be146eb265fde451,073e6bb18188424ea9981e3845df54a6,LiDAR,LIDAR_TOP_RIGHT,1706541309926225,True,samples,samples/LIDAR_TOP_RIGHT/LIDAR_TOP_RIGHT_1706541309926225.pcd
00e237a4d68a43899bf6f55c2ca7106f,853e1e0907f14966be0c22eab0f4f05c,073e6bb18188424ea9981e3845df54a6,LiDAR,LIDAR_TOP_RIGHT,1706541310426271,True,samples,samples/LIDAR_TOP_RIGHT/LIDAR_TOP_RIGHT_1706541310426271.pcd
f527e1cbed164daa8d594a9f65c21108,840bbca5b29741d29de0fc1a00d81cd4,073e6bb18188424ea9981e3845df54a6,LiDAR,LIDAR_TOP_RIGHT,1706541310926128,True,samples,samples/LIDAR_TOP_RIGHT/LIDAR_TOP_RIGHT_1706541310926128.pcd
733c4debf8b94a8ea013c81d6d43e94c,97366e0a4e504322aaae6e8b07884f2f,073e6bb18188424ea9981e3845df54a6,LiDAR,LIDAR_TOP_RIGHT,1706541311426001,True,samples,samples/LIDAR_TOP_RIGHT/LIDAR_TOP_RIGHT_1706541311426001.pcd
101f548fc9414b13a33dd6b521a87687,5d019ee18c50449591f26cf683e09898,073e6bb18188424ea9981e3845df54a6,LiDAR,LIDAR_TOP_RIGHT,1706541311926274,True,samples,samples/LIDAR_TOP_RIGHT/LIDAR_TOP_RIGHT_1706541311926274.pcd
2a2e440c08474ab6bd7e3e8971287ae4,7aab37b38b4344b2a5f9b4d56bdc8cf9,073e6bb18188424ea9981e3845df54a6,LiDAR,LIDAR_TOP_RIGHT,1706541312426224,True,samples,samples/LIDAR_TOP_RIGHT/LIDAR_TOP_RIGHT_1706541312426224.pcd
4b0ed97ee8d9483883cd9125d616274b,b193a929462d4b28b559eda6d21dba5d,073e6bb18188424ea9981e3845df54a6,LiDAR,LIDAR_TOP_RIGHT,1706541312926067,True,samples,samples/LIDAR_TOP_RIGHT/LIDAR_TOP_RIGHT_1706541312926067.pcd
0d93688694b64105902ec6666a720d3f,b6a30d50fb9f41eea4cce04d65fbadd1,073e6bb18188424ea9981e3845df54a6,LiDAR,LIDAR_TOP_RIGHT,1706541313426118,True,samples,samples/LIDAR_TOP_RIGHT/LIDAR_TOP_RIGHT_1706541313426118.pcd
c3c86797308c4d879d6b314109e62cc6,37e26c60741142d7811e41f7a35448c9,073e6bb18188424ea9981e3845df54a6,LiDAR,LIDAR_TOP_RIGHT,1706541313926052,True,samples,samples/LIDAR_TOP_RIGHT/LIDAR_TOP_RIGHT_1706541313926052.pcd
b45402b51de0443ead656a6440549830,fd6f19fe58c1488f9c45ccd70f25561c,073e6bb18188424ea9981e3845df54a6,LiDAR,LIDAR_TOP_RIGHT,1706541314426155,True,samples,samples/LIDAR_TOP_RIGHT/LIDAR_TOP_RIGHT_1706541314426155.pcd
91d67d85e2254975be2d7dbf06bc8eed,d088162159534984bbe9c0e4ca87de81,073e6bb18188424ea9981e3845df54a6,LiDAR,LIDAR_TOP_RIGHT,1706541314926036,True,samples,samples/LIDAR_TOP_RIGHT/LIDAR_TOP_RIGHT_1706541314926036.pcd
df683d4c85634acda424013f78e7ea72,1c2acee839b34c158452d570f1ebf203,073e6bb18188424ea9981e3845df54a6,LiDAR,LIDAR_TOP_RIGHT,1706541315426015,True,samples,samples/LIDAR_TOP_RIGHT/LIDAR_TOP_RIGHT_1706541315426015.pcd
36ced3d651974676ac834843cf73f26d,c5dc48287d064c87939d630ff4c21065,073e6bb18188424ea9981e3845df54a6,LiDAR,LIDAR_TOP_RIGHT,1706541315925928,True,samples,samples/LIDAR_TOP_RIGHT/LIDAR_TOP_RIGHT_1706541315925928.pcd
cbc0582c2f5f460baa1bf394502f9b02,bf562ad191424bd7b701bb1dfddf068f,073e6bb18188424ea9981e3845df54a6,LiDAR,LIDAR_TOP_RIGHT,1706541316426061,True,samples,samples/LIDAR_TOP_RIGHT/LIDAR_TOP_RIGHT_1706541316426061.pcd
2a294df4a22c4545a7883659530c5a5b,876fc60ede7d47aa8eb3d1c396aa8ee1,073e6bb18188424ea9981e3845df54a6,LiDAR,LIDAR_TOP_RIGHT,1706541316926048,True,samples,samples/LIDAR_TOP_RIGHT/LIDAR_TOP_RIGHT_1706541316926048.pcd
7916055c7d844b02a0a4226c3d215e42,b213083c83b74031b2a23040e38861aa,073e6bb18188424ea9981e3845df54a6,LiDAR,LIDAR_TOP_RIGHT,1706541317425923,True,samples,samples/LIDAR_TOP_RIGHT/LIDAR_TOP_RIGHT_1706541317425923.pcd
338c852d6fa4416492419c2aa57b15d7,b7aef90fff4146c5b2fbd5938dbe2317,073e6bb18188424ea9981e3845df54a6,LiDAR,LIDAR_TOP_RIGHT,1706541317925895,True,samples,samples/LIDAR_TOP_RIGHT/LIDAR_TOP_RIGHT_1706541317925895.pcd
5d1d56b89b604707989b3ecbce8e9485,7225b605df0940e88cdc695c21771415,073e6bb18188424ea9981e3845df54a6,LiDAR,LIDAR_TOP_RIGHT,1706541318425913,True,samples,samples/LIDAR_TOP_RIGHT/LIDAR_TOP_RIGHT_1706541318425913.pcd
fdbb38ab19b645229267e4a6ecdb600d,f78fc07d7ea847ceb289a9a695a9a01b,073e6bb18188424ea9981e3845df54a6,LiDAR,LIDAR_TOP_RIGHT,1706541318925925,True,samples,samples/LIDAR_TOP_RIGHT/LIDAR_TOP_RIGHT_1706541318925925.pcd
7c776cc50caa4261ab655046040a0769,f82496cfbd55402eb388ca3b2de1ff00,073e6bb18188424ea9981e3845df54a6,LiDAR,LIDAR_TOP_RIGHT,1706541319426046,True,samples,samples/LIDAR_TOP_RIGHT/LIDAR_TOP_RIGHT_1706541319426046.pcd
32080c226abe4c539ad710cf46f7c40d,2e2ac9d98ef0429b8be1a17bb9ef0074,073e6bb18188424ea9981e3845df54a6,LiDAR,LIDAR_TOP_RIGHT,1706541319926174,True,samples,samples/LIDAR_TOP_RIGHT/LIDAR_TOP_RIGHT_1706541319926174.pcd
fed373a7d61144dcbbb408fb6ac42dd2,43f5fe636d6e459a8c858e6f82ba835c,073e6bb18188424ea9981e3845df54a6,LiDAR,LIDAR_TOP_RIGHT,1706541320426379,True,samples,samples/LIDAR_TOP_RIGHT/LIDAR_TOP_RIGHT_1706541320426379.pcd
6f6576db0bef474d891b7b8b6b70f8d5,7ebdaf01abe2419bbc2f437149052f7e,073e6bb18188424ea9981e3845df54a6,LiDAR,LIDAR_TOP_RIGHT,1706541320926308,True,samples,samples/LIDAR_TOP_RIGHT/LIDAR_TOP_RIGHT_1706541320926308.pcd
f6288f6a4a8f4eb9bfd8db2513478a43,f31befb82f864a368e6164a75a1733f9,073e6bb18188424ea9981e3845df54a6,LiDAR,LIDAR_TOP_RIGHT,1706541321426123,True,samples,samples/LIDAR_TOP_RIGHT/LIDAR_TOP_RIGHT_1706541321426123.pcd
5a56c70826c34fbebd1461f329c8f841,f2aa8afaba7249398e32f59a538ec5bf,073e6bb18188424ea9981e3845df54a6,LiDAR,LIDAR_TOP_RIGHT,1706541321926072,True,samples,samples/LIDAR_TOP_RIGHT/LIDAR_TOP_RIGHT_1706541321926072.pcd
caccb79654bc4c9e95b183eae225753d,30e96baf00fa44d49a50640917bdea00,073e6bb18188424ea9981e3845df54a6,LiDAR,LIDAR_TOP_RIGHT,1706541322426092,True,samples,samples/LIDAR_TOP_RIGHT/LIDAR_TOP_RIGHT_1706541322426092.pcd
