Token,Sample Token,Scene Token,Modality,Sensor,Timestamp,Is Key Frame,Data Group,Filename
c790efd2151d491aae635234a5df26d8,32d2bcf46e734dffb14fe2e0a823d059,044c648ac12345f1aedf33c9f91cdc5a,RADAR,RADAR_RIGHT_BACK,1695473372704382,True,samples,samples/RADAR_RIGHT_BACK/RADAR_RIGHT_BACK_1695473372704382.pcd
bfa9035acde54eb19a17603ae4ca3413,deb7b3f332f042d49e7636d6e4959354,044c648ac12345f1aedf33c9f91cdc5a,RADAR,RADAR_RIGHT_BACK,1695473373202864,True,samples,samples/RADAR_RIGHT_BACK/RADAR_RIGHT_BACK_1695473373202864.pcd
0bf39c908520444a899cd5afd11d85e9,a574551be31547e4b7c78ff87c75abb3,044c648ac12345f1aedf33c9f91cdc5a,RADAR,RADAR_RIGHT_BACK,1695473373703121,True,samples,samples/RADAR_RIGHT_BACK/RADAR_RIGHT_BACK_1695473373703121.pcd
5ddaefca4ea649cfad2fbd7b22e8116b,1393759bf6ff4f8e88deff0da0dc2aca,044c648ac12345f1aedf33c9f91cdc5a,RADAR,RADAR_RIGHT_BACK,1695473374205694,True,samples,samples/RADAR_RIGHT_BACK/RADAR_RIGHT_BACK_1695473374205694.pcd
e3ff209fc56341dba068edf177fdd3f1,368662645c194921b716c026347db664,044c648ac12345f1aedf33c9f91cdc5a,RADAR,RADAR_RIGHT_BACK,1695473374702017,True,samples,samples/RADAR_RIGHT_BACK/RADAR_RIGHT_BACK_1695473374702017.pcd
5db407cf84714a359477dd591aebd4f1,a42b482121464aa795d24f55400c574f,044c648ac12345f1aedf33c9f91cdc5a,RADAR,RADAR_RIGHT_BACK,1695473375204177,True,samples,samples/RADAR_RIGHT_BACK/RADAR_RIGHT_BACK_1695473375204177.pcd
13fb3701dcff4b8cacde062858356a92,814d7dd86f1a47e28385ee434cdb6b1a,044c648ac12345f1aedf33c9f91cdc5a,RADAR,RADAR_RIGHT_BACK,1695473375705683,True,samples,samples/RADAR_RIGHT_BACK/RADAR_RIGHT_BACK_1695473375705683.pcd
859e00b5743b4546ad524f5633f2720e,a1bcff3507ba48d991ec098093d75394,044c648ac12345f1aedf33c9f91cdc5a,RADAR,RADAR_RIGHT_BACK,1695473376202833,True,samples,samples/RADAR_RIGHT_BACK/RADAR_RIGHT_BACK_1695473376202833.pcd
74a6504f88654c52b901675b34116efb,8a5f89a6ebaa4d75aa70bf4b31734ea5,044c648ac12345f1aedf33c9f91cdc5a,RADAR,RADAR_RIGHT_BACK,1695473376704112,True,samples,samples/RADAR_RIGHT_BACK/RADAR_RIGHT_BACK_1695473376704112.pcd
a242ac17798b48239a25aae760f1503a,3c7fe0a51cdd45da9a49624782c511f1,044c648ac12345f1aedf33c9f91cdc5a,RADAR,RADAR_RIGHT_BACK,1695473377205574,True,samples,samples/RADAR_RIGHT_BACK/RADAR_RIGHT_BACK_1695473377205574.pcd
94d701f921a245f69f7286ee16495c3d,e8d9d7b84b384c95ad0eff56dc1f0a99,044c648ac12345f1aedf33c9f91cdc5a,RADAR,RADAR_RIGHT_BACK,1695473377701926,True,samples,samples/RADAR_RIGHT_BACK/RADAR_RIGHT_BACK_1695473377701926.pcd
ff052fe5162a44c28e6e0a14bf41065b,c274731e59da4059ae35fd5e543870cd,044c648ac12345f1aedf33c9f91cdc5a,RADAR,RADAR_RIGHT_BACK,1695473378203934,True,samples,samples/RADAR_RIGHT_BACK/RADAR_RIGHT_BACK_1695473378203934.pcd
8e94074794ef4965955d57de386f31a4,f1c03220990143e19b983bf3da478764,044c648ac12345f1aedf33c9f91cdc5a,RADAR,RADAR_RIGHT_BACK,1695473378705352,True,samples,samples/RADAR_RIGHT_BACK/RADAR_RIGHT_BACK_1695473378705352.pcd
65690c2a609f4eb586341b686d1641b4,8fca58701c884e49b255c3f8eb2846d6,044c648ac12345f1aedf33c9f91cdc5a,RADAR,RADAR_RIGHT_BACK,1695473379202489,True,samples,samples/RADAR_RIGHT_BACK/RADAR_RIGHT_BACK_1695473379202489.pcd
13883b707dd74e7eaec4b63417cbe5c3,7fd37cf3b62b49a6a1cd62db392c9575,044c648ac12345f1aedf33c9f91cdc5a,RADAR,RADAR_RIGHT_BACK,1695473379703719,True,samples,samples/RADAR_RIGHT_BACK/RADAR_RIGHT_BACK_1695473379703719.pcd
46f4415d39ae4ae2806d4d8f77fb63f9,0113d3fc23954918ab040dd627bb4b0f,044c648ac12345f1aedf33c9f91cdc5a,RADAR,RADAR_RIGHT_BACK,1695473380205192,True,samples,samples/RADAR_RIGHT_BACK/RADAR_RIGHT_BACK_1695473380205192.pcd
f641eedadbc549db950965581227382e,25b220729c6b4209804da4a588c3c84c,044c648ac12345f1aedf33c9f91cdc5a,RADAR,RADAR_RIGHT_BACK,1695473380702564,True,samples,samples/RADAR_RIGHT_BACK/RADAR_RIGHT_BACK_1695473380702564.pcd
a7d075b82963476fa0d617a7103e7cdd,5141a31284164a69ac4307cb2b9ae6df,044c648ac12345f1aedf33c9f91cdc5a,RADAR,RADAR_RIGHT_BACK,1695473381203360,True,samples,samples/RADAR_RIGHT_BACK/RADAR_RIGHT_BACK_1695473381203360.pcd
eb14e07dc4e44dac85448934b0861db8,69c7cd93ec6444f799d8f65f16430e17,044c648ac12345f1aedf33c9f91cdc5a,RADAR,RADAR_RIGHT_BACK,1695473381705021,True,samples,samples/RADAR_RIGHT_BACK/RADAR_RIGHT_BACK_1695473381705021.pcd
4a072dec89644bf5b58958ed1d90deeb,4551a79e00f24684b35672591431ec8c,044c648ac12345f1aedf33c9f91cdc5a,RADAR,RADAR_RIGHT_BACK,1695473382202064,True,samples,samples/RADAR_RIGHT_BACK/RADAR_RIGHT_BACK_1695473382202064.pcd
ecbfbb65daed4bc1aa9a48b8f5c84161,8502c7bf06fc4f319f1847b4a6e179e7,044c648ac12345f1aedf33c9f91cdc5a,RADAR,RADAR_RIGHT_BACK,1695473382703882,True,samples,samples/RADAR_RIGHT_BACK/RADAR_RIGHT_BACK_1695473382703882.pcd
3585808f74844d2b9ddfa53ec901117a,09620b9499344b80a7870dc1b80cb4ed,044c648ac12345f1aedf33c9f91cdc5a,RADAR,RADAR_RIGHT_BACK,1695473383204657,True,samples,samples/RADAR_RIGHT_BACK/RADAR_RIGHT_BACK_1695473383204657.pcd
e743cc91f1d44151acbdec90beaee62c,36b65dcf8d8d4266bf5802677195cc15,044c648ac12345f1aedf33c9f91cdc5a,RADAR,RADAR_RIGHT_BACK,1695473383702585,True,samples,samples/RADAR_RIGHT_BACK/RADAR_RIGHT_BACK_1695473383702585.pcd
905e0d7d3d2b4045949a0c9f929c9fc8,bf5cf015771d44108d314771d3ace51d,044c648ac12345f1aedf33c9f91cdc5a,RADAR,RADAR_RIGHT_BACK,1695473384203296,True,samples,samples/RADAR_RIGHT_BACK/RADAR_RIGHT_BACK_1695473384203296.pcd
4ce6cc3ddfdb47bfb9a75b66c3e08fce,268efcebbf824f24b960d30a7162183b,044c648ac12345f1aedf33c9f91cdc5a,RADAR,RADAR_RIGHT_BACK,1695473384705864,True,samples,samples/RADAR_RIGHT_BACK/RADAR_RIGHT_BACK_1695473384705864.pcd
b38aba48750a4c1c9b8e3971a273671a,30408918ea7844f589bcb7b3f5b0cb17,044c648ac12345f1aedf33c9f91cdc5a,RADAR,RADAR_RIGHT_BACK,1695473385202414,True,samples,samples/RADAR_RIGHT_BACK/RADAR_RIGHT_BACK_1695473385202414.pcd
1821f50beab34a17aeb5c10ffac13f19,66ec211e07194e3798d84dfe70729910,044c648ac12345f1aedf33c9f91cdc5a,RADAR,RADAR_RIGHT_BACK,1695473385704284,True,samples,samples/RADAR_RIGHT_BACK/RADAR_RIGHT_BACK_1695473385704284.pcd
04e0736d7fac49abaf40e3b877eb2c3f,d6faf332666e480aa7391cf082b0267c,044c648ac12345f1aedf33c9f91cdc5a,RADAR,RADAR_RIGHT_BACK,1695473386154200,True,samples,samples/RADAR_RIGHT_BACK/RADAR_RIGHT_BACK_1695473386154200.pcd
e1c02cd7da3543c3b2a60c97b8c3bca3,966d4b3345e945a8a99fd3b0752f42e0,044c648ac12345f1aedf33c9f91cdc5a,RADAR,RADAR_RIGHT_BACK,1695473386702655,True,samples,samples/RADAR_RIGHT_BACK/RADAR_RIGHT_BACK_1695473386702655.pcd
45255c175034464f911a7609a47ebd0f,188173f8e91a4090a439f6038577bf1d,044c648ac12345f1aedf33c9f91cdc5a,RADAR,RADAR_RIGHT_BACK,1695473387203938,True,samples,samples/RADAR_RIGHT_BACK/RADAR_RIGHT_BACK_1695473387203938.pcd
614d29fe25b049128f6d721a3f17edc4,8dbf50814d614cfbb323d8e822654eb1,044c648ac12345f1aedf33c9f91cdc5a,RADAR,RADAR_RIGHT_BACK,1695473387705401,True,samples,samples/RADAR_RIGHT_BACK/RADAR_RIGHT_BACK_1695473387705401.pcd
93e37ba6f3284925838571174b7c5843,cf37919cc2204541a25798673dc06bdb,044c648ac12345f1aedf33c9f91cdc5a,RADAR,RADAR_RIGHT_BACK,1695473388201813,True,samples,samples/RADAR_RIGHT_BACK/RADAR_RIGHT_BACK_1695473388201813.pcd
7aa962440c414fcb9c21912b34e3808a,38f31e131030482e9d3d398811131fc9,044c648ac12345f1aedf33c9f91cdc5a,RADAR,RADAR_RIGHT_BACK,1695473388704284,True,samples,samples/RADAR_RIGHT_BACK/RADAR_RIGHT_BACK_1695473388704284.pcd
699106e1ca9449d5b29754f43c1f5b7e,7941a96d59d44b35a64d6b5cc2046a2e,044c648ac12345f1aedf33c9f91cdc5a,RADAR,RADAR_RIGHT_BACK,1695473389205706,True,samples,samples/RADAR_RIGHT_BACK/RADAR_RIGHT_BACK_1695473389205706.pcd
9e8027349010483d96a3706a0b64a712,b4d713a4172242c2851e8281de40e92e,044c648ac12345f1aedf33c9f91cdc5a,RADAR,RADAR_RIGHT_BACK,1695473389702218,True,samples,samples/RADAR_RIGHT_BACK/RADAR_RIGHT_BACK_1695473389702218.pcd
0e20e8db6fc1464e8b41868b2d9c0bdc,de022c96a11f48ee9a677c4147696a42,044c648ac12345f1aedf33c9f91cdc5a,RADAR,RADAR_RIGHT_BACK,1695473390203407,True,samples,samples/RADAR_RIGHT_BACK/RADAR_RIGHT_BACK_1695473390203407.pcd
84e34ed9883649e19ba4342c7ff80edf,9f765fcab1c54fe19aa84192ba6dab76,044c648ac12345f1aedf33c9f91cdc5a,RADAR,RADAR_RIGHT_BACK,1695473390705015,True,samples,samples/RADAR_RIGHT_BACK/RADAR_RIGHT_BACK_1695473390705015.pcd
937cb61623bf4f58b21fce16e12f0b7f,2575a0787cf74a83ab4e558ba732b8d4,044c648ac12345f1aedf33c9f91cdc5a,RADAR,RADAR_RIGHT_BACK,1695473391202353,True,samples,samples/RADAR_RIGHT_BACK/RADAR_RIGHT_BACK_1695473391202353.pcd
c31ddf62bf204f088508db7273a1088c,88ad6593a97f46dcaca8401aa7b36d8b,044c648ac12345f1aedf33c9f91cdc5a,RADAR,RADAR_RIGHT_BACK,1695473391703288,True,samples,samples/RADAR_RIGHT_BACK/RADAR_RIGHT_BACK_1695473391703288.pcd
91e443e0a6ee46f4b90ea150e3880e72,94640f753b284a1c9c0e8694243f60cd,044c648ac12345f1aedf33c9f91cdc5a,RADAR,RADAR_RIGHT_BACK,1695473392204961,True,samples,samples/RADAR_RIGHT_BACK/RADAR_RIGHT_BACK_1695473392204961.pcd
7f3083ba7f2e49678b4ccbc2fd14f590,32d2bcf46e734dffb14fe2e0a823d059,044c648ac12345f1aedf33c9f91cdc5a,RADAR,RADAR_RIGHT_SIDE,1695473372653227,True,samples,samples/RADAR_RIGHT_SIDE/RADAR_RIGHT_SIDE_1695473372653227.pcd
0363f79b816e424cb4021a6070490baf,deb7b3f332f042d49e7636d6e4959354,044c648ac12345f1aedf33c9f91cdc5a,RADAR,RADAR_RIGHT_SIDE,1695473373202539,True,samples,samples/RADAR_RIGHT_SIDE/RADAR_RIGHT_SIDE_1695473373202539.pcd
699a72dafe704ef398dbf5f61fc6b584,a574551be31547e4b7c78ff87c75abb3,044c648ac12345f1aedf33c9f91cdc5a,RADAR,RADAR_RIGHT_SIDE,1695473373652187,True,samples,samples/RADAR_RIGHT_SIDE/RADAR_RIGHT_SIDE_1695473373652187.pcd
120882665c354a1985b20a7b2adfda6f,1393759bf6ff4f8e88deff0da0dc2aca,044c648ac12345f1aedf33c9f91cdc5a,RADAR,RADAR_RIGHT_SIDE,1695473374205830,True,samples,samples/RADAR_RIGHT_SIDE/RADAR_RIGHT_SIDE_1695473374205830.pcd
8d5fd0ad0297477782a658c837831a3c,368662645c194921b716c026347db664,044c648ac12345f1aedf33c9f91cdc5a,RADAR,RADAR_RIGHT_SIDE,1695473374702195,True,samples,samples/RADAR_RIGHT_SIDE/RADAR_RIGHT_SIDE_1695473374702195.pcd
dc59b85dde3c40679dc56e69111a4443,a42b482121464aa795d24f55400c574f,044c648ac12345f1aedf33c9f91cdc5a,RADAR,RADAR_RIGHT_SIDE,1695473375204177,True,samples,samples/RADAR_RIGHT_SIDE/RADAR_RIGHT_SIDE_1695473375204177.pcd
2b975c169b45488ea7b8f5ac0a81680c,814d7dd86f1a47e28385ee434cdb6b1a,044c648ac12345f1aedf33c9f91cdc5a,RADAR,RADAR_RIGHT_SIDE,1695473375654109,True,samples,samples/RADAR_RIGHT_SIDE/RADAR_RIGHT_SIDE_1695473375654109.pcd
04d6ae57b37c409bbfceb3febd0a8784,a1bcff3507ba48d991ec098093d75394,044c648ac12345f1aedf33c9f91cdc5a,RADAR,RADAR_RIGHT_SIDE,1695473376155557,True,samples,samples/RADAR_RIGHT_SIDE/RADAR_RIGHT_SIDE_1695473376155557.pcd
636c5b593ef1432d9f479d92c190b263,8a5f89a6ebaa4d75aa70bf4b31734ea5,044c648ac12345f1aedf33c9f91cdc5a,RADAR,RADAR_RIGHT_SIDE,1695473376704104,True,samples,samples/RADAR_RIGHT_SIDE/RADAR_RIGHT_SIDE_1695473376704104.pcd
5593c9fb3f634f7999a59b58c094464b,3c7fe0a51cdd45da9a49624782c511f1,044c648ac12345f1aedf33c9f91cdc5a,RADAR,RADAR_RIGHT_SIDE,1695473377205422,True,samples,samples/RADAR_RIGHT_SIDE/RADAR_RIGHT_SIDE_1695473377205422.pcd
6912ca25b34542fbb32c45fea665087b,e8d9d7b84b384c95ad0eff56dc1f0a99,044c648ac12345f1aedf33c9f91cdc5a,RADAR,RADAR_RIGHT_SIDE,1695473377701974,True,samples,samples/RADAR_RIGHT_SIDE/RADAR_RIGHT_SIDE_1695473377701974.pcd
2139aa14673c4f0884341cbb3dc09cb5,c274731e59da4059ae35fd5e543870cd,044c648ac12345f1aedf33c9f91cdc5a,RADAR,RADAR_RIGHT_SIDE,1695473378203957,True,samples,samples/RADAR_RIGHT_SIDE/RADAR_RIGHT_SIDE_1695473378203957.pcd
a2026a44413c43d2a981f6e25893d3cb,f1c03220990143e19b983bf3da478764,044c648ac12345f1aedf33c9f91cdc5a,RADAR,RADAR_RIGHT_SIDE,1695473378705354,True,samples,samples/RADAR_RIGHT_SIDE/RADAR_RIGHT_SIDE_1695473378705354.pcd
e666a1fea7694fa89809952c782de863,8fca58701c884e49b255c3f8eb2846d6,044c648ac12345f1aedf33c9f91cdc5a,RADAR,RADAR_RIGHT_SIDE,1695473379202407,True,samples,samples/RADAR_RIGHT_SIDE/RADAR_RIGHT_SIDE_1695473379202407.pcd
a8fd38bd977e43f593ab1967c275bbd9,7fd37cf3b62b49a6a1cd62db392c9575,044c648ac12345f1aedf33c9f91cdc5a,RADAR,RADAR_RIGHT_SIDE,1695473379703582,True,samples,samples/RADAR_RIGHT_SIDE/RADAR_RIGHT_SIDE_1695473379703582.pcd
23683a9d38c04013b29b66133b62f3c9,0113d3fc23954918ab040dd627bb4b0f,044c648ac12345f1aedf33c9f91cdc5a,RADAR,RADAR_RIGHT_SIDE,1695473380205121,True,samples,samples/RADAR_RIGHT_SIDE/RADAR_RIGHT_SIDE_1695473380205121.pcd
504c7f33991a4f34ab3d429134e8bcb7,25b220729c6b4209804da4a588c3c84c,044c648ac12345f1aedf33c9f91cdc5a,RADAR,RADAR_RIGHT_SIDE,1695473380702402,True,samples,samples/RADAR_RIGHT_SIDE/RADAR_RIGHT_SIDE_1695473380702402.pcd
3023c07fa08146eaa888bdcd37c09e01,5141a31284164a69ac4307cb2b9ae6df,044c648ac12345f1aedf33c9f91cdc5a,RADAR,RADAR_RIGHT_SIDE,1695473381203298,True,samples,samples/RADAR_RIGHT_SIDE/RADAR_RIGHT_SIDE_1695473381203298.pcd
afe0749200ac455389842540e0d5f6db,69c7cd93ec6444f799d8f65f16430e17,044c648ac12345f1aedf33c9f91cdc5a,RADAR,RADAR_RIGHT_SIDE,1695473381705175,True,samples,samples/RADAR_RIGHT_SIDE/RADAR_RIGHT_SIDE_1695473381705175.pcd
53cf4e5207194ed496ea4a34c15bb9c3,4551a79e00f24684b35672591431ec8c,044c648ac12345f1aedf33c9f91cdc5a,RADAR,RADAR_RIGHT_SIDE,1695473382202138,True,samples,samples/RADAR_RIGHT_SIDE/RADAR_RIGHT_SIDE_1695473382202138.pcd
c74913eaca5a4d5d97c946e1a77f5382,8502c7bf06fc4f319f1847b4a6e179e7,044c648ac12345f1aedf33c9f91cdc5a,RADAR,RADAR_RIGHT_SIDE,1695473382703803,True,samples,samples/RADAR_RIGHT_SIDE/RADAR_RIGHT_SIDE_1695473382703803.pcd
61a1b0c773ba4a9ea840cb7eb1445d1b,09620b9499344b80a7870dc1b80cb4ed,044c648ac12345f1aedf33c9f91cdc5a,RADAR,RADAR_RIGHT_SIDE,1695473383204699,True,samples,samples/RADAR_RIGHT_SIDE/RADAR_RIGHT_SIDE_1695473383204699.pcd
60767c0402be4efdbc2400d4b2b36558,36b65dcf8d8d4266bf5802677195cc15,044c648ac12345f1aedf33c9f91cdc5a,RADAR,RADAR_RIGHT_SIDE,1695473383702636,True,samples,samples/RADAR_RIGHT_SIDE/RADAR_RIGHT_SIDE_1695473383702636.pcd
a82ece4cee2647fc9d80c38784e1b9f4,bf5cf015771d44108d314771d3ace51d,044c648ac12345f1aedf33c9f91cdc5a,RADAR,RADAR_RIGHT_SIDE,1695473384203358,True,samples,samples/RADAR_RIGHT_SIDE/RADAR_RIGHT_SIDE_1695473384203358.pcd
36d7d4d2e5334959b9d20bec2ecee9b7,268efcebbf824f24b960d30a7162183b,044c648ac12345f1aedf33c9f91cdc5a,RADAR,RADAR_RIGHT_SIDE,1695473384705837,True,samples,samples/RADAR_RIGHT_SIDE/RADAR_RIGHT_SIDE_1695473384705837.pcd
09cfa2816d1b45c8ad4445e84dcbcbd4,30408918ea7844f589bcb7b3f5b0cb17,044c648ac12345f1aedf33c9f91cdc5a,RADAR,RADAR_RIGHT_SIDE,1695473385202374,True,samples,samples/RADAR_RIGHT_SIDE/RADAR_RIGHT_SIDE_1695473385202374.pcd
a786885263b24f98afea583f0fd3fdfe,66ec211e07194e3798d84dfe70729910,044c648ac12345f1aedf33c9f91cdc5a,RADAR,RADAR_RIGHT_SIDE,1695473385704019,True,samples,samples/RADAR_RIGHT_SIDE/RADAR_RIGHT_SIDE_1695473385704019.pcd
2a4561dac4f24b51835c9f0f07364193,d6faf332666e480aa7391cf082b0267c,044c648ac12345f1aedf33c9f91cdc5a,RADAR,RADAR_RIGHT_SIDE,1695473386205692,True,samples,samples/RADAR_RIGHT_SIDE/RADAR_RIGHT_SIDE_1695473386205692.pcd
7c343f86369f4a1f96bb53857f4c9658,966d4b3345e945a8a99fd3b0752f42e0,044c648ac12345f1aedf33c9f91cdc5a,RADAR,RADAR_RIGHT_SIDE,1695473386702730,True,samples,samples/RADAR_RIGHT_SIDE/RADAR_RIGHT_SIDE_1695473386702730.pcd
d69e4f4141164c71af779f9df93cedc3,188173f8e91a4090a439f6038577bf1d,044c648ac12345f1aedf33c9f91cdc5a,RADAR,RADAR_RIGHT_SIDE,1695473387203921,True,samples,samples/RADAR_RIGHT_SIDE/RADAR_RIGHT_SIDE_1695473387203921.pcd
870151b558d94f91971c1e55718b1173,8dbf50814d614cfbb323d8e822654eb1,044c648ac12345f1aedf33c9f91cdc5a,RADAR,RADAR_RIGHT_SIDE,1695473387705441,True,samples,samples/RADAR_RIGHT_SIDE/RADAR_RIGHT_SIDE_1695473387705441.pcd
d4994d0e52d543c6ad97dc75424cdf44,cf37919cc2204541a25798673dc06bdb,044c648ac12345f1aedf33c9f91cdc5a,RADAR,RADAR_RIGHT_SIDE,1695473388201882,True,samples,samples/RADAR_RIGHT_SIDE/RADAR_RIGHT_SIDE_1695473388201882.pcd
618fb18a13d6475e81503229b63a9b15,38f31e131030482e9d3d398811131fc9,044c648ac12345f1aedf33c9f91cdc5a,RADAR,RADAR_RIGHT_SIDE,1695473388703943,True,samples,samples/RADAR_RIGHT_SIDE/RADAR_RIGHT_SIDE_1695473388703943.pcd
7063070bfeba4dc1b8386c4b04fd24de,7941a96d59d44b35a64d6b5cc2046a2e,044c648ac12345f1aedf33c9f91cdc5a,RADAR,RADAR_RIGHT_SIDE,1695473389205377,True,samples,samples/RADAR_RIGHT_SIDE/RADAR_RIGHT_SIDE_1695473389205377.pcd
c209ec197fe34d4a9261c350a46d6d33,b4d713a4172242c2851e8281de40e92e,044c648ac12345f1aedf33c9f91cdc5a,RADAR,RADAR_RIGHT_SIDE,1695473389702229,True,samples,samples/RADAR_RIGHT_SIDE/RADAR_RIGHT_SIDE_1695473389702229.pcd
9382245167ae48eb9a27e22826830824,de022c96a11f48ee9a677c4147696a42,044c648ac12345f1aedf33c9f91cdc5a,RADAR,RADAR_RIGHT_SIDE,1695473390203510,True,samples,samples/RADAR_RIGHT_SIDE/RADAR_RIGHT_SIDE_1695473390203510.pcd
3ff597ea6e12444ba41d4ed4f937172f,9f765fcab1c54fe19aa84192ba6dab76,044c648ac12345f1aedf33c9f91cdc5a,RADAR,RADAR_RIGHT_SIDE,1695473390705032,True,samples,samples/RADAR_RIGHT_SIDE/RADAR_RIGHT_SIDE_1695473390705032.pcd
bb290275c22c4f6daf90d5b54a8bc1b2,2575a0787cf74a83ab4e558ba732b8d4,044c648ac12345f1aedf33c9f91cdc5a,RADAR,RADAR_RIGHT_SIDE,1695473391202398,True,samples,samples/RADAR_RIGHT_SIDE/RADAR_RIGHT_SIDE_1695473391202398.pcd
8e56f6ed841b4de4b776a0f3fd42f16d,88ad6593a97f46dcaca8401aa7b36d8b,044c648ac12345f1aedf33c9f91cdc5a,RADAR,RADAR_RIGHT_SIDE,1695473391703431,True,samples,samples/RADAR_RIGHT_SIDE/RADAR_RIGHT_SIDE_1695473391703431.pcd
781949397c3f4522926e26487ddc0816,94640f753b284a1c9c0e8694243f60cd,044c648ac12345f1aedf33c9f91cdc5a,RADAR,RADAR_RIGHT_SIDE,1695473392204975,True,samples,samples/RADAR_RIGHT_SIDE/RADAR_RIGHT_SIDE_1695473392204975.pcd
36c9a2c6b3ee4d9f9d01c902521cbb27,32d2bcf46e734dffb14fe2e0a823d059,044c648ac12345f1aedf33c9f91cdc5a,RADAR,RADAR_RIGHT_FRONT,1695473372701856,True,samples,samples/RADAR_RIGHT_FRONT/RADAR_RIGHT_FRONT_1695473372701856.pcd
51abcad0829947c5848883611d8f042c,deb7b3f332f042d49e7636d6e4959354,044c648ac12345f1aedf33c9f91cdc5a,RADAR,RADAR_RIGHT_FRONT,1695473373203624,True,samples,samples/RADAR_RIGHT_FRONT/RADAR_RIGHT_FRONT_1695473373203624.pcd
2b99397ba7be46cb8c94ac8557f291d4,a574551be31547e4b7c78ff87c75abb3,044c648ac12345f1aedf33c9f91cdc5a,RADAR,RADAR_RIGHT_FRONT,1695473373704557,True,samples,samples/RADAR_RIGHT_FRONT/RADAR_RIGHT_FRONT_1695473373704557.pcd
81905b94971b44689e3944abbdc96854,1393759bf6ff4f8e88deff0da0dc2aca,044c648ac12345f1aedf33c9f91cdc5a,RADAR,RADAR_RIGHT_FRONT,1695473374202476,True,samples,samples/RADAR_RIGHT_FRONT/RADAR_RIGHT_FRONT_1695473374202476.pcd
60ffdc0fb0f34c83b12b405d0f309c4d,368662645c194921b716c026347db664,044c648ac12345f1aedf33c9f91cdc5a,RADAR,RADAR_RIGHT_FRONT,1695473374703183,True,samples,samples/RADAR_RIGHT_FRONT/RADAR_RIGHT_FRONT_1695473374703183.pcd
d2c35f96b3ef412284bdfdd6a919a377,a42b482121464aa795d24f55400c574f,044c648ac12345f1aedf33c9f91cdc5a,RADAR,RADAR_RIGHT_FRONT,1695473375205801,True,samples,samples/RADAR_RIGHT_FRONT/RADAR_RIGHT_FRONT_1695473375205801.pcd
ce59a3a3f77f4628979f16f980e929f7,814d7dd86f1a47e28385ee434cdb6b1a,044c648ac12345f1aedf33c9f91cdc5a,RADAR,RADAR_RIGHT_FRONT,1695473375702279,True,samples,samples/RADAR_RIGHT_FRONT/RADAR_RIGHT_FRONT_1695473375702279.pcd
f9bdc3c2883d4c56a305c4480ee4d244,a1bcff3507ba48d991ec098093d75394,044c648ac12345f1aedf33c9f91cdc5a,RADAR,RADAR_RIGHT_FRONT,1695473376204234,True,samples,samples/RADAR_RIGHT_FRONT/RADAR_RIGHT_FRONT_1695473376204234.pcd
8726900e56924781b457274e83fd7df5,8a5f89a6ebaa4d75aa70bf4b31734ea5,044c648ac12345f1aedf33c9f91cdc5a,RADAR,RADAR_RIGHT_FRONT,1695473376705994,True,samples,samples/RADAR_RIGHT_FRONT/RADAR_RIGHT_FRONT_1695473376705994.pcd
6acf14acf0784f9db4c8a7414395fe58,3c7fe0a51cdd45da9a49624782c511f1,044c648ac12345f1aedf33c9f91cdc5a,RADAR,RADAR_RIGHT_FRONT,1695473377202856,True,samples,samples/RADAR_RIGHT_FRONT/RADAR_RIGHT_FRONT_1695473377202856.pcd
7105643e27634c8da8477dbc94e03697,e8d9d7b84b384c95ad0eff56dc1f0a99,044c648ac12345f1aedf33c9f91cdc5a,RADAR,RADAR_RIGHT_FRONT,1695473377704041,True,samples,samples/RADAR_RIGHT_FRONT/RADAR_RIGHT_FRONT_1695473377704041.pcd
625dd9ab97ea4020a06bf997e74a5aa9,c274731e59da4059ae35fd5e543870cd,044c648ac12345f1aedf33c9f91cdc5a,RADAR,RADAR_RIGHT_FRONT,1695473378205459,True,samples,samples/RADAR_RIGHT_FRONT/RADAR_RIGHT_FRONT_1695473378205459.pcd
c41a9185f77d4a8589e774830a2b82f8,f1c03220990143e19b983bf3da478764,044c648ac12345f1aedf33c9f91cdc5a,RADAR,RADAR_RIGHT_FRONT,1695473378702040,True,samples,samples/RADAR_RIGHT_FRONT/RADAR_RIGHT_FRONT_1695473378702040.pcd
5c713055a4ca44168b3b7663070b8a73,8fca58701c884e49b255c3f8eb2846d6,044c648ac12345f1aedf33c9f91cdc5a,RADAR,RADAR_RIGHT_FRONT,1695473379204041,True,samples,samples/RADAR_RIGHT_FRONT/RADAR_RIGHT_FRONT_1695473379204041.pcd
6ae4f426fe784be3817aee3625095682,7fd37cf3b62b49a6a1cd62db392c9575,044c648ac12345f1aedf33c9f91cdc5a,RADAR,RADAR_RIGHT_FRONT,1695473379705439,True,samples,samples/RADAR_RIGHT_FRONT/RADAR_RIGHT_FRONT_1695473379705439.pcd
e75e21b5637f433b862835cb6da53b41,0113d3fc23954918ab040dd627bb4b0f,044c648ac12345f1aedf33c9f91cdc5a,RADAR,RADAR_RIGHT_FRONT,1695473380202367,True,samples,samples/RADAR_RIGHT_FRONT/RADAR_RIGHT_FRONT_1695473380202367.pcd
4f251a6c3daa4b64a36e47b408a22ab9,25b220729c6b4209804da4a588c3c84c,044c648ac12345f1aedf33c9f91cdc5a,RADAR,RADAR_RIGHT_FRONT,1695473380703677,True,samples,samples/RADAR_RIGHT_FRONT/RADAR_RIGHT_FRONT_1695473380703677.pcd
64d68274c92a4cf1ac5836362d85e4bf,5141a31284164a69ac4307cb2b9ae6df,044c648ac12345f1aedf33c9f91cdc5a,RADAR,RADAR_RIGHT_FRONT,1695473381205368,True,samples,samples/RADAR_RIGHT_FRONT/RADAR_RIGHT_FRONT_1695473381205368.pcd
98a32be5465a48fea1658ba0976aa4a9,69c7cd93ec6444f799d8f65f16430e17,044c648ac12345f1aedf33c9f91cdc5a,RADAR,RADAR_RIGHT_FRONT,1695473381702535,True,samples,samples/RADAR_RIGHT_FRONT/RADAR_RIGHT_FRONT_1695473381702535.pcd
fb4e924c21fa42d99303e4823414a339,4551a79e00f24684b35672591431ec8c,044c648ac12345f1aedf33c9f91cdc5a,RADAR,RADAR_RIGHT_FRONT,1695473382203384,True,samples,samples/RADAR_RIGHT_FRONT/RADAR_RIGHT_FRONT_1695473382203384.pcd
d8c5479de1a64130897d59d00f992631,8502c7bf06fc4f319f1847b4a6e179e7,044c648ac12345f1aedf33c9f91cdc5a,RADAR,RADAR_RIGHT_FRONT,1695473382705085,True,samples,samples/RADAR_RIGHT_FRONT/RADAR_RIGHT_FRONT_1695473382705085.pcd
0f52a1bc26a7452497fffe354144c5eb,09620b9499344b80a7870dc1b80cb4ed,044c648ac12345f1aedf33c9f91cdc5a,RADAR,RADAR_RIGHT_FRONT,1695473383202184,True,samples,samples/RADAR_RIGHT_FRONT/RADAR_RIGHT_FRONT_1695473383202184.pcd
cc30545d6aee4322baebcf0bf264d53a,36b65dcf8d8d4266bf5802677195cc15,044c648ac12345f1aedf33c9f91cdc5a,RADAR,RADAR_RIGHT_FRONT,1695473383703777,True,samples,samples/RADAR_RIGHT_FRONT/RADAR_RIGHT_FRONT_1695473383703777.pcd
382b631a9d5a4c81adac89decaa99f19,bf5cf015771d44108d314771d3ace51d,044c648ac12345f1aedf33c9f91cdc5a,RADAR,RADAR_RIGHT_FRONT,1695473384204620,True,samples,samples/RADAR_RIGHT_FRONT/RADAR_RIGHT_FRONT_1695473384204620.pcd
11136d245f9c40db8a772e5ca110ed83,268efcebbf824f24b960d30a7162183b,044c648ac12345f1aedf33c9f91cdc5a,RADAR,RADAR_RIGHT_FRONT,1695473384702788,True,samples,samples/RADAR_RIGHT_FRONT/RADAR_RIGHT_FRONT_1695473384702788.pcd
6d1592972d894c29a3233167a52f3d9a,30408918ea7844f589bcb7b3f5b0cb17,044c648ac12345f1aedf33c9f91cdc5a,RADAR,RADAR_RIGHT_FRONT,1695473385203421,True,samples,samples/RADAR_RIGHT_FRONT/RADAR_RIGHT_FRONT_1695473385203421.pcd
08f7aecd737e4f4cb0715450677e54e9,66ec211e07194e3798d84dfe70729910,044c648ac12345f1aedf33c9f91cdc5a,RADAR,RADAR_RIGHT_FRONT,1695473385705945,True,samples,samples/RADAR_RIGHT_FRONT/RADAR_RIGHT_FRONT_1695473385705945.pcd
5c5be4ab16584b26a4f3bf9667130170,d6faf332666e480aa7391cf082b0267c,044c648ac12345f1aedf33c9f91cdc5a,RADAR,RADAR_RIGHT_FRONT,1695473386202307,True,samples,samples/RADAR_RIGHT_FRONT/RADAR_RIGHT_FRONT_1695473386202307.pcd
30d60b62482e49c997b69f71349eb19f,966d4b3345e945a8a99fd3b0752f42e0,044c648ac12345f1aedf33c9f91cdc5a,RADAR,RADAR_RIGHT_FRONT,1695473386704095,True,samples,samples/RADAR_RIGHT_FRONT/RADAR_RIGHT_FRONT_1695473386704095.pcd
77f4230569a04d1d96b1b4d2b10761bc,188173f8e91a4090a439f6038577bf1d,044c648ac12345f1aedf33c9f91cdc5a,RADAR,RADAR_RIGHT_FRONT,1695473387205582,True,samples,samples/RADAR_RIGHT_FRONT/RADAR_RIGHT_FRONT_1695473387205582.pcd
e536d72731e04038a763591e89162a5e,8dbf50814d614cfbb323d8e822654eb1,044c648ac12345f1aedf33c9f91cdc5a,RADAR,RADAR_RIGHT_FRONT,1695473387702709,True,samples,samples/RADAR_RIGHT_FRONT/RADAR_RIGHT_FRONT_1695473387702709.pcd
eb996bbebc704110832329a4b58243b2,cf37919cc2204541a25798673dc06bdb,044c648ac12345f1aedf33c9f91cdc5a,RADAR,RADAR_RIGHT_FRONT,1695473388204050,True,samples,samples/RADAR_RIGHT_FRONT/RADAR_RIGHT_FRONT_1695473388204050.pcd
d3a20ce1f07345e6a2092c1ac14de138,38f31e131030482e9d3d398811131fc9,044c648ac12345f1aedf33c9f91cdc5a,RADAR,RADAR_RIGHT_FRONT,1695473388705520,True,samples,samples/RADAR_RIGHT_FRONT/RADAR_RIGHT_FRONT_1695473388705520.pcd
6ae138e3654c46c2bc5ccd3b930d4aa6,7941a96d59d44b35a64d6b5cc2046a2e,044c648ac12345f1aedf33c9f91cdc5a,RADAR,RADAR_RIGHT_FRONT,1695473389201752,True,samples,samples/RADAR_RIGHT_FRONT/RADAR_RIGHT_FRONT_1695473389201752.pcd
c51e0f7f9a374440b6807414718d600f,b4d713a4172242c2851e8281de40e92e,044c648ac12345f1aedf33c9f91cdc5a,RADAR,RADAR_RIGHT_FRONT,1695473389703893,True,samples,samples/RADAR_RIGHT_FRONT/RADAR_RIGHT_FRONT_1695473389703893.pcd
8faf3080e97b4ac0a529497c5e650681,de022c96a11f48ee9a677c4147696a42,044c648ac12345f1aedf33c9f91cdc5a,RADAR,RADAR_RIGHT_FRONT,1695473390205428,True,samples,samples/RADAR_RIGHT_FRONT/RADAR_RIGHT_FRONT_1695473390205428.pcd
2ca4a161ee8d4ac7b0f626908999877f,9f765fcab1c54fe19aa84192ba6dab76,044c648ac12345f1aedf33c9f91cdc5a,RADAR,RADAR_RIGHT_FRONT,1695473390702328,True,samples,samples/RADAR_RIGHT_FRONT/RADAR_RIGHT_FRONT_1695473390702328.pcd
c6bdb74b81714b7696ae0d06fd32296b,2575a0787cf74a83ab4e558ba732b8d4,044c648ac12345f1aedf33c9f91cdc5a,RADAR,RADAR_RIGHT_FRONT,1695473391203575,True,samples,samples/RADAR_RIGHT_FRONT/RADAR_RIGHT_FRONT_1695473391203575.pcd
2ba0848ca30848beae1ec30f46f4e7de,88ad6593a97f46dcaca8401aa7b36d8b,044c648ac12345f1aedf33c9f91cdc5a,RADAR,RADAR_RIGHT_FRONT,1695473391705109,True,samples,samples/RADAR_RIGHT_FRONT/RADAR_RIGHT_FRONT_1695473391705109.pcd
335427d2e5e749b59b514b7ac0744d3f,94640f753b284a1c9c0e8694243f60cd,044c648ac12345f1aedf33c9f91cdc5a,RADAR,RADAR_RIGHT_FRONT,1695473392202353,True,samples,samples/RADAR_RIGHT_FRONT/RADAR_RIGHT_FRONT_1695473392202353.pcd
1e6375db490e4563b55fce389b06a53b,32d2bcf46e734dffb14fe2e0a823d059,044c648ac12345f1aedf33c9f91cdc5a,RADAR,RADAR_LEFT_FRONT,1695473372704727,True,samples,samples/RADAR_LEFT_FRONT/RADAR_LEFT_FRONT_1695473372704727.pcd
7f50e200e03249aab2fda9ddc0c5c952,deb7b3f332f042d49e7636d6e4959354,044c648ac12345f1aedf33c9f91cdc5a,RADAR,RADAR_LEFT_FRONT,1695473373203208,True,samples,samples/RADAR_LEFT_FRONT/RADAR_LEFT_FRONT_1695473373203208.pcd
5f143e5c23ac409191096aa1921f19b9,a574551be31547e4b7c78ff87c75abb3,044c648ac12345f1aedf33c9f91cdc5a,RADAR,RADAR_LEFT_FRONT,1695473373703355,True,samples,samples/RADAR_LEFT_FRONT/RADAR_LEFT_FRONT_1695473373703355.pcd
e5fc2221d1f049999f5c5d61dc051ca7,1393759bf6ff4f8e88deff0da0dc2aca,044c648ac12345f1aedf33c9f91cdc5a,RADAR,RADAR_LEFT_FRONT,1695473374205971,True,samples,samples/RADAR_LEFT_FRONT/RADAR_LEFT_FRONT_1695473374205971.pcd
be97081dcf72410da863bbca5527732b,368662645c194921b716c026347db664,044c648ac12345f1aedf33c9f91cdc5a,RADAR,RADAR_LEFT_FRONT,1695473374702275,True,samples,samples/RADAR_LEFT_FRONT/RADAR_LEFT_FRONT_1695473374702275.pcd
eea15ef65ca847e3bad72da1df2e74be,a42b482121464aa795d24f55400c574f,044c648ac12345f1aedf33c9f91cdc5a,RADAR,RADAR_LEFT_FRONT,1695473375204617,True,samples,samples/RADAR_LEFT_FRONT/RADAR_LEFT_FRONT_1695473375204617.pcd
6d64940f26964d6ba133aa4696733a47,814d7dd86f1a47e28385ee434cdb6b1a,044c648ac12345f1aedf33c9f91cdc5a,RADAR,RADAR_LEFT_FRONT,1695473375705563,True,samples,samples/RADAR_LEFT_FRONT/RADAR_LEFT_FRONT_1695473375705563.pcd
b91349ca25a849febf05bb7f08cc97c1,a1bcff3507ba48d991ec098093d75394,044c648ac12345f1aedf33c9f91cdc5a,RADAR,RADAR_LEFT_FRONT,1695473376155430,True,samples,samples/RADAR_LEFT_FRONT/RADAR_LEFT_FRONT_1695473376155430.pcd
9cc4ee1d329b457bbe71099b355229e2,8a5f89a6ebaa4d75aa70bf4b31734ea5,044c648ac12345f1aedf33c9f91cdc5a,RADAR,RADAR_LEFT_FRONT,1695473376703977,True,samples,samples/RADAR_LEFT_FRONT/RADAR_LEFT_FRONT_1695473376703977.pcd
6a68e0866f4b4addb89126335153059c,3c7fe0a51cdd45da9a49624782c511f1,044c648ac12345f1aedf33c9f91cdc5a,RADAR,RADAR_LEFT_FRONT,1695473377205310,True,samples,samples/RADAR_LEFT_FRONT/RADAR_LEFT_FRONT_1695473377205310.pcd
e00b69afa91b4883a77927fcfcdf6859,e8d9d7b84b384c95ad0eff56dc1f0a99,044c648ac12345f1aedf33c9f91cdc5a,RADAR,RADAR_LEFT_FRONT,1695473377701825,True,samples,samples/RADAR_LEFT_FRONT/RADAR_LEFT_FRONT_1695473377701825.pcd
c3d0d386c9944e19b57ed316694be0df,c274731e59da4059ae35fd5e543870cd,044c648ac12345f1aedf33c9f91cdc5a,RADAR,RADAR_LEFT_FRONT,1695473378203960,True,samples,samples/RADAR_LEFT_FRONT/RADAR_LEFT_FRONT_1695473378203960.pcd
347f73c65a5e48819e6207b38bc3129b,f1c03220990143e19b983bf3da478764,044c648ac12345f1aedf33c9f91cdc5a,RADAR,RADAR_LEFT_FRONT,1695473378705348,True,samples,samples/RADAR_LEFT_FRONT/RADAR_LEFT_FRONT_1695473378705348.pcd
74d86a52df3248d583be651cdfe50ddd,8fca58701c884e49b255c3f8eb2846d6,044c648ac12345f1aedf33c9f91cdc5a,RADAR,RADAR_LEFT_FRONT,1695473379202310,True,samples,samples/RADAR_LEFT_FRONT/RADAR_LEFT_FRONT_1695473379202310.pcd
544dfefe4c2a4389b51212da26e185c2,7fd37cf3b62b49a6a1cd62db392c9575,044c648ac12345f1aedf33c9f91cdc5a,RADAR,RADAR_LEFT_FRONT,1695473379703630,True,samples,samples/RADAR_LEFT_FRONT/RADAR_LEFT_FRONT_1695473379703630.pcd
b6795113d33f42cf8f51da190964cced,0113d3fc23954918ab040dd627bb4b0f,044c648ac12345f1aedf33c9f91cdc5a,RADAR,RADAR_LEFT_FRONT,1695473380205045,True,samples,samples/RADAR_LEFT_FRONT/RADAR_LEFT_FRONT_1695473380205045.pcd
50026208dc0d4589b346c332da5daf73,25b220729c6b4209804da4a588c3c84c,044c648ac12345f1aedf33c9f91cdc5a,RADAR,RADAR_LEFT_FRONT,1695473380654967,True,samples,samples/RADAR_LEFT_FRONT/RADAR_LEFT_FRONT_1695473380654967.pcd
877181556231465183c20a353860f07e,5141a31284164a69ac4307cb2b9ae6df,044c648ac12345f1aedf33c9f91cdc5a,RADAR,RADAR_LEFT_FRONT,1695473381203346,True,samples,samples/RADAR_LEFT_FRONT/RADAR_LEFT_FRONT_1695473381203346.pcd
990e433df4674e40934f1fa0d5b483c4,69c7cd93ec6444f799d8f65f16430e17,044c648ac12345f1aedf33c9f91cdc5a,RADAR,RADAR_LEFT_FRONT,1695473381653740,True,samples,samples/RADAR_LEFT_FRONT/RADAR_LEFT_FRONT_1695473381653740.pcd
1c1db412564b41b29c8d8449d2dc1234,4551a79e00f24684b35672591431ec8c,044c648ac12345f1aedf33c9f91cdc5a,RADAR,RADAR_LEFT_FRONT,1695473382202034,True,samples,samples/RADAR_LEFT_FRONT/RADAR_LEFT_FRONT_1695473382202034.pcd
2e112ebcfcb244aca76fb7e0988a2b56,8502c7bf06fc4f319f1847b4a6e179e7,044c648ac12345f1aedf33c9f91cdc5a,RADAR,RADAR_LEFT_FRONT,1695473382652681,True,samples,samples/RADAR_LEFT_FRONT/RADAR_LEFT_FRONT_1695473382652681.pcd
6f2bf1720207403ab7cd3c40d17adc11,09620b9499344b80a7870dc1b80cb4ed,044c648ac12345f1aedf33c9f91cdc5a,RADAR,RADAR_LEFT_FRONT,1695473383204653,True,samples,samples/RADAR_LEFT_FRONT/RADAR_LEFT_FRONT_1695473383204653.pcd
0a38ef05994e4da2a705a21cfbecb459,36b65dcf8d8d4266bf5802677195cc15,044c648ac12345f1aedf33c9f91cdc5a,RADAR,RADAR_LEFT_FRONT,1695473383702585,True,samples,samples/RADAR_LEFT_FRONT/RADAR_LEFT_FRONT_1695473383702585.pcd
f6359636f65f4b0ca5f7c78d3cd0cc84,bf5cf015771d44108d314771d3ace51d,044c648ac12345f1aedf33c9f91cdc5a,RADAR,RADAR_LEFT_FRONT,1695473384203247,True,samples,samples/RADAR_LEFT_FRONT/RADAR_LEFT_FRONT_1695473384203247.pcd
c799de1380d54b888e51545d73f3950b,268efcebbf824f24b960d30a7162183b,044c648ac12345f1aedf33c9f91cdc5a,RADAR,RADAR_LEFT_FRONT,1695473384705852,True,samples,samples/RADAR_LEFT_FRONT/RADAR_LEFT_FRONT_1695473384705852.pcd
09aafa57d73b4503a5b7d53b29f0dc35,30408918ea7844f589bcb7b3f5b0cb17,044c648ac12345f1aedf33c9f91cdc5a,RADAR,RADAR_LEFT_FRONT,1695473385155752,True,samples,samples/RADAR_LEFT_FRONT/RADAR_LEFT_FRONT_1695473385155752.pcd
7d5ceba2a4c5454695ade9dd9cc3b8ea,66ec211e07194e3798d84dfe70729910,044c648ac12345f1aedf33c9f91cdc5a,RADAR,RADAR_LEFT_FRONT,1695473385704234,True,samples,samples/RADAR_LEFT_FRONT/RADAR_LEFT_FRONT_1695473385704234.pcd
9c2b2db208d7475f8da4bf1121a1ec08,d6faf332666e480aa7391cf082b0267c,044c648ac12345f1aedf33c9f91cdc5a,RADAR,RADAR_LEFT_FRONT,1695473386205800,True,samples,samples/RADAR_LEFT_FRONT/RADAR_LEFT_FRONT_1695473386205800.pcd
b215693de1d240c9baad9effda39e8c0,966d4b3345e945a8a99fd3b0752f42e0,044c648ac12345f1aedf33c9f91cdc5a,RADAR,RADAR_LEFT_FRONT,1695473386702866,True,samples,samples/RADAR_LEFT_FRONT/RADAR_LEFT_FRONT_1695473386702866.pcd
7ad2174de87045ab985f9106c95341b7,188173f8e91a4090a439f6038577bf1d,044c648ac12345f1aedf33c9f91cdc5a,RADAR,RADAR_LEFT_FRONT,1695473387204109,True,samples,samples/RADAR_LEFT_FRONT/RADAR_LEFT_FRONT_1695473387204109.pcd
4018dc2b9ca649d89d864fa4954039a3,8dbf50814d614cfbb323d8e822654eb1,044c648ac12345f1aedf33c9f91cdc5a,RADAR,RADAR_LEFT_FRONT,1695473387654096,True,samples,samples/RADAR_LEFT_FRONT/RADAR_LEFT_FRONT_1695473387654096.pcd
b5e0f9d215ec49ae992fe06958690def,cf37919cc2204541a25798673dc06bdb,044c648ac12345f1aedf33c9f91cdc5a,RADAR,RADAR_LEFT_FRONT,1695473388201905,True,samples,samples/RADAR_LEFT_FRONT/RADAR_LEFT_FRONT_1695473388201905.pcd
466901f92cf94c57b2ef2ce25cccc5f7,38f31e131030482e9d3d398811131fc9,044c648ac12345f1aedf33c9f91cdc5a,RADAR,RADAR_LEFT_FRONT,1695473388704029,True,samples,samples/RADAR_LEFT_FRONT/RADAR_LEFT_FRONT_1695473388704029.pcd
e43f073254f444bd9795375cb2015f5a,7941a96d59d44b35a64d6b5cc2046a2e,044c648ac12345f1aedf33c9f91cdc5a,RADAR,RADAR_LEFT_FRONT,1695473389205634,True,samples,samples/RADAR_LEFT_FRONT/RADAR_LEFT_FRONT_1695473389205634.pcd
90cb92b4aa594ff0ba6d80a56b4722fd,b4d713a4172242c2851e8281de40e92e,044c648ac12345f1aedf33c9f91cdc5a,RADAR,RADAR_LEFT_FRONT,1695473389702404,True,samples,samples/RADAR_LEFT_FRONT/RADAR_LEFT_FRONT_1695473389702404.pcd
fa16eeb22bd6409882119eddc02eb2c2,de022c96a11f48ee9a677c4147696a42,044c648ac12345f1aedf33c9f91cdc5a,RADAR,RADAR_LEFT_FRONT,1695473390203607,True,samples,samples/RADAR_LEFT_FRONT/RADAR_LEFT_FRONT_1695473390203607.pcd
be93b6aea6d9413588b19cf426616f30,9f765fcab1c54fe19aa84192ba6dab76,044c648ac12345f1aedf33c9f91cdc5a,RADAR,RADAR_LEFT_FRONT,1695473390705152,True,samples,samples/RADAR_LEFT_FRONT/RADAR_LEFT_FRONT_1695473390705152.pcd
05c983c334df46a29f0364bca28d189b,2575a0787cf74a83ab4e558ba732b8d4,044c648ac12345f1aedf33c9f91cdc5a,RADAR,RADAR_LEFT_FRONT,1695473391202484,True,samples,samples/RADAR_LEFT_FRONT/RADAR_LEFT_FRONT_1695473391202484.pcd
76ca264c496540e586291bba3155b49b,88ad6593a97f46dcaca8401aa7b36d8b,044c648ac12345f1aedf33c9f91cdc5a,RADAR,RADAR_LEFT_FRONT,1695473391703472,True,samples,samples/RADAR_LEFT_FRONT/RADAR_LEFT_FRONT_1695473391703472.pcd
623ba0c2302c4ba69c4ed4c45e3fb0d4,94640f753b284a1c9c0e8694243f60cd,044c648ac12345f1aedf33c9f91cdc5a,RADAR,RADAR_LEFT_FRONT,1695473392205069,True,samples,samples/RADAR_LEFT_FRONT/RADAR_LEFT_FRONT_1695473392205069.pcd
c58e24c2e644404f85a5c0901d367338,32d2bcf46e734dffb14fe2e0a823d059,044c648ac12345f1aedf33c9f91cdc5a,RADAR,RADAR_LEFT_SIDE,1695473372702056,True,samples,samples/RADAR_LEFT_SIDE/RADAR_LEFT_SIDE_1695473372702056.pcd
f958776edcf543b990d6665ae0442ac8,deb7b3f332f042d49e7636d6e4959354,044c648ac12345f1aedf33c9f91cdc5a,RADAR,RADAR_LEFT_SIDE,1695473373203838,True,samples,samples/RADAR_LEFT_SIDE/RADAR_LEFT_SIDE_1695473373203838.pcd
2f9eda6afc4245ab8bd02a0380b5a27b,a574551be31547e4b7c78ff87c75abb3,044c648ac12345f1aedf33c9f91cdc5a,RADAR,RADAR_LEFT_SIDE,1695473373704603,True,samples,samples/RADAR_LEFT_SIDE/RADAR_LEFT_SIDE_1695473373704603.pcd
edca8880c6994da8b816767d88bb8d9e,1393759bf6ff4f8e88deff0da0dc2aca,044c648ac12345f1aedf33c9f91cdc5a,RADAR,RADAR_LEFT_SIDE,1695473374155795,True,samples,samples/RADAR_LEFT_SIDE/RADAR_LEFT_SIDE_1695473374155795.pcd
165217ff9fda4d43978b29b7b854e6cf,368662645c194921b716c026347db664,044c648ac12345f1aedf33c9f91cdc5a,RADAR,RADAR_LEFT_SIDE,1695473374703237,True,samples,samples/RADAR_LEFT_SIDE/RADAR_LEFT_SIDE_1695473374703237.pcd
4330c46ad2de4d1889c36536103143bc,a42b482121464aa795d24f55400c574f,044c648ac12345f1aedf33c9f91cdc5a,RADAR,RADAR_LEFT_SIDE,1695473375205856,True,samples,samples/RADAR_LEFT_SIDE/RADAR_LEFT_SIDE_1695473375205856.pcd
16a81286a21949d99987c3d35dca688e,814d7dd86f1a47e28385ee434cdb6b1a,044c648ac12345f1aedf33c9f91cdc5a,RADAR,RADAR_LEFT_SIDE,1695473375702301,True,samples,samples/RADAR_LEFT_SIDE/RADAR_LEFT_SIDE_1695473375702301.pcd
3e6b9767fc854037932d0c8ac2fd0e80,a1bcff3507ba48d991ec098093d75394,044c648ac12345f1aedf33c9f91cdc5a,RADAR,RADAR_LEFT_SIDE,1695473376204326,True,samples,samples/RADAR_LEFT_SIDE/RADAR_LEFT_SIDE_1695473376204326.pcd
5a74e31547c64292874a035e590df7e2,8a5f89a6ebaa4d75aa70bf4b31734ea5,044c648ac12345f1aedf33c9f91cdc5a,RADAR,RADAR_LEFT_SIDE,1695473376654364,True,samples,samples/RADAR_LEFT_SIDE/RADAR_LEFT_SIDE_1695473376654364.pcd
0bce6962478e45c786e62f031476ba7e,3c7fe0a51cdd45da9a49624782c511f1,044c648ac12345f1aedf33c9f91cdc5a,RADAR,RADAR_LEFT_SIDE,1695473377155574,True,samples,samples/RADAR_LEFT_SIDE/RADAR_LEFT_SIDE_1695473377155574.pcd
5cb266555ce64bfea8095e8e8ec36087,e8d9d7b84b384c95ad0eff56dc1f0a99,044c648ac12345f1aedf33c9f91cdc5a,RADAR,RADAR_LEFT_SIDE,1695473377704492,True,samples,samples/RADAR_LEFT_SIDE/RADAR_LEFT_SIDE_1695473377704492.pcd
5dd183964f6a4c81b2d0b9849d90fc0e,c274731e59da4059ae35fd5e543870cd,044c648ac12345f1aedf33c9f91cdc5a,RADAR,RADAR_LEFT_SIDE,1695473378205530,True,samples,samples/RADAR_LEFT_SIDE/RADAR_LEFT_SIDE_1695473378205530.pcd
0771af5fd5194a1082442dcd57e06158,f1c03220990143e19b983bf3da478764,044c648ac12345f1aedf33c9f91cdc5a,RADAR,RADAR_LEFT_SIDE,1695473378701972,True,samples,samples/RADAR_LEFT_SIDE/RADAR_LEFT_SIDE_1695473378701972.pcd
08e38d21c93848e7a8cb63bfef3ee8a2,8fca58701c884e49b255c3f8eb2846d6,044c648ac12345f1aedf33c9f91cdc5a,RADAR,RADAR_LEFT_SIDE,1695473379204051,True,samples,samples/RADAR_LEFT_SIDE/RADAR_LEFT_SIDE_1695473379204051.pcd
b791f6676c0e4bdab0f85a9bcd2bc53e,7fd37cf3b62b49a6a1cd62db392c9575,044c648ac12345f1aedf33c9f91cdc5a,RADAR,RADAR_LEFT_SIDE,1695473379705240,True,samples,samples/RADAR_LEFT_SIDE/RADAR_LEFT_SIDE_1695473379705240.pcd
1f24a0484aac4cbbaaa228ab3f69edab,0113d3fc23954918ab040dd627bb4b0f,044c648ac12345f1aedf33c9f91cdc5a,RADAR,RADAR_LEFT_SIDE,1695473380202248,True,samples,samples/RADAR_LEFT_SIDE/RADAR_LEFT_SIDE_1695473380202248.pcd
a0fe063e80764fcc809b510297b26a5f,25b220729c6b4209804da4a588c3c84c,044c648ac12345f1aedf33c9f91cdc5a,RADAR,RADAR_LEFT_SIDE,1695473380703480,True,samples,samples/RADAR_LEFT_SIDE/RADAR_LEFT_SIDE_1695473380703480.pcd
3e39352681184046baa2910c6341c71c,5141a31284164a69ac4307cb2b9ae6df,044c648ac12345f1aedf33c9f91cdc5a,RADAR,RADAR_LEFT_SIDE,1695473381205207,True,samples,samples/RADAR_LEFT_SIDE/RADAR_LEFT_SIDE_1695473381205207.pcd
3d22c44c3c2f4d62bb6c5b8891ab669d,69c7cd93ec6444f799d8f65f16430e17,044c648ac12345f1aedf33c9f91cdc5a,RADAR,RADAR_LEFT_SIDE,1695473381702396,True,samples,samples/RADAR_LEFT_SIDE/RADAR_LEFT_SIDE_1695473381702396.pcd
1dd18b9d44d94aa19920afa9e159bb32,4551a79e00f24684b35672591431ec8c,044c648ac12345f1aedf33c9f91cdc5a,RADAR,RADAR_LEFT_SIDE,1695473382203308,True,samples,samples/RADAR_LEFT_SIDE/RADAR_LEFT_SIDE_1695473382203308.pcd
bbe7a5e0852c466bbdee2b63bf7c1624,8502c7bf06fc4f319f1847b4a6e179e7,044c648ac12345f1aedf33c9f91cdc5a,RADAR,RADAR_LEFT_SIDE,1695473382705147,True,samples,samples/RADAR_LEFT_SIDE/RADAR_LEFT_SIDE_1695473382705147.pcd
bca3fbb97281490f82d25b4ef1f86c9a,09620b9499344b80a7870dc1b80cb4ed,044c648ac12345f1aedf33c9f91cdc5a,RADAR,RADAR_LEFT_SIDE,1695473383201965,True,samples,samples/RADAR_LEFT_SIDE/RADAR_LEFT_SIDE_1695473383201965.pcd
c8ed74b1a6e246dbae25599bba8ad15b,36b65dcf8d8d4266bf5802677195cc15,044c648ac12345f1aedf33c9f91cdc5a,RADAR,RADAR_LEFT_SIDE,1695473383652536,True,samples,samples/RADAR_LEFT_SIDE/RADAR_LEFT_SIDE_1695473383652536.pcd
198d0f453a1e44b4821a0cb9fa019279,bf5cf015771d44108d314771d3ace51d,044c648ac12345f1aedf33c9f91cdc5a,RADAR,RADAR_LEFT_SIDE,1695473384204496,True,samples,samples/RADAR_LEFT_SIDE/RADAR_LEFT_SIDE_1695473384204496.pcd
5e102171fa204661b300226501b74636,268efcebbf824f24b960d30a7162183b,044c648ac12345f1aedf33c9f91cdc5a,RADAR,RADAR_LEFT_SIDE,1695473384702699,True,samples,samples/RADAR_LEFT_SIDE/RADAR_LEFT_SIDE_1695473384702699.pcd
e86127e291f8490b8b065a74f0ccebc8,30408918ea7844f589bcb7b3f5b0cb17,044c648ac12345f1aedf33c9f91cdc5a,RADAR,RADAR_LEFT_SIDE,1695473385203232,True,samples,samples/RADAR_LEFT_SIDE/RADAR_LEFT_SIDE_1695473385203232.pcd
3511c34efe6c4a5a8a0569a19c953977,66ec211e07194e3798d84dfe70729910,044c648ac12345f1aedf33c9f91cdc5a,RADAR,RADAR_LEFT_SIDE,1695473385705815,True,samples,samples/RADAR_LEFT_SIDE/RADAR_LEFT_SIDE_1695473385705815.pcd
42f65affaa3c4b6abb8800e0dd08ad71,d6faf332666e480aa7391cf082b0267c,044c648ac12345f1aedf33c9f91cdc5a,RADAR,RADAR_LEFT_SIDE,1695473386202225,True,samples,samples/RADAR_LEFT_SIDE/RADAR_LEFT_SIDE_1695473386202225.pcd
a37cc3b2591d4902a0fc837e17fc3c35,966d4b3345e945a8a99fd3b0752f42e0,044c648ac12345f1aedf33c9f91cdc5a,RADAR,RADAR_LEFT_SIDE,1695473386704313,True,samples,samples/RADAR_LEFT_SIDE/RADAR_LEFT_SIDE_1695473386704313.pcd
925b8dd9a830404f826eb7ab357953c3,188173f8e91a4090a439f6038577bf1d,044c648ac12345f1aedf33c9f91cdc5a,RADAR,RADAR_LEFT_SIDE,1695473387205690,True,samples,samples/RADAR_LEFT_SIDE/RADAR_LEFT_SIDE_1695473387205690.pcd
e018e16cd06b45319ba6d00449d46d1c,8dbf50814d614cfbb323d8e822654eb1,044c648ac12345f1aedf33c9f91cdc5a,RADAR,RADAR_LEFT_SIDE,1695473387702967,True,samples,samples/RADAR_LEFT_SIDE/RADAR_LEFT_SIDE_1695473387702967.pcd
a95d7d45ef654586adf5a08a77b568fc,cf37919cc2204541a25798673dc06bdb,044c648ac12345f1aedf33c9f91cdc5a,RADAR,RADAR_LEFT_SIDE,1695473388204237,True,samples,samples/RADAR_LEFT_SIDE/RADAR_LEFT_SIDE_1695473388204237.pcd
f365ff2c7ae148e692752083605f0604,38f31e131030482e9d3d398811131fc9,044c648ac12345f1aedf33c9f91cdc5a,RADAR,RADAR_LEFT_SIDE,1695473388705617,True,samples,samples/RADAR_LEFT_SIDE/RADAR_LEFT_SIDE_1695473388705617.pcd
8dcf4d6293994d9384aff88ffc1432c7,7941a96d59d44b35a64d6b5cc2046a2e,044c648ac12345f1aedf33c9f91cdc5a,RADAR,RADAR_LEFT_SIDE,1695473389201924,True,samples,samples/RADAR_LEFT_SIDE/RADAR_LEFT_SIDE_1695473389201924.pcd
31b4d33039514a7585cec6d428e4f39b,b4d713a4172242c2851e8281de40e92e,044c648ac12345f1aedf33c9f91cdc5a,RADAR,RADAR_LEFT_SIDE,1695473389704062,True,samples,samples/RADAR_LEFT_SIDE/RADAR_LEFT_SIDE_1695473389704062.pcd
9c02ab4463b143a6a8fb533413847217,de022c96a11f48ee9a677c4147696a42,044c648ac12345f1aedf33c9f91cdc5a,RADAR,RADAR_LEFT_SIDE,1695473390153724,True,samples,samples/RADAR_LEFT_SIDE/RADAR_LEFT_SIDE_1695473390153724.pcd
9cbe2ecf37e04bd68abd05b593604701,9f765fcab1c54fe19aa84192ba6dab76,044c648ac12345f1aedf33c9f91cdc5a,RADAR,RADAR_LEFT_SIDE,1695473390702463,True,samples,samples/RADAR_LEFT_SIDE/RADAR_LEFT_SIDE_1695473390702463.pcd
cfa58dd143314fc089a4903366908e38,2575a0787cf74a83ab4e558ba732b8d4,044c648ac12345f1aedf33c9f91cdc5a,RADAR,RADAR_LEFT_SIDE,1695473391203748,True,samples,samples/RADAR_LEFT_SIDE/RADAR_LEFT_SIDE_1695473391203748.pcd
df908e5028ae427dac1e0006881b9337,88ad6593a97f46dcaca8401aa7b36d8b,044c648ac12345f1aedf33c9f91cdc5a,RADAR,RADAR_LEFT_SIDE,1695473391705236,True,samples,samples/RADAR_LEFT_SIDE/RADAR_LEFT_SIDE_1695473391705236.pcd
f7863db688204f8ca08ef431a060afc8,94640f753b284a1c9c0e8694243f60cd,044c648ac12345f1aedf33c9f91cdc5a,RADAR,RADAR_LEFT_SIDE,1695473392202591,True,samples,samples/RADAR_LEFT_SIDE/RADAR_LEFT_SIDE_1695473392202591.pcd
e940e3abeab34da8833e013c84b52366,32d2bcf46e734dffb14fe2e0a823d059,044c648ac12345f1aedf33c9f91cdc5a,RADAR,RADAR_LEFT_BACK,1695473372704612,True,samples,samples/RADAR_LEFT_BACK/RADAR_LEFT_BACK_1695473372704612.pcd
1eecf9cdafcd4685ad1c225aecef9faf,deb7b3f332f042d49e7636d6e4959354,044c648ac12345f1aedf33c9f91cdc5a,RADAR,RADAR_LEFT_BACK,1695473373202785,True,samples,samples/RADAR_LEFT_BACK/RADAR_LEFT_BACK_1695473373202785.pcd
4010b26ca9fa4f60bd922f5268a6ccb5,a574551be31547e4b7c78ff87c75abb3,044c648ac12345f1aedf33c9f91cdc5a,RADAR,RADAR_LEFT_BACK,1695473373652309,True,samples,samples/RADAR_LEFT_BACK/RADAR_LEFT_BACK_1695473373652309.pcd
7358da826c1e45edbff0c495a9387930,1393759bf6ff4f8e88deff0da0dc2aca,044c648ac12345f1aedf33c9f91cdc5a,RADAR,RADAR_LEFT_BACK,1695473374206113,True,samples,samples/RADAR_LEFT_BACK/RADAR_LEFT_BACK_1695473374206113.pcd
28d0c495996b4522a4a74d99e3116e55,368662645c194921b716c026347db664,044c648ac12345f1aedf33c9f91cdc5a,RADAR,RADAR_LEFT_BACK,1695473374702035,True,samples,samples/RADAR_LEFT_BACK/RADAR_LEFT_BACK_1695473374702035.pcd
fc5be5ef9bed475488b2a9e9e83d9d61,a42b482121464aa795d24f55400c574f,044c648ac12345f1aedf33c9f91cdc5a,RADAR,RADAR_LEFT_BACK,1695473375204187,True,samples,samples/RADAR_LEFT_BACK/RADAR_LEFT_BACK_1695473375204187.pcd
e2aee99571fd4547af62a7b4585cf275,814d7dd86f1a47e28385ee434cdb6b1a,044c648ac12345f1aedf33c9f91cdc5a,RADAR,RADAR_LEFT_BACK,1695473375705613,True,samples,samples/RADAR_LEFT_BACK/RADAR_LEFT_BACK_1695473375705613.pcd
3102cf451b99425fb0339776382b2a51,a1bcff3507ba48d991ec098093d75394,044c648ac12345f1aedf33c9f91cdc5a,RADAR,RADAR_LEFT_BACK,1695473376202735,True,samples,samples/RADAR_LEFT_BACK/RADAR_LEFT_BACK_1695473376202735.pcd
88b31af282364bcc9c217f5864e11a62,8a5f89a6ebaa4d75aa70bf4b31734ea5,044c648ac12345f1aedf33c9f91cdc5a,RADAR,RADAR_LEFT_BACK,1695473376704321,True,samples,samples/RADAR_LEFT_BACK/RADAR_LEFT_BACK_1695473376704321.pcd
2b60d83f7d3f4e1796e5547af13cd306,3c7fe0a51cdd45da9a49624782c511f1,044c648ac12345f1aedf33c9f91cdc5a,RADAR,RADAR_LEFT_BACK,1695473377205479,True,samples,samples/RADAR_LEFT_BACK/RADAR_LEFT_BACK_1695473377205479.pcd
63d1deee8f654107876b2d6d7f577653,e8d9d7b84b384c95ad0eff56dc1f0a99,044c648ac12345f1aedf33c9f91cdc5a,RADAR,RADAR_LEFT_BACK,1695473377701883,True,samples,samples/RADAR_LEFT_BACK/RADAR_LEFT_BACK_1695473377701883.pcd
e8b0b8eb49e94af8ab3087c2988db4d1,c274731e59da4059ae35fd5e543870cd,044c648ac12345f1aedf33c9f91cdc5a,RADAR,RADAR_LEFT_BACK,1695473378152160,True,samples,samples/RADAR_LEFT_BACK/RADAR_LEFT_BACK_1695473378152160.pcd
22067fc0cbd048e9ab80e2537fa46ee2,f1c03220990143e19b983bf3da478764,044c648ac12345f1aedf33c9f91cdc5a,RADAR,RADAR_LEFT_BACK,1695473378705379,True,samples,samples/RADAR_LEFT_BACK/RADAR_LEFT_BACK_1695473378705379.pcd
cd59438387254772aa2fc840685efcc4,8fca58701c884e49b255c3f8eb2846d6,044c648ac12345f1aedf33c9f91cdc5a,RADAR,RADAR_LEFT_BACK,1695473379202346,True,samples,samples/RADAR_LEFT_BACK/RADAR_LEFT_BACK_1695473379202346.pcd
9188ca06ab244c078270b1bf8efade10,7fd37cf3b62b49a6a1cd62db392c9575,044c648ac12345f1aedf33c9f91cdc5a,RADAR,RADAR_LEFT_BACK,1695473379703550,True,samples,samples/RADAR_LEFT_BACK/RADAR_LEFT_BACK_1695473379703550.pcd
dd4d65d0571c4a6197894bffd688bb0e,0113d3fc23954918ab040dd627bb4b0f,044c648ac12345f1aedf33c9f91cdc5a,RADAR,RADAR_LEFT_BACK,1695473380205124,True,samples,samples/RADAR_LEFT_BACK/RADAR_LEFT_BACK_1695473380205124.pcd
8f399bb368ab411b938a6a2c2e55b3d0,25b220729c6b4209804da4a588c3c84c,044c648ac12345f1aedf33c9f91cdc5a,RADAR,RADAR_LEFT_BACK,1695473380702404,True,samples,samples/RADAR_LEFT_BACK/RADAR_LEFT_BACK_1695473380702404.pcd
ec8b9b32f7d147da968436b7259ec2ad,5141a31284164a69ac4307cb2b9ae6df,044c648ac12345f1aedf33c9f91cdc5a,RADAR,RADAR_LEFT_BACK,1695473381203467,True,samples,samples/RADAR_LEFT_BACK/RADAR_LEFT_BACK_1695473381203467.pcd
c41ed8abe0a54c0fbe3e47c9ebef7972,69c7cd93ec6444f799d8f65f16430e17,044c648ac12345f1aedf33c9f91cdc5a,RADAR,RADAR_LEFT_BACK,1695473381653802,True,samples,samples/RADAR_LEFT_BACK/RADAR_LEFT_BACK_1695473381653802.pcd
4265f27c0dea47d8a071388d423ecbc5,4551a79e00f24684b35672591431ec8c,044c648ac12345f1aedf33c9f91cdc5a,RADAR,RADAR_LEFT_BACK,1695473382154617,True,samples,samples/RADAR_LEFT_BACK/RADAR_LEFT_BACK_1695473382154617.pcd
451f571b709f4b59825d6bb8be0340fc,8502c7bf06fc4f319f1847b4a6e179e7,044c648ac12345f1aedf33c9f91cdc5a,RADAR,RADAR_LEFT_BACK,1695473382703780,True,samples,samples/RADAR_LEFT_BACK/RADAR_LEFT_BACK_1695473382703780.pcd
1ce05779e1564accb47017218bb58a8e,09620b9499344b80a7870dc1b80cb4ed,044c648ac12345f1aedf33c9f91cdc5a,RADAR,RADAR_LEFT_BACK,1695473383204596,True,samples,samples/RADAR_LEFT_BACK/RADAR_LEFT_BACK_1695473383204596.pcd
bdf5b6649d104fb1b06607a39ea64e8c,36b65dcf8d8d4266bf5802677195cc15,044c648ac12345f1aedf33c9f91cdc5a,RADAR,RADAR_LEFT_BACK,1695473383655815,True,samples,samples/RADAR_LEFT_BACK/RADAR_LEFT_BACK_1695473383655815.pcd
77c777240829491582600086efc5c7e5,bf5cf015771d44108d314771d3ace51d,044c648ac12345f1aedf33c9f91cdc5a,RADAR,RADAR_LEFT_BACK,1695473384203318,True,samples,samples/RADAR_LEFT_BACK/RADAR_LEFT_BACK_1695473384203318.pcd
beeb76307a3c4d7dae0d325c0f850877,268efcebbf824f24b960d30a7162183b,044c648ac12345f1aedf33c9f91cdc5a,RADAR,RADAR_LEFT_BACK,1695473384705868,True,samples,samples/RADAR_LEFT_BACK/RADAR_LEFT_BACK_1695473384705868.pcd
01b136bd5fe245d1826a73e0db0d1ae4,30408918ea7844f589bcb7b3f5b0cb17,044c648ac12345f1aedf33c9f91cdc5a,RADAR,RADAR_LEFT_BACK,1695473385202334,True,samples,samples/RADAR_LEFT_BACK/RADAR_LEFT_BACK_1695473385202334.pcd
67f31622e25142a69674ca5020658bbb,66ec211e07194e3798d84dfe70729910,044c648ac12345f1aedf33c9f91cdc5a,RADAR,RADAR_LEFT_BACK,1695473385704243,True,samples,samples/RADAR_LEFT_BACK/RADAR_LEFT_BACK_1695473385704243.pcd
89d5e8bd4c944bb79c3892052040b819,d6faf332666e480aa7391cf082b0267c,044c648ac12345f1aedf33c9f91cdc5a,RADAR,RADAR_LEFT_BACK,1695473386205896,True,samples,samples/RADAR_LEFT_BACK/RADAR_LEFT_BACK_1695473386205896.pcd
21407e0f1c044628a2cd048c0e36c296,966d4b3345e945a8a99fd3b0752f42e0,044c648ac12345f1aedf33c9f91cdc5a,RADAR,RADAR_LEFT_BACK,1695473386703165,True,samples,samples/RADAR_LEFT_BACK/RADAR_LEFT_BACK_1695473386703165.pcd
1d547bb4b9c24b09ace542ca0a5f9aac,188173f8e91a4090a439f6038577bf1d,044c648ac12345f1aedf33c9f91cdc5a,RADAR,RADAR_LEFT_BACK,1695473387204249,True,samples,samples/RADAR_LEFT_BACK/RADAR_LEFT_BACK_1695473387204249.pcd
a2ae32d471d444ecbc338af7a5c8dea1,8dbf50814d614cfbb323d8e822654eb1,044c648ac12345f1aedf33c9f91cdc5a,RADAR,RADAR_LEFT_BACK,1695473387705537,True,samples,samples/RADAR_LEFT_BACK/RADAR_LEFT_BACK_1695473387705537.pcd
9ee62e0d13224536bb34eb50d8db72f8,cf37919cc2204541a25798673dc06bdb,044c648ac12345f1aedf33c9f91cdc5a,RADAR,RADAR_LEFT_BACK,1695473388201726,True,samples,samples/RADAR_LEFT_BACK/RADAR_LEFT_BACK_1695473388201726.pcd
a33af85c556443568dea9f453f9cf708,38f31e131030482e9d3d398811131fc9,044c648ac12345f1aedf33c9f91cdc5a,RADAR,RADAR_LEFT_BACK,1695473388703872,True,samples,samples/RADAR_LEFT_BACK/RADAR_LEFT_BACK_1695473388703872.pcd
62dab4dc36bc4e4ba0b29ca539a1507b,7941a96d59d44b35a64d6b5cc2046a2e,044c648ac12345f1aedf33c9f91cdc5a,RADAR,RADAR_LEFT_BACK,1695473389205322,True,samples,samples/RADAR_LEFT_BACK/RADAR_LEFT_BACK_1695473389205322.pcd
7b2bce8dfef8428b99810e74c1d0e9cb,b4d713a4172242c2851e8281de40e92e,044c648ac12345f1aedf33c9f91cdc5a,RADAR,RADAR_LEFT_BACK,1695473389702137,True,samples,samples/RADAR_LEFT_BACK/RADAR_LEFT_BACK_1695473389702137.pcd
3e408dd4f65a46a8bf966e40832a0300,de022c96a11f48ee9a677c4147696a42,044c648ac12345f1aedf33c9f91cdc5a,RADAR,RADAR_LEFT_BACK,1695473390203421,True,samples,samples/RADAR_LEFT_BACK/RADAR_LEFT_BACK_1695473390203421.pcd
c5a226c3281c4249852a6bd3b362f2ca,9f765fcab1c54fe19aa84192ba6dab76,044c648ac12345f1aedf33c9f91cdc5a,RADAR,RADAR_LEFT_BACK,1695473390705009,True,samples,samples/RADAR_LEFT_BACK/RADAR_LEFT_BACK_1695473390705009.pcd
692d3dadb168417f96426068fb5630b9,2575a0787cf74a83ab4e558ba732b8d4,044c648ac12345f1aedf33c9f91cdc5a,RADAR,RADAR_LEFT_BACK,1695473391202329,True,samples,samples/RADAR_LEFT_BACK/RADAR_LEFT_BACK_1695473391202329.pcd
1d61a6e6e8d34d97a4512062f24daa58,88ad6593a97f46dcaca8401aa7b36d8b,044c648ac12345f1aedf33c9f91cdc5a,RADAR,RADAR_LEFT_BACK,1695473391703260,True,samples,samples/RADAR_LEFT_BACK/RADAR_LEFT_BACK_1695473391703260.pcd
b824c6a6b22445eb9c67a0524120fe09,94640f753b284a1c9c0e8694243f60cd,044c648ac12345f1aedf33c9f91cdc5a,RADAR,RADAR_LEFT_BACK,1695473392204917,True,samples,samples/RADAR_LEFT_BACK/RADAR_LEFT_BACK_1695473392204917.pcd
b3114604928642508660e925360b0c6c,80ad351eb99e4b28bfbec1105b6ac8eb,37355c547904491481e47accc094d567,RADAR,RADAR_RIGHT_BACK,1696700124504129,True,samples,samples/RADAR_RIGHT_BACK/RADAR_RIGHT_BACK_1696700124504129.pcd
ea0bd5cee64c4e849aa682dfd7cc4fcf,85c5ca01cfb34d3e92d1c0c265235d04,37355c547904491481e47accc094d567,RADAR,RADAR_RIGHT_BACK,1696700125005480,True,samples,samples/RADAR_RIGHT_BACK/RADAR_RIGHT_BACK_1696700125005480.pcd
c0b2f5e4d56e49fa884b8753649e9f65,68d8f0410d4342a1a6d2687b0deeb24c,37355c547904491481e47accc094d567,RADAR,RADAR_RIGHT_BACK,1696700125501877,True,samples,samples/RADAR_RIGHT_BACK/RADAR_RIGHT_BACK_1696700125501877.pcd
a3048ce852ac41a2bd6e34dec586cf4f,3c15136415cb4333964d4cc2936356dd,37355c547904491481e47accc094d567,RADAR,RADAR_RIGHT_BACK,1696700126003918,True,samples,samples/RADAR_RIGHT_BACK/RADAR_RIGHT_BACK_1696700126003918.pcd
27b43d9c7ed64bff9f96cf5db08fa4fe,39dae22600564a6b9c130435f3475a77,37355c547904491481e47accc094d567,RADAR,RADAR_RIGHT_BACK,1696700126505781,True,samples,samples/RADAR_RIGHT_BACK/RADAR_RIGHT_BACK_1696700126505781.pcd
d734ea2c3f6d4d2eb44ca0e8bf931827,a9b293108091418c9170311735a14d38,37355c547904491481e47accc094d567,RADAR,RADAR_RIGHT_BACK,1696700127002416,True,samples,samples/RADAR_RIGHT_BACK/RADAR_RIGHT_BACK_1696700127002416.pcd
3cbef928dd19475c899ffb8cc6560cdd,6f6b53e9b5144d3eb5efa6759877586e,37355c547904491481e47accc094d567,RADAR,RADAR_RIGHT_BACK,1696700127503563,True,samples,samples/RADAR_RIGHT_BACK/RADAR_RIGHT_BACK_1696700127503563.pcd
2a2a75b06f684b34aa84b2e99032198e,c83bd7f9373d4dbda92199888bb50db2,37355c547904491481e47accc094d567,RADAR,RADAR_RIGHT_BACK,1696700128005070,True,samples,samples/RADAR_RIGHT_BACK/RADAR_RIGHT_BACK_1696700128005070.pcd
ed7d92694974448ca100f6fd9e4ad114,c483d412789d4b13991fc1f36cdd06a8,37355c547904491481e47accc094d567,RADAR,RADAR_RIGHT_BACK,1696700128502386,True,samples,samples/RADAR_RIGHT_BACK/RADAR_RIGHT_BACK_1696700128502386.pcd
dfeff62a7bfe4cb4854f7fa6dc925928,e12831dd0e5040abaced46ee13f3c414,37355c547904491481e47accc094d567,RADAR,RADAR_RIGHT_BACK,1696700129003354,True,samples,samples/RADAR_RIGHT_BACK/RADAR_RIGHT_BACK_1696700129003354.pcd
31c16d8cb5304ffead651e8f1bffa576,db2c0e4d75654d4db21937c518e75957,37355c547904491481e47accc094d567,RADAR,RADAR_RIGHT_BACK,1696700129504930,True,samples,samples/RADAR_RIGHT_BACK/RADAR_RIGHT_BACK_1696700129504930.pcd
068f02b3bd874d14b2dab03c4dbce4e3,7097d2353e914bcf834c196a6a21be63,37355c547904491481e47accc094d567,RADAR,RADAR_RIGHT_BACK,1696700130001910,True,samples,samples/RADAR_RIGHT_BACK/RADAR_RIGHT_BACK_1696700130001910.pcd
91f493384250422aa061da48fa1aa6f5,b7db9773713a454e8148f86a84ab6a53,37355c547904491481e47accc094d567,RADAR,RADAR_RIGHT_BACK,1696700130503746,True,samples,samples/RADAR_RIGHT_BACK/RADAR_RIGHT_BACK_1696700130503746.pcd
9cadf6516b4c494792342a00a3ecbaa0,8a1ee4d450f94cfe8b07030adcaddf6b,37355c547904491481e47accc094d567,RADAR,RADAR_RIGHT_BACK,1696700131004608,True,samples,samples/RADAR_RIGHT_BACK/RADAR_RIGHT_BACK_1696700131004608.pcd
89bad0dfe2664816b3253bbae720c20d,b18f83cbe8b44e8c80dcac5b4bdf1de5,37355c547904491481e47accc094d567,RADAR,RADAR_RIGHT_BACK,1696700131502712,True,samples,samples/RADAR_RIGHT_BACK/RADAR_RIGHT_BACK_1696700131502712.pcd
9d9c38e7149b4e8d97a6715dd06ab2b0,db8f3abb2d1440889ce9d8a759ce855e,37355c547904491481e47accc094d567,RADAR,RADAR_RIGHT_BACK,1696700132003287,True,samples,samples/RADAR_RIGHT_BACK/RADAR_RIGHT_BACK_1696700132003287.pcd
55bb9879829045a2ac8acaa4f52d5643,9b3984d9e3094104a34f06910c521a08,37355c547904491481e47accc094d567,RADAR,RADAR_RIGHT_BACK,1696700132505817,True,samples,samples/RADAR_RIGHT_BACK/RADAR_RIGHT_BACK_1696700132505817.pcd
369410782c1b45cc84c901efd620699e,930001ae599e48d6aabc373742c462a5,37355c547904491481e47accc094d567,RADAR,RADAR_RIGHT_BACK,1696700133002257,True,samples,samples/RADAR_RIGHT_BACK/RADAR_RIGHT_BACK_1696700133002257.pcd
381503677b6e47a6921b2a785315851b,2e9658149ff64abe863691ca1ab21659,37355c547904491481e47accc094d567,RADAR,RADAR_RIGHT_BACK,1696700133504264,True,samples,samples/RADAR_RIGHT_BACK/RADAR_RIGHT_BACK_1696700133504264.pcd
8a2b13f2889c400aadce9ffa01b22c42,25d2fdbc5fab4e93b80c4064eb60fa38,37355c547904491481e47accc094d567,RADAR,RADAR_RIGHT_BACK,1696700134005852,True,samples,samples/RADAR_RIGHT_BACK/RADAR_RIGHT_BACK_1696700134005852.pcd
43cffe6e68f146c7aa9c5e41e7e09df6,6e2e1eaa68694c8f8c8d11993ec856e7,37355c547904491481e47accc094d567,RADAR,RADAR_RIGHT_BACK,1696700134502948,True,samples,samples/RADAR_RIGHT_BACK/RADAR_RIGHT_BACK_1696700134502948.pcd
0c514857091445308af579d95b3eb3b9,a3c36b28774345169f106bf634cbe1ae,37355c547904491481e47accc094d567,RADAR,RADAR_RIGHT_BACK,1696700135004112,True,samples,samples/RADAR_RIGHT_BACK/RADAR_RIGHT_BACK_1696700135004112.pcd
f2330e8a8b774b9c91cc8569a7ebcf1f,500f2b2e4f264f54913ffef41af3e3f3,37355c547904491481e47accc094d567,RADAR,RADAR_RIGHT_BACK,1696700135505547,True,samples,samples/RADAR_RIGHT_BACK/RADAR_RIGHT_BACK_1696700135505547.pcd
129ffc485d0143bb96c14c0664cbbfbe,65f73fc2d0c343fc8e5018c4f42219c6,37355c547904491481e47accc094d567,RADAR,RADAR_RIGHT_BACK,1696700136001996,True,samples,samples/RADAR_RIGHT_BACK/RADAR_RIGHT_BACK_1696700136001996.pcd
87855041dffb412eb5e2fa69cbeee2ec,6f61d7af183f4094919330d51465c1aa,37355c547904491481e47accc094d567,RADAR,RADAR_RIGHT_BACK,1696700136503900,True,samples,samples/RADAR_RIGHT_BACK/RADAR_RIGHT_BACK_1696700136503900.pcd
0291483d653b499595c203bee32a2102,51c116a371d645668dac1af0a02ee674,37355c547904491481e47accc094d567,RADAR,RADAR_RIGHT_BACK,1696700137005391,True,samples,samples/RADAR_RIGHT_BACK/RADAR_RIGHT_BACK_1696700137005391.pcd
07c7d070768d45c5ab3192825285358f,7a7c5575a7c342619ce96378e04038a1,37355c547904491481e47accc094d567,RADAR,RADAR_RIGHT_BACK,1696700137502370,True,samples,samples/RADAR_RIGHT_BACK/RADAR_RIGHT_BACK_1696700137502370.pcd
d14f10fe1352497aa937d2eccbfe5295,a83f7b2127814ba5a0ded665a015e769,37355c547904491481e47accc094d567,RADAR,RADAR_RIGHT_BACK,1696700138003589,True,samples,samples/RADAR_RIGHT_BACK/RADAR_RIGHT_BACK_1696700138003589.pcd
5989674039d344638a996fcfad262f9a,8853f77c7306460e8a319a0e56f1b3fd,37355c547904491481e47accc094d567,RADAR,RADAR_RIGHT_BACK,1696700138505087,True,samples,samples/RADAR_RIGHT_BACK/RADAR_RIGHT_BACK_1696700138505087.pcd
6aa1f195a65d459fbd90c2a238e32d2e,4752b1aca7c741f9b932631474a5a1f4,37355c547904491481e47accc094d567,RADAR,RADAR_RIGHT_BACK,1696700139002426,True,samples,samples/RADAR_RIGHT_BACK/RADAR_RIGHT_BACK_1696700139002426.pcd
5f715d0986254094b3e70c1d543a43a5,7e342d779b5d446981801c5dfae2990e,37355c547904491481e47accc094d567,RADAR,RADAR_RIGHT_BACK,1696700139503312,True,samples,samples/RADAR_RIGHT_BACK/RADAR_RIGHT_BACK_1696700139503312.pcd
61a046f52f684ae7a9667c6f4005a069,9bd4a2d0f3ae4c5fbc8f9b25c3a5fc05,37355c547904491481e47accc094d567,RADAR,RADAR_RIGHT_BACK,1696700140005027,True,samples,samples/RADAR_RIGHT_BACK/RADAR_RIGHT_BACK_1696700140005027.pcd
7ceeea73b7fd42dd8e7084d7d3442a81,0556486618ae429895ef8caa898ee953,37355c547904491481e47accc094d567,RADAR,RADAR_RIGHT_BACK,1696700140501962,True,samples,samples/RADAR_RIGHT_BACK/RADAR_RIGHT_BACK_1696700140501962.pcd
54cef882fcb549489594f13621c520c9,896fee4da88548658064bbe791974249,37355c547904491481e47accc094d567,RADAR,RADAR_RIGHT_BACK,1696700141003772,True,samples,samples/RADAR_RIGHT_BACK/RADAR_RIGHT_BACK_1696700141003772.pcd
b550616d85554ecfad49680d1af7c1c2,34d0b00f1801498c803ec07dce543b72,37355c547904491481e47accc094d567,RADAR,RADAR_RIGHT_BACK,1696700141504602,True,samples,samples/RADAR_RIGHT_BACK/RADAR_RIGHT_BACK_1696700141504602.pcd
953a8b01195d4b628bc7c76471101f01,8087e38a235948e1a12fc698a2fbd73d,37355c547904491481e47accc094d567,RADAR,RADAR_RIGHT_BACK,1696700142002670,True,samples,samples/RADAR_RIGHT_BACK/RADAR_RIGHT_BACK_1696700142002670.pcd
c3f922300c5640bb8768ca9650f0ba02,4a2da2b50d9749bc82bd567c13c6dc79,37355c547904491481e47accc094d567,RADAR,RADAR_RIGHT_BACK,1696700142503287,True,samples,samples/RADAR_RIGHT_BACK/RADAR_RIGHT_BACK_1696700142503287.pcd
1af5d112db7843b0b2d9ab345fddc6b5,f52dde90d62b4d3a9024e9280cb73179,37355c547904491481e47accc094d567,RADAR,RADAR_RIGHT_BACK,1696700142954340,True,samples,samples/RADAR_RIGHT_BACK/RADAR_RIGHT_BACK_1696700142954340.pcd
604834d6e5474d6baf45d4a9b4de8046,31a1c724a02d46a1bbe2b8685fb871a2,37355c547904491481e47accc094d567,RADAR,RADAR_RIGHT_BACK,1696700143502211,True,samples,samples/RADAR_RIGHT_BACK/RADAR_RIGHT_BACK_1696700143502211.pcd
9278f7cbecbc47ee949a7c8a724a12a2,e070823623784061a8cba3a3849f218e,37355c547904491481e47accc094d567,RADAR,RADAR_RIGHT_BACK,1696700144004212,True,samples,samples/RADAR_RIGHT_BACK/RADAR_RIGHT_BACK_1696700144004212.pcd
edd05bfd235a406b93fca08c6ec6aee5,80ad351eb99e4b28bfbec1105b6ac8eb,37355c547904491481e47accc094d567,RADAR,RADAR_RIGHT_SIDE,1696700124504014,True,samples,samples/RADAR_RIGHT_SIDE/RADAR_RIGHT_SIDE_1696700124504014.pcd
a3c9a05db7af4871859f8775804e3266,85c5ca01cfb34d3e92d1c0c265235d04,37355c547904491481e47accc094d567,RADAR,RADAR_RIGHT_SIDE,1696700125005449,True,samples,samples/RADAR_RIGHT_SIDE/RADAR_RIGHT_SIDE_1696700125005449.pcd
50de075f9b27463ebf61277171e35dc0,68d8f0410d4342a1a6d2687b0deeb24c,37355c547904491481e47accc094d567,RADAR,RADAR_RIGHT_SIDE,1696700125501813,True,samples,samples/RADAR_RIGHT_SIDE/RADAR_RIGHT_SIDE_1696700125501813.pcd
deb1efbf40444ff893c14168cbf45e9d,3c15136415cb4333964d4cc2936356dd,37355c547904491481e47accc094d567,RADAR,RADAR_RIGHT_SIDE,1696700126003829,True,samples,samples/RADAR_RIGHT_SIDE/RADAR_RIGHT_SIDE_1696700126003829.pcd
7f884436e98344138a64538e62750b1c,39dae22600564a6b9c130435f3475a77,37355c547904491481e47accc094d567,RADAR,RADAR_RIGHT_SIDE,1696700126505295,True,samples,samples/RADAR_RIGHT_SIDE/RADAR_RIGHT_SIDE_1696700126505295.pcd
70e544ab1f1d45bbac78a5657151d476,a9b293108091418c9170311735a14d38,37355c547904491481e47accc094d567,RADAR,RADAR_RIGHT_SIDE,1696700127002300,True,samples,samples/RADAR_RIGHT_SIDE/RADAR_RIGHT_SIDE_1696700127002300.pcd
d7400a75f4bc48e4accec2c2b3f54c4c,6f6b53e9b5144d3eb5efa6759877586e,37355c547904491481e47accc094d567,RADAR,RADAR_RIGHT_SIDE,1696700127503497,True,samples,samples/RADAR_RIGHT_SIDE/RADAR_RIGHT_SIDE_1696700127503497.pcd
945b3ffedf1d49e2a32e2d15aac7b722,c83bd7f9373d4dbda92199888bb50db2,37355c547904491481e47accc094d567,RADAR,RADAR_RIGHT_SIDE,1696700128004990,True,samples,samples/RADAR_RIGHT_SIDE/RADAR_RIGHT_SIDE_1696700128004990.pcd
66df70a7bb9d4975aff502824920aa95,c483d412789d4b13991fc1f36cdd06a8,37355c547904491481e47accc094d567,RADAR,RADAR_RIGHT_SIDE,1696700128502360,True,samples,samples/RADAR_RIGHT_SIDE/RADAR_RIGHT_SIDE_1696700128502360.pcd
7c8b44344f03471e8bdbb3c809d173b2,e12831dd0e5040abaced46ee13f3c414,37355c547904491481e47accc094d567,RADAR,RADAR_RIGHT_SIDE,1696700129003328,True,samples,samples/RADAR_RIGHT_SIDE/RADAR_RIGHT_SIDE_1696700129003328.pcd
9de429240b3848868eff28d0622f026a,db2c0e4d75654d4db21937c518e75957,37355c547904491481e47accc094d567,RADAR,RADAR_RIGHT_SIDE,1696700129504869,True,samples,samples/RADAR_RIGHT_SIDE/RADAR_RIGHT_SIDE_1696700129504869.pcd
ff38ccfd6db84725b1cc8bc0cd598c50,7097d2353e914bcf834c196a6a21be63,37355c547904491481e47accc094d567,RADAR,RADAR_RIGHT_SIDE,1696700130001878,True,samples,samples/RADAR_RIGHT_SIDE/RADAR_RIGHT_SIDE_1696700130001878.pcd
a03fa3c6d7a54b068586e2979c5fb66f,b7db9773713a454e8148f86a84ab6a53,37355c547904491481e47accc094d567,RADAR,RADAR_RIGHT_SIDE,1696700130503639,True,samples,samples/RADAR_RIGHT_SIDE/RADAR_RIGHT_SIDE_1696700130503639.pcd
01507b46a7b542f69155f802a0ef2250,8a1ee4d450f94cfe8b07030adcaddf6b,37355c547904491481e47accc094d567,RADAR,RADAR_RIGHT_SIDE,1696700131004525,True,samples,samples/RADAR_RIGHT_SIDE/RADAR_RIGHT_SIDE_1696700131004525.pcd
a813536189ac4eb4a2f149a67bc0bac1,b18f83cbe8b44e8c80dcac5b4bdf1de5,37355c547904491481e47accc094d567,RADAR,RADAR_RIGHT_SIDE,1696700131502531,True,samples,samples/RADAR_RIGHT_SIDE/RADAR_RIGHT_SIDE_1696700131502531.pcd
c2f9da2bb8fe4d048ccf2b7d36541164,db8f3abb2d1440889ce9d8a759ce855e,37355c547904491481e47accc094d567,RADAR,RADAR_RIGHT_SIDE,1696700132003216,True,samples,samples/RADAR_RIGHT_SIDE/RADAR_RIGHT_SIDE_1696700132003216.pcd
563a3ed1818c42618c98af2075608658,9b3984d9e3094104a34f06910c521a08,37355c547904491481e47accc094d567,RADAR,RADAR_RIGHT_SIDE,1696700132505807,True,samples,samples/RADAR_RIGHT_SIDE/RADAR_RIGHT_SIDE_1696700132505807.pcd
3af1285d94454a66b81c5f1ff15149d8,930001ae599e48d6aabc373742c462a5,37355c547904491481e47accc094d567,RADAR,RADAR_RIGHT_SIDE,1696700133002105,True,samples,samples/RADAR_RIGHT_SIDE/RADAR_RIGHT_SIDE_1696700133002105.pcd
07037277f09c416a89497ba393f83214,2e9658149ff64abe863691ca1ab21659,37355c547904491481e47accc094d567,RADAR,RADAR_RIGHT_SIDE,1696700133504261,True,samples,samples/RADAR_RIGHT_SIDE/RADAR_RIGHT_SIDE_1696700133504261.pcd
73a4e0b82ed2411ebf2d53e6c980369a,25d2fdbc5fab4e93b80c4064eb60fa38,37355c547904491481e47accc094d567,RADAR,RADAR_RIGHT_SIDE,1696700134005662,True,samples,samples/RADAR_RIGHT_SIDE/RADAR_RIGHT_SIDE_1696700134005662.pcd
32ea659d00a2494b805ac955a8d4bbb5,6e2e1eaa68694c8f8c8d11993ec856e7,37355c547904491481e47accc094d567,RADAR,RADAR_RIGHT_SIDE,1696700134502860,True,samples,samples/RADAR_RIGHT_SIDE/RADAR_RIGHT_SIDE_1696700134502860.pcd
fe09204b7ef64689b3b47006f443244f,a3c36b28774345169f106bf634cbe1ae,37355c547904491481e47accc094d567,RADAR,RADAR_RIGHT_SIDE,1696700135004046,True,samples,samples/RADAR_RIGHT_SIDE/RADAR_RIGHT_SIDE_1696700135004046.pcd
09f51d926c7742669d934f606338f341,500f2b2e4f264f54913ffef41af3e3f3,37355c547904491481e47accc094d567,RADAR,RADAR_RIGHT_SIDE,1696700135505422,True,samples,samples/RADAR_RIGHT_SIDE/RADAR_RIGHT_SIDE_1696700135505422.pcd
cf848dff5e284d62b5b176aebae7107a,65f73fc2d0c343fc8e5018c4f42219c6,37355c547904491481e47accc094d567,RADAR,RADAR_RIGHT_SIDE,1696700136001858,True,samples,samples/RADAR_RIGHT_SIDE/RADAR_RIGHT_SIDE_1696700136001858.pcd
e86169d1fa7f43ca9f6a8fd20ad2d20e,6f61d7af183f4094919330d51465c1aa,37355c547904491481e47accc094d567,RADAR,RADAR_RIGHT_SIDE,1696700136503816,True,samples,samples/RADAR_RIGHT_SIDE/RADAR_RIGHT_SIDE_1696700136503816.pcd
b8581a43badf4bfcb8c38779e01c3507,51c116a371d645668dac1af0a02ee674,37355c547904491481e47accc094d567,RADAR,RADAR_RIGHT_SIDE,1696700137005287,True,samples,samples/RADAR_RIGHT_SIDE/RADAR_RIGHT_SIDE_1696700137005287.pcd
3d3849f6abc84d47b81a094302617b0f,7a7c5575a7c342619ce96378e04038a1,37355c547904491481e47accc094d567,RADAR,RADAR_RIGHT_SIDE,1696700137502235,True,samples,samples/RADAR_RIGHT_SIDE/RADAR_RIGHT_SIDE_1696700137502235.pcd
8d9283e8def7421895544db289ef9432,a83f7b2127814ba5a0ded665a015e769,37355c547904491481e47accc094d567,RADAR,RADAR_RIGHT_SIDE,1696700138003462,True,samples,samples/RADAR_RIGHT_SIDE/RADAR_RIGHT_SIDE_1696700138003462.pcd
423754b4f4a84464b876d76a1b333cff,8853f77c7306460e8a319a0e56f1b3fd,37355c547904491481e47accc094d567,RADAR,RADAR_RIGHT_SIDE,1696700138505044,True,samples,samples/RADAR_RIGHT_SIDE/RADAR_RIGHT_SIDE_1696700138505044.pcd
ceaaa66658dc487da5d56d04adaf7ede,4752b1aca7c741f9b932631474a5a1f4,37355c547904491481e47accc094d567,RADAR,RADAR_RIGHT_SIDE,1696700139002378,True,samples,samples/RADAR_RIGHT_SIDE/RADAR_RIGHT_SIDE_1696700139002378.pcd
048dd378cb0a408fbfeb9cf73a3e8885,7e342d779b5d446981801c5dfae2990e,37355c547904491481e47accc094d567,RADAR,RADAR_RIGHT_SIDE,1696700139503248,True,samples,samples/RADAR_RIGHT_SIDE/RADAR_RIGHT_SIDE_1696700139503248.pcd
f9e2e8681cb4401c8f6b4ff8b3648fee,9bd4a2d0f3ae4c5fbc8f9b25c3a5fc05,37355c547904491481e47accc094d567,RADAR,RADAR_RIGHT_SIDE,1696700140004917,True,samples,samples/RADAR_RIGHT_SIDE/RADAR_RIGHT_SIDE_1696700140004917.pcd
9b684ec51a5e4b15bf1ce5587d0fca12,0556486618ae429895ef8caa898ee953,37355c547904491481e47accc094d567,RADAR,RADAR_RIGHT_SIDE,1696700140501909,True,samples,samples/RADAR_RIGHT_SIDE/RADAR_RIGHT_SIDE_1696700140501909.pcd
c6931bf3014643afb4eaeb59fdd74e16,896fee4da88548658064bbe791974249,37355c547904491481e47accc094d567,RADAR,RADAR_RIGHT_SIDE,1696700141003714,True,samples,samples/RADAR_RIGHT_SIDE/RADAR_RIGHT_SIDE_1696700141003714.pcd
74f27355e7064f39a0aaf104b02d95f8,34d0b00f1801498c803ec07dce543b72,37355c547904491481e47accc094d567,RADAR,RADAR_RIGHT_SIDE,1696700141504572,True,samples,samples/RADAR_RIGHT_SIDE/RADAR_RIGHT_SIDE_1696700141504572.pcd
a125d7a63b814b5f8e0f98e70a82a0e4,8087e38a235948e1a12fc698a2fbd73d,37355c547904491481e47accc094d567,RADAR,RADAR_RIGHT_SIDE,1696700142002610,True,samples,samples/RADAR_RIGHT_SIDE/RADAR_RIGHT_SIDE_1696700142002610.pcd
2066e8af2c98458e80779f1dccdd3ac9,4a2da2b50d9749bc82bd567c13c6dc79,37355c547904491481e47accc094d567,RADAR,RADAR_RIGHT_SIDE,1696700142503132,True,samples,samples/RADAR_RIGHT_SIDE/RADAR_RIGHT_SIDE_1696700142503132.pcd
c02cc5e59741421c85010d4c8010fcb2,f52dde90d62b4d3a9024e9280cb73179,37355c547904491481e47accc094d567,RADAR,RADAR_RIGHT_SIDE,1696700143005761,True,samples,samples/RADAR_RIGHT_SIDE/RADAR_RIGHT_SIDE_1696700143005761.pcd
61e13afeb8f84f5392c8623e839e86dd,31a1c724a02d46a1bbe2b8685fb871a2,37355c547904491481e47accc094d567,RADAR,RADAR_RIGHT_SIDE,1696700143502098,True,samples,samples/RADAR_RIGHT_SIDE/RADAR_RIGHT_SIDE_1696700143502098.pcd
68aaaa360d36403f8ca3aa1e3f010de0,e070823623784061a8cba3a3849f218e,37355c547904491481e47accc094d567,RADAR,RADAR_RIGHT_SIDE,1696700144004097,True,samples,samples/RADAR_RIGHT_SIDE/RADAR_RIGHT_SIDE_1696700144004097.pcd
a3826eeae326433ab2916ddc37e1361f,80ad351eb99e4b28bfbec1105b6ac8eb,37355c547904491481e47accc094d567,RADAR,RADAR_RIGHT_FRONT,1696700124504046,True,samples,samples/RADAR_RIGHT_FRONT/RADAR_RIGHT_FRONT_1696700124504046.pcd
264c798f92964f3a951aec4c758bb9f1,85c5ca01cfb34d3e92d1c0c265235d04,37355c547904491481e47accc094d567,RADAR,RADAR_RIGHT_FRONT,1696700125005470,True,samples,samples/RADAR_RIGHT_FRONT/RADAR_RIGHT_FRONT_1696700125005470.pcd
54cda2e6c23a444c9a58788d56574673,68d8f0410d4342a1a6d2687b0deeb24c,37355c547904491481e47accc094d567,RADAR,RADAR_RIGHT_FRONT,1696700125501867,True,samples,samples/RADAR_RIGHT_FRONT/RADAR_RIGHT_FRONT_1696700125501867.pcd
d5b40ce0cb62463b93061dcda0df8c2e,3c15136415cb4333964d4cc2936356dd,37355c547904491481e47accc094d567,RADAR,RADAR_RIGHT_FRONT,1696700126003925,True,samples,samples/RADAR_RIGHT_FRONT/RADAR_RIGHT_FRONT_1696700126003925.pcd
6001d6f2fae4421ca2b89873e6357299,39dae22600564a6b9c130435f3475a77,37355c547904491481e47accc094d567,RADAR,RADAR_RIGHT_FRONT,1696700126505332,True,samples,samples/RADAR_RIGHT_FRONT/RADAR_RIGHT_FRONT_1696700126505332.pcd
fbc9f72c9aed4761ada954785e36c30e,a9b293108091418c9170311735a14d38,37355c547904491481e47accc094d567,RADAR,RADAR_RIGHT_FRONT,1696700127002397,True,samples,samples/RADAR_RIGHT_FRONT/RADAR_RIGHT_FRONT_1696700127002397.pcd
cb4ceee68c9b4a45a46aea2de84c9d3a,6f6b53e9b5144d3eb5efa6759877586e,37355c547904491481e47accc094d567,RADAR,RADAR_RIGHT_FRONT,1696700127503636,True,samples,samples/RADAR_RIGHT_FRONT/RADAR_RIGHT_FRONT_1696700127503636.pcd
b73f93f058294ce098423235327ff879,c83bd7f9373d4dbda92199888bb50db2,37355c547904491481e47accc094d567,RADAR,RADAR_RIGHT_FRONT,1696700128005195,True,samples,samples/RADAR_RIGHT_FRONT/RADAR_RIGHT_FRONT_1696700128005195.pcd
da9754cb18f44f57a5f8b76fdea3dd13,c483d412789d4b13991fc1f36cdd06a8,37355c547904491481e47accc094d567,RADAR,RADAR_RIGHT_FRONT,1696700128502403,True,samples,samples/RADAR_RIGHT_FRONT/RADAR_RIGHT_FRONT_1696700128502403.pcd
ea8eaef4af8d4a07be0908e97dea4749,e12831dd0e5040abaced46ee13f3c414,37355c547904491481e47accc094d567,RADAR,RADAR_RIGHT_FRONT,1696700129003390,True,samples,samples/RADAR_RIGHT_FRONT/RADAR_RIGHT_FRONT_1696700129003390.pcd
2462af00e78b4d7384db0ffd9ca139fb,db2c0e4d75654d4db21937c518e75957,37355c547904491481e47accc094d567,RADAR,RADAR_RIGHT_FRONT,1696700129504965,True,samples,samples/RADAR_RIGHT_FRONT/RADAR_RIGHT_FRONT_1696700129504965.pcd
28220528ab8b4bce9165922e8831169b,7097d2353e914bcf834c196a6a21be63,37355c547904491481e47accc094d567,RADAR,RADAR_RIGHT_FRONT,1696700130001882,True,samples,samples/RADAR_RIGHT_FRONT/RADAR_RIGHT_FRONT_1696700130001882.pcd
6e1cca380d3b4580aeb3849cc977c4e6,b7db9773713a454e8148f86a84ab6a53,37355c547904491481e47accc094d567,RADAR,RADAR_RIGHT_FRONT,1696700130503621,True,samples,samples/RADAR_RIGHT_FRONT/RADAR_RIGHT_FRONT_1696700130503621.pcd
d279a7d26acf477380b27f02b5e28c16,8a1ee4d450f94cfe8b07030adcaddf6b,37355c547904491481e47accc094d567,RADAR,RADAR_RIGHT_FRONT,1696700131004812,True,samples,samples/RADAR_RIGHT_FRONT/RADAR_RIGHT_FRONT_1696700131004812.pcd
92f8f4fd2c7549ada36d273f51df2657,b18f83cbe8b44e8c80dcac5b4bdf1de5,37355c547904491481e47accc094d567,RADAR,RADAR_RIGHT_FRONT,1696700131502625,True,samples,samples/RADAR_RIGHT_FRONT/RADAR_RIGHT_FRONT_1696700131502625.pcd
fb6487d8d5f94b34a81309433f2ee899,db8f3abb2d1440889ce9d8a759ce855e,37355c547904491481e47accc094d567,RADAR,RADAR_RIGHT_FRONT,1696700132003173,True,samples,samples/RADAR_RIGHT_FRONT/RADAR_RIGHT_FRONT_1696700132003173.pcd
d3c7bfde4be34c019862e7db234b7e1d,9b3984d9e3094104a34f06910c521a08,37355c547904491481e47accc094d567,RADAR,RADAR_RIGHT_FRONT,1696700132505846,True,samples,samples/RADAR_RIGHT_FRONT/RADAR_RIGHT_FRONT_1696700132505846.pcd
89dbeba2688f4b2ea95fe6fbad12bc44,930001ae599e48d6aabc373742c462a5,37355c547904491481e47accc094d567,RADAR,RADAR_RIGHT_FRONT,1696700133002228,True,samples,samples/RADAR_RIGHT_FRONT/RADAR_RIGHT_FRONT_1696700133002228.pcd
aefd7fbf813145a68b5cca3638bf01c6,2e9658149ff64abe863691ca1ab21659,37355c547904491481e47accc094d567,RADAR,RADAR_RIGHT_FRONT,1696700133504494,True,samples,samples/RADAR_RIGHT_FRONT/RADAR_RIGHT_FRONT_1696700133504494.pcd
5dff94118a7d4025b285a5520d3e3f71,25d2fdbc5fab4e93b80c4064eb60fa38,37355c547904491481e47accc094d567,RADAR,RADAR_RIGHT_FRONT,1696700134005783,True,samples,samples/RADAR_RIGHT_FRONT/RADAR_RIGHT_FRONT_1696700134005783.pcd
55402f24b84f4f1e878c9fafdf40098b,6e2e1eaa68694c8f8c8d11993ec856e7,37355c547904491481e47accc094d567,RADAR,RADAR_RIGHT_FRONT,1696700134502857,True,samples,samples/RADAR_RIGHT_FRONT/RADAR_RIGHT_FRONT_1696700134502857.pcd
0c66ebab779c4adc88b1c1326feff045,a3c36b28774345169f106bf634cbe1ae,37355c547904491481e47accc094d567,RADAR,RADAR_RIGHT_FRONT,1696700135004100,True,samples,samples/RADAR_RIGHT_FRONT/RADAR_RIGHT_FRONT_1696700135004100.pcd
e1f251dac1d949b88fddecdfc6db3c28,500f2b2e4f264f54913ffef41af3e3f3,37355c547904491481e47accc094d567,RADAR,RADAR_RIGHT_FRONT,1696700135505497,True,samples,samples/RADAR_RIGHT_FRONT/RADAR_RIGHT_FRONT_1696700135505497.pcd
e330429b978d45c9b99e64a929169705,65f73fc2d0c343fc8e5018c4f42219c6,37355c547904491481e47accc094d567,RADAR,RADAR_RIGHT_FRONT,1696700136001899,True,samples,samples/RADAR_RIGHT_FRONT/RADAR_RIGHT_FRONT_1696700136001899.pcd
c6b8b296c18846f481ed77e09406343c,6f61d7af183f4094919330d51465c1aa,37355c547904491481e47accc094d567,RADAR,RADAR_RIGHT_FRONT,1696700136503900,True,samples,samples/RADAR_RIGHT_FRONT/RADAR_RIGHT_FRONT_1696700136503900.pcd
831c10b5a92f4f4b830b1da461960851,51c116a371d645668dac1af0a02ee674,37355c547904491481e47accc094d567,RADAR,RADAR_RIGHT_FRONT,1696700137005408,True,samples,samples/RADAR_RIGHT_FRONT/RADAR_RIGHT_FRONT_1696700137005408.pcd
9cb1733fd1e94242ba63d085f81fe0a4,7a7c5575a7c342619ce96378e04038a1,37355c547904491481e47accc094d567,RADAR,RADAR_RIGHT_FRONT,1696700137455187,True,samples,samples/RADAR_RIGHT_FRONT/RADAR_RIGHT_FRONT_1696700137455187.pcd
851a436ec4af4e2c9cf6d74166cbf163,a83f7b2127814ba5a0ded665a015e769,37355c547904491481e47accc094d567,RADAR,RADAR_RIGHT_FRONT,1696700138003535,True,samples,samples/RADAR_RIGHT_FRONT/RADAR_RIGHT_FRONT_1696700138003535.pcd
3efc5fe986c848d1bc88438038b340b9,8853f77c7306460e8a319a0e56f1b3fd,37355c547904491481e47accc094d567,RADAR,RADAR_RIGHT_FRONT,1696700138505121,True,samples,samples/RADAR_RIGHT_FRONT/RADAR_RIGHT_FRONT_1696700138505121.pcd
6cd9523955184fd09b575ee297499788,4752b1aca7c741f9b932631474a5a1f4,37355c547904491481e47accc094d567,RADAR,RADAR_RIGHT_FRONT,1696700139002455,True,samples,samples/RADAR_RIGHT_FRONT/RADAR_RIGHT_FRONT_1696700139002455.pcd
46f7521a7fd84c55aba6af34d4218545,7e342d779b5d446981801c5dfae2990e,37355c547904491481e47accc094d567,RADAR,RADAR_RIGHT_FRONT,1696700139503333,True,samples,samples/RADAR_RIGHT_FRONT/RADAR_RIGHT_FRONT_1696700139503333.pcd
d7d0f65907784347877b84c3fbfa857f,9bd4a2d0f3ae4c5fbc8f9b25c3a5fc05,37355c547904491481e47accc094d567,RADAR,RADAR_RIGHT_FRONT,1696700140005019,True,samples,samples/RADAR_RIGHT_FRONT/RADAR_RIGHT_FRONT_1696700140005019.pcd
e9f64f1e25844e7384b6e8865d16be15,0556486618ae429895ef8caa898ee953,37355c547904491481e47accc094d567,RADAR,RADAR_RIGHT_FRONT,1696700140502044,True,samples,samples/RADAR_RIGHT_FRONT/RADAR_RIGHT_FRONT_1696700140502044.pcd
b82b1e9762b1475b84e511369d830045,896fee4da88548658064bbe791974249,37355c547904491481e47accc094d567,RADAR,RADAR_RIGHT_FRONT,1696700141003905,True,samples,samples/RADAR_RIGHT_FRONT/RADAR_RIGHT_FRONT_1696700141003905.pcd
f8042737d67f4d8da25c4fb868e2ab97,34d0b00f1801498c803ec07dce543b72,37355c547904491481e47accc094d567,RADAR,RADAR_RIGHT_FRONT,1696700141504593,True,samples,samples/RADAR_RIGHT_FRONT/RADAR_RIGHT_FRONT_1696700141504593.pcd
1a0089e11eb548c6bef93b9e015c46dc,8087e38a235948e1a12fc698a2fbd73d,37355c547904491481e47accc094d567,RADAR,RADAR_RIGHT_FRONT,1696700142002656,True,samples,samples/RADAR_RIGHT_FRONT/RADAR_RIGHT_FRONT_1696700142002656.pcd
5e48c23f652c45588569dbc5ffbf3c31,4a2da2b50d9749bc82bd567c13c6dc79,37355c547904491481e47accc094d567,RADAR,RADAR_RIGHT_FRONT,1696700142503184,True,samples,samples/RADAR_RIGHT_FRONT/RADAR_RIGHT_FRONT_1696700142503184.pcd
ec7106d961d84edabe4cfc0b0859c700,f52dde90d62b4d3a9024e9280cb73179,37355c547904491481e47accc094d567,RADAR,RADAR_RIGHT_FRONT,1696700143005846,True,samples,samples/RADAR_RIGHT_FRONT/RADAR_RIGHT_FRONT_1696700143005846.pcd
902a61f2d22247e98d025026d5693161,31a1c724a02d46a1bbe2b8685fb871a2,37355c547904491481e47accc094d567,RADAR,RADAR_RIGHT_FRONT,1696700143502196,True,samples,samples/RADAR_RIGHT_FRONT/RADAR_RIGHT_FRONT_1696700143502196.pcd
51db8cc24d894f5580e5ad41de3bc0a4,e070823623784061a8cba3a3849f218e,37355c547904491481e47accc094d567,RADAR,RADAR_RIGHT_FRONT,1696700144004218,True,samples,samples/RADAR_RIGHT_FRONT/RADAR_RIGHT_FRONT_1696700144004218.pcd
21395ca433e2425786350d6c186d60a5,80ad351eb99e4b28bfbec1105b6ac8eb,37355c547904491481e47accc094d567,RADAR,RADAR_LEFT_FRONT,1696700124502185,True,samples,samples/RADAR_LEFT_FRONT/RADAR_LEFT_FRONT_1696700124502185.pcd
b77d5b43700440169935bbcb20607016,85c5ca01cfb34d3e92d1c0c265235d04,37355c547904491481e47accc094d567,RADAR,RADAR_LEFT_FRONT,1696700125004093,True,samples,samples/RADAR_LEFT_FRONT/RADAR_LEFT_FRONT_1696700125004093.pcd
f5cd5a73a4ba4d6e9cd84335d27ee32e,68d8f0410d4342a1a6d2687b0deeb24c,37355c547904491481e47accc094d567,RADAR,RADAR_LEFT_FRONT,1696700125505650,True,samples,samples/RADAR_LEFT_FRONT/RADAR_LEFT_FRONT_1696700125505650.pcd
c6cf32d22ff24b87a0f2985946f4e2c2,3c15136415cb4333964d4cc2936356dd,37355c547904491481e47accc094d567,RADAR,RADAR_LEFT_FRONT,1696700126002782,True,samples,samples/RADAR_LEFT_FRONT/RADAR_LEFT_FRONT_1696700126002782.pcd
50f6cdbef09c4718b2facfbe808beacd,39dae22600564a6b9c130435f3475a77,37355c547904491481e47accc094d567,RADAR,RADAR_LEFT_FRONT,1696700126504000,True,samples,samples/RADAR_LEFT_FRONT/RADAR_LEFT_FRONT_1696700126504000.pcd
c2a7370cae32493f88b27a1dc15eb963,a9b293108091418c9170311735a14d38,37355c547904491481e47accc094d567,RADAR,RADAR_LEFT_FRONT,1696700127005399,True,samples,samples/RADAR_LEFT_FRONT/RADAR_LEFT_FRONT_1696700127005399.pcd
4840ad488c904aeeb5698e56eeb39ad0,6f6b53e9b5144d3eb5efa6759877586e,37355c547904491481e47accc094d567,RADAR,RADAR_LEFT_FRONT,1696700127501855,True,samples,samples/RADAR_LEFT_FRONT/RADAR_LEFT_FRONT_1696700127501855.pcd
ac0165dd2a1e4e00b1356decbd8d7f56,c83bd7f9373d4dbda92199888bb50db2,37355c547904491481e47accc094d567,RADAR,RADAR_LEFT_FRONT,1696700128003814,True,samples,samples/RADAR_LEFT_FRONT/RADAR_LEFT_FRONT_1696700128003814.pcd
c11f68862ab0486a8d6140a3cb344c89,c483d412789d4b13991fc1f36cdd06a8,37355c547904491481e47accc094d567,RADAR,RADAR_LEFT_FRONT,1696700128505347,True,samples,samples/RADAR_LEFT_FRONT/RADAR_LEFT_FRONT_1696700128505347.pcd
b84547e40828411c84ca14c967879dfb,e12831dd0e5040abaced46ee13f3c414,37355c547904491481e47accc094d567,RADAR,RADAR_LEFT_FRONT,1696700129002193,True,samples,samples/RADAR_LEFT_FRONT/RADAR_LEFT_FRONT_1696700129002193.pcd
5ef561502b684d9fa74bbe1862b31d47,db2c0e4d75654d4db21937c518e75957,37355c547904491481e47accc094d567,RADAR,RADAR_LEFT_FRONT,1696700129503510,True,samples,samples/RADAR_LEFT_FRONT/RADAR_LEFT_FRONT_1696700129503510.pcd
4318a26a61a54aa3a16b551d90625688,7097d2353e914bcf834c196a6a21be63,37355c547904491481e47accc094d567,RADAR,RADAR_LEFT_FRONT,1696700130005024,True,samples,samples/RADAR_LEFT_FRONT/RADAR_LEFT_FRONT_1696700130005024.pcd
23a51d5d111f4712b0f7aa169deb046e,b7db9773713a454e8148f86a84ab6a53,37355c547904491481e47accc094d567,RADAR,RADAR_LEFT_FRONT,1696700130502296,True,samples,samples/RADAR_LEFT_FRONT/RADAR_LEFT_FRONT_1696700130502296.pcd
b607359e3fde46a1916528fc324e63bc,8a1ee4d450f94cfe8b07030adcaddf6b,37355c547904491481e47accc094d567,RADAR,RADAR_LEFT_FRONT,1696700131003270,True,samples,samples/RADAR_LEFT_FRONT/RADAR_LEFT_FRONT_1696700131003270.pcd
0685542bd9fc4ae1b64aae22db9bba8c,b18f83cbe8b44e8c80dcac5b4bdf1de5,37355c547904491481e47accc094d567,RADAR,RADAR_LEFT_FRONT,1696700131453676,True,samples,samples/RADAR_LEFT_FRONT/RADAR_LEFT_FRONT_1696700131453676.pcd
e7e890e05c1a4c3ead78628f49b4ca54,db8f3abb2d1440889ce9d8a759ce855e,37355c547904491481e47accc094d567,RADAR,RADAR_LEFT_FRONT,1696700132001821,True,samples,samples/RADAR_LEFT_FRONT/RADAR_LEFT_FRONT_1696700132001821.pcd
d7484a5b2d284fd0b8fe027e720a46a9,9b3984d9e3094104a34f06910c521a08,37355c547904491481e47accc094d567,RADAR,RADAR_LEFT_FRONT,1696700132503661,True,samples,samples/RADAR_LEFT_FRONT/RADAR_LEFT_FRONT_1696700132503661.pcd
d7970a03068d4832a7c6ee8340650a40,930001ae599e48d6aabc373742c462a5,37355c547904491481e47accc094d567,RADAR,RADAR_LEFT_FRONT,1696700133004869,True,samples,samples/RADAR_LEFT_FRONT/RADAR_LEFT_FRONT_1696700133004869.pcd
96748b34ee1c4f3f8da9779f183f0db6,2e9658149ff64abe863691ca1ab21659,37355c547904491481e47accc094d567,RADAR,RADAR_LEFT_FRONT,1696700133502695,True,samples,samples/RADAR_LEFT_FRONT/RADAR_LEFT_FRONT_1696700133502695.pcd
17dc01a4b57a45e8b32a41ce0430f9f9,25d2fdbc5fab4e93b80c4064eb60fa38,37355c547904491481e47accc094d567,RADAR,RADAR_LEFT_FRONT,1696700134003216,True,samples,samples/RADAR_LEFT_FRONT/RADAR_LEFT_FRONT_1696700134003216.pcd
20ddae38ec654ac88ef1c03adafa8583,6e2e1eaa68694c8f8c8d11993ec856e7,37355c547904491481e47accc094d567,RADAR,RADAR_LEFT_FRONT,1696700134505722,True,samples,samples/RADAR_LEFT_FRONT/RADAR_LEFT_FRONT_1696700134505722.pcd
941e40539ffa4da6b460968851e3bc6f,a3c36b28774345169f106bf634cbe1ae,37355c547904491481e47accc094d567,RADAR,RADAR_LEFT_FRONT,1696700135002109,True,samples,samples/RADAR_LEFT_FRONT/RADAR_LEFT_FRONT_1696700135002109.pcd
67a9fd8b4efe4596a94057660f8c2515,500f2b2e4f264f54913ffef41af3e3f3,37355c547904491481e47accc094d567,RADAR,RADAR_LEFT_FRONT,1696700135504125,True,samples,samples/RADAR_LEFT_FRONT/RADAR_LEFT_FRONT_1696700135504125.pcd
4e5a2e9e8bc145c6a85b3f5fa1072bce,65f73fc2d0c343fc8e5018c4f42219c6,37355c547904491481e47accc094d567,RADAR,RADAR_LEFT_FRONT,1696700135954012,True,samples,samples/RADAR_LEFT_FRONT/RADAR_LEFT_FRONT_1696700135954012.pcd
2424aedfc3494a8696f47d204e3b2500,6f61d7af183f4094919330d51465c1aa,37355c547904491481e47accc094d567,RADAR,RADAR_LEFT_FRONT,1696700136502676,True,samples,samples/RADAR_LEFT_FRONT/RADAR_LEFT_FRONT_1696700136502676.pcd
e8b581872654448abb7ea242c628b54f,51c116a371d645668dac1af0a02ee674,37355c547904491481e47accc094d567,RADAR,RADAR_LEFT_FRONT,1696700137003973,True,samples,samples/RADAR_LEFT_FRONT/RADAR_LEFT_FRONT_1696700137003973.pcd
35b217bad97341c781854ddc2ad37c52,7a7c5575a7c342619ce96378e04038a1,37355c547904491481e47accc094d567,RADAR,RADAR_LEFT_FRONT,1696700137505509,True,samples,samples/RADAR_LEFT_FRONT/RADAR_LEFT_FRONT_1696700137505509.pcd
fb9d1dd950e04aa0a78c730fe624bd9e,a83f7b2127814ba5a0ded665a015e769,37355c547904491481e47accc094d567,RADAR,RADAR_LEFT_FRONT,1696700138001843,True,samples,samples/RADAR_LEFT_FRONT/RADAR_LEFT_FRONT_1696700138001843.pcd
5b55ef239fba489bb4d5ebf5333f76df,8853f77c7306460e8a319a0e56f1b3fd,37355c547904491481e47accc094d567,RADAR,RADAR_LEFT_FRONT,1696700138503901,True,samples,samples/RADAR_LEFT_FRONT/RADAR_LEFT_FRONT_1696700138503901.pcd
bd8c001c1e4e40d1bceadaac664735d3,4752b1aca7c741f9b932631474a5a1f4,37355c547904491481e47accc094d567,RADAR,RADAR_LEFT_FRONT,1696700138953603,True,samples,samples/RADAR_LEFT_FRONT/RADAR_LEFT_FRONT_1696700138953603.pcd
c7fb12b54cd347cb9c4a3752bf64687a,7e342d779b5d446981801c5dfae2990e,37355c547904491481e47accc094d567,RADAR,RADAR_LEFT_FRONT,1696700139502242,True,samples,samples/RADAR_LEFT_FRONT/RADAR_LEFT_FRONT_1696700139502242.pcd
8cb01b98bf1245af8df25551da3d4e2b,9bd4a2d0f3ae4c5fbc8f9b25c3a5fc05,37355c547904491481e47accc094d567,RADAR,RADAR_LEFT_FRONT,1696700140003654,True,samples,samples/RADAR_LEFT_FRONT/RADAR_LEFT_FRONT_1696700140003654.pcd
b926e120c0f045959c11e3d7a91bf67b,0556486618ae429895ef8caa898ee953,37355c547904491481e47accc094d567,RADAR,RADAR_LEFT_FRONT,1696700140453286,True,samples,samples/RADAR_LEFT_FRONT/RADAR_LEFT_FRONT_1696700140453286.pcd
716ac097d8a44f41913d7420fc251984,896fee4da88548658064bbe791974249,37355c547904491481e47accc094d567,RADAR,RADAR_LEFT_FRONT,1696700141002363,True,samples,samples/RADAR_LEFT_FRONT/RADAR_LEFT_FRONT_1696700141002363.pcd
4b3b23a503e843958175e7b92bb50ec1,34d0b00f1801498c803ec07dce543b72,37355c547904491481e47accc094d567,RADAR,RADAR_LEFT_FRONT,1696700141503615,True,samples,samples/RADAR_LEFT_FRONT/RADAR_LEFT_FRONT_1696700141503615.pcd
49f8907b25044396a5dd33f45f8aec8e,8087e38a235948e1a12fc698a2fbd73d,37355c547904491481e47accc094d567,RADAR,RADAR_LEFT_FRONT,1696700142004866,True,samples,samples/RADAR_LEFT_FRONT/RADAR_LEFT_FRONT_1696700142004866.pcd
ecaea1f3306a41c5a8c798ddea9b7bc1,4a2da2b50d9749bc82bd567c13c6dc79,37355c547904491481e47accc094d567,RADAR,RADAR_LEFT_FRONT,1696700142502020,True,samples,samples/RADAR_LEFT_FRONT/RADAR_LEFT_FRONT_1696700142502020.pcd
81839f8c8c35413c93af400413f9116d,f52dde90d62b4d3a9024e9280cb73179,37355c547904491481e47accc094d567,RADAR,RADAR_LEFT_FRONT,1696700143003681,True,samples,samples/RADAR_LEFT_FRONT/RADAR_LEFT_FRONT_1696700143003681.pcd
b6b957f1e8744f4c85d93eca3825194d,31a1c724a02d46a1bbe2b8685fb871a2,37355c547904491481e47accc094d567,RADAR,RADAR_LEFT_FRONT,1696700143504581,True,samples,samples/RADAR_LEFT_FRONT/RADAR_LEFT_FRONT_1696700143504581.pcd
ccb0fad3df704d99acbedb3caa6f8d8e,e070823623784061a8cba3a3849f218e,37355c547904491481e47accc094d567,RADAR,RADAR_LEFT_FRONT,1696700144002472,True,samples,samples/RADAR_LEFT_FRONT/RADAR_LEFT_FRONT_1696700144002472.pcd
9562c896150144e09e108ce4cba9e0e3,80ad351eb99e4b28bfbec1105b6ac8eb,37355c547904491481e47accc094d567,RADAR,RADAR_LEFT_SIDE,1696700124505684,True,samples,samples/RADAR_LEFT_SIDE/RADAR_LEFT_SIDE_1696700124505684.pcd
03e06008ee3f435da119082ae8d4b5c4,85c5ca01cfb34d3e92d1c0c265235d04,37355c547904491481e47accc094d567,RADAR,RADAR_LEFT_SIDE,1696700125002800,True,samples,samples/RADAR_LEFT_SIDE/RADAR_LEFT_SIDE_1696700125002800.pcd
ec7a19b394be4e67ac25c57185e38f51,68d8f0410d4342a1a6d2687b0deeb24c,37355c547904491481e47accc094d567,RADAR,RADAR_LEFT_SIDE,1696700125503946,True,samples,samples/RADAR_LEFT_SIDE/RADAR_LEFT_SIDE_1696700125503946.pcd
ebd6802643f54739bb51234361ded68d,3c15136415cb4333964d4cc2936356dd,37355c547904491481e47accc094d567,RADAR,RADAR_LEFT_SIDE,1696700126005477,True,samples,samples/RADAR_LEFT_SIDE/RADAR_LEFT_SIDE_1696700126005477.pcd
03327158eef54414b955705c6589c445,39dae22600564a6b9c130435f3475a77,37355c547904491481e47accc094d567,RADAR,RADAR_LEFT_SIDE,1696700126501848,True,samples,samples/RADAR_LEFT_SIDE/RADAR_LEFT_SIDE_1696700126501848.pcd
c98544c355cf4d7e924ed516e14ea6a6,a9b293108091418c9170311735a14d38,37355c547904491481e47accc094d567,RADAR,RADAR_LEFT_SIDE,1696700127003829,True,samples,samples/RADAR_LEFT_SIDE/RADAR_LEFT_SIDE_1696700127003829.pcd
5f447835e60d41e18d02e19c316308a0,6f6b53e9b5144d3eb5efa6759877586e,37355c547904491481e47accc094d567,RADAR,RADAR_LEFT_SIDE,1696700127505352,True,samples,samples/RADAR_LEFT_SIDE/RADAR_LEFT_SIDE_1696700127505352.pcd
c22fac59af884dcb8363fe7185e09b1e,c83bd7f9373d4dbda92199888bb50db2,37355c547904491481e47accc094d567,RADAR,RADAR_LEFT_SIDE,1696700128002303,True,samples,samples/RADAR_LEFT_SIDE/RADAR_LEFT_SIDE_1696700128002303.pcd
904bb58caa9d4c168265adcb5dc2ad5d,c483d412789d4b13991fc1f36cdd06a8,37355c547904491481e47accc094d567,RADAR,RADAR_LEFT_SIDE,1696700128503562,True,samples,samples/RADAR_LEFT_SIDE/RADAR_LEFT_SIDE_1696700128503562.pcd
604507b485ab46c1821d52d51e203989,e12831dd0e5040abaced46ee13f3c414,37355c547904491481e47accc094d567,RADAR,RADAR_LEFT_SIDE,1696700129005041,True,samples,samples/RADAR_LEFT_SIDE/RADAR_LEFT_SIDE_1696700129005041.pcd
5d840c5b06ca4ad094bbae6c29733a2d,db2c0e4d75654d4db21937c518e75957,37355c547904491481e47accc094d567,RADAR,RADAR_LEFT_SIDE,1696700129502491,True,samples,samples/RADAR_LEFT_SIDE/RADAR_LEFT_SIDE_1696700129502491.pcd
f3972696cd4c4d00ac309aa9a28c4f8d,7097d2353e914bcf834c196a6a21be63,37355c547904491481e47accc094d567,RADAR,RADAR_LEFT_SIDE,1696700129951972,True,samples,samples/RADAR_LEFT_SIDE/RADAR_LEFT_SIDE_1696700129951972.pcd
4cb353c062874f6db93f0ea20a4430fd,b7db9773713a454e8148f86a84ab6a53,37355c547904491481e47accc094d567,RADAR,RADAR_LEFT_SIDE,1696700130504992,True,samples,samples/RADAR_LEFT_SIDE/RADAR_LEFT_SIDE_1696700130504992.pcd
8f9af5b03acc428e8ce067abed353099,8a1ee4d450f94cfe8b07030adcaddf6b,37355c547904491481e47accc094d567,RADAR,RADAR_LEFT_SIDE,1696700131001915,True,samples,samples/RADAR_LEFT_SIDE/RADAR_LEFT_SIDE_1696700131001915.pcd
1b44368d65d5490bbfce9ec1d4f465bd,b18f83cbe8b44e8c80dcac5b4bdf1de5,37355c547904491481e47accc094d567,RADAR,RADAR_LEFT_SIDE,1696700131503705,True,samples,samples/RADAR_LEFT_SIDE/RADAR_LEFT_SIDE_1696700131503705.pcd
4075551d1dfa45168c0dc09b119ba255,db8f3abb2d1440889ce9d8a759ce855e,37355c547904491481e47accc094d567,RADAR,RADAR_LEFT_SIDE,1696700132004683,True,samples,samples/RADAR_LEFT_SIDE/RADAR_LEFT_SIDE_1696700132004683.pcd
839ab81f0b9d4a99a327d87b00faa107,9b3984d9e3094104a34f06910c521a08,37355c547904491481e47accc094d567,RADAR,RADAR_LEFT_SIDE,1696700132502522,True,samples,samples/RADAR_LEFT_SIDE/RADAR_LEFT_SIDE_1696700132502522.pcd
99c558e54ddc4aec9df4427c4e9d64bc,930001ae599e48d6aabc373742c462a5,37355c547904491481e47accc094d567,RADAR,RADAR_LEFT_SIDE,1696700133003241,True,samples,samples/RADAR_LEFT_SIDE/RADAR_LEFT_SIDE_1696700133003241.pcd
94b858b539c04402826c5bf4fa9700dc,2e9658149ff64abe863691ca1ab21659,37355c547904491481e47accc094d567,RADAR,RADAR_LEFT_SIDE,1696700133505933,True,samples,samples/RADAR_LEFT_SIDE/RADAR_LEFT_SIDE_1696700133505933.pcd
dc213334a3b046a9a90eff30af99ace1,25d2fdbc5fab4e93b80c4064eb60fa38,37355c547904491481e47accc094d567,RADAR,RADAR_LEFT_SIDE,1696700134002247,True,samples,samples/RADAR_LEFT_SIDE/RADAR_LEFT_SIDE_1696700134002247.pcd
0e48fbb605c241a38a0bee5f4eae24d2,6e2e1eaa68694c8f8c8d11993ec856e7,37355c547904491481e47accc094d567,RADAR,RADAR_LEFT_SIDE,1696700134504182,True,samples,samples/RADAR_LEFT_SIDE/RADAR_LEFT_SIDE_1696700134504182.pcd
3eff89721c4a4ad29cbfa44ceb87a5a6,a3c36b28774345169f106bf634cbe1ae,37355c547904491481e47accc094d567,RADAR,RADAR_LEFT_SIDE,1696700135005711,True,samples,samples/RADAR_LEFT_SIDE/RADAR_LEFT_SIDE_1696700135005711.pcd
9b817f85314b4e398cae936f4801cca0,500f2b2e4f264f54913ffef41af3e3f3,37355c547904491481e47accc094d567,RADAR,RADAR_LEFT_SIDE,1696700135502785,True,samples,samples/RADAR_LEFT_SIDE/RADAR_LEFT_SIDE_1696700135502785.pcd
ebbb1330978a42258db6475e22a86575,65f73fc2d0c343fc8e5018c4f42219c6,37355c547904491481e47accc094d567,RADAR,RADAR_LEFT_SIDE,1696700136004072,True,samples,samples/RADAR_LEFT_SIDE/RADAR_LEFT_SIDE_1696700136004072.pcd
b90599d2717f49bfba6ba16525ce3f9b,6f61d7af183f4094919330d51465c1aa,37355c547904491481e47accc094d567,RADAR,RADAR_LEFT_SIDE,1696700136505479,True,samples,samples/RADAR_LEFT_SIDE/RADAR_LEFT_SIDE_1696700136505479.pcd
39365c5b8e694cffa1fd69b2e83de16b,51c116a371d645668dac1af0a02ee674,37355c547904491481e47accc094d567,RADAR,RADAR_LEFT_SIDE,1696700137001870,True,samples,samples/RADAR_LEFT_SIDE/RADAR_LEFT_SIDE_1696700137001870.pcd
7f300814db7e4c6888b4562cf1efe614,7a7c5575a7c342619ce96378e04038a1,37355c547904491481e47accc094d567,RADAR,RADAR_LEFT_SIDE,1696700137503944,True,samples,samples/RADAR_LEFT_SIDE/RADAR_LEFT_SIDE_1696700137503944.pcd
bde526fb911c4629bdc73061cebb877a,a83f7b2127814ba5a0ded665a015e769,37355c547904491481e47accc094d567,RADAR,RADAR_LEFT_SIDE,1696700138005413,True,samples,samples/RADAR_LEFT_SIDE/RADAR_LEFT_SIDE_1696700138005413.pcd
428c4f742673471b91b7fa2c4bb3164b,8853f77c7306460e8a319a0e56f1b3fd,37355c547904491481e47accc094d567,RADAR,RADAR_LEFT_SIDE,1696700138502238,True,samples,samples/RADAR_LEFT_SIDE/RADAR_LEFT_SIDE_1696700138502238.pcd
707020897d4d4c32979e15cd393c605f,4752b1aca7c741f9b932631474a5a1f4,37355c547904491481e47accc094d567,RADAR,RADAR_LEFT_SIDE,1696700139003647,True,samples,samples/RADAR_LEFT_SIDE/RADAR_LEFT_SIDE_1696700139003647.pcd
ec4fa9f135f146efb31db904b62b69fe,7e342d779b5d446981801c5dfae2990e,37355c547904491481e47accc094d567,RADAR,RADAR_LEFT_SIDE,1696700139505128,True,samples,samples/RADAR_LEFT_SIDE/RADAR_LEFT_SIDE_1696700139505128.pcd
4177236bb373485b92d2e4d8b3ffce23,9bd4a2d0f3ae4c5fbc8f9b25c3a5fc05,37355c547904491481e47accc094d567,RADAR,RADAR_LEFT_SIDE,1696700140002382,True,samples,samples/RADAR_LEFT_SIDE/RADAR_LEFT_SIDE_1696700140002382.pcd
35e9e303df0b45f5b88931bf7f1372a9,0556486618ae429895ef8caa898ee953,37355c547904491481e47accc094d567,RADAR,RADAR_LEFT_SIDE,1696700140503354,True,samples,samples/RADAR_LEFT_SIDE/RADAR_LEFT_SIDE_1696700140503354.pcd
126589f7bb3447cba1b8dea893123649,896fee4da88548658064bbe791974249,37355c547904491481e47accc094d567,RADAR,RADAR_LEFT_SIDE,1696700141004934,True,samples,samples/RADAR_LEFT_SIDE/RADAR_LEFT_SIDE_1696700141004934.pcd
6a5ba3112b87418795e4a30823c0a00e,34d0b00f1801498c803ec07dce543b72,37355c547904491481e47accc094d567,RADAR,RADAR_LEFT_SIDE,1696700141501866,True,samples,samples/RADAR_LEFT_SIDE/RADAR_LEFT_SIDE_1696700141501866.pcd
2889aa4f80a54ec790252574988d1bfb,8087e38a235948e1a12fc698a2fbd73d,37355c547904491481e47accc094d567,RADAR,RADAR_LEFT_SIDE,1696700142003666,True,samples,samples/RADAR_LEFT_SIDE/RADAR_LEFT_SIDE_1696700142003666.pcd
95c26aa80a6046afa18fa18777719f49,4a2da2b50d9749bc82bd567c13c6dc79,37355c547904491481e47accc094d567,RADAR,RADAR_LEFT_SIDE,1696700142504545,True,samples,samples/RADAR_LEFT_SIDE/RADAR_LEFT_SIDE_1696700142504545.pcd
97fc3abafa774c4bb24b47ac3af6ab8f,f52dde90d62b4d3a9024e9280cb73179,37355c547904491481e47accc094d567,RADAR,RADAR_LEFT_SIDE,1696700143002522,True,samples,samples/RADAR_LEFT_SIDE/RADAR_LEFT_SIDE_1696700143002522.pcd
435196392a5649c891a4f07e26c452d5,31a1c724a02d46a1bbe2b8685fb871a2,37355c547904491481e47accc094d567,RADAR,RADAR_LEFT_SIDE,1696700143503278,True,samples,samples/RADAR_LEFT_SIDE/RADAR_LEFT_SIDE_1696700143503278.pcd
ffd4510c74a44f56af6c052edc2292b8,e070823623784061a8cba3a3849f218e,37355c547904491481e47accc094d567,RADAR,RADAR_LEFT_SIDE,1696700144005793,True,samples,samples/RADAR_LEFT_SIDE/RADAR_LEFT_SIDE_1696700144005793.pcd
8f0a806870904e56a3b538a9c067f413,80ad351eb99e4b28bfbec1105b6ac8eb,37355c547904491481e47accc094d567,RADAR,RADAR_LEFT_BACK,1696700124503994,True,samples,samples/RADAR_LEFT_BACK/RADAR_LEFT_BACK_1696700124503994.pcd
fa1da948450b4597adb16b475dcf7029,85c5ca01cfb34d3e92d1c0c265235d04,37355c547904491481e47accc094d567,RADAR,RADAR_LEFT_BACK,1696700125005439,True,samples,samples/RADAR_LEFT_BACK/RADAR_LEFT_BACK_1696700125005439.pcd
43f1a743d54b4225832ded48b0280512,68d8f0410d4342a1a6d2687b0deeb24c,37355c547904491481e47accc094d567,RADAR,RADAR_LEFT_BACK,1696700125501898,True,samples,samples/RADAR_LEFT_BACK/RADAR_LEFT_BACK_1696700125501898.pcd
e49f3335d13e4f7f8c7947deaeaeefbc,3c15136415cb4333964d4cc2936356dd,37355c547904491481e47accc094d567,RADAR,RADAR_LEFT_BACK,1696700126003885,True,samples,samples/RADAR_LEFT_BACK/RADAR_LEFT_BACK_1696700126003885.pcd
1d32674741674e9f934a33b6952babfa,39dae22600564a6b9c130435f3475a77,37355c547904491481e47accc094d567,RADAR,RADAR_LEFT_BACK,1696700126505335,True,samples,samples/RADAR_LEFT_BACK/RADAR_LEFT_BACK_1696700126505335.pcd
81530aecebdf4dc59ab29a51eca28d53,a9b293108091418c9170311735a14d38,37355c547904491481e47accc094d567,RADAR,RADAR_LEFT_BACK,1696700127002339,True,samples,samples/RADAR_LEFT_BACK/RADAR_LEFT_BACK_1696700127002339.pcd
ff0d28652fcf4ea1a30bda4e9f305144,6f6b53e9b5144d3eb5efa6759877586e,37355c547904491481e47accc094d567,RADAR,RADAR_LEFT_BACK,1696700127503554,True,samples,samples/RADAR_LEFT_BACK/RADAR_LEFT_BACK_1696700127503554.pcd
ed4dfd6427ba4d658380b9a366e66408,c83bd7f9373d4dbda92199888bb50db2,37355c547904491481e47accc094d567,RADAR,RADAR_LEFT_BACK,1696700128005033,True,samples,samples/RADAR_LEFT_BACK/RADAR_LEFT_BACK_1696700128005033.pcd
b0e5b7a634b34f16b138cfb4a09c244b,c483d412789d4b13991fc1f36cdd06a8,37355c547904491481e47accc094d567,RADAR,RADAR_LEFT_BACK,1696700128502298,True,samples,samples/RADAR_LEFT_BACK/RADAR_LEFT_BACK_1696700128502298.pcd
31338ccfe6e34472ab591e72acf37085,e12831dd0e5040abaced46ee13f3c414,37355c547904491481e47accc094d567,RADAR,RADAR_LEFT_BACK,1696700129003343,True,samples,samples/RADAR_LEFT_BACK/RADAR_LEFT_BACK_1696700129003343.pcd
7941b0d20afb496f88289bc6ddcdcf2c,db2c0e4d75654d4db21937c518e75957,37355c547904491481e47accc094d567,RADAR,RADAR_LEFT_BACK,1696700129504845,True,samples,samples/RADAR_LEFT_BACK/RADAR_LEFT_BACK_1696700129504845.pcd
48d50a9ab1c6454ea3d6c68ad73dd8b9,7097d2353e914bcf834c196a6a21be63,37355c547904491481e47accc094d567,RADAR,RADAR_LEFT_BACK,1696700130001921,True,samples,samples/RADAR_LEFT_BACK/RADAR_LEFT_BACK_1696700130001921.pcd
9179cdfe74724a339c29e633a5b27a17,b7db9773713a454e8148f86a84ab6a53,37355c547904491481e47accc094d567,RADAR,RADAR_LEFT_BACK,1696700130503644,True,samples,samples/RADAR_LEFT_BACK/RADAR_LEFT_BACK_1696700130503644.pcd
2f18f6c67d2d419cb179642225765f9e,8a1ee4d450f94cfe8b07030adcaddf6b,37355c547904491481e47accc094d567,RADAR,RADAR_LEFT_BACK,1696700131004467,True,samples,samples/RADAR_LEFT_BACK/RADAR_LEFT_BACK_1696700131004467.pcd
839cb51158004d598ffd87bdbb332a21,b18f83cbe8b44e8c80dcac5b4bdf1de5,37355c547904491481e47accc094d567,RADAR,RADAR_LEFT_BACK,1696700131502502,True,samples,samples/RADAR_LEFT_BACK/RADAR_LEFT_BACK_1696700131502502.pcd
09337010f11d4353a7b13f7aa8eb358e,db8f3abb2d1440889ce9d8a759ce855e,37355c547904491481e47accc094d567,RADAR,RADAR_LEFT_BACK,1696700131952086,True,samples,samples/RADAR_LEFT_BACK/RADAR_LEFT_BACK_1696700131952086.pcd
b635d48b2e184316bab1eb42221d571c,9b3984d9e3094104a34f06910c521a08,37355c547904491481e47accc094d567,RADAR,RADAR_LEFT_BACK,1696700132505822,True,samples,samples/RADAR_LEFT_BACK/RADAR_LEFT_BACK_1696700132505822.pcd
b638031635cd41dab8d45ffdeb502e95,930001ae599e48d6aabc373742c462a5,37355c547904491481e47accc094d567,RADAR,RADAR_LEFT_BACK,1696700133002142,True,samples,samples/RADAR_LEFT_BACK/RADAR_LEFT_BACK_1696700133002142.pcd
f903d1f6ec7b4e76ae33eeb3282a4b3b,2e9658149ff64abe863691ca1ab21659,37355c547904491481e47accc094d567,RADAR,RADAR_LEFT_BACK,1696700133504289,True,samples,samples/RADAR_LEFT_BACK/RADAR_LEFT_BACK_1696700133504289.pcd
1ce771f77bca40efbd6be5c44d423695,25d2fdbc5fab4e93b80c4064eb60fa38,37355c547904491481e47accc094d567,RADAR,RADAR_LEFT_BACK,1696700133954188,True,samples,samples/RADAR_LEFT_BACK/RADAR_LEFT_BACK_1696700133954188.pcd
c2b951e06cd045e9a179bd07046b9788,6e2e1eaa68694c8f8c8d11993ec856e7,37355c547904491481e47accc094d567,RADAR,RADAR_LEFT_BACK,1696700134554252,True,samples,samples/RADAR_LEFT_BACK/RADAR_LEFT_BACK_1696700134554252.pcd
6b7db2dc1d2f4a3ba3236ddc60a33d26,a3c36b28774345169f106bf634cbe1ae,37355c547904491481e47accc094d567,RADAR,RADAR_LEFT_BACK,1696700135004064,True,samples,samples/RADAR_LEFT_BACK/RADAR_LEFT_BACK_1696700135004064.pcd
009a87f4f00f4c7491a4faab1fb3f950,500f2b2e4f264f54913ffef41af3e3f3,37355c547904491481e47accc094d567,RADAR,RADAR_LEFT_BACK,1696700135505477,True,samples,samples/RADAR_LEFT_BACK/RADAR_LEFT_BACK_1696700135505477.pcd
bf620d471c7446b3aa6368a84c702a8b,65f73fc2d0c343fc8e5018c4f42219c6,37355c547904491481e47accc094d567,RADAR,RADAR_LEFT_BACK,1696700136001849,True,samples,samples/RADAR_LEFT_BACK/RADAR_LEFT_BACK_1696700136001849.pcd
71279909aa484e52ad1cafc505b7cd00,6f61d7af183f4094919330d51465c1aa,37355c547904491481e47accc094d567,RADAR,RADAR_LEFT_BACK,1696700136503791,True,samples,samples/RADAR_LEFT_BACK/RADAR_LEFT_BACK_1696700136503791.pcd
54fdec4e13b34babaf5f5c13d49788ca,51c116a371d645668dac1af0a02ee674,37355c547904491481e47accc094d567,RADAR,RADAR_LEFT_BACK,1696700137005254,True,samples,samples/RADAR_LEFT_BACK/RADAR_LEFT_BACK_1696700137005254.pcd
be236d2c43cd434f8cb311c47377b059,7a7c5575a7c342619ce96378e04038a1,37355c547904491481e47accc094d567,RADAR,RADAR_LEFT_BACK,1696700137502276,True,samples,samples/RADAR_LEFT_BACK/RADAR_LEFT_BACK_1696700137502276.pcd
d263d2fcff7149f3a9cf66c935df4f72,a83f7b2127814ba5a0ded665a015e769,37355c547904491481e47accc094d567,RADAR,RADAR_LEFT_BACK,1696700138003544,True,samples,samples/RADAR_LEFT_BACK/RADAR_LEFT_BACK_1696700138003544.pcd
7705eec1f2a24960843330cc6c685cf5,8853f77c7306460e8a319a0e56f1b3fd,37355c547904491481e47accc094d567,RADAR,RADAR_LEFT_BACK,1696700138505028,True,samples,samples/RADAR_LEFT_BACK/RADAR_LEFT_BACK_1696700138505028.pcd
bb887ae85acd420aa1b6eddce6a7c4cc,4752b1aca7c741f9b932631474a5a1f4,37355c547904491481e47accc094d567,RADAR,RADAR_LEFT_BACK,1696700139002342,True,samples,samples/RADAR_LEFT_BACK/RADAR_LEFT_BACK_1696700139002342.pcd
b0a821c4a7d944d0a60f9227803f80fc,7e342d779b5d446981801c5dfae2990e,37355c547904491481e47accc094d567,RADAR,RADAR_LEFT_BACK,1696700139503279,True,samples,samples/RADAR_LEFT_BACK/RADAR_LEFT_BACK_1696700139503279.pcd
1ea46b5a5fda4a948fe44329fb8471e2,9bd4a2d0f3ae4c5fbc8f9b25c3a5fc05,37355c547904491481e47accc094d567,RADAR,RADAR_LEFT_BACK,1696700140004894,True,samples,samples/RADAR_LEFT_BACK/RADAR_LEFT_BACK_1696700140004894.pcd
c1016e72c3dd4ea89537ad133a640d40,0556486618ae429895ef8caa898ee953,37355c547904491481e47accc094d567,RADAR,RADAR_LEFT_BACK,1696700140501854,True,samples,samples/RADAR_LEFT_BACK/RADAR_LEFT_BACK_1696700140501854.pcd
482bd8847634408b89dd37ab6e287aec,896fee4da88548658064bbe791974249,37355c547904491481e47accc094d567,RADAR,RADAR_LEFT_BACK,1696700141003669,True,samples,samples/RADAR_LEFT_BACK/RADAR_LEFT_BACK_1696700141003669.pcd
ceab03b0a18a4b47badeb51e36e2afc4,34d0b00f1801498c803ec07dce543b72,37355c547904491481e47accc094d567,RADAR,RADAR_LEFT_BACK,1696700141504650,True,samples,samples/RADAR_LEFT_BACK/RADAR_LEFT_BACK_1696700141504650.pcd
39ba5d2dca764d7abad4cb67a8a4afdb,8087e38a235948e1a12fc698a2fbd73d,37355c547904491481e47accc094d567,RADAR,RADAR_LEFT_BACK,1696700142002588,True,samples,samples/RADAR_LEFT_BACK/RADAR_LEFT_BACK_1696700142002588.pcd
9775e4e66c974af79852c08009957490,4a2da2b50d9749bc82bd567c13c6dc79,37355c547904491481e47accc094d567,RADAR,RADAR_LEFT_BACK,1696700142503345,True,samples,samples/RADAR_LEFT_BACK/RADAR_LEFT_BACK_1696700142503345.pcd
add7992365b0480aa289c80ac276a524,f52dde90d62b4d3a9024e9280cb73179,37355c547904491481e47accc094d567,RADAR,RADAR_LEFT_BACK,1696700143005765,True,samples,samples/RADAR_LEFT_BACK/RADAR_LEFT_BACK_1696700143005765.pcd
a6794081bdea4754a9afffbfd6673078,31a1c724a02d46a1bbe2b8685fb871a2,37355c547904491481e47accc094d567,RADAR,RADAR_LEFT_BACK,1696700143502180,True,samples,samples/RADAR_LEFT_BACK/RADAR_LEFT_BACK_1696700143502180.pcd
e4bc0d56fc174e559b0862d22b65f3e1,e070823623784061a8cba3a3849f218e,37355c547904491481e47accc094d567,RADAR,RADAR_LEFT_BACK,1696700144004219,True,samples,samples/RADAR_LEFT_BACK/RADAR_LEFT_BACK_1696700144004219.pcd
4e8c580dea6b4d2cbfde7f64fe7396d0,1eb6c0c7adad4cf29e8da13dcf8ef16b,81f0a41d0a7a44e0ae8f8ea0ade95fdf,RADAR,RADAR_RIGHT_BACK,1704027656005670,True,samples,samples/RADAR_RIGHT_BACK/RADAR_RIGHT_BACK_1704027656005670.pcd
156caf25a80f449b9a394f5584d32d74,c47d261c32ec405b836f0b832b776438,81f0a41d0a7a44e0ae8f8ea0ade95fdf,RADAR,RADAR_RIGHT_BACK,1704027656502670,True,samples,samples/RADAR_RIGHT_BACK/RADAR_RIGHT_BACK_1704027656502670.pcd
74cd9646e461413bb6cb5b50aa5358d2,7e82125df00b40aaaa57a34ba7907771,81f0a41d0a7a44e0ae8f8ea0ade95fdf,RADAR,RADAR_RIGHT_BACK,1704027657003901,True,samples,samples/RADAR_RIGHT_BACK/RADAR_RIGHT_BACK_1704027657003901.pcd
d55ca8bec04048f19c5437aae796e1e8,8645dd1e937d48dfb703be785dee3145,81f0a41d0a7a44e0ae8f8ea0ade95fdf,RADAR,RADAR_RIGHT_BACK,1704027657505481,True,samples,samples/RADAR_RIGHT_BACK/RADAR_RIGHT_BACK_1704027657505481.pcd
56660623c8d04590bad9bac4ff54143a,2c8a57a97fd140919df0708d479a972b,81f0a41d0a7a44e0ae8f8ea0ade95fdf,RADAR,RADAR_RIGHT_BACK,1704027658001847,True,samples,samples/RADAR_RIGHT_BACK/RADAR_RIGHT_BACK_1704027658001847.pcd
39ce641638254f338388d5d796406de1,2137f8fd8f78489fb089b818d8215c34,81f0a41d0a7a44e0ae8f8ea0ade95fdf,RADAR,RADAR_RIGHT_BACK,1704027658503862,True,samples,samples/RADAR_RIGHT_BACK/RADAR_RIGHT_BACK_1704027658503862.pcd
0c8934f33d6a4d75b83e6f6c2d3a8dc2,40b040ffc4934d349184dfe3e8bf9e0c,81f0a41d0a7a44e0ae8f8ea0ade95fdf,RADAR,RADAR_RIGHT_BACK,1704027658953476,True,samples,samples/RADAR_RIGHT_BACK/RADAR_RIGHT_BACK_1704027658953476.pcd
90b2a1f330ca451088daf07249f1e84e,c65dea1742af45629519f0f94af9f031,81f0a41d0a7a44e0ae8f8ea0ade95fdf,RADAR,RADAR_RIGHT_BACK,1704027659502212,True,samples,samples/RADAR_RIGHT_BACK/RADAR_RIGHT_BACK_1704027659502212.pcd
4a360adf4c6c49e585f4e0c696069f01,31c077270b154d97aa6e93489fd55140,81f0a41d0a7a44e0ae8f8ea0ade95fdf,RADAR,RADAR_RIGHT_BACK,1704027660003555,True,samples,samples/RADAR_RIGHT_BACK/RADAR_RIGHT_BACK_1704027660003555.pcd
21603da2766f4e65a2149bc98db6d717,047569d8cae6404c97d074a86f30e636,81f0a41d0a7a44e0ae8f8ea0ade95fdf,RADAR,RADAR_RIGHT_BACK,1704027660505027,True,samples,samples/RADAR_RIGHT_BACK/RADAR_RIGHT_BACK_1704027660505027.pcd
99172d83f2004e2797ebe43f2db27c0a,66a01830f80f4eed9d8f405334842f78,81f0a41d0a7a44e0ae8f8ea0ade95fdf,RADAR,RADAR_RIGHT_BACK,1704027661002514,True,samples,samples/RADAR_RIGHT_BACK/RADAR_RIGHT_BACK_1704027661002514.pcd
cd1d8d80fad041a985fc66154267b69e,16aa20e30fe94de9b51a9dac5cb919c4,81f0a41d0a7a44e0ae8f8ea0ade95fdf,RADAR,RADAR_RIGHT_BACK,1704027661503338,True,samples,samples/RADAR_RIGHT_BACK/RADAR_RIGHT_BACK_1704027661503338.pcd
b0b1381e5ad0488185a873734d8e859c,85badd1a12cc4ba18d56fb12eab19d5d,81f0a41d0a7a44e0ae8f8ea0ade95fdf,RADAR,RADAR_RIGHT_BACK,1704027662004915,True,samples,samples/RADAR_RIGHT_BACK/RADAR_RIGHT_BACK_1704027662004915.pcd
b75bcf3f7f7e4dec97919909756d7a40,e36adaf2da754ffdb49216769a94fd5e,81f0a41d0a7a44e0ae8f8ea0ade95fdf,RADAR,RADAR_RIGHT_BACK,1704027662501859,True,samples,samples/RADAR_RIGHT_BACK/RADAR_RIGHT_BACK_1704027662501859.pcd
e93941b498f249b8b353d37e71a67846,ceb501e033a5449fa766450a05e0ba4a,81f0a41d0a7a44e0ae8f8ea0ade95fdf,RADAR,RADAR_RIGHT_BACK,1704027663003663,True,samples,samples/RADAR_RIGHT_BACK/RADAR_RIGHT_BACK_1704027663003663.pcd
f5506065235941aeabd25d6e99deb76d,724d874e90e446e2af1871a702dc8dd7,81f0a41d0a7a44e0ae8f8ea0ade95fdf,RADAR,RADAR_RIGHT_BACK,1704027663504921,True,samples,samples/RADAR_RIGHT_BACK/RADAR_RIGHT_BACK_1704027663504921.pcd
ed3d3a399a1c4bf0bbeb27c45e97c764,23c0fc0644ba458781ecb6d10976ba8f,81f0a41d0a7a44e0ae8f8ea0ade95fdf,RADAR,RADAR_RIGHT_BACK,1704027664002416,True,samples,samples/RADAR_RIGHT_BACK/RADAR_RIGHT_BACK_1704027664002416.pcd
467f0d93a76c41ceac6313ed8b8cb315,121b9bbeb7e249ff80f308a6967413d7,81f0a41d0a7a44e0ae8f8ea0ade95fdf,RADAR,RADAR_RIGHT_BACK,1704027664503247,True,samples,samples/RADAR_RIGHT_BACK/RADAR_RIGHT_BACK_1704027664503247.pcd
b605ef5011974a04a108615273737b9e,c103c5de42ae4cef9bbbb29bbd240528,81f0a41d0a7a44e0ae8f8ea0ade95fdf,RADAR,RADAR_RIGHT_BACK,1704027665005765,True,samples,samples/RADAR_RIGHT_BACK/RADAR_RIGHT_BACK_1704027665005765.pcd
9fdec219c9504d8f98cc06d419c379d6,d6d99b8b342f4683b8d98bb6d9d27c2f,81f0a41d0a7a44e0ae8f8ea0ade95fdf,RADAR,RADAR_RIGHT_BACK,1704027665502104,True,samples,samples/RADAR_RIGHT_BACK/RADAR_RIGHT_BACK_1704027665502104.pcd
611d8027f8094e27aae94bd2486459a6,6c9019c9a675472299004ca44e4af1ae,81f0a41d0a7a44e0ae8f8ea0ade95fdf,RADAR,RADAR_RIGHT_BACK,1704027666004172,True,samples,samples/RADAR_RIGHT_BACK/RADAR_RIGHT_BACK_1704027666004172.pcd
a246d29a4c8644e9b5b517dacd0c54b7,9091d1c8f6f94b2cb32e0d4774429988,81f0a41d0a7a44e0ae8f8ea0ade95fdf,RADAR,RADAR_RIGHT_BACK,1704027666505646,True,samples,samples/RADAR_RIGHT_BACK/RADAR_RIGHT_BACK_1704027666505646.pcd
9019d63d944741d48c95eaac16c54cc8,1156d73df84547b1a9e2c81cd67dbbce,81f0a41d0a7a44e0ae8f8ea0ade95fdf,RADAR,RADAR_RIGHT_BACK,1704027667002744,True,samples,samples/RADAR_RIGHT_BACK/RADAR_RIGHT_BACK_1704027667002744.pcd
f8c3dc5a589442e99256286dcdb9ad40,092cd0954cc7490e8432fd9eb6358ad7,81f0a41d0a7a44e0ae8f8ea0ade95fdf,RADAR,RADAR_RIGHT_BACK,1704027667503981,True,samples,samples/RADAR_RIGHT_BACK/RADAR_RIGHT_BACK_1704027667503981.pcd
085b644cc5db4e44a0ded2ddb5cd9adb,a6ede53ff2014741a2924a3dc6735aee,81f0a41d0a7a44e0ae8f8ea0ade95fdf,RADAR,RADAR_RIGHT_BACK,1704027667953862,True,samples,samples/RADAR_RIGHT_BACK/RADAR_RIGHT_BACK_1704027667953862.pcd
1c74e4c4a3164debb8e02edc4168e413,7eb7840ac6e1479da2bd15325e0569a0,81f0a41d0a7a44e0ae8f8ea0ade95fdf,RADAR,RADAR_RIGHT_BACK,1704027668501859,True,samples,samples/RADAR_RIGHT_BACK/RADAR_RIGHT_BACK_1704027668501859.pcd
9290694b76834c31b416f61963cb64c3,9bb4c0e43cf34d73bf44859d4880e87b,81f0a41d0a7a44e0ae8f8ea0ade95fdf,RADAR,RADAR_RIGHT_BACK,1704027668952253,True,samples,samples/RADAR_RIGHT_BACK/RADAR_RIGHT_BACK_1704027668952253.pcd
9221f318832749f68570f800f0bdde84,ff8de0a92fcd4c80bd500c8559a13c4a,81f0a41d0a7a44e0ae8f8ea0ade95fdf,RADAR,RADAR_RIGHT_BACK,1704027669505433,True,samples,samples/RADAR_RIGHT_BACK/RADAR_RIGHT_BACK_1704027669505433.pcd
23031176f33444e9bbaed9170badfc80,1c5c51644f6146768f20095390d245f1,81f0a41d0a7a44e0ae8f8ea0ade95fdf,RADAR,RADAR_RIGHT_BACK,1704027669955033,True,samples,samples/RADAR_RIGHT_BACK/RADAR_RIGHT_BACK_1704027669955033.pcd
ad2f822318314992ac73985f03d2f77d,7794802fda86401d8d0a7935731f18a8,81f0a41d0a7a44e0ae8f8ea0ade95fdf,RADAR,RADAR_RIGHT_BACK,1704027670503503,True,samples,samples/RADAR_RIGHT_BACK/RADAR_RIGHT_BACK_1704027670503503.pcd
e0ca89312eff4c96ba2cebacb63ed4de,5bfc3e2a975245f99dbdea34259ddd3c,81f0a41d0a7a44e0ae8f8ea0ade95fdf,RADAR,RADAR_RIGHT_BACK,1704027671005107,True,samples,samples/RADAR_RIGHT_BACK/RADAR_RIGHT_BACK_1704027671005107.pcd
270b8e49b3234a0fbde16a41a67285f2,750d50a1a10d48efb33ccaa7280fa010,81f0a41d0a7a44e0ae8f8ea0ade95fdf,RADAR,RADAR_RIGHT_BACK,1704027671454941,True,samples,samples/RADAR_RIGHT_BACK/RADAR_RIGHT_BACK_1704027671454941.pcd
66796ab1afbf419782729eafb944348e,3cddaef43c124e2aa3814cd251fcb131,81f0a41d0a7a44e0ae8f8ea0ade95fdf,RADAR,RADAR_RIGHT_BACK,1704027672003270,True,samples,samples/RADAR_RIGHT_BACK/RADAR_RIGHT_BACK_1704027672003270.pcd
f8e05a336d034bde872f6cd3b5d19044,bfa3a0b5782c4aa59d27134daa9a314f,81f0a41d0a7a44e0ae8f8ea0ade95fdf,RADAR,RADAR_RIGHT_BACK,1704027672453606,True,samples,samples/RADAR_RIGHT_BACK/RADAR_RIGHT_BACK_1704027672453606.pcd
ca2cc186697d40bb8a6786e3b4cac2eb,49f482b35bec43b393b9593fdc313248,81f0a41d0a7a44e0ae8f8ea0ade95fdf,RADAR,RADAR_RIGHT_BACK,1704027673001840,True,samples,samples/RADAR_RIGHT_BACK/RADAR_RIGHT_BACK_1704027673001840.pcd
3517e5ef7fdb4305b1224b60f8830070,c436471660d04308a31787eaac3325ba,81f0a41d0a7a44e0ae8f8ea0ade95fdf,RADAR,RADAR_RIGHT_BACK,1704027673503643,True,samples,samples/RADAR_RIGHT_BACK/RADAR_RIGHT_BACK_1704027673503643.pcd
19c4013b71ae4e188ac39b2d2e982298,58fbc3f0113b492796494ca3ed721221,81f0a41d0a7a44e0ae8f8ea0ade95fdf,RADAR,RADAR_RIGHT_BACK,1704027674004504,True,samples,samples/RADAR_RIGHT_BACK/RADAR_RIGHT_BACK_1704027674004504.pcd
3583c084ed7642b4a6de0b9b6cb0c1e7,efdf43b811f84e0c90b8615a9bb45c95,81f0a41d0a7a44e0ae8f8ea0ade95fdf,RADAR,RADAR_RIGHT_BACK,1704027674502531,True,samples,samples/RADAR_RIGHT_BACK/RADAR_RIGHT_BACK_1704027674502531.pcd
78b080ed13ce4fc0861b6fa657a35cf4,2cc0eeeeb89f4626b3455f3851b01034,81f0a41d0a7a44e0ae8f8ea0ade95fdf,RADAR,RADAR_RIGHT_BACK,1704027675003251,True,samples,samples/RADAR_RIGHT_BACK/RADAR_RIGHT_BACK_1704027675003251.pcd
746d9527dcaf42a4aea76478d9f01b9d,ec17dfb1934341549f650afd60325801,81f0a41d0a7a44e0ae8f8ea0ade95fdf,RADAR,RADAR_RIGHT_BACK,1704027675454441,True,samples,samples/RADAR_RIGHT_BACK/RADAR_RIGHT_BACK_1704027675454441.pcd
ab99ea34342f48a1a3c5302338352e99,1eb6c0c7adad4cf29e8da13dcf8ef16b,81f0a41d0a7a44e0ae8f8ea0ade95fdf,RADAR,RADAR_RIGHT_SIDE,1704027656003619,True,samples,samples/RADAR_RIGHT_SIDE/RADAR_RIGHT_SIDE_1704027656003619.pcd
cb1e7b5dee384334a9d0b80c9a9f1abe,c47d261c32ec405b836f0b832b776438,81f0a41d0a7a44e0ae8f8ea0ade95fdf,RADAR,RADAR_RIGHT_SIDE,1704027656504448,True,samples,samples/RADAR_RIGHT_SIDE/RADAR_RIGHT_SIDE_1704027656504448.pcd
b5fcd7a11a094b818baefc2e3e401be2,7e82125df00b40aaaa57a34ba7907771,81f0a41d0a7a44e0ae8f8ea0ade95fdf,RADAR,RADAR_RIGHT_SIDE,1704027657002391,True,samples,samples/RADAR_RIGHT_SIDE/RADAR_RIGHT_SIDE_1704027657002391.pcd
604dd26c634d4f48a9da981715343d76,8645dd1e937d48dfb703be785dee3145,81f0a41d0a7a44e0ae8f8ea0ade95fdf,RADAR,RADAR_RIGHT_SIDE,1704027657502985,True,samples,samples/RADAR_RIGHT_SIDE/RADAR_RIGHT_SIDE_1704027657502985.pcd
08fcdbdd37f647b8b47c90142da29819,2c8a57a97fd140919df0708d479a972b,81f0a41d0a7a44e0ae8f8ea0ade95fdf,RADAR,RADAR_RIGHT_SIDE,1704027658005666,True,samples,samples/RADAR_RIGHT_SIDE/RADAR_RIGHT_SIDE_1704027658005666.pcd
0619339a76004cff9152884588a6feb7,2137f8fd8f78489fb089b818d8215c34,81f0a41d0a7a44e0ae8f8ea0ade95fdf,RADAR,RADAR_RIGHT_SIDE,1704027658502065,True,samples,samples/RADAR_RIGHT_SIDE/RADAR_RIGHT_SIDE_1704027658502065.pcd
7e1e4172d62b40778f492a514e1e8426,40b040ffc4934d349184dfe3e8bf9e0c,81f0a41d0a7a44e0ae8f8ea0ade95fdf,RADAR,RADAR_RIGHT_SIDE,1704027659003957,True,samples,samples/RADAR_RIGHT_SIDE/RADAR_RIGHT_SIDE_1704027659003957.pcd
fe70a64250d04d9eb160995c545dd42f,c65dea1742af45629519f0f94af9f031,81f0a41d0a7a44e0ae8f8ea0ade95fdf,RADAR,RADAR_RIGHT_SIDE,1704027659505553,True,samples,samples/RADAR_RIGHT_SIDE/RADAR_RIGHT_SIDE_1704027659505553.pcd
9d38a99ea0a441d1bbb502bcbd0f2595,31c077270b154d97aa6e93489fd55140,81f0a41d0a7a44e0ae8f8ea0ade95fdf,RADAR,RADAR_RIGHT_SIDE,1704027660002665,True,samples,samples/RADAR_RIGHT_SIDE/RADAR_RIGHT_SIDE_1704027660002665.pcd
ffb5463d97624898ac3a8daee42ea65b,047569d8cae6404c97d074a86f30e636,81f0a41d0a7a44e0ae8f8ea0ade95fdf,RADAR,RADAR_RIGHT_SIDE,1704027660503906,True,samples,samples/RADAR_RIGHT_SIDE/RADAR_RIGHT_SIDE_1704027660503906.pcd
41723ef123a3430a911bc7dbd6df0d10,66a01830f80f4eed9d8f405334842f78,81f0a41d0a7a44e0ae8f8ea0ade95fdf,RADAR,RADAR_RIGHT_SIDE,1704027661005475,True,samples,samples/RADAR_RIGHT_SIDE/RADAR_RIGHT_SIDE_1704027661005475.pcd
8ab78f2827194a48a17de283c3a825db,16aa20e30fe94de9b51a9dac5cb919c4,81f0a41d0a7a44e0ae8f8ea0ade95fdf,RADAR,RADAR_RIGHT_SIDE,1704027661501809,True,samples,samples/RADAR_RIGHT_SIDE/RADAR_RIGHT_SIDE_1704027661501809.pcd
582ddc6ab6e545a2a6c3e03b80fc422f,85badd1a12cc4ba18d56fb12eab19d5d,81f0a41d0a7a44e0ae8f8ea0ade95fdf,RADAR,RADAR_RIGHT_SIDE,1704027662003935,True,samples,samples/RADAR_RIGHT_SIDE/RADAR_RIGHT_SIDE_1704027662003935.pcd
21751e73c68a4b2db04b57c380a01fa3,e36adaf2da754ffdb49216769a94fd5e,81f0a41d0a7a44e0ae8f8ea0ade95fdf,RADAR,RADAR_RIGHT_SIDE,1704027662505521,True,samples,samples/RADAR_RIGHT_SIDE/RADAR_RIGHT_SIDE_1704027662505521.pcd
8e43f55dbfa34fc5bb9cfd1a03c29ff0,ceb501e033a5449fa766450a05e0ba4a,81f0a41d0a7a44e0ae8f8ea0ade95fdf,RADAR,RADAR_RIGHT_SIDE,1704027663002094,True,samples,samples/RADAR_RIGHT_SIDE/RADAR_RIGHT_SIDE_1704027663002094.pcd
7a76f6ba932d41fab1df633605e0e3f6,724d874e90e446e2af1871a702dc8dd7,81f0a41d0a7a44e0ae8f8ea0ade95fdf,RADAR,RADAR_RIGHT_SIDE,1704027663503446,True,samples,samples/RADAR_RIGHT_SIDE/RADAR_RIGHT_SIDE_1704027663503446.pcd
0e5a2842ce3c4f0d9a089525b0b273d8,23c0fc0644ba458781ecb6d10976ba8f,81f0a41d0a7a44e0ae8f8ea0ade95fdf,RADAR,RADAR_RIGHT_SIDE,1704027664004950,True,samples,samples/RADAR_RIGHT_SIDE/RADAR_RIGHT_SIDE_1704027664004950.pcd
28d3b814c383431daf0294fd609e9f59,121b9bbeb7e249ff80f308a6967413d7,81f0a41d0a7a44e0ae8f8ea0ade95fdf,RADAR,RADAR_RIGHT_SIDE,1704027664502283,True,samples,samples/RADAR_RIGHT_SIDE/RADAR_RIGHT_SIDE_1704027664502283.pcd
2bbb482c36fb48baa72bb2342ee37c39,c103c5de42ae4cef9bbbb29bbd240528,81f0a41d0a7a44e0ae8f8ea0ade95fdf,RADAR,RADAR_RIGHT_SIDE,1704027665003162,True,samples,samples/RADAR_RIGHT_SIDE/RADAR_RIGHT_SIDE_1704027665003162.pcd
b24639d05e8444ef98df88138843ddfa,d6d99b8b342f4683b8d98bb6d9d27c2f,81f0a41d0a7a44e0ae8f8ea0ade95fdf,RADAR,RADAR_RIGHT_SIDE,1704027665504800,True,samples,samples/RADAR_RIGHT_SIDE/RADAR_RIGHT_SIDE_1704027665504800.pcd
141d3bde46ce4676a0e65573f025fca5,6c9019c9a675472299004ca44e4af1ae,81f0a41d0a7a44e0ae8f8ea0ade95fdf,RADAR,RADAR_RIGHT_SIDE,1704027666001926,True,samples,samples/RADAR_RIGHT_SIDE/RADAR_RIGHT_SIDE_1704027666001926.pcd
d83789a51fa743b3bbef7a3dbe77d25e,9091d1c8f6f94b2cb32e0d4774429988,81f0a41d0a7a44e0ae8f8ea0ade95fdf,RADAR,RADAR_RIGHT_SIDE,1704027666503591,True,samples,samples/RADAR_RIGHT_SIDE/RADAR_RIGHT_SIDE_1704027666503591.pcd
40e0e759c14a45608f728950b597bbe7,1156d73df84547b1a9e2c81cd67dbbce,81f0a41d0a7a44e0ae8f8ea0ade95fdf,RADAR,RADAR_RIGHT_SIDE,1704027667004399,True,samples,samples/RADAR_RIGHT_SIDE/RADAR_RIGHT_SIDE_1704027667004399.pcd
71b18ae7191148059587cf60211e76e5,092cd0954cc7490e8432fd9eb6358ad7,81f0a41d0a7a44e0ae8f8ea0ade95fdf,RADAR,RADAR_RIGHT_SIDE,1704027667502403,True,samples,samples/RADAR_RIGHT_SIDE/RADAR_RIGHT_SIDE_1704027667502403.pcd
e0d2771bcffd4a25b98721fb744dc951,a6ede53ff2014741a2924a3dc6735aee,81f0a41d0a7a44e0ae8f8ea0ade95fdf,RADAR,RADAR_RIGHT_SIDE,1704027668003030,True,samples,samples/RADAR_RIGHT_SIDE/RADAR_RIGHT_SIDE_1704027668003030.pcd
5edea5e659f045e4bc5381ca5d0a25be,7eb7840ac6e1479da2bd15325e0569a0,81f0a41d0a7a44e0ae8f8ea0ade95fdf,RADAR,RADAR_RIGHT_SIDE,1704027668505681,True,samples,samples/RADAR_RIGHT_SIDE/RADAR_RIGHT_SIDE_1704027668505681.pcd
1d23b7bfe2e74c0bb9087d3588dabff3,9bb4c0e43cf34d73bf44859d4880e87b,81f0a41d0a7a44e0ae8f8ea0ade95fdf,RADAR,RADAR_RIGHT_SIDE,1704027669001946,True,samples,samples/RADAR_RIGHT_SIDE/RADAR_RIGHT_SIDE_1704027669001946.pcd
b2a06581064143adb2db68abc128684a,ff8de0a92fcd4c80bd500c8559a13c4a,81f0a41d0a7a44e0ae8f8ea0ade95fdf,RADAR,RADAR_RIGHT_SIDE,1704027669504088,True,samples,samples/RADAR_RIGHT_SIDE/RADAR_RIGHT_SIDE_1704027669504088.pcd
b5ba510ca371422480c4b3b2f33951cd,1c5c51644f6146768f20095390d245f1,81f0a41d0a7a44e0ae8f8ea0ade95fdf,RADAR,RADAR_RIGHT_SIDE,1704027670005579,True,samples,samples/RADAR_RIGHT_SIDE/RADAR_RIGHT_SIDE_1704027670005579.pcd
425de5d26dde497bb5b62430b8292b8e,7794802fda86401d8d0a7935731f18a8,81f0a41d0a7a44e0ae8f8ea0ade95fdf,RADAR,RADAR_RIGHT_SIDE,1704027670502684,True,samples,samples/RADAR_RIGHT_SIDE/RADAR_RIGHT_SIDE_1704027670502684.pcd
c4b39efbd06d45ff9797b0d9087504b9,5bfc3e2a975245f99dbdea34259ddd3c,81f0a41d0a7a44e0ae8f8ea0ade95fdf,RADAR,RADAR_RIGHT_SIDE,1704027671003911,True,samples,samples/RADAR_RIGHT_SIDE/RADAR_RIGHT_SIDE_1704027671003911.pcd
0e3fde15ef7c4e339f70e8930a749606,750d50a1a10d48efb33ccaa7280fa010,81f0a41d0a7a44e0ae8f8ea0ade95fdf,RADAR,RADAR_RIGHT_SIDE,1704027671505424,True,samples,samples/RADAR_RIGHT_SIDE/RADAR_RIGHT_SIDE_1704027671505424.pcd
b9601d80cfbc41c38af040b7d021c634,3cddaef43c124e2aa3814cd251fcb131,81f0a41d0a7a44e0ae8f8ea0ade95fdf,RADAR,RADAR_RIGHT_SIDE,1704027672001734,True,samples,samples/RADAR_RIGHT_SIDE/RADAR_RIGHT_SIDE_1704027672001734.pcd
bc92a3fe94904006ab83690222c9a8f1,bfa3a0b5782c4aa59d27134daa9a314f,81f0a41d0a7a44e0ae8f8ea0ade95fdf,RADAR,RADAR_RIGHT_SIDE,1704027672503851,True,samples,samples/RADAR_RIGHT_SIDE/RADAR_RIGHT_SIDE_1704027672503851.pcd
f2b3ef4ee9c345d4967f65ac0fc8814a,49f482b35bec43b393b9593fdc313248,81f0a41d0a7a44e0ae8f8ea0ade95fdf,RADAR,RADAR_RIGHT_SIDE,1704027673005273,True,samples,samples/RADAR_RIGHT_SIDE/RADAR_RIGHT_SIDE_1704027673005273.pcd
c05b8d44a58148c58bd88eeaf8cd938d,c436471660d04308a31787eaac3325ba,81f0a41d0a7a44e0ae8f8ea0ade95fdf,RADAR,RADAR_RIGHT_SIDE,1704027673502222,True,samples,samples/RADAR_RIGHT_SIDE/RADAR_RIGHT_SIDE_1704027673502222.pcd
0c6998978dc842d99891ab13f58543c8,58fbc3f0113b492796494ca3ed721221,81f0a41d0a7a44e0ae8f8ea0ade95fdf,RADAR,RADAR_RIGHT_SIDE,1704027674003395,True,samples,samples/RADAR_RIGHT_SIDE/RADAR_RIGHT_SIDE_1704027674003395.pcd
2a419f1557814a27a9a569ee29591411,efdf43b811f84e0c90b8615a9bb45c95,81f0a41d0a7a44e0ae8f8ea0ade95fdf,RADAR,RADAR_RIGHT_SIDE,1704027674504898,True,samples,samples/RADAR_RIGHT_SIDE/RADAR_RIGHT_SIDE_1704027674504898.pcd
f9b611c7bc2b436693a59b8015b3556c,2cc0eeeeb89f4626b3455f3851b01034,81f0a41d0a7a44e0ae8f8ea0ade95fdf,RADAR,RADAR_RIGHT_SIDE,1704027675002200,True,samples,samples/RADAR_RIGHT_SIDE/RADAR_RIGHT_SIDE_1704027675002200.pcd
8bf021798e694569b4a93b9e411b5df8,ec17dfb1934341549f650afd60325801,81f0a41d0a7a44e0ae8f8ea0ade95fdf,RADAR,RADAR_RIGHT_SIDE,1704027675451751,True,samples,samples/RADAR_RIGHT_SIDE/RADAR_RIGHT_SIDE_1704027675451751.pcd
0150a21ffb3c425497ab09f3bff71e10,1eb6c0c7adad4cf29e8da13dcf8ef16b,81f0a41d0a7a44e0ae8f8ea0ade95fdf,RADAR,RADAR_RIGHT_FRONT,1704027656001870,True,samples,samples/RADAR_RIGHT_FRONT/RADAR_RIGHT_FRONT_1704027656001870.pcd
3a7ea028a34145f198b8d985cfd18d66,c47d261c32ec405b836f0b832b776438,81f0a41d0a7a44e0ae8f8ea0ade95fdf,RADAR,RADAR_RIGHT_FRONT,1704027656503938,True,samples,samples/RADAR_RIGHT_FRONT/RADAR_RIGHT_FRONT_1704027656503938.pcd
dd0f59b9a9ea48ca891f203ac9af45f6,7e82125df00b40aaaa57a34ba7907771,81f0a41d0a7a44e0ae8f8ea0ade95fdf,RADAR,RADAR_RIGHT_FRONT,1704027657005493,True,samples,samples/RADAR_RIGHT_FRONT/RADAR_RIGHT_FRONT_1704027657005493.pcd
0e385b347d6442ff9734574130a5b7db,8645dd1e937d48dfb703be785dee3145,81f0a41d0a7a44e0ae8f8ea0ade95fdf,RADAR,RADAR_RIGHT_FRONT,1704027657502480,True,samples,samples/RADAR_RIGHT_FRONT/RADAR_RIGHT_FRONT_1704027657502480.pcd
7319fd0bab85405783552e9efb0af3b0,2c8a57a97fd140919df0708d479a972b,81f0a41d0a7a44e0ae8f8ea0ade95fdf,RADAR,RADAR_RIGHT_FRONT,1704027658003803,True,samples,samples/RADAR_RIGHT_FRONT/RADAR_RIGHT_FRONT_1704027658003803.pcd
c4d8e37111fd4011bf16e7f5c2271dd8,2137f8fd8f78489fb089b818d8215c34,81f0a41d0a7a44e0ae8f8ea0ade95fdf,RADAR,RADAR_RIGHT_FRONT,1704027658505158,True,samples,samples/RADAR_RIGHT_FRONT/RADAR_RIGHT_FRONT_1704027658505158.pcd
de749ece47564551a33cfd886d0571f3,40b040ffc4934d349184dfe3e8bf9e0c,81f0a41d0a7a44e0ae8f8ea0ade95fdf,RADAR,RADAR_RIGHT_FRONT,1704027659001568,True,samples,samples/RADAR_RIGHT_FRONT/RADAR_RIGHT_FRONT_1704027659001568.pcd
cc14faef77704fd2854fd03c9567694e,c65dea1742af45629519f0f94af9f031,81f0a41d0a7a44e0ae8f8ea0ade95fdf,RADAR,RADAR_RIGHT_FRONT,1704027659503666,True,samples,samples/RADAR_RIGHT_FRONT/RADAR_RIGHT_FRONT_1704027659503666.pcd
78452f00ff22419db1c665060c5819ff,31c077270b154d97aa6e93489fd55140,81f0a41d0a7a44e0ae8f8ea0ade95fdf,RADAR,RADAR_RIGHT_FRONT,1704027660005094,True,samples,samples/RADAR_RIGHT_FRONT/RADAR_RIGHT_FRONT_1704027660005094.pcd
89e4c3ade3e2427786c78fc3bdbc0ba7,047569d8cae6404c97d074a86f30e636,81f0a41d0a7a44e0ae8f8ea0ade95fdf,RADAR,RADAR_RIGHT_FRONT,1704027660501980,True,samples,samples/RADAR_RIGHT_FRONT/RADAR_RIGHT_FRONT_1704027660501980.pcd
b6fb7eeba5254cf08785aa9e1d20d801,66a01830f80f4eed9d8f405334842f78,81f0a41d0a7a44e0ae8f8ea0ade95fdf,RADAR,RADAR_RIGHT_FRONT,1704027661003236,True,samples,samples/RADAR_RIGHT_FRONT/RADAR_RIGHT_FRONT_1704027661003236.pcd
3a15c30ef523401fb1cf251d0dc424b0,16aa20e30fe94de9b51a9dac5cb919c4,81f0a41d0a7a44e0ae8f8ea0ade95fdf,RADAR,RADAR_RIGHT_FRONT,1704027661504797,True,samples,samples/RADAR_RIGHT_FRONT/RADAR_RIGHT_FRONT_1704027661504797.pcd
d4d34ba93ed54474a12e3763b6be51f1,85badd1a12cc4ba18d56fb12eab19d5d,81f0a41d0a7a44e0ae8f8ea0ade95fdf,RADAR,RADAR_RIGHT_FRONT,1704027662002170,True,samples,samples/RADAR_RIGHT_FRONT/RADAR_RIGHT_FRONT_1704027662002170.pcd
728abc337bcd4cf58c70065390ddbcf4,e36adaf2da754ffdb49216769a94fd5e,81f0a41d0a7a44e0ae8f8ea0ade95fdf,RADAR,RADAR_RIGHT_FRONT,1704027662503018,True,samples,samples/RADAR_RIGHT_FRONT/RADAR_RIGHT_FRONT_1704027662503018.pcd
fbfbc9b512a345a2abdc819e54d706e9,ceb501e033a5449fa766450a05e0ba4a,81f0a41d0a7a44e0ae8f8ea0ade95fdf,RADAR,RADAR_RIGHT_FRONT,1704027663004706,True,samples,samples/RADAR_RIGHT_FRONT/RADAR_RIGHT_FRONT_1704027663004706.pcd
e6f35dbee05342268b535eae42cd2dd8,724d874e90e446e2af1871a702dc8dd7,81f0a41d0a7a44e0ae8f8ea0ade95fdf,RADAR,RADAR_RIGHT_FRONT,1704027663501660,True,samples,samples/RADAR_RIGHT_FRONT/RADAR_RIGHT_FRONT_1704027663501660.pcd
fc60bf8b03d5465da9a608acee07042d,23c0fc0644ba458781ecb6d10976ba8f,81f0a41d0a7a44e0ae8f8ea0ade95fdf,RADAR,RADAR_RIGHT_FRONT,1704027664003449,True,samples,samples/RADAR_RIGHT_FRONT/RADAR_RIGHT_FRONT_1704027664003449.pcd
b2660531e4a341469546467a9c38b5b5,121b9bbeb7e249ff80f308a6967413d7,81f0a41d0a7a44e0ae8f8ea0ade95fdf,RADAR,RADAR_RIGHT_FRONT,1704027664453100,True,samples,samples/RADAR_RIGHT_FRONT/RADAR_RIGHT_FRONT_1704027664453100.pcd
cb4b7aeb835c4585802735dc9ca0e742,c103c5de42ae4cef9bbbb29bbd240528,81f0a41d0a7a44e0ae8f8ea0ade95fdf,RADAR,RADAR_RIGHT_FRONT,1704027665002246,True,samples,samples/RADAR_RIGHT_FRONT/RADAR_RIGHT_FRONT_1704027665002246.pcd
98fd6e6abb234e2db2d0974a9947fae6,d6d99b8b342f4683b8d98bb6d9d27c2f,81f0a41d0a7a44e0ae8f8ea0ade95fdf,RADAR,RADAR_RIGHT_FRONT,1704027665503084,True,samples,samples/RADAR_RIGHT_FRONT/RADAR_RIGHT_FRONT_1704027665503084.pcd
6d0e771bbe9e4d0dae3ad274c3ae5bf7,6c9019c9a675472299004ca44e4af1ae,81f0a41d0a7a44e0ae8f8ea0ade95fdf,RADAR,RADAR_RIGHT_FRONT,1704027666005444,True,samples,samples/RADAR_RIGHT_FRONT/RADAR_RIGHT_FRONT_1704027666005444.pcd
096fe55908bc4439887c749fdc64f596,9091d1c8f6f94b2cb32e0d4774429988,81f0a41d0a7a44e0ae8f8ea0ade95fdf,RADAR,RADAR_RIGHT_FRONT,1704027666501846,True,samples,samples/RADAR_RIGHT_FRONT/RADAR_RIGHT_FRONT_1704027666501846.pcd
f6f1476dd99349dda25a1437e9df9220,1156d73df84547b1a9e2c81cd67dbbce,81f0a41d0a7a44e0ae8f8ea0ade95fdf,RADAR,RADAR_RIGHT_FRONT,1704027667003937,True,samples,samples/RADAR_RIGHT_FRONT/RADAR_RIGHT_FRONT_1704027667003937.pcd
b9aa16365ec844abb4eb996c0b5b1cc4,092cd0954cc7490e8432fd9eb6358ad7,81f0a41d0a7a44e0ae8f8ea0ade95fdf,RADAR,RADAR_RIGHT_FRONT,1704027667505436,True,samples,samples/RADAR_RIGHT_FRONT/RADAR_RIGHT_FRONT_1704027667505436.pcd
6e3464effb38459091d7d06e8c3787f9,a6ede53ff2014741a2924a3dc6735aee,81f0a41d0a7a44e0ae8f8ea0ade95fdf,RADAR,RADAR_RIGHT_FRONT,1704027668002508,True,samples,samples/RADAR_RIGHT_FRONT/RADAR_RIGHT_FRONT_1704027668002508.pcd
630712b168174a5c823dd67357c49397,7eb7840ac6e1479da2bd15325e0569a0,81f0a41d0a7a44e0ae8f8ea0ade95fdf,RADAR,RADAR_RIGHT_FRONT,1704027668503779,True,samples,samples/RADAR_RIGHT_FRONT/RADAR_RIGHT_FRONT_1704027668503779.pcd
47eeed6078ac4218bdf2736adce4d788,9bb4c0e43cf34d73bf44859d4880e87b,81f0a41d0a7a44e0ae8f8ea0ade95fdf,RADAR,RADAR_RIGHT_FRONT,1704027669005303,True,samples,samples/RADAR_RIGHT_FRONT/RADAR_RIGHT_FRONT_1704027669005303.pcd
4d8b1dc47e5c4cf2b3f596717928547d,ff8de0a92fcd4c80bd500c8559a13c4a,81f0a41d0a7a44e0ae8f8ea0ade95fdf,RADAR,RADAR_RIGHT_FRONT,1704027669501625,True,samples,samples/RADAR_RIGHT_FRONT/RADAR_RIGHT_FRONT_1704027669501625.pcd
509c74f36fb0498387a78fe173fe34d0,1c5c51644f6146768f20095390d245f1,81f0a41d0a7a44e0ae8f8ea0ade95fdf,RADAR,RADAR_RIGHT_FRONT,1704027670003626,True,samples,samples/RADAR_RIGHT_FRONT/RADAR_RIGHT_FRONT_1704027670003626.pcd
b10af266a9eb4268a0f38632717407cc,7794802fda86401d8d0a7935731f18a8,81f0a41d0a7a44e0ae8f8ea0ade95fdf,RADAR,RADAR_RIGHT_FRONT,1704027670505036,True,samples,samples/RADAR_RIGHT_FRONT/RADAR_RIGHT_FRONT_1704027670505036.pcd
0dfa6c550e804519b7868a202c853b53,5bfc3e2a975245f99dbdea34259ddd3c,81f0a41d0a7a44e0ae8f8ea0ade95fdf,RADAR,RADAR_RIGHT_FRONT,1704027671001961,True,samples,samples/RADAR_RIGHT_FRONT/RADAR_RIGHT_FRONT_1704027671001961.pcd
83c171b0172d48c28c38b8416b59f013,750d50a1a10d48efb33ccaa7280fa010,81f0a41d0a7a44e0ae8f8ea0ade95fdf,RADAR,RADAR_RIGHT_FRONT,1704027671503188,True,samples,samples/RADAR_RIGHT_FRONT/RADAR_RIGHT_FRONT_1704027671503188.pcd
8b05ad9c33634fc5b3e12bec1970d6c3,3cddaef43c124e2aa3814cd251fcb131,81f0a41d0a7a44e0ae8f8ea0ade95fdf,RADAR,RADAR_RIGHT_FRONT,1704027672004766,True,samples,samples/RADAR_RIGHT_FRONT/RADAR_RIGHT_FRONT_1704027672004766.pcd
7afeb67d83ab44aa8620d4d98352664b,bfa3a0b5782c4aa59d27134daa9a314f,81f0a41d0a7a44e0ae8f8ea0ade95fdf,RADAR,RADAR_RIGHT_FRONT,1704027672502207,True,samples,samples/RADAR_RIGHT_FRONT/RADAR_RIGHT_FRONT_1704027672502207.pcd
987ed922b3a745dea109a48f5a4fc865,49f482b35bec43b393b9593fdc313248,81f0a41d0a7a44e0ae8f8ea0ade95fdf,RADAR,RADAR_RIGHT_FRONT,1704027673003017,True,samples,samples/RADAR_RIGHT_FRONT/RADAR_RIGHT_FRONT_1704027673003017.pcd
c994fdd5e8394bb783e78477f2a81b1f,c436471660d04308a31787eaac3325ba,81f0a41d0a7a44e0ae8f8ea0ade95fdf,RADAR,RADAR_RIGHT_FRONT,1704027673504763,True,samples,samples/RADAR_RIGHT_FRONT/RADAR_RIGHT_FRONT_1704027673504763.pcd
219755422ed24406b7998a5f74154b76,58fbc3f0113b492796494ca3ed721221,81f0a41d0a7a44e0ae8f8ea0ade95fdf,RADAR,RADAR_RIGHT_FRONT,1704027674001637,True,samples,samples/RADAR_RIGHT_FRONT/RADAR_RIGHT_FRONT_1704027674001637.pcd
1aaaa6e1eee84cfabc14dcd7b1712fbd,efdf43b811f84e0c90b8615a9bb45c95,81f0a41d0a7a44e0ae8f8ea0ade95fdf,RADAR,RADAR_RIGHT_FRONT,1704027674503475,True,samples,samples/RADAR_RIGHT_FRONT/RADAR_RIGHT_FRONT_1704027674503475.pcd
ccc570a2928b44859d521260b913be7a,2cc0eeeeb89f4626b3455f3851b01034,81f0a41d0a7a44e0ae8f8ea0ade95fdf,RADAR,RADAR_RIGHT_FRONT,1704027675004401,True,samples,samples/RADAR_RIGHT_FRONT/RADAR_RIGHT_FRONT_1704027675004401.pcd
db5fc447784d40dc9e59e1738fe7371b,ec17dfb1934341549f650afd60325801,81f0a41d0a7a44e0ae8f8ea0ade95fdf,RADAR,RADAR_RIGHT_FRONT,1704027675502304,True,samples,samples/RADAR_RIGHT_FRONT/RADAR_RIGHT_FRONT_1704027675502304.pcd
9339504773c14bc3a6840b0db587ccf1,1eb6c0c7adad4cf29e8da13dcf8ef16b,81f0a41d0a7a44e0ae8f8ea0ade95fdf,RADAR,RADAR_LEFT_FRONT,1704027656002098,True,samples,samples/RADAR_LEFT_FRONT/RADAR_LEFT_FRONT_1704027656002098.pcd
f48fe22e603f4ef19d2ccfb3b073ee52,c47d261c32ec405b836f0b832b776438,81f0a41d0a7a44e0ae8f8ea0ade95fdf,RADAR,RADAR_LEFT_FRONT,1704027656504102,True,samples,samples/RADAR_LEFT_FRONT/RADAR_LEFT_FRONT_1704027656504102.pcd
a46f6730c6ae478eb73623b0daab3512,7e82125df00b40aaaa57a34ba7907771,81f0a41d0a7a44e0ae8f8ea0ade95fdf,RADAR,RADAR_LEFT_FRONT,1704027657005647,True,samples,samples/RADAR_LEFT_FRONT/RADAR_LEFT_FRONT_1704027657005647.pcd
52b0cb761cc14017a48d9c45fc9e4c5d,8645dd1e937d48dfb703be785dee3145,81f0a41d0a7a44e0ae8f8ea0ade95fdf,RADAR,RADAR_LEFT_FRONT,1704027657502683,True,samples,samples/RADAR_LEFT_FRONT/RADAR_LEFT_FRONT_1704027657502683.pcd
08af127b403c454d97324449b95ea33c,2c8a57a97fd140919df0708d479a972b,81f0a41d0a7a44e0ae8f8ea0ade95fdf,RADAR,RADAR_LEFT_FRONT,1704027658004005,True,samples,samples/RADAR_LEFT_FRONT/RADAR_LEFT_FRONT_1704027658004005.pcd
0caa6ecd71d0486e8507c84955ad4ade,2137f8fd8f78489fb089b818d8215c34,81f0a41d0a7a44e0ae8f8ea0ade95fdf,RADAR,RADAR_LEFT_FRONT,1704027658505310,True,samples,samples/RADAR_LEFT_FRONT/RADAR_LEFT_FRONT_1704027658505310.pcd
2885eb97715b446d8fc0333c0f08527e,40b040ffc4934d349184dfe3e8bf9e0c,81f0a41d0a7a44e0ae8f8ea0ade95fdf,RADAR,RADAR_LEFT_FRONT,1704027659001817,True,samples,samples/RADAR_LEFT_FRONT/RADAR_LEFT_FRONT_1704027659001817.pcd
846dfe4ac3814710ad87a606eb2831fd,c65dea1742af45629519f0f94af9f031,81f0a41d0a7a44e0ae8f8ea0ade95fdf,RADAR,RADAR_LEFT_FRONT,1704027659503785,True,samples,samples/RADAR_LEFT_FRONT/RADAR_LEFT_FRONT_1704027659503785.pcd
011572621c514bcdb3d153ba418b4a28,31c077270b154d97aa6e93489fd55140,81f0a41d0a7a44e0ae8f8ea0ade95fdf,RADAR,RADAR_LEFT_FRONT,1704027660005246,True,samples,samples/RADAR_LEFT_FRONT/RADAR_LEFT_FRONT_1704027660005246.pcd
999715a8d6be442b8467ffd65fd912f6,047569d8cae6404c97d074a86f30e636,81f0a41d0a7a44e0ae8f8ea0ade95fdf,RADAR,RADAR_LEFT_FRONT,1704027660502183,True,samples,samples/RADAR_LEFT_FRONT/RADAR_LEFT_FRONT_1704027660502183.pcd
1e795592ffd8472587cfe48d6f2ca1b5,66a01830f80f4eed9d8f405334842f78,81f0a41d0a7a44e0ae8f8ea0ade95fdf,RADAR,RADAR_LEFT_FRONT,1704027661003430,True,samples,samples/RADAR_LEFT_FRONT/RADAR_LEFT_FRONT_1704027661003430.pcd
21bf556fd7144bf4b00511a0bea8a90b,16aa20e30fe94de9b51a9dac5cb919c4,81f0a41d0a7a44e0ae8f8ea0ade95fdf,RADAR,RADAR_LEFT_FRONT,1704027661504995,True,samples,samples/RADAR_LEFT_FRONT/RADAR_LEFT_FRONT_1704027661504995.pcd
9cd10e1195e54c4d8c8688526db7d171,85badd1a12cc4ba18d56fb12eab19d5d,81f0a41d0a7a44e0ae8f8ea0ade95fdf,RADAR,RADAR_LEFT_FRONT,1704027662002272,True,samples,samples/RADAR_LEFT_FRONT/RADAR_LEFT_FRONT_1704027662002272.pcd
f30635f490e64571afec40f50887dd63,e36adaf2da754ffdb49216769a94fd5e,81f0a41d0a7a44e0ae8f8ea0ade95fdf,RADAR,RADAR_LEFT_FRONT,1704027662503121,True,samples,samples/RADAR_LEFT_FRONT/RADAR_LEFT_FRONT_1704027662503121.pcd
3680f8f96c464267918d992b385630cf,ceb501e033a5449fa766450a05e0ba4a,81f0a41d0a7a44e0ae8f8ea0ade95fdf,RADAR,RADAR_LEFT_FRONT,1704027663004910,True,samples,samples/RADAR_LEFT_FRONT/RADAR_LEFT_FRONT_1704027663004910.pcd
423dea92613a4fa1bbf7a4fbabc0767b,724d874e90e446e2af1871a702dc8dd7,81f0a41d0a7a44e0ae8f8ea0ade95fdf,RADAR,RADAR_LEFT_FRONT,1704027663501827,True,samples,samples/RADAR_LEFT_FRONT/RADAR_LEFT_FRONT_1704027663501827.pcd
9ffeeb9d27be46b79ed1368a039b674d,23c0fc0644ba458781ecb6d10976ba8f,81f0a41d0a7a44e0ae8f8ea0ade95fdf,RADAR,RADAR_LEFT_FRONT,1704027664003539,True,samples,samples/RADAR_LEFT_FRONT/RADAR_LEFT_FRONT_1704027664003539.pcd
8735ab9c77bb499fbf5a77d612131e74,121b9bbeb7e249ff80f308a6967413d7,81f0a41d0a7a44e0ae8f8ea0ade95fdf,RADAR,RADAR_LEFT_FRONT,1704027664504408,True,samples,samples/RADAR_LEFT_FRONT/RADAR_LEFT_FRONT_1704027664504408.pcd
41cb5f31a19148449163886fb8eac415,c103c5de42ae4cef9bbbb29bbd240528,81f0a41d0a7a44e0ae8f8ea0ade95fdf,RADAR,RADAR_LEFT_FRONT,1704027664955668,True,samples,samples/RADAR_LEFT_FRONT/RADAR_LEFT_FRONT_1704027664955668.pcd
00e828f7b9714db7af051f20b1f1411d,d6d99b8b342f4683b8d98bb6d9d27c2f,81f0a41d0a7a44e0ae8f8ea0ade95fdf,RADAR,RADAR_LEFT_FRONT,1704027665503079,True,samples,samples/RADAR_LEFT_FRONT/RADAR_LEFT_FRONT_1704027665503079.pcd
2fbd1be6526a4967b4c5b3018873a874,6c9019c9a675472299004ca44e4af1ae,81f0a41d0a7a44e0ae8f8ea0ade95fdf,RADAR,RADAR_LEFT_FRONT,1704027666005612,True,samples,samples/RADAR_LEFT_FRONT/RADAR_LEFT_FRONT_1704027666005612.pcd
ce96a4cc5b9c4a10b336fad4a017be7e,9091d1c8f6f94b2cb32e0d4774429988,81f0a41d0a7a44e0ae8f8ea0ade95fdf,RADAR,RADAR_LEFT_FRONT,1704027666502051,True,samples,samples/RADAR_LEFT_FRONT/RADAR_LEFT_FRONT_1704027666502051.pcd
455225f29c9d4753997eb95bec418208,1156d73df84547b1a9e2c81cd67dbbce,81f0a41d0a7a44e0ae8f8ea0ade95fdf,RADAR,RADAR_LEFT_FRONT,1704027667004096,True,samples,samples/RADAR_LEFT_FRONT/RADAR_LEFT_FRONT_1704027667004096.pcd
4a011539c08946039980085a42735b40,092cd0954cc7490e8432fd9eb6358ad7,81f0a41d0a7a44e0ae8f8ea0ade95fdf,RADAR,RADAR_LEFT_FRONT,1704027667505640,True,samples,samples/RADAR_LEFT_FRONT/RADAR_LEFT_FRONT_1704027667505640.pcd
dcfa599cfb9b4688b5297d6ef2a08236,a6ede53ff2014741a2924a3dc6735aee,81f0a41d0a7a44e0ae8f8ea0ade95fdf,RADAR,RADAR_LEFT_FRONT,1704027668002624,True,samples,samples/RADAR_LEFT_FRONT/RADAR_LEFT_FRONT_1704027668002624.pcd
c028c759dda843c1bebce79a479f0901,7eb7840ac6e1479da2bd15325e0569a0,81f0a41d0a7a44e0ae8f8ea0ade95fdf,RADAR,RADAR_LEFT_FRONT,1704027668503868,True,samples,samples/RADAR_LEFT_FRONT/RADAR_LEFT_FRONT_1704027668503868.pcd
b84f23ebbf9546cbab0a2d7b59e5c8f2,9bb4c0e43cf34d73bf44859d4880e87b,81f0a41d0a7a44e0ae8f8ea0ade95fdf,RADAR,RADAR_LEFT_FRONT,1704027669005344,True,samples,samples/RADAR_LEFT_FRONT/RADAR_LEFT_FRONT_1704027669005344.pcd
25ae19bf31de4fdf8cd8c4634594de92,ff8de0a92fcd4c80bd500c8559a13c4a,81f0a41d0a7a44e0ae8f8ea0ade95fdf,RADAR,RADAR_LEFT_FRONT,1704027669501809,True,samples,samples/RADAR_LEFT_FRONT/RADAR_LEFT_FRONT_1704027669501809.pcd
6fad7744827341f9892cec8463b2af1a,1c5c51644f6146768f20095390d245f1,81f0a41d0a7a44e0ae8f8ea0ade95fdf,RADAR,RADAR_LEFT_FRONT,1704027670003763,True,samples,samples/RADAR_LEFT_FRONT/RADAR_LEFT_FRONT_1704027670003763.pcd
e1d54eb637a743e4ba4174603ed467ee,7794802fda86401d8d0a7935731f18a8,81f0a41d0a7a44e0ae8f8ea0ade95fdf,RADAR,RADAR_LEFT_FRONT,1704027670505207,True,samples,samples/RADAR_LEFT_FRONT/RADAR_LEFT_FRONT_1704027670505207.pcd
3511374a20634f6fbabc0745c378d9b7,5bfc3e2a975245f99dbdea34259ddd3c,81f0a41d0a7a44e0ae8f8ea0ade95fdf,RADAR,RADAR_LEFT_FRONT,1704027671002204,True,samples,samples/RADAR_LEFT_FRONT/RADAR_LEFT_FRONT_1704027671002204.pcd
8ccdb4f722e64dba9285eacafdc45bce,750d50a1a10d48efb33ccaa7280fa010,81f0a41d0a7a44e0ae8f8ea0ade95fdf,RADAR,RADAR_LEFT_FRONT,1704027671503403,True,samples,samples/RADAR_LEFT_FRONT/RADAR_LEFT_FRONT_1704027671503403.pcd
c8b11695d57241639208e54158a45282,3cddaef43c124e2aa3814cd251fcb131,81f0a41d0a7a44e0ae8f8ea0ade95fdf,RADAR,RADAR_LEFT_FRONT,1704027672004992,True,samples,samples/RADAR_LEFT_FRONT/RADAR_LEFT_FRONT_1704027672004992.pcd
f007dce59aa54a9d8eea3e3b220f2991,bfa3a0b5782c4aa59d27134daa9a314f,81f0a41d0a7a44e0ae8f8ea0ade95fdf,RADAR,RADAR_LEFT_FRONT,1704027672502230,True,samples,samples/RADAR_LEFT_FRONT/RADAR_LEFT_FRONT_1704027672502230.pcd
60a716746e264a609ab0274183390f89,49f482b35bec43b393b9593fdc313248,81f0a41d0a7a44e0ae8f8ea0ade95fdf,RADAR,RADAR_LEFT_FRONT,1704027673003155,True,samples,samples/RADAR_LEFT_FRONT/RADAR_LEFT_FRONT_1704027673003155.pcd
51930da0a5ff447884caaed2e6b543b6,c436471660d04308a31787eaac3325ba,81f0a41d0a7a44e0ae8f8ea0ade95fdf,RADAR,RADAR_LEFT_FRONT,1704027673504816,True,samples,samples/RADAR_LEFT_FRONT/RADAR_LEFT_FRONT_1704027673504816.pcd
c91af49f383745fb9b0d17b8780b33de,58fbc3f0113b492796494ca3ed721221,81f0a41d0a7a44e0ae8f8ea0ade95fdf,RADAR,RADAR_LEFT_FRONT,1704027674001793,True,samples,samples/RADAR_LEFT_FRONT/RADAR_LEFT_FRONT_1704027674001793.pcd
b0f7657c35c1466da9f9b0b791034539,efdf43b811f84e0c90b8615a9bb45c95,81f0a41d0a7a44e0ae8f8ea0ade95fdf,RADAR,RADAR_LEFT_FRONT,1704027674503637,True,samples,samples/RADAR_LEFT_FRONT/RADAR_LEFT_FRONT_1704027674503637.pcd
0ef09c8d66a84114b4ff8ea008494c15,2cc0eeeeb89f4626b3455f3851b01034,81f0a41d0a7a44e0ae8f8ea0ade95fdf,RADAR,RADAR_LEFT_FRONT,1704027675004481,True,samples,samples/RADAR_LEFT_FRONT/RADAR_LEFT_FRONT_1704027675004481.pcd
d69240b767d94a61972648d5bbfa7941,ec17dfb1934341549f650afd60325801,81f0a41d0a7a44e0ae8f8ea0ade95fdf,RADAR,RADAR_LEFT_FRONT,1704027675502510,True,samples,samples/RADAR_LEFT_FRONT/RADAR_LEFT_FRONT_1704027675502510.pcd
8fccb57257fd46eb9e5e183bb6b381cd,1eb6c0c7adad4cf29e8da13dcf8ef16b,81f0a41d0a7a44e0ae8f8ea0ade95fdf,RADAR,RADAR_LEFT_SIDE,1704027656002075,True,samples,samples/RADAR_LEFT_SIDE/RADAR_LEFT_SIDE_1704027656002075.pcd
728722aa66ce4b3bb5bd789687c3f0e0,c47d261c32ec405b836f0b832b776438,81f0a41d0a7a44e0ae8f8ea0ade95fdf,RADAR,RADAR_LEFT_SIDE,1704027656504108,True,samples,samples/RADAR_LEFT_SIDE/RADAR_LEFT_SIDE_1704027656504108.pcd
cb1254a65187419da48f1d499648d144,7e82125df00b40aaaa57a34ba7907771,81f0a41d0a7a44e0ae8f8ea0ade95fdf,RADAR,RADAR_LEFT_SIDE,1704027657005731,True,samples,samples/RADAR_LEFT_SIDE/RADAR_LEFT_SIDE_1704027657005731.pcd
3c725d6b5d304b098241a6da2fe9d15d,8645dd1e937d48dfb703be785dee3145,81f0a41d0a7a44e0ae8f8ea0ade95fdf,RADAR,RADAR_LEFT_SIDE,1704027657502696,True,samples,samples/RADAR_LEFT_SIDE/RADAR_LEFT_SIDE_1704027657502696.pcd
227481e275e44446af5eece2edef5292,2c8a57a97fd140919df0708d479a972b,81f0a41d0a7a44e0ae8f8ea0ade95fdf,RADAR,RADAR_LEFT_SIDE,1704027658004052,True,samples,samples/RADAR_LEFT_SIDE/RADAR_LEFT_SIDE_1704027658004052.pcd
f4b53fec4ed9400c905817ce6bd6a0c9,2137f8fd8f78489fb089b818d8215c34,81f0a41d0a7a44e0ae8f8ea0ade95fdf,RADAR,RADAR_LEFT_SIDE,1704027658505342,True,samples,samples/RADAR_LEFT_SIDE/RADAR_LEFT_SIDE_1704027658505342.pcd
fae01a09f305421c80a2e7bdedf64f47,40b040ffc4934d349184dfe3e8bf9e0c,81f0a41d0a7a44e0ae8f8ea0ade95fdf,RADAR,RADAR_LEFT_SIDE,1704027659002024,True,samples,samples/RADAR_LEFT_SIDE/RADAR_LEFT_SIDE_1704027659002024.pcd
889c405d4db24d4c90dcbd3ae9ee9335,c65dea1742af45629519f0f94af9f031,81f0a41d0a7a44e0ae8f8ea0ade95fdf,RADAR,RADAR_LEFT_SIDE,1704027659503889,True,samples,samples/RADAR_LEFT_SIDE/RADAR_LEFT_SIDE_1704027659503889.pcd
26f6dcc1e9924bb596edb683d8695f13,31c077270b154d97aa6e93489fd55140,81f0a41d0a7a44e0ae8f8ea0ade95fdf,RADAR,RADAR_LEFT_SIDE,1704027660005283,True,samples,samples/RADAR_LEFT_SIDE/RADAR_LEFT_SIDE_1704027660005283.pcd
ecdaefbad18d4686a2544463e12099d4,047569d8cae6404c97d074a86f30e636,81f0a41d0a7a44e0ae8f8ea0ade95fdf,RADAR,RADAR_LEFT_SIDE,1704027660502191,True,samples,samples/RADAR_LEFT_SIDE/RADAR_LEFT_SIDE_1704027660502191.pcd
f1c17b306e9e48ac8456f14ce6e2a7c4,66a01830f80f4eed9d8f405334842f78,81f0a41d0a7a44e0ae8f8ea0ade95fdf,RADAR,RADAR_LEFT_SIDE,1704027661003474,True,samples,samples/RADAR_LEFT_SIDE/RADAR_LEFT_SIDE_1704027661003474.pcd
d30595e81a0a437aa861fa6d18aff19c,16aa20e30fe94de9b51a9dac5cb919c4,81f0a41d0a7a44e0ae8f8ea0ade95fdf,RADAR,RADAR_LEFT_SIDE,1704027661505087,True,samples,samples/RADAR_LEFT_SIDE/RADAR_LEFT_SIDE_1704027661505087.pcd
4be4d4e4de9941289a0df0b7045c713a,85badd1a12cc4ba18d56fb12eab19d5d,81f0a41d0a7a44e0ae8f8ea0ade95fdf,RADAR,RADAR_LEFT_SIDE,1704027662002257,True,samples,samples/RADAR_LEFT_SIDE/RADAR_LEFT_SIDE_1704027662002257.pcd
b3a22c30eb704374818d856c43f9cf10,e36adaf2da754ffdb49216769a94fd5e,81f0a41d0a7a44e0ae8f8ea0ade95fdf,RADAR,RADAR_LEFT_SIDE,1704027662503122,True,samples,samples/RADAR_LEFT_SIDE/RADAR_LEFT_SIDE_1704027662503122.pcd
3e21808f478b48538409cc94165fbd2c,ceb501e033a5449fa766450a05e0ba4a,81f0a41d0a7a44e0ae8f8ea0ade95fdf,RADAR,RADAR_LEFT_SIDE,1704027663004891,True,samples,samples/RADAR_LEFT_SIDE/RADAR_LEFT_SIDE_1704027663004891.pcd
5620c222d5c647ab981d14df230c85f7,724d874e90e446e2af1871a702dc8dd7,81f0a41d0a7a44e0ae8f8ea0ade95fdf,RADAR,RADAR_LEFT_SIDE,1704027663501840,True,samples,samples/RADAR_LEFT_SIDE/RADAR_LEFT_SIDE_1704027663501840.pcd
51faef86623d4878969c9593f1878a7f,23c0fc0644ba458781ecb6d10976ba8f,81f0a41d0a7a44e0ae8f8ea0ade95fdf,RADAR,RADAR_LEFT_SIDE,1704027664003690,True,samples,samples/RADAR_LEFT_SIDE/RADAR_LEFT_SIDE_1704027664003690.pcd
722eafd24213475fb32cb969cdef8932,121b9bbeb7e249ff80f308a6967413d7,81f0a41d0a7a44e0ae8f8ea0ade95fdf,RADAR,RADAR_LEFT_SIDE,1704027664504528,True,samples,samples/RADAR_LEFT_SIDE/RADAR_LEFT_SIDE_1704027664504528.pcd
76e298934809437b826922e49ebf6997,c103c5de42ae4cef9bbbb29bbd240528,81f0a41d0a7a44e0ae8f8ea0ade95fdf,RADAR,RADAR_LEFT_SIDE,1704027665002380,True,samples,samples/RADAR_LEFT_SIDE/RADAR_LEFT_SIDE_1704027665002380.pcd
9cf5386a3cc74959a07c9bee63a806e2,d6d99b8b342f4683b8d98bb6d9d27c2f,81f0a41d0a7a44e0ae8f8ea0ade95fdf,RADAR,RADAR_LEFT_SIDE,1704027665503048,True,samples,samples/RADAR_LEFT_SIDE/RADAR_LEFT_SIDE_1704027665503048.pcd
554316dfab7c46fca220ddae45e7300b,6c9019c9a675472299004ca44e4af1ae,81f0a41d0a7a44e0ae8f8ea0ade95fdf,RADAR,RADAR_LEFT_SIDE,1704027666005643,True,samples,samples/RADAR_LEFT_SIDE/RADAR_LEFT_SIDE_1704027666005643.pcd
50e417220e224b148ddb60e0fec0747a,9091d1c8f6f94b2cb32e0d4774429988,81f0a41d0a7a44e0ae8f8ea0ade95fdf,RADAR,RADAR_LEFT_SIDE,1704027666502089,True,samples,samples/RADAR_LEFT_SIDE/RADAR_LEFT_SIDE_1704027666502089.pcd
c51ae2dbc744403d8eaabb33d2d87cba,1156d73df84547b1a9e2c81cd67dbbce,81f0a41d0a7a44e0ae8f8ea0ade95fdf,RADAR,RADAR_LEFT_SIDE,1704027667004065,True,samples,samples/RADAR_LEFT_SIDE/RADAR_LEFT_SIDE_1704027667004065.pcd
901bd25d70ba48a1828b2c6c0b00f9b0,092cd0954cc7490e8432fd9eb6358ad7,81f0a41d0a7a44e0ae8f8ea0ade95fdf,RADAR,RADAR_LEFT_SIDE,1704027667505660,True,samples,samples/RADAR_LEFT_SIDE/RADAR_LEFT_SIDE_1704027667505660.pcd
b999e96afd69475a8257e926516f3476,a6ede53ff2014741a2924a3dc6735aee,81f0a41d0a7a44e0ae8f8ea0ade95fdf,RADAR,RADAR_LEFT_SIDE,1704027668002632,True,samples,samples/RADAR_LEFT_SIDE/RADAR_LEFT_SIDE_1704027668002632.pcd
14e38f20d9a4410ead82f57e8e9883dc,7eb7840ac6e1479da2bd15325e0569a0,81f0a41d0a7a44e0ae8f8ea0ade95fdf,RADAR,RADAR_LEFT_SIDE,1704027668503941,True,samples,samples/RADAR_LEFT_SIDE/RADAR_LEFT_SIDE_1704027668503941.pcd
a9a2638a094c40529e36133f58b28bee,9bb4c0e43cf34d73bf44859d4880e87b,81f0a41d0a7a44e0ae8f8ea0ade95fdf,RADAR,RADAR_LEFT_SIDE,1704027669005384,True,samples,samples/RADAR_LEFT_SIDE/RADAR_LEFT_SIDE_1704027669005384.pcd
0d97c60ab619434c83ffa6f79ed66837,ff8de0a92fcd4c80bd500c8559a13c4a,81f0a41d0a7a44e0ae8f8ea0ade95fdf,RADAR,RADAR_LEFT_SIDE,1704027669501755,True,samples,samples/RADAR_LEFT_SIDE/RADAR_LEFT_SIDE_1704027669501755.pcd
b80c8c6494964009b60e316a62deb361,1c5c51644f6146768f20095390d245f1,81f0a41d0a7a44e0ae8f8ea0ade95fdf,RADAR,RADAR_LEFT_SIDE,1704027670003752,True,samples,samples/RADAR_LEFT_SIDE/RADAR_LEFT_SIDE_1704027670003752.pcd
685fe27a97eb4c8b80c4665534a34631,7794802fda86401d8d0a7935731f18a8,81f0a41d0a7a44e0ae8f8ea0ade95fdf,RADAR,RADAR_LEFT_SIDE,1704027670505253,True,samples,samples/RADAR_LEFT_SIDE/RADAR_LEFT_SIDE_1704027670505253.pcd
36bc39c295e9494f878a094005a87bc2,5bfc3e2a975245f99dbdea34259ddd3c,81f0a41d0a7a44e0ae8f8ea0ade95fdf,RADAR,RADAR_LEFT_SIDE,1704027671002167,True,samples,samples/RADAR_LEFT_SIDE/RADAR_LEFT_SIDE_1704027671002167.pcd
9e46d7a519e44aa8826709e9367a72e2,750d50a1a10d48efb33ccaa7280fa010,81f0a41d0a7a44e0ae8f8ea0ade95fdf,RADAR,RADAR_LEFT_SIDE,1704027671503344,True,samples,samples/RADAR_LEFT_SIDE/RADAR_LEFT_SIDE_1704027671503344.pcd
3a97513e9213454282b1dc94be4ba798,3cddaef43c124e2aa3814cd251fcb131,81f0a41d0a7a44e0ae8f8ea0ade95fdf,RADAR,RADAR_LEFT_SIDE,1704027672005066,True,samples,samples/RADAR_LEFT_SIDE/RADAR_LEFT_SIDE_1704027672005066.pcd
beaeda6c302e431da62620ccaf55fa92,bfa3a0b5782c4aa59d27134daa9a314f,81f0a41d0a7a44e0ae8f8ea0ade95fdf,RADAR,RADAR_LEFT_SIDE,1704027672502220,True,samples,samples/RADAR_LEFT_SIDE/RADAR_LEFT_SIDE_1704027672502220.pcd
c5d85759fbea4115a22800514ebd1fbd,49f482b35bec43b393b9593fdc313248,81f0a41d0a7a44e0ae8f8ea0ade95fdf,RADAR,RADAR_LEFT_SIDE,1704027673003301,True,samples,samples/RADAR_LEFT_SIDE/RADAR_LEFT_SIDE_1704027673003301.pcd
ad6e07dc08f444c4b39882a6db81f46e,c436471660d04308a31787eaac3325ba,81f0a41d0a7a44e0ae8f8ea0ade95fdf,RADAR,RADAR_LEFT_SIDE,1704027673504723,True,samples,samples/RADAR_LEFT_SIDE/RADAR_LEFT_SIDE_1704027673504723.pcd
90833916a21b44f9a991aa76c7a10a8d,58fbc3f0113b492796494ca3ed721221,81f0a41d0a7a44e0ae8f8ea0ade95fdf,RADAR,RADAR_LEFT_SIDE,1704027674001746,True,samples,samples/RADAR_LEFT_SIDE/RADAR_LEFT_SIDE_1704027674001746.pcd
a3ab7d65700c440a8ffb5c20e306d7f1,efdf43b811f84e0c90b8615a9bb45c95,81f0a41d0a7a44e0ae8f8ea0ade95fdf,RADAR,RADAR_LEFT_SIDE,1704027674503560,True,samples,samples/RADAR_LEFT_SIDE/RADAR_LEFT_SIDE_1704027674503560.pcd
1b1acab839514556850ec3be54f02010,2cc0eeeeb89f4626b3455f3851b01034,81f0a41d0a7a44e0ae8f8ea0ade95fdf,RADAR,RADAR_LEFT_SIDE,1704027675004424,True,samples,samples/RADAR_LEFT_SIDE/RADAR_LEFT_SIDE_1704027675004424.pcd
e9a8ab6a4fd94ee2ab1d1c4b5f146da6,ec17dfb1934341549f650afd60325801,81f0a41d0a7a44e0ae8f8ea0ade95fdf,RADAR,RADAR_LEFT_SIDE,1704027675502386,True,samples,samples/RADAR_LEFT_SIDE/RADAR_LEFT_SIDE_1704027675502386.pcd
6271295b1d624820b06e2b227403d822,1eb6c0c7adad4cf29e8da13dcf8ef16b,81f0a41d0a7a44e0ae8f8ea0ade95fdf,RADAR,RADAR_LEFT_BACK,1704027656001822,True,samples,samples/RADAR_LEFT_BACK/RADAR_LEFT_BACK_1704027656001822.pcd
703d5c737dce4a569597af808b03d793,c47d261c32ec405b836f0b832b776438,81f0a41d0a7a44e0ae8f8ea0ade95fdf,RADAR,RADAR_LEFT_BACK,1704027656503829,True,samples,samples/RADAR_LEFT_BACK/RADAR_LEFT_BACK_1704027656503829.pcd
dc2fef9c41044f29930c02403bf6035e,7e82125df00b40aaaa57a34ba7907771,81f0a41d0a7a44e0ae8f8ea0ade95fdf,RADAR,RADAR_LEFT_BACK,1704027657005645,True,samples,samples/RADAR_LEFT_BACK/RADAR_LEFT_BACK_1704027657005645.pcd
f7bdfa2c9ce14552bdea30a7062a9ab1,8645dd1e937d48dfb703be785dee3145,81f0a41d0a7a44e0ae8f8ea0ade95fdf,RADAR,RADAR_LEFT_BACK,1704027657502659,True,samples,samples/RADAR_LEFT_BACK/RADAR_LEFT_BACK_1704027657502659.pcd
1410198564594a6994b0bf0faf4b9b23,2c8a57a97fd140919df0708d479a972b,81f0a41d0a7a44e0ae8f8ea0ade95fdf,RADAR,RADAR_LEFT_BACK,1704027658003965,True,samples,samples/RADAR_LEFT_BACK/RADAR_LEFT_BACK_1704027658003965.pcd
1f9f3f5e5d3340f499ba9755d8f63746,2137f8fd8f78489fb089b818d8215c34,81f0a41d0a7a44e0ae8f8ea0ade95fdf,RADAR,RADAR_LEFT_BACK,1704027658505316,True,samples,samples/RADAR_LEFT_BACK/RADAR_LEFT_BACK_1704027658505316.pcd
3a205cbd20b6436c82199491fc8ec1e0,40b040ffc4934d349184dfe3e8bf9e0c,81f0a41d0a7a44e0ae8f8ea0ade95fdf,RADAR,RADAR_LEFT_BACK,1704027659001737,True,samples,samples/RADAR_LEFT_BACK/RADAR_LEFT_BACK_1704027659001737.pcd
adbb1b35bddd4edda097a11b39532035,c65dea1742af45629519f0f94af9f031,81f0a41d0a7a44e0ae8f8ea0ade95fdf,RADAR,RADAR_LEFT_BACK,1704027659503848,True,samples,samples/RADAR_LEFT_BACK/RADAR_LEFT_BACK_1704027659503848.pcd
6d2d51bb1b214233a3973cdbb3ee023d,31c077270b154d97aa6e93489fd55140,81f0a41d0a7a44e0ae8f8ea0ade95fdf,RADAR,RADAR_LEFT_BACK,1704027659953674,True,samples,samples/RADAR_LEFT_BACK/RADAR_LEFT_BACK_1704027659953674.pcd
25b6cce559774837875fa598a33cda81,047569d8cae6404c97d074a86f30e636,81f0a41d0a7a44e0ae8f8ea0ade95fdf,RADAR,RADAR_LEFT_BACK,1704027660502218,True,samples,samples/RADAR_LEFT_BACK/RADAR_LEFT_BACK_1704027660502218.pcd
605122cfcd154f00b1c8d5d469345190,66a01830f80f4eed9d8f405334842f78,81f0a41d0a7a44e0ae8f8ea0ade95fdf,RADAR,RADAR_LEFT_BACK,1704027661003451,True,samples,samples/RADAR_LEFT_BACK/RADAR_LEFT_BACK_1704027661003451.pcd
1ac507bccc874b5bbddaacc89cd62910,16aa20e30fe94de9b51a9dac5cb919c4,81f0a41d0a7a44e0ae8f8ea0ade95fdf,RADAR,RADAR_LEFT_BACK,1704027661505115,True,samples,samples/RADAR_LEFT_BACK/RADAR_LEFT_BACK_1704027661505115.pcd
c885a0fec7c04b5db9be1ea4d2af961c,85badd1a12cc4ba18d56fb12eab19d5d,81f0a41d0a7a44e0ae8f8ea0ade95fdf,RADAR,RADAR_LEFT_BACK,1704027662002270,True,samples,samples/RADAR_LEFT_BACK/RADAR_LEFT_BACK_1704027662002270.pcd
a2263bd7f5654559920697d2f2a98a01,e36adaf2da754ffdb49216769a94fd5e,81f0a41d0a7a44e0ae8f8ea0ade95fdf,RADAR,RADAR_LEFT_BACK,1704027662503162,True,samples,samples/RADAR_LEFT_BACK/RADAR_LEFT_BACK_1704027662503162.pcd
3e75bab972094753a271c5beede04fd1,ceb501e033a5449fa766450a05e0ba4a,81f0a41d0a7a44e0ae8f8ea0ade95fdf,RADAR,RADAR_LEFT_BACK,1704027663004923,True,samples,samples/RADAR_LEFT_BACK/RADAR_LEFT_BACK_1704027663004923.pcd
547a5411ee804bd3973d829f57e9b373,724d874e90e446e2af1871a702dc8dd7,81f0a41d0a7a44e0ae8f8ea0ade95fdf,RADAR,RADAR_LEFT_BACK,1704027663501849,True,samples,samples/RADAR_LEFT_BACK/RADAR_LEFT_BACK_1704027663501849.pcd
0f28dd3ed99b4a3d918bb17d6bd7b540,23c0fc0644ba458781ecb6d10976ba8f,81f0a41d0a7a44e0ae8f8ea0ade95fdf,RADAR,RADAR_LEFT_BACK,1704027664003596,True,samples,samples/RADAR_LEFT_BACK/RADAR_LEFT_BACK_1704027664003596.pcd
21583a1594d64b499e5ef8f9b399db9c,121b9bbeb7e249ff80f308a6967413d7,81f0a41d0a7a44e0ae8f8ea0ade95fdf,RADAR,RADAR_LEFT_BACK,1704027664504446,True,samples,samples/RADAR_LEFT_BACK/RADAR_LEFT_BACK_1704027664504446.pcd
0ffe87f204bc46f088ffee2151fd3d0f,c103c5de42ae4cef9bbbb29bbd240528,81f0a41d0a7a44e0ae8f8ea0ade95fdf,RADAR,RADAR_LEFT_BACK,1704027665002596,True,samples,samples/RADAR_LEFT_BACK/RADAR_LEFT_BACK_1704027665002596.pcd
3c276c2dba9246a0b8e6f7b4c70fb9bc,d6d99b8b342f4683b8d98bb6d9d27c2f,81f0a41d0a7a44e0ae8f8ea0ade95fdf,RADAR,RADAR_LEFT_BACK,1704027665503127,True,samples,samples/RADAR_LEFT_BACK/RADAR_LEFT_BACK_1704027665503127.pcd
8dc8d1023aa445d396b965cd4160534d,6c9019c9a675472299004ca44e4af1ae,81f0a41d0a7a44e0ae8f8ea0ade95fdf,RADAR,RADAR_LEFT_BACK,1704027666005682,True,samples,samples/RADAR_LEFT_BACK/RADAR_LEFT_BACK_1704027666005682.pcd
d368d482c71e4dfa961bf5216409a24a,9091d1c8f6f94b2cb32e0d4774429988,81f0a41d0a7a44e0ae8f8ea0ade95fdf,RADAR,RADAR_LEFT_BACK,1704027666455557,True,samples,samples/RADAR_LEFT_BACK/RADAR_LEFT_BACK_1704027666455557.pcd
553b8d3ab9134285b5ca3dbeac7a9aca,1156d73df84547b1a9e2c81cd67dbbce,81f0a41d0a7a44e0ae8f8ea0ade95fdf,RADAR,RADAR_LEFT_BACK,1704027667004306,True,samples,samples/RADAR_LEFT_BACK/RADAR_LEFT_BACK_1704027667004306.pcd
a30c7680c4014d70ad982fc5a30ad519,092cd0954cc7490e8432fd9eb6358ad7,81f0a41d0a7a44e0ae8f8ea0ade95fdf,RADAR,RADAR_LEFT_BACK,1704027667505635,True,samples,samples/RADAR_LEFT_BACK/RADAR_LEFT_BACK_1704027667505635.pcd
2122426f2c7b40ac9035ff52bfc03321,a6ede53ff2014741a2924a3dc6735aee,81f0a41d0a7a44e0ae8f8ea0ade95fdf,RADAR,RADAR_LEFT_BACK,1704027668002736,True,samples,samples/RADAR_LEFT_BACK/RADAR_LEFT_BACK_1704027668002736.pcd
1886de76b76f46fc828e5f06107f4bc7,7eb7840ac6e1479da2bd15325e0569a0,81f0a41d0a7a44e0ae8f8ea0ade95fdf,RADAR,RADAR_LEFT_BACK,1704027668503848,True,samples,samples/RADAR_LEFT_BACK/RADAR_LEFT_BACK_1704027668503848.pcd
6990aefd538c463188373d2db7d7ee02,9bb4c0e43cf34d73bf44859d4880e87b,81f0a41d0a7a44e0ae8f8ea0ade95fdf,RADAR,RADAR_LEFT_BACK,1704027669005466,True,samples,samples/RADAR_LEFT_BACK/RADAR_LEFT_BACK_1704027669005466.pcd
c060b8683b0f430c91c6835451dc651b,ff8de0a92fcd4c80bd500c8559a13c4a,81f0a41d0a7a44e0ae8f8ea0ade95fdf,RADAR,RADAR_LEFT_BACK,1704027669501737,True,samples,samples/RADAR_LEFT_BACK/RADAR_LEFT_BACK_1704027669501737.pcd
f78a3c16d7e14bdbac61744533f76ec2,1c5c51644f6146768f20095390d245f1,81f0a41d0a7a44e0ae8f8ea0ade95fdf,RADAR,RADAR_LEFT_BACK,1704027670003858,True,samples,samples/RADAR_LEFT_BACK/RADAR_LEFT_BACK_1704027670003858.pcd
3769e5a73aed4366833d9bc06341d420,7794802fda86401d8d0a7935731f18a8,81f0a41d0a7a44e0ae8f8ea0ade95fdf,RADAR,RADAR_LEFT_BACK,1704027670453603,True,samples,samples/RADAR_LEFT_BACK/RADAR_LEFT_BACK_1704027670453603.pcd
a312824dbee54598ae488ffeed156ee2,5bfc3e2a975245f99dbdea34259ddd3c,81f0a41d0a7a44e0ae8f8ea0ade95fdf,RADAR,RADAR_LEFT_BACK,1704027671002221,True,samples,samples/RADAR_LEFT_BACK/RADAR_LEFT_BACK_1704027671002221.pcd
7db31666796e42119abc35f82fb7b3b5,750d50a1a10d48efb33ccaa7280fa010,81f0a41d0a7a44e0ae8f8ea0ade95fdf,RADAR,RADAR_LEFT_BACK,1704027671503449,True,samples,samples/RADAR_LEFT_BACK/RADAR_LEFT_BACK_1704027671503449.pcd
c404c3134ed24df48a064f6e971a8727,3cddaef43c124e2aa3814cd251fcb131,81f0a41d0a7a44e0ae8f8ea0ade95fdf,RADAR,RADAR_LEFT_BACK,1704027672005115,True,samples,samples/RADAR_LEFT_BACK/RADAR_LEFT_BACK_1704027672005115.pcd
f1eecdf934d54981a0f354ba165ea45a,bfa3a0b5782c4aa59d27134daa9a314f,81f0a41d0a7a44e0ae8f8ea0ade95fdf,RADAR,RADAR_LEFT_BACK,1704027672502410,True,samples,samples/RADAR_LEFT_BACK/RADAR_LEFT_BACK_1704027672502410.pcd
39768161ab694ff39e032588ea57775c,49f482b35bec43b393b9593fdc313248,81f0a41d0a7a44e0ae8f8ea0ade95fdf,RADAR,RADAR_LEFT_BACK,1704027673003263,True,samples,samples/RADAR_LEFT_BACK/RADAR_LEFT_BACK_1704027673003263.pcd
c20ce4fafb2a4905bd69cc6dfe1dd578,c436471660d04308a31787eaac3325ba,81f0a41d0a7a44e0ae8f8ea0ade95fdf,RADAR,RADAR_LEFT_BACK,1704027673504872,True,samples,samples/RADAR_LEFT_BACK/RADAR_LEFT_BACK_1704027673504872.pcd
22cbba0a90d44f75b0d21b836767c4ab,58fbc3f0113b492796494ca3ed721221,81f0a41d0a7a44e0ae8f8ea0ade95fdf,RADAR,RADAR_LEFT_BACK,1704027674001765,True,samples,samples/RADAR_LEFT_BACK/RADAR_LEFT_BACK_1704027674001765.pcd
396d67eacc8449d99886bcce8bca61a6,efdf43b811f84e0c90b8615a9bb45c95,81f0a41d0a7a44e0ae8f8ea0ade95fdf,RADAR,RADAR_LEFT_BACK,1704027674503612,True,samples,samples/RADAR_LEFT_BACK/RADAR_LEFT_BACK_1704027674503612.pcd
919525b47ea04bc79dd716c75fe7c1c4,2cc0eeeeb89f4626b3455f3851b01034,81f0a41d0a7a44e0ae8f8ea0ade95fdf,RADAR,RADAR_LEFT_BACK,1704027675004410,True,samples,samples/RADAR_LEFT_BACK/RADAR_LEFT_BACK_1704027675004410.pcd
83fe136a64994c7981402b7fdbf76657,ec17dfb1934341549f650afd60325801,81f0a41d0a7a44e0ae8f8ea0ade95fdf,RADAR,RADAR_LEFT_BACK,1704027675502462,True,samples,samples/RADAR_LEFT_BACK/RADAR_LEFT_BACK_1704027675502462.pcd
788443d384c84a8fa0d1807b26febc7d,454fa18d64d94009914137ce901c8e7c,b71e2b6ba3fa4279b36bfd4b9720251e,RADAR,RADAR_RIGHT_BACK,1692868171701890,True,samples,samples/RADAR_RIGHT_BACK/RADAR_RIGHT_BACK_1692868171701890.pcd
295c0789723d453fb889b67025e18772,da505831bbb84ffc8e5ce6cf794037be,b71e2b6ba3fa4279b36bfd4b9720251e,RADAR,RADAR_RIGHT_BACK,1692868172203973,True,samples,samples/RADAR_RIGHT_BACK/RADAR_RIGHT_BACK_1692868172203973.pcd
f08cb489cf324986aca8abd4a5087d65,8def0cf89dd94f1483002d209d33a00e,b71e2b6ba3fa4279b36bfd4b9720251e,RADAR,RADAR_RIGHT_BACK,1692868172705416,True,samples,samples/RADAR_RIGHT_BACK/RADAR_RIGHT_BACK_1692868172705416.pcd
420845a1db574a7ea11350e4dc13d939,aad3fc22cae6450ba76ce8c10ceb5862,b71e2b6ba3fa4279b36bfd4b9720251e,RADAR,RADAR_RIGHT_BACK,1692868173202252,True,samples,samples/RADAR_RIGHT_BACK/RADAR_RIGHT_BACK_1692868173202252.pcd
5fbc3281b6544f329cf6ce9eff02e7ed,b758c76a38de4c96a259024c2603f725,b71e2b6ba3fa4279b36bfd4b9720251e,RADAR,RADAR_RIGHT_BACK,1692868173703540,True,samples,samples/RADAR_RIGHT_BACK/RADAR_RIGHT_BACK_1692868173703540.pcd
03894e7ce827407dbf90efd50a72aab7,a253c803a4244cb9aa2a2b1963eeeea3,b71e2b6ba3fa4279b36bfd4b9720251e,RADAR,RADAR_RIGHT_BACK,1692868174205091,True,samples,samples/RADAR_RIGHT_BACK/RADAR_RIGHT_BACK_1692868174205091.pcd
21e1214d3c2c45b58a9378aceeba18cc,364e9aeabf004d098c42b93bd3f73344,b71e2b6ba3fa4279b36bfd4b9720251e,RADAR,RADAR_RIGHT_BACK,1692868174702388,True,samples,samples/RADAR_RIGHT_BACK/RADAR_RIGHT_BACK_1692868174702388.pcd
93198a2e2f4a4d1caf30bc35df09de30,e99ad15689f74cc1a7f2e92052fddbac,b71e2b6ba3fa4279b36bfd4b9720251e,RADAR,RADAR_RIGHT_BACK,1692868175203366,True,samples,samples/RADAR_RIGHT_BACK/RADAR_RIGHT_BACK_1692868175203366.pcd
2e8659bcec06485d808a5e47fc564bee,11ec72961e774527ac42ae08e165c7da,b71e2b6ba3fa4279b36bfd4b9720251e,RADAR,RADAR_RIGHT_BACK,1692868175704931,True,samples,samples/RADAR_RIGHT_BACK/RADAR_RIGHT_BACK_1692868175704931.pcd
125ec8bf2e5643759244cf8ac4d39ae5,41c3b9f01b734b9cb4328ae85a868bf8,b71e2b6ba3fa4279b36bfd4b9720251e,RADAR,RADAR_RIGHT_BACK,1692868176201942,True,samples,samples/RADAR_RIGHT_BACK/RADAR_RIGHT_BACK_1692868176201942.pcd
f634ecf7dccb49c9a175727c0070081f,2c8d8a964ecd48c3ace81f8fdf2050c9,b71e2b6ba3fa4279b36bfd4b9720251e,RADAR,RADAR_RIGHT_BACK,1692868176703749,True,samples,samples/RADAR_RIGHT_BACK/RADAR_RIGHT_BACK_1692868176703749.pcd
49458313d61141448c5f1a80a4c234f2,454cf93d8f564ed4b6850fd594a7c089,b71e2b6ba3fa4279b36bfd4b9720251e,RADAR,RADAR_RIGHT_BACK,1692868177204587,True,samples,samples/RADAR_RIGHT_BACK/RADAR_RIGHT_BACK_1692868177204587.pcd
b253246b6f3c41fb8c8347ad7fdc0174,655c93866d21488d8b14981be5ddfd36,b71e2b6ba3fa4279b36bfd4b9720251e,RADAR,RADAR_RIGHT_BACK,1692868177702540,True,samples,samples/RADAR_RIGHT_BACK/RADAR_RIGHT_BACK_1692868177702540.pcd
128fb35dfe884f96926e6273d9fceffe,961dd8adb97f43b190a8d038db47cccb,b71e2b6ba3fa4279b36bfd4b9720251e,RADAR,RADAR_RIGHT_BACK,1692868178203326,True,samples,samples/RADAR_RIGHT_BACK/RADAR_RIGHT_BACK_1692868178203326.pcd
e850420129ea4642a6865450aeb45637,2e32e4f5865b472a9a5fbe25fbe36c64,b71e2b6ba3fa4279b36bfd4b9720251e,RADAR,RADAR_RIGHT_BACK,1692868178705755,True,samples,samples/RADAR_RIGHT_BACK/RADAR_RIGHT_BACK_1692868178705755.pcd
56eca54c353b44bc9541021ccc288da0,23846abe608f4f79bc6d05d5ccc0ace7,b71e2b6ba3fa4279b36bfd4b9720251e,RADAR,RADAR_RIGHT_BACK,1692868179202226,True,samples,samples/RADAR_RIGHT_BACK/RADAR_RIGHT_BACK_1692868179202226.pcd
4f8e9ec915ca4242b412693fcc436c6d,dbc47884027c46d3863f5bd9d34521a3,b71e2b6ba3fa4279b36bfd4b9720251e,RADAR,RADAR_RIGHT_BACK,1692868179704148,True,samples,samples/RADAR_RIGHT_BACK/RADAR_RIGHT_BACK_1692868179704148.pcd
c0aafc095727439c84a38daf1b5f83a5,685bef7dd155486cbb378a6ee743b1d9,b71e2b6ba3fa4279b36bfd4b9720251e,RADAR,RADAR_RIGHT_BACK,1692868180205734,True,samples,samples/RADAR_RIGHT_BACK/RADAR_RIGHT_BACK_1692868180205734.pcd
2a4cc234480c48ebac65f8471a006dda,690c33ea05ed4616a30b2fee826bb639,b71e2b6ba3fa4279b36bfd4b9720251e,RADAR,RADAR_RIGHT_BACK,1692868180702782,True,samples,samples/RADAR_RIGHT_BACK/RADAR_RIGHT_BACK_1692868180702782.pcd
27c0a1807c8f44eeb477a0d498892c0b,03a5d7bd3d0043998d6a760637d9aa50,b71e2b6ba3fa4279b36bfd4b9720251e,RADAR,RADAR_RIGHT_BACK,1692868181204073,True,samples,samples/RADAR_RIGHT_BACK/RADAR_RIGHT_BACK_1692868181204073.pcd
ba96d79b78cf4562a9809b15f8457551,6fb7001af5df4b89bc914daebf9b8b9c,b71e2b6ba3fa4279b36bfd4b9720251e,RADAR,RADAR_RIGHT_BACK,1692868181705514,True,samples,samples/RADAR_RIGHT_BACK/RADAR_RIGHT_BACK_1692868181705514.pcd
80fde1618f1a4e5dbfc831eca1bc5707,be06e5f9e4414f1e9b9280620e8059cc,b71e2b6ba3fa4279b36bfd4b9720251e,RADAR,RADAR_RIGHT_BACK,1692868182201918,True,samples,samples/RADAR_RIGHT_BACK/RADAR_RIGHT_BACK_1692868182201918.pcd
3276ad67f11a4e038fc25749fd43a475,9e8d42cc2ec2408ba1ae5cb948b5615f,b71e2b6ba3fa4279b36bfd4b9720251e,RADAR,RADAR_RIGHT_BACK,1692868182703970,True,samples,samples/RADAR_RIGHT_BACK/RADAR_RIGHT_BACK_1692868182703970.pcd
c154d57400934ae5a9ac726263019894,d7e011704a8042ccb7957f46d4ca1071,b71e2b6ba3fa4279b36bfd4b9720251e,RADAR,RADAR_RIGHT_BACK,1692868183205517,True,samples,samples/RADAR_RIGHT_BACK/RADAR_RIGHT_BACK_1692868183205517.pcd
9b5dfb1595d042a0953da8cde677fe90,2f4fede395ca4289b5163cffe58d0501,b71e2b6ba3fa4279b36bfd4b9720251e,RADAR,RADAR_RIGHT_BACK,1692868183702338,True,samples,samples/RADAR_RIGHT_BACK/RADAR_RIGHT_BACK_1692868183702338.pcd
574c8d9ecb8b4a7cb6af72a28824e3eb,d71e2bb51e3246e0a8e9546b8f99ae00,b71e2b6ba3fa4279b36bfd4b9720251e,RADAR,RADAR_RIGHT_BACK,1692868184203608,True,samples,samples/RADAR_RIGHT_BACK/RADAR_RIGHT_BACK_1692868184203608.pcd
da296e1186fc4e82a5f759bf442feff8,25196b4ce7f3453aacba1b878527a664,b71e2b6ba3fa4279b36bfd4b9720251e,RADAR,RADAR_RIGHT_BACK,1692868184705117,True,samples,samples/RADAR_RIGHT_BACK/RADAR_RIGHT_BACK_1692868184705117.pcd
eec896cd4b3947ec8b584afb9518a6f6,fe0fd4d7662043a1801a7b179bbca83e,b71e2b6ba3fa4279b36bfd4b9720251e,RADAR,RADAR_RIGHT_BACK,1692868185202443,True,samples,samples/RADAR_RIGHT_BACK/RADAR_RIGHT_BACK_1692868185202443.pcd
2a813af7bf55483fa3c29aa53d996966,bdba889f16cc459ea62e9510edae53ad,b71e2b6ba3fa4279b36bfd4b9720251e,RADAR,RADAR_RIGHT_BACK,1692868185703342,True,samples,samples/RADAR_RIGHT_BACK/RADAR_RIGHT_BACK_1692868185703342.pcd
1d367937f1084af493e6971d3b2f562a,de4ed400cbab46b88194dc982bfb35a7,b71e2b6ba3fa4279b36bfd4b9720251e,RADAR,RADAR_RIGHT_BACK,1692868186204999,True,samples,samples/RADAR_RIGHT_BACK/RADAR_RIGHT_BACK_1692868186204999.pcd
befcb59818fe47dd8aa9f0e940a46ba9,18636993a6aa40fa8d5ac8a038d9d050,b71e2b6ba3fa4279b36bfd4b9720251e,RADAR,RADAR_RIGHT_BACK,1692868186701930,True,samples,samples/RADAR_RIGHT_BACK/RADAR_RIGHT_BACK_1692868186701930.pcd
b48ad7c09b5644c0a8c04f2952a8f3f5,4c0504969c67482cbdced0f9b049f6b8,b71e2b6ba3fa4279b36bfd4b9720251e,RADAR,RADAR_RIGHT_BACK,1692868187203759,True,samples,samples/RADAR_RIGHT_BACK/RADAR_RIGHT_BACK_1692868187203759.pcd
4fc3ca20e6f84d51b747a164ce2ad563,e527f6f066f143d68f20aadb009db2a7,b71e2b6ba3fa4279b36bfd4b9720251e,RADAR,RADAR_RIGHT_BACK,1692868187704621,True,samples,samples/RADAR_RIGHT_BACK/RADAR_RIGHT_BACK_1692868187704621.pcd
7b6f2ca228054ab6836ac277a8e00394,ad8c44a11384426e915df188732b1a80,b71e2b6ba3fa4279b36bfd4b9720251e,RADAR,RADAR_RIGHT_BACK,1692868188202650,True,samples,samples/RADAR_RIGHT_BACK/RADAR_RIGHT_BACK_1692868188202650.pcd
d5ad77442ef947fb84369dba7dd28d24,c0c731e2934f4f61a21f188dbfafd519,b71e2b6ba3fa4279b36bfd4b9720251e,RADAR,RADAR_RIGHT_BACK,1692868188703320,True,samples,samples/RADAR_RIGHT_BACK/RADAR_RIGHT_BACK_1692868188703320.pcd
703b1b4c8a9548dda5b63d07404067b0,b9a7ec7fce4a4a4f96f5314c1c686fcf,b71e2b6ba3fa4279b36bfd4b9720251e,RADAR,RADAR_RIGHT_BACK,1692868189205808,True,samples,samples/RADAR_RIGHT_BACK/RADAR_RIGHT_BACK_1692868189205808.pcd
4276c469abc84e739e809dca8e990fd0,90b359f78a9a4ef0bc84ff7b47b5f95e,b71e2b6ba3fa4279b36bfd4b9720251e,RADAR,RADAR_RIGHT_BACK,1692868189702241,True,samples,samples/RADAR_RIGHT_BACK/RADAR_RIGHT_BACK_1692868189702241.pcd
ead6d65ce66b4ab1bedc4cd8e6409434,af7b2ad4a2604df3886477c19c351ceb,b71e2b6ba3fa4279b36bfd4b9720251e,RADAR,RADAR_RIGHT_BACK,1692868190204179,True,samples,samples/RADAR_RIGHT_BACK/RADAR_RIGHT_BACK_1692868190204179.pcd
9847661ced87428dacbd4a4641b5e724,3df88bfb6b784a84849fee4c12bd6821,b71e2b6ba3fa4279b36bfd4b9720251e,RADAR,RADAR_RIGHT_BACK,1692868190654035,True,samples,samples/RADAR_RIGHT_BACK/RADAR_RIGHT_BACK_1692868190654035.pcd
8e5b011bc94343f2b976a513f6a348b7,c6cd487764a64b81b6be7b68a5da2867,b71e2b6ba3fa4279b36bfd4b9720251e,RADAR,RADAR_RIGHT_BACK,1692868191202970,True,samples,samples/RADAR_RIGHT_BACK/RADAR_RIGHT_BACK_1692868191202970.pcd
e960d64bc2694fdc8e9346b296580761,454fa18d64d94009914137ce901c8e7c,b71e2b6ba3fa4279b36bfd4b9720251e,RADAR,RADAR_RIGHT_SIDE,1692868171705200,True,samples,samples/RADAR_RIGHT_SIDE/RADAR_RIGHT_SIDE_1692868171705200.pcd
9939d30134854527b1e44fbe5c7813fa,da505831bbb84ffc8e5ce6cf794037be,b71e2b6ba3fa4279b36bfd4b9720251e,RADAR,RADAR_RIGHT_SIDE,1692868172202140,True,samples,samples/RADAR_RIGHT_SIDE/RADAR_RIGHT_SIDE_1692868172202140.pcd
3484fb188a844fbab43c7b054d8fe35d,8def0cf89dd94f1483002d209d33a00e,b71e2b6ba3fa4279b36bfd4b9720251e,RADAR,RADAR_RIGHT_SIDE,1692868172703274,True,samples,samples/RADAR_RIGHT_SIDE/RADAR_RIGHT_SIDE_1692868172703274.pcd
8d8db00f23d146c783955cc8065bfb5c,aad3fc22cae6450ba76ce8c10ceb5862,b71e2b6ba3fa4279b36bfd4b9720251e,RADAR,RADAR_RIGHT_SIDE,1692868173204929,True,samples,samples/RADAR_RIGHT_SIDE/RADAR_RIGHT_SIDE_1692868173204929.pcd
9bf5c0ea812f4a039b76c83b93eabfeb,b758c76a38de4c96a259024c2603f725,b71e2b6ba3fa4279b36bfd4b9720251e,RADAR,RADAR_RIGHT_SIDE,1692868173702180,True,samples,samples/RADAR_RIGHT_SIDE/RADAR_RIGHT_SIDE_1692868173702180.pcd
51a4485490db4094bfb4166743cba439,a253c803a4244cb9aa2a2b1963eeeea3,b71e2b6ba3fa4279b36bfd4b9720251e,RADAR,RADAR_RIGHT_SIDE,1692868174203056,True,samples,samples/RADAR_RIGHT_SIDE/RADAR_RIGHT_SIDE_1692868174203056.pcd
4ca16cc4808c4b6493d3efb6890ee504,364e9aeabf004d098c42b93bd3f73344,b71e2b6ba3fa4279b36bfd4b9720251e,RADAR,RADAR_RIGHT_SIDE,1692868174704718,True,samples,samples/RADAR_RIGHT_SIDE/RADAR_RIGHT_SIDE_1692868174704718.pcd
956acc4985424cbc947c481e165d095c,e99ad15689f74cc1a7f2e92052fddbac,b71e2b6ba3fa4279b36bfd4b9720251e,RADAR,RADAR_RIGHT_SIDE,1692868175201653,True,samples,samples/RADAR_RIGHT_SIDE/RADAR_RIGHT_SIDE_1692868175201653.pcd
dec9301181bd451fa25149a0242bf285,11ec72961e774527ac42ae08e165c7da,b71e2b6ba3fa4279b36bfd4b9720251e,RADAR,RADAR_RIGHT_SIDE,1692868175703537,True,samples,samples/RADAR_RIGHT_SIDE/RADAR_RIGHT_SIDE_1692868175703537.pcd
2e045f83a6f34c4cad0dbdbc7fd7c8c7,41c3b9f01b734b9cb4328ae85a868bf8,b71e2b6ba3fa4279b36bfd4b9720251e,RADAR,RADAR_RIGHT_SIDE,1692868176204369,True,samples,samples/RADAR_RIGHT_SIDE/RADAR_RIGHT_SIDE_1692868176204369.pcd
d9cf27513a1f4d03aa6f594a112d9417,2c8d8a964ecd48c3ace81f8fdf2050c9,b71e2b6ba3fa4279b36bfd4b9720251e,RADAR,RADAR_RIGHT_SIDE,1692868176702377,True,samples,samples/RADAR_RIGHT_SIDE/RADAR_RIGHT_SIDE_1692868176702377.pcd
30e906977904423d96f712edbe4202ef,454cf93d8f564ed4b6850fd594a7c089,b71e2b6ba3fa4279b36bfd4b9720251e,RADAR,RADAR_RIGHT_SIDE,1692868177202963,True,samples,samples/RADAR_RIGHT_SIDE/RADAR_RIGHT_SIDE_1692868177202963.pcd
a399e73fd24c43f08fe5afe2578e2a79,655c93866d21488d8b14981be5ddfd36,b71e2b6ba3fa4279b36bfd4b9720251e,RADAR,RADAR_RIGHT_SIDE,1692868177705554,True,samples,samples/RADAR_RIGHT_SIDE/RADAR_RIGHT_SIDE_1692868177705554.pcd
9a86c5ff2e9848ba9531700ba688eab8,961dd8adb97f43b190a8d038db47cccb,b71e2b6ba3fa4279b36bfd4b9720251e,RADAR,RADAR_RIGHT_SIDE,1692868178201979,True,samples,samples/RADAR_RIGHT_SIDE/RADAR_RIGHT_SIDE_1692868178201979.pcd
6bb3526ff35b4739b33dd93643a66771,2e32e4f5865b472a9a5fbe25fbe36c64,b71e2b6ba3fa4279b36bfd4b9720251e,RADAR,RADAR_RIGHT_SIDE,1692868178703941,True,samples,samples/RADAR_RIGHT_SIDE/RADAR_RIGHT_SIDE_1692868178703941.pcd
b142eb5c154243e1b770802475123d27,23846abe608f4f79bc6d05d5ccc0ace7,b71e2b6ba3fa4279b36bfd4b9720251e,RADAR,RADAR_RIGHT_SIDE,1692868179205466,True,samples,samples/RADAR_RIGHT_SIDE/RADAR_RIGHT_SIDE_1692868179205466.pcd
c3aa1b020e894ef3815ed5aa586375fd,dbc47884027c46d3863f5bd9d34521a3,b71e2b6ba3fa4279b36bfd4b9720251e,RADAR,RADAR_RIGHT_SIDE,1692868179702556,True,samples,samples/RADAR_RIGHT_SIDE/RADAR_RIGHT_SIDE_1692868179702556.pcd
0b4aa68669064c6e8caf6a1f6a7b7528,685bef7dd155486cbb378a6ee743b1d9,b71e2b6ba3fa4279b36bfd4b9720251e,RADAR,RADAR_RIGHT_SIDE,1692868180203820,True,samples,samples/RADAR_RIGHT_SIDE/RADAR_RIGHT_SIDE_1692868180203820.pcd
aa623160d1c7432dbd16c52318e83c9f,690c33ea05ed4616a30b2fee826bb639,b71e2b6ba3fa4279b36bfd4b9720251e,RADAR,RADAR_RIGHT_SIDE,1692868180705274,True,samples,samples/RADAR_RIGHT_SIDE/RADAR_RIGHT_SIDE_1692868180705274.pcd
ffc3c78ce7054130b7b1e62ecfed4db8,03a5d7bd3d0043998d6a760637d9aa50,b71e2b6ba3fa4279b36bfd4b9720251e,RADAR,RADAR_RIGHT_SIDE,1692868181201677,True,samples,samples/RADAR_RIGHT_SIDE/RADAR_RIGHT_SIDE_1692868181201677.pcd
d211518d1d4845b59b629f382ee1ba15,6fb7001af5df4b89bc914daebf9b8b9c,b71e2b6ba3fa4279b36bfd4b9720251e,RADAR,RADAR_RIGHT_SIDE,1692868181703652,True,samples,samples/RADAR_RIGHT_SIDE/RADAR_RIGHT_SIDE_1692868181703652.pcd
1250e0174c4d488bbfa22dd40abe1ff7,be06e5f9e4414f1e9b9280620e8059cc,b71e2b6ba3fa4279b36bfd4b9720251e,RADAR,RADAR_RIGHT_SIDE,1692868182205145,True,samples,samples/RADAR_RIGHT_SIDE/RADAR_RIGHT_SIDE_1692868182205145.pcd
ac20d0a9b6a54db1b5ce20cd1c989b60,9e8d42cc2ec2408ba1ae5cb948b5615f,b71e2b6ba3fa4279b36bfd4b9720251e,RADAR,RADAR_RIGHT_SIDE,1692868182702027,True,samples,samples/RADAR_RIGHT_SIDE/RADAR_RIGHT_SIDE_1692868182702027.pcd
e7b6a6ee01e54cdd9518997415b9ab35,d7e011704a8042ccb7957f46d4ca1071,b71e2b6ba3fa4279b36bfd4b9720251e,RADAR,RADAR_RIGHT_SIDE,1692868183203282,True,samples,samples/RADAR_RIGHT_SIDE/RADAR_RIGHT_SIDE_1692868183203282.pcd
1de39cc3174d42f7ac85c2ca98f09b4e,2f4fede395ca4289b5163cffe58d0501,b71e2b6ba3fa4279b36bfd4b9720251e,RADAR,RADAR_RIGHT_SIDE,1692868183704880,True,samples,samples/RADAR_RIGHT_SIDE/RADAR_RIGHT_SIDE_1692868183704880.pcd
92d9fad23782410d895fbf8148c53fa8,d71e2bb51e3246e0a8e9546b8f99ae00,b71e2b6ba3fa4279b36bfd4b9720251e,RADAR,RADAR_RIGHT_SIDE,1692868184202101,True,samples,samples/RADAR_RIGHT_SIDE/RADAR_RIGHT_SIDE_1692868184202101.pcd
99161e022316467fbc59d03e6731968c,25196b4ce7f3453aacba1b878527a664,b71e2b6ba3fa4279b36bfd4b9720251e,RADAR,RADAR_RIGHT_SIDE,1692868184703045,True,samples,samples/RADAR_RIGHT_SIDE/RADAR_RIGHT_SIDE_1692868184703045.pcd
fd68759759694ae992922bec37ab46db,fe0fd4d7662043a1801a7b179bbca83e,b71e2b6ba3fa4279b36bfd4b9720251e,RADAR,RADAR_RIGHT_SIDE,1692868185204690,True,samples,samples/RADAR_RIGHT_SIDE/RADAR_RIGHT_SIDE_1692868185204690.pcd
8a53e9c4fab242199c15231a5a0acf38,bdba889f16cc459ea62e9510edae53ad,b71e2b6ba3fa4279b36bfd4b9720251e,RADAR,RADAR_RIGHT_SIDE,1692868185701664,True,samples,samples/RADAR_RIGHT_SIDE/RADAR_RIGHT_SIDE_1692868185701664.pcd
2fc3917454fb4b98ab399dbcbc42e019,de4ed400cbab46b88194dc982bfb35a7,b71e2b6ba3fa4279b36bfd4b9720251e,RADAR,RADAR_RIGHT_SIDE,1692868186203487,True,samples,samples/RADAR_RIGHT_SIDE/RADAR_RIGHT_SIDE_1692868186203487.pcd
5a500ac441e2482bb6ddc7241825c4d6,18636993a6aa40fa8d5ac8a038d9d050,b71e2b6ba3fa4279b36bfd4b9720251e,RADAR,RADAR_RIGHT_SIDE,1692868186704266,True,samples,samples/RADAR_RIGHT_SIDE/RADAR_RIGHT_SIDE_1692868186704266.pcd
aa5e2283c018480e84ad1ecb324a3b92,4c0504969c67482cbdced0f9b049f6b8,b71e2b6ba3fa4279b36bfd4b9720251e,RADAR,RADAR_RIGHT_SIDE,1692868187202281,True,samples,samples/RADAR_RIGHT_SIDE/RADAR_RIGHT_SIDE_1692868187202281.pcd
ec8fe7be10434f7b9d0e3a256a882349,e527f6f066f143d68f20aadb009db2a7,b71e2b6ba3fa4279b36bfd4b9720251e,RADAR,RADAR_RIGHT_SIDE,1692868187702948,True,samples,samples/RADAR_RIGHT_SIDE/RADAR_RIGHT_SIDE_1692868187702948.pcd
1c4d1c15e08c4b9b88437d49a0d4021f,ad8c44a11384426e915df188732b1a80,b71e2b6ba3fa4279b36bfd4b9720251e,RADAR,RADAR_RIGHT_SIDE,1692868188205686,True,samples,samples/RADAR_RIGHT_SIDE/RADAR_RIGHT_SIDE_1692868188205686.pcd
ef50c307ba6344a1b7e6417e94af32e1,c0c731e2934f4f61a21f188dbfafd519,b71e2b6ba3fa4279b36bfd4b9720251e,RADAR,RADAR_RIGHT_SIDE,1692868188701974,True,samples,samples/RADAR_RIGHT_SIDE/RADAR_RIGHT_SIDE_1692868188701974.pcd
05e9424919ff49eaa889e58d2cba9964,b9a7ec7fce4a4a4f96f5314c1c686fcf,b71e2b6ba3fa4279b36bfd4b9720251e,RADAR,RADAR_RIGHT_SIDE,1692868189203943,True,samples,samples/RADAR_RIGHT_SIDE/RADAR_RIGHT_SIDE_1692868189203943.pcd
a2e6586ffbf042388c1b80d8efd57741,90b359f78a9a4ef0bc84ff7b47b5f95e,b71e2b6ba3fa4279b36bfd4b9720251e,RADAR,RADAR_RIGHT_SIDE,1692868189705482,True,samples,samples/RADAR_RIGHT_SIDE/RADAR_RIGHT_SIDE_1692868189705482.pcd
2a123fa8fd254f5a881a0190c9ba4f9b,af7b2ad4a2604df3886477c19c351ceb,b71e2b6ba3fa4279b36bfd4b9720251e,RADAR,RADAR_RIGHT_SIDE,1692868190202628,True,samples,samples/RADAR_RIGHT_SIDE/RADAR_RIGHT_SIDE_1692868190202628.pcd
9e6bf2d381994c74a12222290e11f40f,3df88bfb6b784a84849fee4c12bd6821,b71e2b6ba3fa4279b36bfd4b9720251e,RADAR,RADAR_RIGHT_SIDE,1692868190703753,True,samples,samples/RADAR_RIGHT_SIDE/RADAR_RIGHT_SIDE_1692868190703753.pcd
c98927df222f45cca021c574053728a8,c6cd487764a64b81b6be7b68a5da2867,b71e2b6ba3fa4279b36bfd4b9720251e,RADAR,RADAR_RIGHT_SIDE,1692868191205261,True,samples,samples/RADAR_RIGHT_SIDE/RADAR_RIGHT_SIDE_1692868191205261.pcd
cbf56d3c75d0498f81ee3f4d6d148410,454fa18d64d94009914137ce901c8e7c,b71e2b6ba3fa4279b36bfd4b9720251e,RADAR,RADAR_RIGHT_FRONT,1692868171705592,True,samples,samples/RADAR_RIGHT_FRONT/RADAR_RIGHT_FRONT_1692868171705592.pcd
6c8547f598c5483abcc833013c120ed5,da505831bbb84ffc8e5ce6cf794037be,b71e2b6ba3fa4279b36bfd4b9720251e,RADAR,RADAR_RIGHT_FRONT,1692868172202111,True,samples,samples/RADAR_RIGHT_FRONT/RADAR_RIGHT_FRONT_1692868172202111.pcd
cee5a547e0514714827ed8facfe0c226,8def0cf89dd94f1483002d209d33a00e,b71e2b6ba3fa4279b36bfd4b9720251e,RADAR,RADAR_RIGHT_FRONT,1692868172704068,True,samples,samples/RADAR_RIGHT_FRONT/RADAR_RIGHT_FRONT_1692868172704068.pcd
3dfc392997a7471099e28a533609cbd5,aad3fc22cae6450ba76ce8c10ceb5862,b71e2b6ba3fa4279b36bfd4b9720251e,RADAR,RADAR_RIGHT_FRONT,1692868173205502,True,samples,samples/RADAR_RIGHT_FRONT/RADAR_RIGHT_FRONT_1692868173205502.pcd
8717af71130e4a3e8075018e67e2d247,b758c76a38de4c96a259024c2603f725,b71e2b6ba3fa4279b36bfd4b9720251e,RADAR,RADAR_RIGHT_FRONT,1692868173702634,True,samples,samples/RADAR_RIGHT_FRONT/RADAR_RIGHT_FRONT_1692868173702634.pcd
1bebbc8f15cf4f8091ddb508f036a43d,a253c803a4244cb9aa2a2b1963eeeea3,b71e2b6ba3fa4279b36bfd4b9720251e,RADAR,RADAR_RIGHT_FRONT,1692868174203947,True,samples,samples/RADAR_RIGHT_FRONT/RADAR_RIGHT_FRONT_1692868174203947.pcd
4442b1224a3b4f3fad80d72a47b62e8e,364e9aeabf004d098c42b93bd3f73344,b71e2b6ba3fa4279b36bfd4b9720251e,RADAR,RADAR_RIGHT_FRONT,1692868174705348,True,samples,samples/RADAR_RIGHT_FRONT/RADAR_RIGHT_FRONT_1692868174705348.pcd
501e57f7cc064a1d902adea59eb949db,e99ad15689f74cc1a7f2e92052fddbac,b71e2b6ba3fa4279b36bfd4b9720251e,RADAR,RADAR_RIGHT_FRONT,1692868175201745,True,samples,samples/RADAR_RIGHT_FRONT/RADAR_RIGHT_FRONT_1692868175201745.pcd
b710dd364f61427996f628ef219a008e,11ec72961e774527ac42ae08e165c7da,b71e2b6ba3fa4279b36bfd4b9720251e,RADAR,RADAR_RIGHT_FRONT,1692868175703746,True,samples,samples/RADAR_RIGHT_FRONT/RADAR_RIGHT_FRONT_1692868175703746.pcd
990dae04eaa74a83b8a9e6d8cf5255fa,41c3b9f01b734b9cb4328ae85a868bf8,b71e2b6ba3fa4279b36bfd4b9720251e,RADAR,RADAR_RIGHT_FRONT,1692868176205254,True,samples,samples/RADAR_RIGHT_FRONT/RADAR_RIGHT_FRONT_1692868176205254.pcd
24a9207614a14520b4f2186383e4388d,2c8d8a964ecd48c3ace81f8fdf2050c9,b71e2b6ba3fa4279b36bfd4b9720251e,RADAR,RADAR_RIGHT_FRONT,1692868176702073,True,samples,samples/RADAR_RIGHT_FRONT/RADAR_RIGHT_FRONT_1692868176702073.pcd
452bae6f12374bec8564f639672f644b,454cf93d8f564ed4b6850fd594a7c089,b71e2b6ba3fa4279b36bfd4b9720251e,RADAR,RADAR_RIGHT_FRONT,1692868177203376,True,samples,samples/RADAR_RIGHT_FRONT/RADAR_RIGHT_FRONT_1692868177203376.pcd
2d4c02e1eb51400ca62300a125d45534,655c93866d21488d8b14981be5ddfd36,b71e2b6ba3fa4279b36bfd4b9720251e,RADAR,RADAR_RIGHT_FRONT,1692868177704948,True,samples,samples/RADAR_RIGHT_FRONT/RADAR_RIGHT_FRONT_1692868177704948.pcd
d7a1bcabfc924c3da93f91e24073bb3d,961dd8adb97f43b190a8d038db47cccb,b71e2b6ba3fa4279b36bfd4b9720251e,RADAR,RADAR_RIGHT_FRONT,1692868178202263,True,samples,samples/RADAR_RIGHT_FRONT/RADAR_RIGHT_FRONT_1692868178202263.pcd
09c2926fe7af4c1aa9cacab1cd0532eb,2e32e4f5865b472a9a5fbe25fbe36c64,b71e2b6ba3fa4279b36bfd4b9720251e,RADAR,RADAR_RIGHT_FRONT,1692868178703129,True,samples,samples/RADAR_RIGHT_FRONT/RADAR_RIGHT_FRONT_1692868178703129.pcd
d0473406175a404d8e19b726de558dbb,23846abe608f4f79bc6d05d5ccc0ace7,b71e2b6ba3fa4279b36bfd4b9720251e,RADAR,RADAR_RIGHT_FRONT,1692868179204697,True,samples,samples/RADAR_RIGHT_FRONT/RADAR_RIGHT_FRONT_1692868179204697.pcd
90d1ec25c3ca4ecdaec93a36250779c4,dbc47884027c46d3863f5bd9d34521a3,b71e2b6ba3fa4279b36bfd4b9720251e,RADAR,RADAR_RIGHT_FRONT,1692868179701792,True,samples,samples/RADAR_RIGHT_FRONT/RADAR_RIGHT_FRONT_1692868179701792.pcd
7d574eacc9b248a989c9bf1592a32678,685bef7dd155486cbb378a6ee743b1d9,b71e2b6ba3fa4279b36bfd4b9720251e,RADAR,RADAR_RIGHT_FRONT,1692868180203685,True,samples,samples/RADAR_RIGHT_FRONT/RADAR_RIGHT_FRONT_1692868180203685.pcd
90468e6577174573aad2987ab95e7fd6,690c33ea05ed4616a30b2fee826bb639,b71e2b6ba3fa4279b36bfd4b9720251e,RADAR,RADAR_RIGHT_FRONT,1692868180704293,True,samples,samples/RADAR_RIGHT_FRONT/RADAR_RIGHT_FRONT_1692868180704293.pcd
2941f2a319a941beaab2caade6382879,03a5d7bd3d0043998d6a760637d9aa50,b71e2b6ba3fa4279b36bfd4b9720251e,RADAR,RADAR_RIGHT_FRONT,1692868181202411,True,samples,samples/RADAR_RIGHT_FRONT/RADAR_RIGHT_FRONT_1692868181202411.pcd
be37032afaf44f18a5d30051adbaf6d1,6fb7001af5df4b89bc914daebf9b8b9c,b71e2b6ba3fa4279b36bfd4b9720251e,RADAR,RADAR_RIGHT_FRONT,1692868181703109,True,samples,samples/RADAR_RIGHT_FRONT/RADAR_RIGHT_FRONT_1692868181703109.pcd
af48d135f14f40fab513849d149ebc22,be06e5f9e4414f1e9b9280620e8059cc,b71e2b6ba3fa4279b36bfd4b9720251e,RADAR,RADAR_RIGHT_FRONT,1692868182205750,True,samples,samples/RADAR_RIGHT_FRONT/RADAR_RIGHT_FRONT_1692868182205750.pcd
0d7b41ef8e2f45c0bd4369974a45a39c,9e8d42cc2ec2408ba1ae5cb948b5615f,b71e2b6ba3fa4279b36bfd4b9720251e,RADAR,RADAR_RIGHT_FRONT,1692868182702059,True,samples,samples/RADAR_RIGHT_FRONT/RADAR_RIGHT_FRONT_1692868182702059.pcd
e23477aae3b44610b9bdfe5600a156ca,d7e011704a8042ccb7957f46d4ca1071,b71e2b6ba3fa4279b36bfd4b9720251e,RADAR,RADAR_RIGHT_FRONT,1692868183204075,True,samples,samples/RADAR_RIGHT_FRONT/RADAR_RIGHT_FRONT_1692868183204075.pcd
2d2aa85f7cbb4544afb68bace8e5dd28,2f4fede395ca4289b5163cffe58d0501,b71e2b6ba3fa4279b36bfd4b9720251e,RADAR,RADAR_RIGHT_FRONT,1692868183705576,True,samples,samples/RADAR_RIGHT_FRONT/RADAR_RIGHT_FRONT_1692868183705576.pcd
fb349668d18e4133aeecc3a09ad9fb4b,d71e2bb51e3246e0a8e9546b8f99ae00,b71e2b6ba3fa4279b36bfd4b9720251e,RADAR,RADAR_RIGHT_FRONT,1692868184202536,True,samples,samples/RADAR_RIGHT_FRONT/RADAR_RIGHT_FRONT_1692868184202536.pcd
1beb8f430349482387093e830eb4901f,25196b4ce7f3453aacba1b878527a664,b71e2b6ba3fa4279b36bfd4b9720251e,RADAR,RADAR_RIGHT_FRONT,1692868184703888,True,samples,samples/RADAR_RIGHT_FRONT/RADAR_RIGHT_FRONT_1692868184703888.pcd
71a111489e2243bf97976d37e5097960,fe0fd4d7662043a1801a7b179bbca83e,b71e2b6ba3fa4279b36bfd4b9720251e,RADAR,RADAR_RIGHT_FRONT,1692868185205373,True,samples,samples/RADAR_RIGHT_FRONT/RADAR_RIGHT_FRONT_1692868185205373.pcd
cfa47817486f4f44b283f137e01cc55f,bdba889f16cc459ea62e9510edae53ad,b71e2b6ba3fa4279b36bfd4b9720251e,RADAR,RADAR_RIGHT_FRONT,1692868185701695,True,samples,samples/RADAR_RIGHT_FRONT/RADAR_RIGHT_FRONT_1692868185701695.pcd
aaf6165120844928a694366d05856926,de4ed400cbab46b88194dc982bfb35a7,b71e2b6ba3fa4279b36bfd4b9720251e,RADAR,RADAR_RIGHT_FRONT,1692868186203739,True,samples,samples/RADAR_RIGHT_FRONT/RADAR_RIGHT_FRONT_1692868186203739.pcd
aff1160af0dd4dc6b846154d12280133,18636993a6aa40fa8d5ac8a038d9d050,b71e2b6ba3fa4279b36bfd4b9720251e,RADAR,RADAR_RIGHT_FRONT,1692868186705159,True,samples,samples/RADAR_RIGHT_FRONT/RADAR_RIGHT_FRONT_1692868186705159.pcd
28ae5ffbd3c54d69af98039511da74c0,4c0504969c67482cbdced0f9b049f6b8,b71e2b6ba3fa4279b36bfd4b9720251e,RADAR,RADAR_RIGHT_FRONT,1692868187202102,True,samples,samples/RADAR_RIGHT_FRONT/RADAR_RIGHT_FRONT_1692868187202102.pcd
a2166149633f4968a7f221fbf99f65bb,e527f6f066f143d68f20aadb009db2a7,b71e2b6ba3fa4279b36bfd4b9720251e,RADAR,RADAR_RIGHT_FRONT,1692868187703498,True,samples,samples/RADAR_RIGHT_FRONT/RADAR_RIGHT_FRONT_1692868187703498.pcd
2ae43db1df0c4045845280a4d8c57ddc,ad8c44a11384426e915df188732b1a80,b71e2b6ba3fa4279b36bfd4b9720251e,RADAR,RADAR_RIGHT_FRONT,1692868188204969,True,samples,samples/RADAR_RIGHT_FRONT/RADAR_RIGHT_FRONT_1692868188204969.pcd
185e5a69dd05471dad032e58b1703f73,c0c731e2934f4f61a21f188dbfafd519,b71e2b6ba3fa4279b36bfd4b9720251e,RADAR,RADAR_RIGHT_FRONT,1692868188702302,True,samples,samples/RADAR_RIGHT_FRONT/RADAR_RIGHT_FRONT_1692868188702302.pcd
8112f9aa75ea4dbd9b495e47aad121b9,b9a7ec7fce4a4a4f96f5314c1c686fcf,b71e2b6ba3fa4279b36bfd4b9720251e,RADAR,RADAR_RIGHT_FRONT,1692868189203141,True,samples,samples/RADAR_RIGHT_FRONT/RADAR_RIGHT_FRONT_1692868189203141.pcd
8bcefa7b996f4765867517f40f9739ea,90b359f78a9a4ef0bc84ff7b47b5f95e,b71e2b6ba3fa4279b36bfd4b9720251e,RADAR,RADAR_RIGHT_FRONT,1692868189653579,True,samples,samples/RADAR_RIGHT_FRONT/RADAR_RIGHT_FRONT_1692868189653579.pcd
ffbf4c2763034fe5a70dfe0a179f0325,af7b2ad4a2604df3886477c19c351ceb,b71e2b6ba3fa4279b36bfd4b9720251e,RADAR,RADAR_RIGHT_FRONT,1692868190201794,True,samples,samples/RADAR_RIGHT_FRONT/RADAR_RIGHT_FRONT_1692868190201794.pcd
c387eb0810cb4f6ba343aae1b5b5e024,3df88bfb6b784a84849fee4c12bd6821,b71e2b6ba3fa4279b36bfd4b9720251e,RADAR,RADAR_RIGHT_FRONT,1692868190703570,True,samples,samples/RADAR_RIGHT_FRONT/RADAR_RIGHT_FRONT_1692868190703570.pcd
ca87a1f0e8c444f7a6866222f013744a,c6cd487764a64b81b6be7b68a5da2867,b71e2b6ba3fa4279b36bfd4b9720251e,RADAR,RADAR_RIGHT_FRONT,1692868191204393,True,samples,samples/RADAR_RIGHT_FRONT/RADAR_RIGHT_FRONT_1692868191204393.pcd
7938cff40b3d4c0b84fa682c3ee82564,454fa18d64d94009914137ce901c8e7c,b71e2b6ba3fa4279b36bfd4b9720251e,RADAR,RADAR_LEFT_FRONT,1692868171703999,True,samples,samples/RADAR_LEFT_FRONT/RADAR_LEFT_FRONT_1692868171703999.pcd
c6f2c4b38d834e35b798e7731d9496b6,da505831bbb84ffc8e5ce6cf794037be,b71e2b6ba3fa4279b36bfd4b9720251e,RADAR,RADAR_LEFT_FRONT,1692868172205316,True,samples,samples/RADAR_LEFT_FRONT/RADAR_LEFT_FRONT_1692868172205316.pcd
374efc04c5cf4da8989b2e8aa0924404,8def0cf89dd94f1483002d209d33a00e,b71e2b6ba3fa4279b36bfd4b9720251e,RADAR,RADAR_LEFT_FRONT,1692868172701807,True,samples,samples/RADAR_LEFT_FRONT/RADAR_LEFT_FRONT_1692868172701807.pcd
96e067f52c6247cc80661f64449d258b,aad3fc22cae6450ba76ce8c10ceb5862,b71e2b6ba3fa4279b36bfd4b9720251e,RADAR,RADAR_LEFT_FRONT,1692868173203863,True,samples,samples/RADAR_LEFT_FRONT/RADAR_LEFT_FRONT_1692868173203863.pcd
8457ce9302b94e5ab92ccfaf3ac924c2,b758c76a38de4c96a259024c2603f725,b71e2b6ba3fa4279b36bfd4b9720251e,RADAR,RADAR_LEFT_FRONT,1692868173705288,True,samples,samples/RADAR_LEFT_FRONT/RADAR_LEFT_FRONT_1692868173705288.pcd
6004a87e65aa411cb72cda0c3a1c097b,a253c803a4244cb9aa2a2b1963eeeea3,b71e2b6ba3fa4279b36bfd4b9720251e,RADAR,RADAR_LEFT_FRONT,1692868174202284,True,samples,samples/RADAR_LEFT_FRONT/RADAR_LEFT_FRONT_1692868174202284.pcd
2054b89b683c4b06bb4251944340e486,364e9aeabf004d098c42b93bd3f73344,b71e2b6ba3fa4279b36bfd4b9720251e,RADAR,RADAR_LEFT_FRONT,1692868174703492,True,samples,samples/RADAR_LEFT_FRONT/RADAR_LEFT_FRONT_1692868174703492.pcd
1a226a32cd034acabf08e6340bde2a4d,e99ad15689f74cc1a7f2e92052fddbac,b71e2b6ba3fa4279b36bfd4b9720251e,RADAR,RADAR_LEFT_FRONT,1692868175204970,True,samples,samples/RADAR_LEFT_FRONT/RADAR_LEFT_FRONT_1692868175204970.pcd
460bb982488a465eab609cbdad71cb86,11ec72961e774527ac42ae08e165c7da,b71e2b6ba3fa4279b36bfd4b9720251e,RADAR,RADAR_LEFT_FRONT,1692868175702303,True,samples,samples/RADAR_LEFT_FRONT/RADAR_LEFT_FRONT_1692868175702303.pcd
cedccdd4dfe945e99cb5bd4fff4109b0,41c3b9f01b734b9cb4328ae85a868bf8,b71e2b6ba3fa4279b36bfd4b9720251e,RADAR,RADAR_LEFT_FRONT,1692868176203359,True,samples,samples/RADAR_LEFT_FRONT/RADAR_LEFT_FRONT_1692868176203359.pcd
a8f023e936424e2e9a874cc4df1b1390,2c8d8a964ecd48c3ace81f8fdf2050c9,b71e2b6ba3fa4279b36bfd4b9720251e,RADAR,RADAR_LEFT_FRONT,1692868176704778,True,samples,samples/RADAR_LEFT_FRONT/RADAR_LEFT_FRONT_1692868176704778.pcd
03e10ad64692440aa9725502ee32cc48,454cf93d8f564ed4b6850fd594a7c089,b71e2b6ba3fa4279b36bfd4b9720251e,RADAR,RADAR_LEFT_FRONT,1692868177201813,True,samples,samples/RADAR_LEFT_FRONT/RADAR_LEFT_FRONT_1692868177201813.pcd
943b55c2fcfd4885ba3f842f71d567c1,655c93866d21488d8b14981be5ddfd36,b71e2b6ba3fa4279b36bfd4b9720251e,RADAR,RADAR_LEFT_FRONT,1692868177703615,True,samples,samples/RADAR_LEFT_FRONT/RADAR_LEFT_FRONT_1692868177703615.pcd
898df06ee154424e9aa3b90c8b4b279f,961dd8adb97f43b190a8d038db47cccb,b71e2b6ba3fa4279b36bfd4b9720251e,RADAR,RADAR_LEFT_FRONT,1692868178204438,True,samples,samples/RADAR_LEFT_FRONT/RADAR_LEFT_FRONT_1692868178204438.pcd
aa0784da6f5742d4bcb0b75c6341ae41,2e32e4f5865b472a9a5fbe25fbe36c64,b71e2b6ba3fa4279b36bfd4b9720251e,RADAR,RADAR_LEFT_FRONT,1692868178702456,True,samples,samples/RADAR_LEFT_FRONT/RADAR_LEFT_FRONT_1692868178702456.pcd
5f82e28ad72c47108265ea2db4cfc476,23846abe608f4f79bc6d05d5ccc0ace7,b71e2b6ba3fa4279b36bfd4b9720251e,RADAR,RADAR_LEFT_FRONT,1692868179203100,True,samples,samples/RADAR_LEFT_FRONT/RADAR_LEFT_FRONT_1692868179203100.pcd
7380bcfa8d9b4e43aa7dea84b1f033a0,dbc47884027c46d3863f5bd9d34521a3,b71e2b6ba3fa4279b36bfd4b9720251e,RADAR,RADAR_LEFT_FRONT,1692868179705643,True,samples,samples/RADAR_LEFT_FRONT/RADAR_LEFT_FRONT_1692868179705643.pcd
a01be517ad884fb9bb54583544968969,685bef7dd155486cbb378a6ee743b1d9,b71e2b6ba3fa4279b36bfd4b9720251e,RADAR,RADAR_LEFT_FRONT,1692868180202080,True,samples,samples/RADAR_LEFT_FRONT/RADAR_LEFT_FRONT_1692868180202080.pcd
e6f5fa79787b44f5a1c93a610066df15,690c33ea05ed4616a30b2fee826bb639,b71e2b6ba3fa4279b36bfd4b9720251e,RADAR,RADAR_LEFT_FRONT,1692868180704135,True,samples,samples/RADAR_LEFT_FRONT/RADAR_LEFT_FRONT_1692868180704135.pcd
2b100bfd592c4a529406ed6f03469ddd,03a5d7bd3d0043998d6a760637d9aa50,b71e2b6ba3fa4279b36bfd4b9720251e,RADAR,RADAR_LEFT_FRONT,1692868181205663,True,samples,samples/RADAR_LEFT_FRONT/RADAR_LEFT_FRONT_1692868181205663.pcd
188edb9a2a24464ebb9390182b394b9b,6fb7001af5df4b89bc914daebf9b8b9c,b71e2b6ba3fa4279b36bfd4b9720251e,RADAR,RADAR_LEFT_FRONT,1692868181702889,True,samples,samples/RADAR_LEFT_FRONT/RADAR_LEFT_FRONT_1692868181702889.pcd
7f2c3251846340e2a765934183f6b7c8,be06e5f9e4414f1e9b9280620e8059cc,b71e2b6ba3fa4279b36bfd4b9720251e,RADAR,RADAR_LEFT_FRONT,1692868182203906,True,samples,samples/RADAR_LEFT_FRONT/RADAR_LEFT_FRONT_1692868182203906.pcd
0b8147e2c83e4e34bd882722219347ac,9e8d42cc2ec2408ba1ae5cb948b5615f,b71e2b6ba3fa4279b36bfd4b9720251e,RADAR,RADAR_LEFT_FRONT,1692868182705456,True,samples,samples/RADAR_LEFT_FRONT/RADAR_LEFT_FRONT_1692868182705456.pcd
3d685b06491344deb187856251b53d53,d7e011704a8042ccb7957f46d4ca1071,b71e2b6ba3fa4279b36bfd4b9720251e,RADAR,RADAR_LEFT_FRONT,1692868183155361,True,samples,samples/RADAR_LEFT_FRONT/RADAR_LEFT_FRONT_1692868183155361.pcd
2404fda249e141ff932cd75533f7e36a,2f4fede395ca4289b5163cffe58d0501,b71e2b6ba3fa4279b36bfd4b9720251e,RADAR,RADAR_LEFT_FRONT,1692868183703733,True,samples,samples/RADAR_LEFT_FRONT/RADAR_LEFT_FRONT_1692868183703733.pcd
1c9b2d45b90e43b7bd6811b500461d29,d71e2bb51e3246e0a8e9546b8f99ae00,b71e2b6ba3fa4279b36bfd4b9720251e,RADAR,RADAR_LEFT_FRONT,1692868184205391,True,samples,samples/RADAR_LEFT_FRONT/RADAR_LEFT_FRONT_1692868184205391.pcd
a6c1dfeace544cc7be73ec7b2205593c,25196b4ce7f3453aacba1b878527a664,b71e2b6ba3fa4279b36bfd4b9720251e,RADAR,RADAR_LEFT_FRONT,1692868184702147,True,samples,samples/RADAR_LEFT_FRONT/RADAR_LEFT_FRONT_1692868184702147.pcd
18f4c821b0224328966971b145b13869,fe0fd4d7662043a1801a7b179bbca83e,b71e2b6ba3fa4279b36bfd4b9720251e,RADAR,RADAR_LEFT_FRONT,1692868185203394,True,samples,samples/RADAR_LEFT_FRONT/RADAR_LEFT_FRONT_1692868185203394.pcd
a1fffef181fc48989f409592da8b2d85,bdba889f16cc459ea62e9510edae53ad,b71e2b6ba3fa4279b36bfd4b9720251e,RADAR,RADAR_LEFT_FRONT,1692868185704949,True,samples,samples/RADAR_LEFT_FRONT/RADAR_LEFT_FRONT_1692868185704949.pcd
d089c9ad5f8243a0aeea80207e9dcc56,de4ed400cbab46b88194dc982bfb35a7,b71e2b6ba3fa4279b36bfd4b9720251e,RADAR,RADAR_LEFT_FRONT,1692868186154902,True,samples,samples/RADAR_LEFT_FRONT/RADAR_LEFT_FRONT_1692868186154902.pcd
ce5dbc1ab08541dd96d3136d222c46a3,18636993a6aa40fa8d5ac8a038d9d050,b71e2b6ba3fa4279b36bfd4b9720251e,RADAR,RADAR_LEFT_FRONT,1692868186703163,True,samples,samples/RADAR_LEFT_FRONT/RADAR_LEFT_FRONT_1692868186703163.pcd
a597cafd432644a78b8ff54cbe981668,4c0504969c67482cbdced0f9b049f6b8,b71e2b6ba3fa4279b36bfd4b9720251e,RADAR,RADAR_LEFT_FRONT,1692868187204797,True,samples,samples/RADAR_LEFT_FRONT/RADAR_LEFT_FRONT_1692868187204797.pcd
fecb2cc65e884c90bdf85baf810dad70,e527f6f066f143d68f20aadb009db2a7,b71e2b6ba3fa4279b36bfd4b9720251e,RADAR,RADAR_LEFT_FRONT,1692868187654398,True,samples,samples/RADAR_LEFT_FRONT/RADAR_LEFT_FRONT_1692868187654398.pcd
fc7c6eb0bee84af09ceb5f7a360fe159,ad8c44a11384426e915df188732b1a80,b71e2b6ba3fa4279b36bfd4b9720251e,RADAR,RADAR_LEFT_FRONT,1692868188203590,True,samples,samples/RADAR_LEFT_FRONT/RADAR_LEFT_FRONT_1692868188203590.pcd
27e62e4ddeba4b3e8c35c87ed36c3d6b,c0c731e2934f4f61a21f188dbfafd519,b71e2b6ba3fa4279b36bfd4b9720251e,RADAR,RADAR_LEFT_FRONT,1692868188704402,True,samples,samples/RADAR_LEFT_FRONT/RADAR_LEFT_FRONT_1692868188704402.pcd
8ad29998378b4f8f8990207f3bf30af1,b9a7ec7fce4a4a4f96f5314c1c686fcf,b71e2b6ba3fa4279b36bfd4b9720251e,RADAR,RADAR_LEFT_FRONT,1692868189202409,True,samples,samples/RADAR_LEFT_FRONT/RADAR_LEFT_FRONT_1692868189202409.pcd
0361bccc07f544eba4b90708a8661c6d,90b359f78a9a4ef0bc84ff7b47b5f95e,b71e2b6ba3fa4279b36bfd4b9720251e,RADAR,RADAR_LEFT_FRONT,1692868189703113,True,samples,samples/RADAR_LEFT_FRONT/RADAR_LEFT_FRONT_1692868189703113.pcd
62856b8dd48f4e478ea5c8091ce29dc5,af7b2ad4a2604df3886477c19c351ceb,b71e2b6ba3fa4279b36bfd4b9720251e,RADAR,RADAR_LEFT_FRONT,1692868190205732,True,samples,samples/RADAR_LEFT_FRONT/RADAR_LEFT_FRONT_1692868190205732.pcd
5550ec41a30e416797d395a274a343d6,3df88bfb6b784a84849fee4c12bd6821,b71e2b6ba3fa4279b36bfd4b9720251e,RADAR,RADAR_LEFT_FRONT,1692868190702027,True,samples,samples/RADAR_LEFT_FRONT/RADAR_LEFT_FRONT_1692868190702027.pcd
273a0adaf9d841e88180f79cbbdaf415,c6cd487764a64b81b6be7b68a5da2867,b71e2b6ba3fa4279b36bfd4b9720251e,RADAR,RADAR_LEFT_FRONT,1692868191204085,True,samples,samples/RADAR_LEFT_FRONT/RADAR_LEFT_FRONT_1692868191204085.pcd
923ad2870579450595bcb1b46406ad95,454fa18d64d94009914137ce901c8e7c,b71e2b6ba3fa4279b36bfd4b9720251e,RADAR,RADAR_LEFT_SIDE,1692868171703704,True,samples,samples/RADAR_LEFT_SIDE/RADAR_LEFT_SIDE_1692868171703704.pcd
2340da7e5f9b4eaa8aa06cfbe0f396d7,da505831bbb84ffc8e5ce6cf794037be,b71e2b6ba3fa4279b36bfd4b9720251e,RADAR,RADAR_LEFT_SIDE,1692868172205135,True,samples,samples/RADAR_LEFT_SIDE/RADAR_LEFT_SIDE_1692868172205135.pcd
b2b32523fa0b46e290f80cb0ed82ec26,8def0cf89dd94f1483002d209d33a00e,b71e2b6ba3fa4279b36bfd4b9720251e,RADAR,RADAR_LEFT_SIDE,1692868172701545,True,samples,samples/RADAR_LEFT_SIDE/RADAR_LEFT_SIDE_1692868172701545.pcd
9adbcfb65f2e41e1abc53fb4c0f5fe45,aad3fc22cae6450ba76ce8c10ceb5862,b71e2b6ba3fa4279b36bfd4b9720251e,RADAR,RADAR_LEFT_SIDE,1692868173203528,True,samples,samples/RADAR_LEFT_SIDE/RADAR_LEFT_SIDE_1692868173203528.pcd
c144a97ebc18469f86a4748a9bb32b5d,b758c76a38de4c96a259024c2603f725,b71e2b6ba3fa4279b36bfd4b9720251e,RADAR,RADAR_LEFT_SIDE,1692868173705027,True,samples,samples/RADAR_LEFT_SIDE/RADAR_LEFT_SIDE_1692868173705027.pcd
66bbcdcedb7a4da9aa3292199ea7874e,a253c803a4244cb9aa2a2b1963eeeea3,b71e2b6ba3fa4279b36bfd4b9720251e,RADAR,RADAR_LEFT_SIDE,1692868174201919,True,samples,samples/RADAR_LEFT_SIDE/RADAR_LEFT_SIDE_1692868174201919.pcd
5fcd022c86a145d988d94887815b81d8,364e9aeabf004d098c42b93bd3f73344,b71e2b6ba3fa4279b36bfd4b9720251e,RADAR,RADAR_LEFT_SIDE,1692868174703163,True,samples,samples/RADAR_LEFT_SIDE/RADAR_LEFT_SIDE_1692868174703163.pcd
ecaa7e15201c4855881328a50fc7573a,e99ad15689f74cc1a7f2e92052fddbac,b71e2b6ba3fa4279b36bfd4b9720251e,RADAR,RADAR_LEFT_SIDE,1692868175204737,True,samples,samples/RADAR_LEFT_SIDE/RADAR_LEFT_SIDE_1692868175204737.pcd
3e128719689a4bc98543fc587fc253da,11ec72961e774527ac42ae08e165c7da,b71e2b6ba3fa4279b36bfd4b9720251e,RADAR,RADAR_LEFT_SIDE,1692868175701952,True,samples,samples/RADAR_LEFT_SIDE/RADAR_LEFT_SIDE_1692868175701952.pcd
ff81908376a649e7bb2448679f37c6ca,41c3b9f01b734b9cb4328ae85a868bf8,b71e2b6ba3fa4279b36bfd4b9720251e,RADAR,RADAR_LEFT_SIDE,1692868176202930,True,samples,samples/RADAR_LEFT_SIDE/RADAR_LEFT_SIDE_1692868176202930.pcd
b5daaed221cf4c6a84e54d838d7743fa,2c8d8a964ecd48c3ace81f8fdf2050c9,b71e2b6ba3fa4279b36bfd4b9720251e,RADAR,RADAR_LEFT_SIDE,1692868176704637,True,samples,samples/RADAR_LEFT_SIDE/RADAR_LEFT_SIDE_1692868176704637.pcd
a9b2fe6f12b24716b4ba283f4827ad59,454cf93d8f564ed4b6850fd594a7c089,b71e2b6ba3fa4279b36bfd4b9720251e,RADAR,RADAR_LEFT_SIDE,1692868177201520,True,samples,samples/RADAR_LEFT_SIDE/RADAR_LEFT_SIDE_1692868177201520.pcd
9c26cd1cbef84becadad1e0ad7be61f3,655c93866d21488d8b14981be5ddfd36,b71e2b6ba3fa4279b36bfd4b9720251e,RADAR,RADAR_LEFT_SIDE,1692868177703333,True,samples,samples/RADAR_LEFT_SIDE/RADAR_LEFT_SIDE_1692868177703333.pcd
bc9b0c3bc289494ba68f79bc4af253d4,961dd8adb97f43b190a8d038db47cccb,b71e2b6ba3fa4279b36bfd4b9720251e,RADAR,RADAR_LEFT_SIDE,1692868178204204,True,samples,samples/RADAR_LEFT_SIDE/RADAR_LEFT_SIDE_1692868178204204.pcd
86e21076552540a2932e82f9db9f241b,2e32e4f5865b472a9a5fbe25fbe36c64,b71e2b6ba3fa4279b36bfd4b9720251e,RADAR,RADAR_LEFT_SIDE,1692868178702216,True,samples,samples/RADAR_LEFT_SIDE/RADAR_LEFT_SIDE_1692868178702216.pcd
43d600d58310416c8a7fe6500a6d904f,23846abe608f4f79bc6d05d5ccc0ace7,b71e2b6ba3fa4279b36bfd4b9720251e,RADAR,RADAR_LEFT_SIDE,1692868179202822,True,samples,samples/RADAR_LEFT_SIDE/RADAR_LEFT_SIDE_1692868179202822.pcd
ac03ca5538ff4aae96c3d95ce9fdc3ee,dbc47884027c46d3863f5bd9d34521a3,b71e2b6ba3fa4279b36bfd4b9720251e,RADAR,RADAR_LEFT_SIDE,1692868179705424,True,samples,samples/RADAR_LEFT_SIDE/RADAR_LEFT_SIDE_1692868179705424.pcd
0ef13786542543aeb27b525430f91b16,685bef7dd155486cbb378a6ee743b1d9,b71e2b6ba3fa4279b36bfd4b9720251e,RADAR,RADAR_LEFT_SIDE,1692868180201781,True,samples,samples/RADAR_LEFT_SIDE/RADAR_LEFT_SIDE_1692868180201781.pcd
33a8a6b683f64fcbbd010f28fc246812,690c33ea05ed4616a30b2fee826bb639,b71e2b6ba3fa4279b36bfd4b9720251e,RADAR,RADAR_LEFT_SIDE,1692868180703790,True,samples,samples/RADAR_LEFT_SIDE/RADAR_LEFT_SIDE_1692868180703790.pcd
2de1044fb2e147faaa373a4971ae6bee,03a5d7bd3d0043998d6a760637d9aa50,b71e2b6ba3fa4279b36bfd4b9720251e,RADAR,RADAR_LEFT_SIDE,1692868181205342,True,samples,samples/RADAR_LEFT_SIDE/RADAR_LEFT_SIDE_1692868181205342.pcd
04ec4acd5a5c46dc8848594481f6b3a6,6fb7001af5df4b89bc914daebf9b8b9c,b71e2b6ba3fa4279b36bfd4b9720251e,RADAR,RADAR_LEFT_SIDE,1692868181702420,True,samples,samples/RADAR_LEFT_SIDE/RADAR_LEFT_SIDE_1692868181702420.pcd
34c7cbe8665b474eba676e6bb32b121f,be06e5f9e4414f1e9b9280620e8059cc,b71e2b6ba3fa4279b36bfd4b9720251e,RADAR,RADAR_LEFT_SIDE,1692868182203617,True,samples,samples/RADAR_LEFT_SIDE/RADAR_LEFT_SIDE_1692868182203617.pcd
4c1df5be556d42c68df64c7101a2bd94,9e8d42cc2ec2408ba1ae5cb948b5615f,b71e2b6ba3fa4279b36bfd4b9720251e,RADAR,RADAR_LEFT_SIDE,1692868182705317,True,samples,samples/RADAR_LEFT_SIDE/RADAR_LEFT_SIDE_1692868182705317.pcd
14acc7e37bb44dbfab981ccb8e81ccb7,d7e011704a8042ccb7957f46d4ca1071,b71e2b6ba3fa4279b36bfd4b9720251e,RADAR,RADAR_LEFT_SIDE,1692868183201710,True,samples,samples/RADAR_LEFT_SIDE/RADAR_LEFT_SIDE_1692868183201710.pcd
6c34717056134b35a6bb14eb146731a5,2f4fede395ca4289b5163cffe58d0501,b71e2b6ba3fa4279b36bfd4b9720251e,RADAR,RADAR_LEFT_SIDE,1692868183703681,True,samples,samples/RADAR_LEFT_SIDE/RADAR_LEFT_SIDE_1692868183703681.pcd
5b11046fdfed4d13a8c37dd6ca7d252e,d71e2bb51e3246e0a8e9546b8f99ae00,b71e2b6ba3fa4279b36bfd4b9720251e,RADAR,RADAR_LEFT_SIDE,1692868184205269,True,samples,samples/RADAR_LEFT_SIDE/RADAR_LEFT_SIDE_1692868184205269.pcd
80513912fb764a68a674976adf33379b,25196b4ce7f3453aacba1b878527a664,b71e2b6ba3fa4279b36bfd4b9720251e,RADAR,RADAR_LEFT_SIDE,1692868184702142,True,samples,samples/RADAR_LEFT_SIDE/RADAR_LEFT_SIDE_1692868184702142.pcd
b4f34e8909d9453f896b3c3ee7c9dff2,fe0fd4d7662043a1801a7b179bbca83e,b71e2b6ba3fa4279b36bfd4b9720251e,RADAR,RADAR_LEFT_SIDE,1692868185203396,True,samples,samples/RADAR_LEFT_SIDE/RADAR_LEFT_SIDE_1692868185203396.pcd
33a0d4b980a246e5a2e5b843880fee6e,bdba889f16cc459ea62e9510edae53ad,b71e2b6ba3fa4279b36bfd4b9720251e,RADAR,RADAR_LEFT_SIDE,1692868185705002,True,samples,samples/RADAR_LEFT_SIDE/RADAR_LEFT_SIDE_1692868185705002.pcd
c2919c8a5e444fda8b9c298816333931,de4ed400cbab46b88194dc982bfb35a7,b71e2b6ba3fa4279b36bfd4b9720251e,RADAR,RADAR_LEFT_SIDE,1692868186202177,True,samples,samples/RADAR_LEFT_SIDE/RADAR_LEFT_SIDE_1692868186202177.pcd
a4f67896bfb243e89a20272df79a3176,18636993a6aa40fa8d5ac8a038d9d050,b71e2b6ba3fa4279b36bfd4b9720251e,RADAR,RADAR_LEFT_SIDE,1692868186703151,True,samples,samples/RADAR_LEFT_SIDE/RADAR_LEFT_SIDE_1692868186703151.pcd
786645196a7d4f75ab46331d8cf92d7f,4c0504969c67482cbdced0f9b049f6b8,b71e2b6ba3fa4279b36bfd4b9720251e,RADAR,RADAR_LEFT_SIDE,1692868187204835,True,samples,samples/RADAR_LEFT_SIDE/RADAR_LEFT_SIDE_1692868187204835.pcd
4c5b6a64a9344f73a0ac77e5a04862b4,e527f6f066f143d68f20aadb009db2a7,b71e2b6ba3fa4279b36bfd4b9720251e,RADAR,RADAR_LEFT_SIDE,1692868187701736,True,samples,samples/RADAR_LEFT_SIDE/RADAR_LEFT_SIDE_1692868187701736.pcd
ed3126802d3743aa9b70243f9dd115b2,ad8c44a11384426e915df188732b1a80,b71e2b6ba3fa4279b36bfd4b9720251e,RADAR,RADAR_LEFT_SIDE,1692868188203630,True,samples,samples/RADAR_LEFT_SIDE/RADAR_LEFT_SIDE_1692868188203630.pcd
35a1b6abd6c743bda62d461d9ee64a11,c0c731e2934f4f61a21f188dbfafd519,b71e2b6ba3fa4279b36bfd4b9720251e,RADAR,RADAR_LEFT_SIDE,1692868188704325,True,samples,samples/RADAR_LEFT_SIDE/RADAR_LEFT_SIDE_1692868188704325.pcd
02e0ef84cf5e42be83e7e916ea561d43,b9a7ec7fce4a4a4f96f5314c1c686fcf,b71e2b6ba3fa4279b36bfd4b9720251e,RADAR,RADAR_LEFT_SIDE,1692868189202411,True,samples,samples/RADAR_LEFT_SIDE/RADAR_LEFT_SIDE_1692868189202411.pcd
d80e1b3b11164f57a28fb1d2c90fb725,90b359f78a9a4ef0bc84ff7b47b5f95e,b71e2b6ba3fa4279b36bfd4b9720251e,RADAR,RADAR_LEFT_SIDE,1692868189703049,True,samples,samples/RADAR_LEFT_SIDE/RADAR_LEFT_SIDE_1692868189703049.pcd
4ccd89ee9c374e7291c54e0a5f53b335,af7b2ad4a2604df3886477c19c351ceb,b71e2b6ba3fa4279b36bfd4b9720251e,RADAR,RADAR_LEFT_SIDE,1692868190205581,True,samples,samples/RADAR_LEFT_SIDE/RADAR_LEFT_SIDE_1692868190205581.pcd
7b0850f066d84d9381dca9503256f803,3df88bfb6b784a84849fee4c12bd6821,b71e2b6ba3fa4279b36bfd4b9720251e,RADAR,RADAR_LEFT_SIDE,1692868190701952,True,samples,samples/RADAR_LEFT_SIDE/RADAR_LEFT_SIDE_1692868190701952.pcd
47a9fa835ddf40cf8e26da16221a5b68,c6cd487764a64b81b6be7b68a5da2867,b71e2b6ba3fa4279b36bfd4b9720251e,RADAR,RADAR_LEFT_SIDE,1692868191204023,True,samples,samples/RADAR_LEFT_SIDE/RADAR_LEFT_SIDE_1692868191204023.pcd
56cad485ac8b4877825383faf2d3c5d9,454fa18d64d94009914137ce901c8e7c,b71e2b6ba3fa4279b36bfd4b9720251e,RADAR,RADAR_LEFT_BACK,1692868171703928,True,samples,samples/RADAR_LEFT_BACK/RADAR_LEFT_BACK_1692868171703928.pcd
5b929abc6dd843828b9e2e9a2e5a3d81,da505831bbb84ffc8e5ce6cf794037be,b71e2b6ba3fa4279b36bfd4b9720251e,RADAR,RADAR_LEFT_BACK,1692868172205255,True,samples,samples/RADAR_LEFT_BACK/RADAR_LEFT_BACK_1692868172205255.pcd
5fc70f7f34494bbaa4e0d31a6a71d66e,8def0cf89dd94f1483002d209d33a00e,b71e2b6ba3fa4279b36bfd4b9720251e,RADAR,RADAR_LEFT_BACK,1692868172701729,True,samples,samples/RADAR_LEFT_BACK/RADAR_LEFT_BACK_1692868172701729.pcd
e14b50e422814d008a9fcf09b446d1f7,aad3fc22cae6450ba76ce8c10ceb5862,b71e2b6ba3fa4279b36bfd4b9720251e,RADAR,RADAR_LEFT_BACK,1692868173203691,True,samples,samples/RADAR_LEFT_BACK/RADAR_LEFT_BACK_1692868173203691.pcd
d7a513db8f0140aba8697c17eaa410ec,b758c76a38de4c96a259024c2603f725,b71e2b6ba3fa4279b36bfd4b9720251e,RADAR,RADAR_LEFT_BACK,1692868173705234,True,samples,samples/RADAR_LEFT_BACK/RADAR_LEFT_BACK_1692868173705234.pcd
42c30e8d08894d49b14b3e7fa104769f,a253c803a4244cb9aa2a2b1963eeeea3,b71e2b6ba3fa4279b36bfd4b9720251e,RADAR,RADAR_LEFT_BACK,1692868174202114,True,samples,samples/RADAR_LEFT_BACK/RADAR_LEFT_BACK_1692868174202114.pcd
15b4198a20404887a105ea8158090e10,364e9aeabf004d098c42b93bd3f73344,b71e2b6ba3fa4279b36bfd4b9720251e,RADAR,RADAR_LEFT_BACK,1692868174703401,True,samples,samples/RADAR_LEFT_BACK/RADAR_LEFT_BACK_1692868174703401.pcd
22dd6ec74d674e7086cebea6850d9595,e99ad15689f74cc1a7f2e92052fddbac,b71e2b6ba3fa4279b36bfd4b9720251e,RADAR,RADAR_LEFT_BACK,1692868175204920,True,samples,samples/RADAR_LEFT_BACK/RADAR_LEFT_BACK_1692868175204920.pcd
2a0494a97cbe4258a8d361e5227cdc05,11ec72961e774527ac42ae08e165c7da,b71e2b6ba3fa4279b36bfd4b9720251e,RADAR,RADAR_LEFT_BACK,1692868175702231,True,samples,samples/RADAR_LEFT_BACK/RADAR_LEFT_BACK_1692868175702231.pcd
9bcafcb69d4d441995d3a6b0fb745126,41c3b9f01b734b9cb4328ae85a868bf8,b71e2b6ba3fa4279b36bfd4b9720251e,RADAR,RADAR_LEFT_BACK,1692868176203123,True,samples,samples/RADAR_LEFT_BACK/RADAR_LEFT_BACK_1692868176203123.pcd
b8459f5187e740eeaf5e383b56c99db8,2c8d8a964ecd48c3ace81f8fdf2050c9,b71e2b6ba3fa4279b36bfd4b9720251e,RADAR,RADAR_LEFT_BACK,1692868176704731,True,samples,samples/RADAR_LEFT_BACK/RADAR_LEFT_BACK_1692868176704731.pcd
7d2d928523084d5abaaf42d10af76a3d,454cf93d8f564ed4b6850fd594a7c089,b71e2b6ba3fa4279b36bfd4b9720251e,RADAR,RADAR_LEFT_BACK,1692868177201674,True,samples,samples/RADAR_LEFT_BACK/RADAR_LEFT_BACK_1692868177201674.pcd
fc71a0f5c98d408d8646adea43196486,655c93866d21488d8b14981be5ddfd36,b71e2b6ba3fa4279b36bfd4b9720251e,RADAR,RADAR_LEFT_BACK,1692868177703528,True,samples,samples/RADAR_LEFT_BACK/RADAR_LEFT_BACK_1692868177703528.pcd
487006d675e9495997e026d1ebf11cc3,961dd8adb97f43b190a8d038db47cccb,b71e2b6ba3fa4279b36bfd4b9720251e,RADAR,RADAR_LEFT_BACK,1692868178204383,True,samples,samples/RADAR_LEFT_BACK/RADAR_LEFT_BACK_1692868178204383.pcd
01ac0f26fe4841c7aa9367252052061b,2e32e4f5865b472a9a5fbe25fbe36c64,b71e2b6ba3fa4279b36bfd4b9720251e,RADAR,RADAR_LEFT_BACK,1692868178702438,True,samples,samples/RADAR_LEFT_BACK/RADAR_LEFT_BACK_1692868178702438.pcd
05e61260dada47b29cf87178789e39bc,23846abe608f4f79bc6d05d5ccc0ace7,b71e2b6ba3fa4279b36bfd4b9720251e,RADAR,RADAR_LEFT_BACK,1692868179202990,True,samples,samples/RADAR_LEFT_BACK/RADAR_LEFT_BACK_1692868179202990.pcd
2f23e3bf51ff49bfac3108786cac39e4,dbc47884027c46d3863f5bd9d34521a3,b71e2b6ba3fa4279b36bfd4b9720251e,RADAR,RADAR_LEFT_BACK,1692868179705533,True,samples,samples/RADAR_LEFT_BACK/RADAR_LEFT_BACK_1692868179705533.pcd
3a7813894e9a43d99eb5d4acc384dfb8,685bef7dd155486cbb378a6ee743b1d9,b71e2b6ba3fa4279b36bfd4b9720251e,RADAR,RADAR_LEFT_BACK,1692868180201934,True,samples,samples/RADAR_LEFT_BACK/RADAR_LEFT_BACK_1692868180201934.pcd
0033f0d2176c4e4490462a9cfcea9805,690c33ea05ed4616a30b2fee826bb639,b71e2b6ba3fa4279b36bfd4b9720251e,RADAR,RADAR_LEFT_BACK,1692868180704087,True,samples,samples/RADAR_LEFT_BACK/RADAR_LEFT_BACK_1692868180704087.pcd
40af8e29818241cdb8e6f345760c196e,03a5d7bd3d0043998d6a760637d9aa50,b71e2b6ba3fa4279b36bfd4b9720251e,RADAR,RADAR_LEFT_BACK,1692868181153891,True,samples,samples/RADAR_LEFT_BACK/RADAR_LEFT_BACK_1692868181153891.pcd
6b9ab9c1ade84424a7e5ad4da8df643e,6fb7001af5df4b89bc914daebf9b8b9c,b71e2b6ba3fa4279b36bfd4b9720251e,RADAR,RADAR_LEFT_BACK,1692868181702767,True,samples,samples/RADAR_LEFT_BACK/RADAR_LEFT_BACK_1692868181702767.pcd
7139174b23934caf9b41e30ab5631e02,be06e5f9e4414f1e9b9280620e8059cc,b71e2b6ba3fa4279b36bfd4b9720251e,RADAR,RADAR_LEFT_BACK,1692868182203755,True,samples,samples/RADAR_LEFT_BACK/RADAR_LEFT_BACK_1692868182203755.pcd
0c6e932dec4b4a2ebbbb2a5155fa3e43,9e8d42cc2ec2408ba1ae5cb948b5615f,b71e2b6ba3fa4279b36bfd4b9720251e,RADAR,RADAR_LEFT_BACK,1692868182705201,True,samples,samples/RADAR_LEFT_BACK/RADAR_LEFT_BACK_1692868182705201.pcd
d49a774022844d1c9a34e45c1c855af4,d7e011704a8042ccb7957f46d4ca1071,b71e2b6ba3fa4279b36bfd4b9720251e,RADAR,RADAR_LEFT_BACK,1692868183201680,True,samples,samples/RADAR_LEFT_BACK/RADAR_LEFT_BACK_1692868183201680.pcd
82f8ea3f0bb949b9ae3c957603928358,2f4fede395ca4289b5163cffe58d0501,b71e2b6ba3fa4279b36bfd4b9720251e,RADAR,RADAR_LEFT_BACK,1692868183703704,True,samples,samples/RADAR_LEFT_BACK/RADAR_LEFT_BACK_1692868183703704.pcd
85528141e2734925beefefdc43226825,d71e2bb51e3246e0a8e9546b8f99ae00,b71e2b6ba3fa4279b36bfd4b9720251e,RADAR,RADAR_LEFT_BACK,1692868184205185,True,samples,samples/RADAR_LEFT_BACK/RADAR_LEFT_BACK_1692868184205185.pcd
a50b625d625343708688cac27deb43c7,25196b4ce7f3453aacba1b878527a664,b71e2b6ba3fa4279b36bfd4b9720251e,RADAR,RADAR_LEFT_BACK,1692868184702059,True,samples,samples/RADAR_LEFT_BACK/RADAR_LEFT_BACK_1692868184702059.pcd
374344d458c94b75b83b3a9599953d5a,fe0fd4d7662043a1801a7b179bbca83e,b71e2b6ba3fa4279b36bfd4b9720251e,RADAR,RADAR_LEFT_BACK,1692868185203323,True,samples,samples/RADAR_LEFT_BACK/RADAR_LEFT_BACK_1692868185203323.pcd
005303814484455ba1b0a756f3e4f90a,bdba889f16cc459ea62e9510edae53ad,b71e2b6ba3fa4279b36bfd4b9720251e,RADAR,RADAR_LEFT_BACK,1692868185704876,True,samples,samples/RADAR_LEFT_BACK/RADAR_LEFT_BACK_1692868185704876.pcd
7ddaa09c9a0a4a2295e07473926c77ed,de4ed400cbab46b88194dc982bfb35a7,b71e2b6ba3fa4279b36bfd4b9720251e,RADAR,RADAR_LEFT_BACK,1692868186202137,True,samples,samples/RADAR_LEFT_BACK/RADAR_LEFT_BACK_1692868186202137.pcd
ebd1399670414060becee619497022eb,18636993a6aa40fa8d5ac8a038d9d050,b71e2b6ba3fa4279b36bfd4b9720251e,RADAR,RADAR_LEFT_BACK,1692868186703087,True,samples,samples/RADAR_LEFT_BACK/RADAR_LEFT_BACK_1692868186703087.pcd
47ff7e6310934d169d25130c5b0464d3,4c0504969c67482cbdced0f9b049f6b8,b71e2b6ba3fa4279b36bfd4b9720251e,RADAR,RADAR_LEFT_BACK,1692868187204754,True,samples,samples/RADAR_LEFT_BACK/RADAR_LEFT_BACK_1692868187204754.pcd
00719dc788cd489a9f5bd87cd1e95f2c,e527f6f066f143d68f20aadb009db2a7,b71e2b6ba3fa4279b36bfd4b9720251e,RADAR,RADAR_LEFT_BACK,1692868187701622,True,samples,samples/RADAR_LEFT_BACK/RADAR_LEFT_BACK_1692868187701622.pcd
9cfa6eeaad004f5c8350b25d458c3c59,ad8c44a11384426e915df188732b1a80,b71e2b6ba3fa4279b36bfd4b9720251e,RADAR,RADAR_LEFT_BACK,1692868188203497,True,samples,samples/RADAR_LEFT_BACK/RADAR_LEFT_BACK_1692868188203497.pcd
095c601d525d4bc4a44090ebe7d5145d,c0c731e2934f4f61a21f188dbfafd519,b71e2b6ba3fa4279b36bfd4b9720251e,RADAR,RADAR_LEFT_BACK,1692868188704378,True,samples,samples/RADAR_LEFT_BACK/RADAR_LEFT_BACK_1692868188704378.pcd
748a9726a02243c1a95855f785e9f0cb,b9a7ec7fce4a4a4f96f5314c1c686fcf,b71e2b6ba3fa4279b36bfd4b9720251e,RADAR,RADAR_LEFT_BACK,1692868189202334,True,samples,samples/RADAR_LEFT_BACK/RADAR_LEFT_BACK_1692868189202334.pcd
e553b817b3074715af6545c7d8ef9543,90b359f78a9a4ef0bc84ff7b47b5f95e,b71e2b6ba3fa4279b36bfd4b9720251e,RADAR,RADAR_LEFT_BACK,1692868189702956,True,samples,samples/RADAR_LEFT_BACK/RADAR_LEFT_BACK_1692868189702956.pcd
22115684be574174a96983bf3aa8001d,af7b2ad4a2604df3886477c19c351ceb,b71e2b6ba3fa4279b36bfd4b9720251e,RADAR,RADAR_LEFT_BACK,1692868190205523,True,samples,samples/RADAR_LEFT_BACK/RADAR_LEFT_BACK_1692868190205523.pcd
d664fd29032140bd85073db1fa70d990,3df88bfb6b784a84849fee4c12bd6821,b71e2b6ba3fa4279b36bfd4b9720251e,RADAR,RADAR_LEFT_BACK,1692868190701975,True,samples,samples/RADAR_LEFT_BACK/RADAR_LEFT_BACK_1692868190701975.pcd
9f62b495e21c411dbf6fc8484c3815b5,c6cd487764a64b81b6be7b68a5da2867,b71e2b6ba3fa4279b36bfd4b9720251e,RADAR,RADAR_LEFT_BACK,1692868191203927,True,samples,samples/RADAR_LEFT_BACK/RADAR_LEFT_BACK_1692868191203927.pcd
db9176808eb648d2ace82dc2a88cd508,c697554e47f54d808bc04430ee0c096a,fb0a3d4e84c74b07ba0997891ed12f0b,RADAR,RADAR_RIGHT_BACK,1693037629804620,True,samples,samples/RADAR_RIGHT_BACK/RADAR_RIGHT_BACK_1693037629804620.pcd
f2085b64ee044723894bc6085707266a,c1fa7ae3e9e841669977535cab99f9e5,fb0a3d4e84c74b07ba0997891ed12f0b,RADAR,RADAR_RIGHT_BACK,1693037630302725,True,samples,samples/RADAR_RIGHT_BACK/RADAR_RIGHT_BACK_1693037630302725.pcd
c0e2020133b144ea9d184fbe4e82fc68,88f45c2252de4a4ab521c379295691b8,fb0a3d4e84c74b07ba0997891ed12f0b,RADAR,RADAR_RIGHT_BACK,1693037630803245,True,samples,samples/RADAR_RIGHT_BACK/RADAR_RIGHT_BACK_1693037630803245.pcd
cb24d83275f645818172f72d7f64644d,edda21af0d3746509b92cd66626f3c22,fb0a3d4e84c74b07ba0997891ed12f0b,RADAR,RADAR_RIGHT_BACK,1693037631254107,True,samples,samples/RADAR_RIGHT_BACK/RADAR_RIGHT_BACK_1693037631254107.pcd
0fa854596b124a538106d8f1462b1bd2,be9fd92af46f405a81143c4ebc2ec6e8,fb0a3d4e84c74b07ba0997891ed12f0b,RADAR,RADAR_RIGHT_BACK,1693037631755678,True,samples,samples/RADAR_RIGHT_BACK/RADAR_RIGHT_BACK_1693037631755678.pcd
a0107b013ab249149209222118a80cd9,bb645fdd377641b0bf0cc0e237c8f921,fb0a3d4e84c74b07ba0997891ed12f0b,RADAR,RADAR_RIGHT_BACK,1693037632304196,True,samples,samples/RADAR_RIGHT_BACK/RADAR_RIGHT_BACK_1693037632304196.pcd
e4d59405077d4a03a15d2298930a06c0,b47fb153d525405b9a0969ed13866d47,fb0a3d4e84c74b07ba0997891ed12f0b,RADAR,RADAR_RIGHT_BACK,1693037632805711,True,samples,samples/RADAR_RIGHT_BACK/RADAR_RIGHT_BACK_1693037632805711.pcd
0447f1d492bf4ea69048f86275daf7b3,22a144007355442b88302e98c8bdfcc3,fb0a3d4e84c74b07ba0997891ed12f0b,RADAR,RADAR_RIGHT_BACK,1693037633302780,True,samples,samples/RADAR_RIGHT_BACK/RADAR_RIGHT_BACK_1693037633302780.pcd
a3ac97407e544bf3a937e61b935b8700,65e601eefa2c4897aa403b73eb732f4b,fb0a3d4e84c74b07ba0997891ed12f0b,RADAR,RADAR_RIGHT_BACK,1693037633751879,True,samples,samples/RADAR_RIGHT_BACK/RADAR_RIGHT_BACK_1693037633751879.pcd
7557265c3ecb4a17bbc69ba2741d1a36,5fa7a0d7ce294937aa6c752ffc289a99,fb0a3d4e84c74b07ba0997891ed12f0b,RADAR,RADAR_RIGHT_BACK,1693037634305435,True,samples,samples/RADAR_RIGHT_BACK/RADAR_RIGHT_BACK_1693037634305435.pcd
38f15011ea9a4c4f89fbfbf276b9f34d,56d617998a924daab151906f9f927ce8,fb0a3d4e84c74b07ba0997891ed12f0b,RADAR,RADAR_RIGHT_BACK,1693037634801777,True,samples,samples/RADAR_RIGHT_BACK/RADAR_RIGHT_BACK_1693037634801777.pcd
6f7f9dc861ef4485906aa0196f22d9a9,bef4f31700da4be6b6d5e00e8d2f069f,fb0a3d4e84c74b07ba0997891ed12f0b,RADAR,RADAR_RIGHT_BACK,1693037635303828,True,samples,samples/RADAR_RIGHT_BACK/RADAR_RIGHT_BACK_1693037635303828.pcd
e978a5451f24484fa3490561c473744b,66b74e3b07944e3093c3ff399906a677,fb0a3d4e84c74b07ba0997891ed12f0b,RADAR,RADAR_RIGHT_BACK,1693037635805428,True,samples,samples/RADAR_RIGHT_BACK/RADAR_RIGHT_BACK_1693037635805428.pcd
1f6a016a62e647b492e2bc0d2786e4ce,6639726833f3487e84af32dcdeb5ca97,fb0a3d4e84c74b07ba0997891ed12f0b,RADAR,RADAR_RIGHT_BACK,1693037636302268,True,samples,samples/RADAR_RIGHT_BACK/RADAR_RIGHT_BACK_1693037636302268.pcd
21e4a20ff9c248f59a3f244925cfb40a,1d6eca27a2d846babba94511cdb92ce8,fb0a3d4e84c74b07ba0997891ed12f0b,RADAR,RADAR_RIGHT_BACK,1693037636803524,True,samples,samples/RADAR_RIGHT_BACK/RADAR_RIGHT_BACK_1693037636803524.pcd
43bd727c19c34a1aad06af1cc72d49e6,5246ab26fe1e49679c1feb5a49f2155b,fb0a3d4e84c74b07ba0997891ed12f0b,RADAR,RADAR_RIGHT_BACK,1693037637305162,True,samples,samples/RADAR_RIGHT_BACK/RADAR_RIGHT_BACK_1693037637305162.pcd
b233749fbf1148069ad240ccb754fb09,c077a9424ba74b41b1f7388437a26db8,fb0a3d4e84c74b07ba0997891ed12f0b,RADAR,RADAR_RIGHT_BACK,1693037637802540,True,samples,samples/RADAR_RIGHT_BACK/RADAR_RIGHT_BACK_1693037637802540.pcd
947ae39bd278434c87cb8ee927974335,b9d620dd5b0d460c9e6bcbba8869e234,fb0a3d4e84c74b07ba0997891ed12f0b,RADAR,RADAR_RIGHT_BACK,1693037638303326,True,samples,samples/RADAR_RIGHT_BACK/RADAR_RIGHT_BACK_1693037638303326.pcd
47d6e810f09444a7af1328336b90674e,cd0ad0366409452ba84ed09a88762098,fb0a3d4e84c74b07ba0997891ed12f0b,RADAR,RADAR_RIGHT_BACK,1693037638804823,True,samples,samples/RADAR_RIGHT_BACK/RADAR_RIGHT_BACK_1693037638804823.pcd
3ee7bdf2543f4d41a00cffc65895ec72,dfbf91bd129943158cfe23b97304b5c1,fb0a3d4e84c74b07ba0997891ed12f0b,RADAR,RADAR_RIGHT_BACK,1693037639301931,True,samples,samples/RADAR_RIGHT_BACK/RADAR_RIGHT_BACK_1693037639301931.pcd
19c3bbc2873246d28fbc571e5a9f4c73,d189106bfea940e6b0645b020a817274,fb0a3d4e84c74b07ba0997891ed12f0b,RADAR,RADAR_RIGHT_BACK,1693037639803662,True,samples,samples/RADAR_RIGHT_BACK/RADAR_RIGHT_BACK_1693037639803662.pcd
e64a4dc8f44444bba7932c65fedc8575,ecda125ef7114f1e95e3376a422ca987,fb0a3d4e84c74b07ba0997891ed12f0b,RADAR,RADAR_RIGHT_BACK,1693037640253199,True,samples,samples/RADAR_RIGHT_BACK/RADAR_RIGHT_BACK_1693037640253199.pcd
30f444248819432782446ff30baafc99,662e13a0a54646e2a85061b8fd8b82cf,fb0a3d4e84c74b07ba0997891ed12f0b,RADAR,RADAR_RIGHT_BACK,1693037640802703,True,samples,samples/RADAR_RIGHT_BACK/RADAR_RIGHT_BACK_1693037640802703.pcd
17cda881a12e4f26ae37a3783249b722,6d95ec0691e34461837902237666da14,fb0a3d4e84c74b07ba0997891ed12f0b,RADAR,RADAR_RIGHT_BACK,1693037641303224,True,samples,samples/RADAR_RIGHT_BACK/RADAR_RIGHT_BACK_1693037641303224.pcd
cf081e81970349228d4bd30e1bba201f,f8a3068c788b4ef385f381a1896324ff,fb0a3d4e84c74b07ba0997891ed12f0b,RADAR,RADAR_RIGHT_BACK,1693037641805805,True,samples,samples/RADAR_RIGHT_BACK/RADAR_RIGHT_BACK_1693037641805805.pcd
17fe55bd24d04d80bd1cf2fa92350dae,22c8e66994d848fa9e7c5b818a74e929,fb0a3d4e84c74b07ba0997891ed12f0b,RADAR,RADAR_RIGHT_BACK,1693037642302401,True,samples,samples/RADAR_RIGHT_BACK/RADAR_RIGHT_BACK_1693037642302401.pcd
e16512329cc54da1938331b41bc533b2,2b3dddad1f5c45b88b589d928aabd5c5,fb0a3d4e84c74b07ba0997891ed12f0b,RADAR,RADAR_RIGHT_BACK,1693037642804211,True,samples,samples/RADAR_RIGHT_BACK/RADAR_RIGHT_BACK_1693037642804211.pcd
24c403cf11714be18589a00054cbbdb8,2ef9cc68aad54b5dbd7ba1656b162bb6,fb0a3d4e84c74b07ba0997891ed12f0b,RADAR,RADAR_RIGHT_BACK,1693037643254265,True,samples,samples/RADAR_RIGHT_BACK/RADAR_RIGHT_BACK_1693037643254265.pcd
603d9b2ea0064626b10a848efe025543,4629ab4eef614bcc88799f3c2a481464,fb0a3d4e84c74b07ba0997891ed12f0b,RADAR,RADAR_RIGHT_BACK,1693037643755509,True,samples,samples/RADAR_RIGHT_BACK/RADAR_RIGHT_BACK_1693037643755509.pcd
ba38690921cf4a99a6199513a8077f7c,17f7f55abf7149808ac93fbceb62dc4b,fb0a3d4e84c74b07ba0997891ed12f0b,RADAR,RADAR_RIGHT_BACK,1693037644304053,True,samples,samples/RADAR_RIGHT_BACK/RADAR_RIGHT_BACK_1693037644304053.pcd
92fe6dca86974c8fbed1b627d792acf0,e55da1b1790746d28026543b91d35035,fb0a3d4e84c74b07ba0997891ed12f0b,RADAR,RADAR_RIGHT_BACK,1693037644805464,True,samples,samples/RADAR_RIGHT_BACK/RADAR_RIGHT_BACK_1693037644805464.pcd
c15db5439b594d16897e70ce3a7670b5,a5f45502b1624983896e28a213edfc32,fb0a3d4e84c74b07ba0997891ed12f0b,RADAR,RADAR_RIGHT_BACK,1693037645301833,True,samples,samples/RADAR_RIGHT_BACK/RADAR_RIGHT_BACK_1693037645301833.pcd
1fde3c0be29e4177b7b8b25ad68b7ba0,eb589fd9cd944cf5918b7d02b675c9e0,fb0a3d4e84c74b07ba0997891ed12f0b,RADAR,RADAR_RIGHT_BACK,1693037645804046,True,samples,samples/RADAR_RIGHT_BACK/RADAR_RIGHT_BACK_1693037645804046.pcd
debcd45b387e4fe1b5966db8e2e5f247,6e85e65d164646609515e2482f43f9e8,fb0a3d4e84c74b07ba0997891ed12f0b,RADAR,RADAR_RIGHT_BACK,1693037646305341,True,samples,samples/RADAR_RIGHT_BACK/RADAR_RIGHT_BACK_1693037646305341.pcd
d68ea67a3c574d49a155a65c37e9bf75,6da4714588654dcb98fd4b687c4d84b1,fb0a3d4e84c74b07ba0997891ed12f0b,RADAR,RADAR_RIGHT_BACK,1693037646802279,True,samples,samples/RADAR_RIGHT_BACK/RADAR_RIGHT_BACK_1693037646802279.pcd
a2e6b37ef73e4a8ead5e17b7e09507f3,88c836e904e34f6cb1cbf68901b2515c,fb0a3d4e84c74b07ba0997891ed12f0b,RADAR,RADAR_RIGHT_BACK,1693037647303602,True,samples,samples/RADAR_RIGHT_BACK/RADAR_RIGHT_BACK_1693037647303602.pcd
78b25fe2d34f429db9ef9e5557143b29,03595fbbc36e4b509eec679e8fbfe3b0,fb0a3d4e84c74b07ba0997891ed12f0b,RADAR,RADAR_RIGHT_BACK,1693037647805204,True,samples,samples/RADAR_RIGHT_BACK/RADAR_RIGHT_BACK_1693037647805204.pcd
934d923d24814c14b589ce997576a923,27b21c33300842fdb87fcae94c6eef64,fb0a3d4e84c74b07ba0997891ed12f0b,RADAR,RADAR_RIGHT_BACK,1693037648302379,True,samples,samples/RADAR_RIGHT_BACK/RADAR_RIGHT_BACK_1693037648302379.pcd
0c921e815f1a491a906d4c54993bf930,03aa237df45142e3a7e743192bdab1a4,fb0a3d4e84c74b07ba0997891ed12f0b,RADAR,RADAR_RIGHT_BACK,1693037648803347,True,samples,samples/RADAR_RIGHT_BACK/RADAR_RIGHT_BACK_1693037648803347.pcd
a9fae22e2f654344ac0910ab32083585,14a220becf67423cb187002e685e95bc,fb0a3d4e84c74b07ba0997891ed12f0b,RADAR,RADAR_RIGHT_BACK,1693037649305016,True,samples,samples/RADAR_RIGHT_BACK/RADAR_RIGHT_BACK_1693037649305016.pcd
f57fdf01f04048d986dec8ebac49cd5f,c697554e47f54d808bc04430ee0c096a,fb0a3d4e84c74b07ba0997891ed12f0b,RADAR,RADAR_RIGHT_SIDE,1693037629803001,True,samples,samples/RADAR_RIGHT_SIDE/RADAR_RIGHT_SIDE_1693037629803001.pcd
9c75a0391e894c6797c4a3bfba1460b7,c1fa7ae3e9e841669977535cab99f9e5,fb0a3d4e84c74b07ba0997891ed12f0b,RADAR,RADAR_RIGHT_SIDE,1693037630305664,True,samples,samples/RADAR_RIGHT_SIDE/RADAR_RIGHT_SIDE_1693037630305664.pcd
e5dce155eb414f0ba7c70499c147d6b1,88f45c2252de4a4ab521c379295691b8,fb0a3d4e84c74b07ba0997891ed12f0b,RADAR,RADAR_RIGHT_SIDE,1693037630801925,True,samples,samples/RADAR_RIGHT_SIDE/RADAR_RIGHT_SIDE_1693037630801925.pcd
73105c52aff74fb0a845eef0ff15f744,edda21af0d3746509b92cd66626f3c22,fb0a3d4e84c74b07ba0997891ed12f0b,RADAR,RADAR_RIGHT_SIDE,1693037631303995,True,samples,samples/RADAR_RIGHT_SIDE/RADAR_RIGHT_SIDE_1693037631303995.pcd
02e798b0715449eca4cd6a52c70a0afc,be9fd92af46f405a81143c4ebc2ec6e8,fb0a3d4e84c74b07ba0997891ed12f0b,RADAR,RADAR_RIGHT_SIDE,1693037631805556,True,samples,samples/RADAR_RIGHT_SIDE/RADAR_RIGHT_SIDE_1693037631805556.pcd
9f8a1f4731e84ac8b0fbe9726d0b9886,bb645fdd377641b0bf0cc0e237c8f921,fb0a3d4e84c74b07ba0997891ed12f0b,RADAR,RADAR_RIGHT_SIDE,1693037632302759,True,samples,samples/RADAR_RIGHT_SIDE/RADAR_RIGHT_SIDE_1693037632302759.pcd
c978845ac83c4f90ae8a52636cd62cb0,b47fb153d525405b9a0969ed13866d47,fb0a3d4e84c74b07ba0997891ed12f0b,RADAR,RADAR_RIGHT_SIDE,1693037632803973,True,samples,samples/RADAR_RIGHT_SIDE/RADAR_RIGHT_SIDE_1693037632803973.pcd
b9d2113aafbc4e7d9e37fb4779fbfbcb,22a144007355442b88302e98c8bdfcc3,fb0a3d4e84c74b07ba0997891ed12f0b,RADAR,RADAR_RIGHT_SIDE,1693037633305334,True,samples,samples/RADAR_RIGHT_SIDE/RADAR_RIGHT_SIDE_1693037633305334.pcd
a2c5d38dd0c14e909aaa85b2f0807aac,65e601eefa2c4897aa403b73eb732f4b,fb0a3d4e84c74b07ba0997891ed12f0b,RADAR,RADAR_RIGHT_SIDE,1693037633801695,True,samples,samples/RADAR_RIGHT_SIDE/RADAR_RIGHT_SIDE_1693037633801695.pcd
3bd5549cc06b42c4b75feba1c00ddf47,5fa7a0d7ce294937aa6c752ffc289a99,fb0a3d4e84c74b07ba0997891ed12f0b,RADAR,RADAR_RIGHT_SIDE,1693037634303859,True,samples,samples/RADAR_RIGHT_SIDE/RADAR_RIGHT_SIDE_1693037634303859.pcd
a6c3d7947e60467788da4752a19d19ff,56d617998a924daab151906f9f927ce8,fb0a3d4e84c74b07ba0997891ed12f0b,RADAR,RADAR_RIGHT_SIDE,1693037634805185,True,samples,samples/RADAR_RIGHT_SIDE/RADAR_RIGHT_SIDE_1693037634805185.pcd
21ac67e0f5314b2fb0ed1a13bbb8d342,bef4f31700da4be6b6d5e00e8d2f069f,fb0a3d4e84c74b07ba0997891ed12f0b,RADAR,RADAR_RIGHT_SIDE,1693037635302213,True,samples,samples/RADAR_RIGHT_SIDE/RADAR_RIGHT_SIDE_1693037635302213.pcd
63ce21e283734be68d87ab3a4f7bd6a7,66b74e3b07944e3093c3ff399906a677,fb0a3d4e84c74b07ba0997891ed12f0b,RADAR,RADAR_RIGHT_SIDE,1693037635803339,True,samples,samples/RADAR_RIGHT_SIDE/RADAR_RIGHT_SIDE_1693037635803339.pcd
9bff69940c4b4322a2fd92cc9ae29440,6639726833f3487e84af32dcdeb5ca97,fb0a3d4e84c74b07ba0997891ed12f0b,RADAR,RADAR_RIGHT_SIDE,1693037636304967,True,samples,samples/RADAR_RIGHT_SIDE/RADAR_RIGHT_SIDE_1693037636304967.pcd
42f3a549e424496f82e468537fe18c6a,1d6eca27a2d846babba94511cdb92ce8,fb0a3d4e84c74b07ba0997891ed12f0b,RADAR,RADAR_RIGHT_SIDE,1693037636802258,True,samples,samples/RADAR_RIGHT_SIDE/RADAR_RIGHT_SIDE_1693037636802258.pcd
6643327fc86a419683a299786dc6b39f,5246ab26fe1e49679c1feb5a49f2155b,fb0a3d4e84c74b07ba0997891ed12f0b,RADAR,RADAR_RIGHT_SIDE,1693037637303100,True,samples,samples/RADAR_RIGHT_SIDE/RADAR_RIGHT_SIDE_1693037637303100.pcd
99b8764dfa3f48bea6179e7355b9a45a,c077a9424ba74b41b1f7388437a26db8,fb0a3d4e84c74b07ba0997891ed12f0b,RADAR,RADAR_RIGHT_SIDE,1693037637804772,True,samples,samples/RADAR_RIGHT_SIDE/RADAR_RIGHT_SIDE_1693037637804772.pcd
5141acb69ddc447095096c8258b729d9,b9d620dd5b0d460c9e6bcbba8869e234,fb0a3d4e84c74b07ba0997891ed12f0b,RADAR,RADAR_RIGHT_SIDE,1693037638301737,True,samples,samples/RADAR_RIGHT_SIDE/RADAR_RIGHT_SIDE_1693037638301737.pcd
da68faf1225c464ebf65c64fe80a0281,cd0ad0366409452ba84ed09a88762098,fb0a3d4e84c74b07ba0997891ed12f0b,RADAR,RADAR_RIGHT_SIDE,1693037638803482,True,samples,samples/RADAR_RIGHT_SIDE/RADAR_RIGHT_SIDE_1693037638803482.pcd
ffcafab5ccb0467f87f9f99b65f30d7e,dfbf91bd129943158cfe23b97304b5c1,fb0a3d4e84c74b07ba0997891ed12f0b,RADAR,RADAR_RIGHT_SIDE,1693037639304446,True,samples,samples/RADAR_RIGHT_SIDE/RADAR_RIGHT_SIDE_1693037639304446.pcd
b79e80a1400f41d695f9a31c557e2473,d189106bfea940e6b0645b020a817274,fb0a3d4e84c74b07ba0997891ed12f0b,RADAR,RADAR_RIGHT_SIDE,1693037639802470,True,samples,samples/RADAR_RIGHT_SIDE/RADAR_RIGHT_SIDE_1693037639802470.pcd
f069fe980506469ab5edcf48aac9104e,ecda125ef7114f1e95e3376a422ca987,fb0a3d4e84c74b07ba0997891ed12f0b,RADAR,RADAR_RIGHT_SIDE,1693037640303001,True,samples,samples/RADAR_RIGHT_SIDE/RADAR_RIGHT_SIDE_1693037640303001.pcd
2ccda06918514a3f9c71c3660aba4120,662e13a0a54646e2a85061b8fd8b82cf,fb0a3d4e84c74b07ba0997891ed12f0b,RADAR,RADAR_RIGHT_SIDE,1693037640805638,True,samples,samples/RADAR_RIGHT_SIDE/RADAR_RIGHT_SIDE_1693037640805638.pcd
4a421a3f0d214a738e5c174fc641902b,6d95ec0691e34461837902237666da14,fb0a3d4e84c74b07ba0997891ed12f0b,RADAR,RADAR_RIGHT_SIDE,1693037641301989,True,samples,samples/RADAR_RIGHT_SIDE/RADAR_RIGHT_SIDE_1693037641301989.pcd
48242daee8be457688a0eefc1140db1e,f8a3068c788b4ef385f381a1896324ff,fb0a3d4e84c74b07ba0997891ed12f0b,RADAR,RADAR_RIGHT_SIDE,1693037641804081,True,samples,samples/RADAR_RIGHT_SIDE/RADAR_RIGHT_SIDE_1693037641804081.pcd
c71dee2a3d334541a00021fc292ae30a,22c8e66994d848fa9e7c5b818a74e929,fb0a3d4e84c74b07ba0997891ed12f0b,RADAR,RADAR_RIGHT_SIDE,1693037642305629,True,samples,samples/RADAR_RIGHT_SIDE/RADAR_RIGHT_SIDE_1693037642305629.pcd
bf9868e06ab7494e989481018c283b69,2b3dddad1f5c45b88b589d928aabd5c5,fb0a3d4e84c74b07ba0997891ed12f0b,RADAR,RADAR_RIGHT_SIDE,1693037642802622,True,samples,samples/RADAR_RIGHT_SIDE/RADAR_RIGHT_SIDE_1693037642802622.pcd
cf49f8fea0074f4c9452462291c272cb,2ef9cc68aad54b5dbd7ba1656b162bb6,fb0a3d4e84c74b07ba0997891ed12f0b,RADAR,RADAR_RIGHT_SIDE,1693037643303913,True,samples,samples/RADAR_RIGHT_SIDE/RADAR_RIGHT_SIDE_1693037643303913.pcd
a5aa339eabf94a0fbedf4d0cad18e5c9,4629ab4eef614bcc88799f3c2a481464,fb0a3d4e84c74b07ba0997891ed12f0b,RADAR,RADAR_RIGHT_SIDE,1693037643805261,True,samples,samples/RADAR_RIGHT_SIDE/RADAR_RIGHT_SIDE_1693037643805261.pcd
7d91e326a7744323a74df73dec8ad4ba,17f7f55abf7149808ac93fbceb62dc4b,fb0a3d4e84c74b07ba0997891ed12f0b,RADAR,RADAR_RIGHT_SIDE,1693037644301723,True,samples,samples/RADAR_RIGHT_SIDE/RADAR_RIGHT_SIDE_1693037644301723.pcd
dcdad76e618741cb960b08826c066912,e55da1b1790746d28026543b91d35035,fb0a3d4e84c74b07ba0997891ed12f0b,RADAR,RADAR_RIGHT_SIDE,1693037644803727,True,samples,samples/RADAR_RIGHT_SIDE/RADAR_RIGHT_SIDE_1693037644803727.pcd
1e7481dce7104c4caa0271988cdb26c0,a5f45502b1624983896e28a213edfc32,fb0a3d4e84c74b07ba0997891ed12f0b,RADAR,RADAR_RIGHT_SIDE,1693037645305191,True,samples,samples/RADAR_RIGHT_SIDE/RADAR_RIGHT_SIDE_1693037645305191.pcd
1a41442a5a7d4bdcb2a2b4db21f94dbc,eb589fd9cd944cf5918b7d02b675c9e0,fb0a3d4e84c74b07ba0997891ed12f0b,RADAR,RADAR_RIGHT_SIDE,1693037645802176,True,samples,samples/RADAR_RIGHT_SIDE/RADAR_RIGHT_SIDE_1693037645802176.pcd
5577097dd829408da7daf38849c4e768,6e85e65d164646609515e2482f43f9e8,fb0a3d4e84c74b07ba0997891ed12f0b,RADAR,RADAR_RIGHT_SIDE,1693037646303535,True,samples,samples/RADAR_RIGHT_SIDE/RADAR_RIGHT_SIDE_1693037646303535.pcd
05756bde77a344ba81e3f71503852936,6da4714588654dcb98fd4b687c4d84b1,fb0a3d4e84c74b07ba0997891ed12f0b,RADAR,RADAR_RIGHT_SIDE,1693037646804944,True,samples,samples/RADAR_RIGHT_SIDE/RADAR_RIGHT_SIDE_1693037646804944.pcd
8e5b8ecad73e4a1e9f6d8298f61c57ae,88c836e904e34f6cb1cbf68901b2515c,fb0a3d4e84c74b07ba0997891ed12f0b,RADAR,RADAR_RIGHT_SIDE,1693037647302285,True,samples,samples/RADAR_RIGHT_SIDE/RADAR_RIGHT_SIDE_1693037647302285.pcd
0e990f21bd824ceeb2fe5e54a8d94565,03595fbbc36e4b509eec679e8fbfe3b0,fb0a3d4e84c74b07ba0997891ed12f0b,RADAR,RADAR_RIGHT_SIDE,1693037647803192,True,samples,samples/RADAR_RIGHT_SIDE/RADAR_RIGHT_SIDE_1693037647803192.pcd
fc8484279d954d3b826674e97f8a7cf0,27b21c33300842fdb87fcae94c6eef64,fb0a3d4e84c74b07ba0997891ed12f0b,RADAR,RADAR_RIGHT_SIDE,1693037648304808,True,samples,samples/RADAR_RIGHT_SIDE/RADAR_RIGHT_SIDE_1693037648304808.pcd
dbe95eb5200e43d68d93666634fac019,03aa237df45142e3a7e743192bdab1a4,fb0a3d4e84c74b07ba0997891ed12f0b,RADAR,RADAR_RIGHT_SIDE,1693037648801831,True,samples,samples/RADAR_RIGHT_SIDE/RADAR_RIGHT_SIDE_1693037648801831.pcd
3b30b4cfae4a4d85904a65ececece332,14a220becf67423cb187002e685e95bc,fb0a3d4e84c74b07ba0997891ed12f0b,RADAR,RADAR_RIGHT_SIDE,1693037649303473,True,samples,samples/RADAR_RIGHT_SIDE/RADAR_RIGHT_SIDE_1693037649303473.pcd
fd735968181a422db5e6476601d011f5,c697554e47f54d808bc04430ee0c096a,fb0a3d4e84c74b07ba0997891ed12f0b,RADAR,RADAR_RIGHT_FRONT,1693037629803299,True,samples,samples/RADAR_RIGHT_FRONT/RADAR_RIGHT_FRONT_1693037629803299.pcd
92173bf59f0645e68d294997ee75afdd,c1fa7ae3e9e841669977535cab99f9e5,fb0a3d4e84c74b07ba0997891ed12f0b,RADAR,RADAR_RIGHT_FRONT,1693037630253122,True,samples,samples/RADAR_RIGHT_FRONT/RADAR_RIGHT_FRONT_1693037630253122.pcd
938f4b53ca704d0697a81d90594d59bb,88f45c2252de4a4ab521c379295691b8,fb0a3d4e84c74b07ba0997891ed12f0b,RADAR,RADAR_RIGHT_FRONT,1693037630802200,True,samples,samples/RADAR_RIGHT_FRONT/RADAR_RIGHT_FRONT_1693037630802200.pcd
2aee997eac354495bc0ec240e9d98f05,edda21af0d3746509b92cd66626f3c22,fb0a3d4e84c74b07ba0997891ed12f0b,RADAR,RADAR_RIGHT_FRONT,1693037631303026,True,samples,samples/RADAR_RIGHT_FRONT/RADAR_RIGHT_FRONT_1693037631303026.pcd
127e0d0eb7f84caabff371519f389f17,be9fd92af46f405a81143c4ebc2ec6e8,fb0a3d4e84c74b07ba0997891ed12f0b,RADAR,RADAR_RIGHT_FRONT,1693037631804776,True,samples,samples/RADAR_RIGHT_FRONT/RADAR_RIGHT_FRONT_1693037631804776.pcd
5fe72c6f7ca743cb98d1a969e3e7e3aa,bb645fdd377641b0bf0cc0e237c8f921,fb0a3d4e84c74b07ba0997891ed12f0b,RADAR,RADAR_RIGHT_FRONT,1693037632301697,True,samples,samples/RADAR_RIGHT_FRONT/RADAR_RIGHT_FRONT_1693037632301697.pcd
8e4c74f0afe242988cf28f6ba5379303,b47fb153d525405b9a0969ed13866d47,fb0a3d4e84c74b07ba0997891ed12f0b,RADAR,RADAR_RIGHT_FRONT,1693037632803472,True,samples,samples/RADAR_RIGHT_FRONT/RADAR_RIGHT_FRONT_1693037632803472.pcd
59bebb809ff748df927b7502e54a8647,22a144007355442b88302e98c8bdfcc3,fb0a3d4e84c74b07ba0997891ed12f0b,RADAR,RADAR_RIGHT_FRONT,1693037633304271,True,samples,samples/RADAR_RIGHT_FRONT/RADAR_RIGHT_FRONT_1693037633304271.pcd
fecc1710e9bc494fa0245c9125987391,65e601eefa2c4897aa403b73eb732f4b,fb0a3d4e84c74b07ba0997891ed12f0b,RADAR,RADAR_RIGHT_FRONT,1693037633802284,True,samples,samples/RADAR_RIGHT_FRONT/RADAR_RIGHT_FRONT_1693037633802284.pcd
577009e423804969a65ca6023a8215c2,5fa7a0d7ce294937aa6c752ffc289a99,fb0a3d4e84c74b07ba0997891ed12f0b,RADAR,RADAR_RIGHT_FRONT,1693037634302945,True,samples,samples/RADAR_RIGHT_FRONT/RADAR_RIGHT_FRONT_1693037634302945.pcd
e6651ac8045a40098bacfac3d462e4e3,56d617998a924daab151906f9f927ce8,fb0a3d4e84c74b07ba0997891ed12f0b,RADAR,RADAR_RIGHT_FRONT,1693037634805562,True,samples,samples/RADAR_RIGHT_FRONT/RADAR_RIGHT_FRONT_1693037634805562.pcd
8632d1f728fd4824b69f1e5fc43b18b1,bef4f31700da4be6b6d5e00e8d2f069f,fb0a3d4e84c74b07ba0997891ed12f0b,RADAR,RADAR_RIGHT_FRONT,1693037635302003,True,samples,samples/RADAR_RIGHT_FRONT/RADAR_RIGHT_FRONT_1693037635302003.pcd
51281398fc2a44df8d76f7ec2b5e0476,66b74e3b07944e3093c3ff399906a677,fb0a3d4e84c74b07ba0997891ed12f0b,RADAR,RADAR_RIGHT_FRONT,1693037635804139,True,samples,samples/RADAR_RIGHT_FRONT/RADAR_RIGHT_FRONT_1693037635804139.pcd
8d440d1356fa4464aa3d92421a996b5a,6639726833f3487e84af32dcdeb5ca97,fb0a3d4e84c74b07ba0997891ed12f0b,RADAR,RADAR_RIGHT_FRONT,1693037636305535,True,samples,samples/RADAR_RIGHT_FRONT/RADAR_RIGHT_FRONT_1693037636305535.pcd
c521a9bb916048d1851e8a3805322f7f,1d6eca27a2d846babba94511cdb92ce8,fb0a3d4e84c74b07ba0997891ed12f0b,RADAR,RADAR_RIGHT_FRONT,1693037636802649,True,samples,samples/RADAR_RIGHT_FRONT/RADAR_RIGHT_FRONT_1693037636802649.pcd
1bfde1307259448b9a71a5463f88d0f9,5246ab26fe1e49679c1feb5a49f2155b,fb0a3d4e84c74b07ba0997891ed12f0b,RADAR,RADAR_RIGHT_FRONT,1693037637303942,True,samples,samples/RADAR_RIGHT_FRONT/RADAR_RIGHT_FRONT_1693037637303942.pcd
b0a5a9a6e5a44878897a4c02da596913,c077a9424ba74b41b1f7388437a26db8,fb0a3d4e84c74b07ba0997891ed12f0b,RADAR,RADAR_RIGHT_FRONT,1693037637805314,True,samples,samples/RADAR_RIGHT_FRONT/RADAR_RIGHT_FRONT_1693037637805314.pcd
5810f403db424ae687fa073f724cd98c,b9d620dd5b0d460c9e6bcbba8869e234,fb0a3d4e84c74b07ba0997891ed12f0b,RADAR,RADAR_RIGHT_FRONT,1693037638301609,True,samples,samples/RADAR_RIGHT_FRONT/RADAR_RIGHT_FRONT_1693037638301609.pcd
6faf1c4d92494b2c874b0fdee971aa51,cd0ad0366409452ba84ed09a88762098,fb0a3d4e84c74b07ba0997891ed12f0b,RADAR,RADAR_RIGHT_FRONT,1693037638803680,True,samples,samples/RADAR_RIGHT_FRONT/RADAR_RIGHT_FRONT_1693037638803680.pcd
74b13c1ff9fc4cacade10302f1bb2fee,dfbf91bd129943158cfe23b97304b5c1,fb0a3d4e84c74b07ba0997891ed12f0b,RADAR,RADAR_RIGHT_FRONT,1693037639305243,True,samples,samples/RADAR_RIGHT_FRONT/RADAR_RIGHT_FRONT_1693037639305243.pcd
fbff3cd399e2469ab5e3e5c419d5cd2a,d189106bfea940e6b0645b020a817274,fb0a3d4e84c74b07ba0997891ed12f0b,RADAR,RADAR_RIGHT_FRONT,1693037639802076,True,samples,samples/RADAR_RIGHT_FRONT/RADAR_RIGHT_FRONT_1693037639802076.pcd
5e2bcd6cc56a42e7b611db8da0b7445f,ecda125ef7114f1e95e3376a422ca987,fb0a3d4e84c74b07ba0997891ed12f0b,RADAR,RADAR_RIGHT_FRONT,1693037640303296,True,samples,samples/RADAR_RIGHT_FRONT/RADAR_RIGHT_FRONT_1693037640303296.pcd
202ff6cff61c478096fdac93650ae5d9,662e13a0a54646e2a85061b8fd8b82cf,fb0a3d4e84c74b07ba0997891ed12f0b,RADAR,RADAR_RIGHT_FRONT,1693037640804890,True,samples,samples/RADAR_RIGHT_FRONT/RADAR_RIGHT_FRONT_1693037640804890.pcd
bfffd4e12eee45c6bebc9456a3987d23,6d95ec0691e34461837902237666da14,fb0a3d4e84c74b07ba0997891ed12f0b,RADAR,RADAR_RIGHT_FRONT,1693037641302141,True,samples,samples/RADAR_RIGHT_FRONT/RADAR_RIGHT_FRONT_1693037641302141.pcd
b80a8889f9864c7eb0e693fa8c525896,f8a3068c788b4ef385f381a1896324ff,fb0a3d4e84c74b07ba0997891ed12f0b,RADAR,RADAR_RIGHT_FRONT,1693037641803136,True,samples,samples/RADAR_RIGHT_FRONT/RADAR_RIGHT_FRONT_1693037641803136.pcd
08f75360afeb4b258daee1db356241e3,22c8e66994d848fa9e7c5b818a74e929,fb0a3d4e84c74b07ba0997891ed12f0b,RADAR,RADAR_RIGHT_FRONT,1693037642304733,True,samples,samples/RADAR_RIGHT_FRONT/RADAR_RIGHT_FRONT_1693037642304733.pcd
925e98a8100747d3a82404e9c7d980a7,2b3dddad1f5c45b88b589d928aabd5c5,fb0a3d4e84c74b07ba0997891ed12f0b,RADAR,RADAR_RIGHT_FRONT,1693037642801740,True,samples,samples/RADAR_RIGHT_FRONT/RADAR_RIGHT_FRONT_1693037642801740.pcd
8833d920cfc24bac91daea7409c40717,2ef9cc68aad54b5dbd7ba1656b162bb6,fb0a3d4e84c74b07ba0997891ed12f0b,RADAR,RADAR_RIGHT_FRONT,1693037643303466,True,samples,samples/RADAR_RIGHT_FRONT/RADAR_RIGHT_FRONT_1693037643303466.pcd
f526a82c0c1048ab8351415ec05a7a48,4629ab4eef614bcc88799f3c2a481464,fb0a3d4e84c74b07ba0997891ed12f0b,RADAR,RADAR_RIGHT_FRONT,1693037643804288,True,samples,samples/RADAR_RIGHT_FRONT/RADAR_RIGHT_FRONT_1693037643804288.pcd
fc1a21ba44204a9881b1a760348854db,17f7f55abf7149808ac93fbceb62dc4b,fb0a3d4e84c74b07ba0997891ed12f0b,RADAR,RADAR_RIGHT_FRONT,1693037644302351,True,samples,samples/RADAR_RIGHT_FRONT/RADAR_RIGHT_FRONT_1693037644302351.pcd
367b2a3024134620a45c878f9db7ad17,e55da1b1790746d28026543b91d35035,fb0a3d4e84c74b07ba0997891ed12f0b,RADAR,RADAR_RIGHT_FRONT,1693037644802957,True,samples,samples/RADAR_RIGHT_FRONT/RADAR_RIGHT_FRONT_1693037644802957.pcd
ff9c61f0a07d44c19d6278769628a912,a5f45502b1624983896e28a213edfc32,fb0a3d4e84c74b07ba0997891ed12f0b,RADAR,RADAR_RIGHT_FRONT,1693037645305566,True,samples,samples/RADAR_RIGHT_FRONT/RADAR_RIGHT_FRONT_1693037645305566.pcd
441209d158c146498b27f0b215dd5644,eb589fd9cd944cf5918b7d02b675c9e0,fb0a3d4e84c74b07ba0997891ed12f0b,RADAR,RADAR_RIGHT_FRONT,1693037645801933,True,samples,samples/RADAR_RIGHT_FRONT/RADAR_RIGHT_FRONT_1693037645801933.pcd
178866aac90b4e5a87eaa59e8bff2f36,6e85e65d164646609515e2482f43f9e8,fb0a3d4e84c74b07ba0997891ed12f0b,RADAR,RADAR_RIGHT_FRONT,1693037646303928,True,samples,samples/RADAR_RIGHT_FRONT/RADAR_RIGHT_FRONT_1693037646303928.pcd
c3d77156fd1b4521b2c9fa6eab882205,6da4714588654dcb98fd4b687c4d84b1,fb0a3d4e84c74b07ba0997891ed12f0b,RADAR,RADAR_RIGHT_FRONT,1693037646805455,True,samples,samples/RADAR_RIGHT_FRONT/RADAR_RIGHT_FRONT_1693037646805455.pcd
d8a7c3ab3bd34687ac8b9fadb02d5a48,88c836e904e34f6cb1cbf68901b2515c,fb0a3d4e84c74b07ba0997891ed12f0b,RADAR,RADAR_RIGHT_FRONT,1693037647302523,True,samples,samples/RADAR_RIGHT_FRONT/RADAR_RIGHT_FRONT_1693037647302523.pcd
b34198b76e0c472386650aae196a5065,03595fbbc36e4b509eec679e8fbfe3b0,fb0a3d4e84c74b07ba0997891ed12f0b,RADAR,RADAR_RIGHT_FRONT,1693037647803820,True,samples,samples/RADAR_RIGHT_FRONT/RADAR_RIGHT_FRONT_1693037647803820.pcd
4cf9ba0f817b4d3585a059302c9932b5,27b21c33300842fdb87fcae94c6eef64,fb0a3d4e84c74b07ba0997891ed12f0b,RADAR,RADAR_RIGHT_FRONT,1693037648305199,True,samples,samples/RADAR_RIGHT_FRONT/RADAR_RIGHT_FRONT_1693037648305199.pcd
eb82a2db1290478c8f87b7c808a112c8,03aa237df45142e3a7e743192bdab1a4,fb0a3d4e84c74b07ba0997891ed12f0b,RADAR,RADAR_RIGHT_FRONT,1693037648801655,True,samples,samples/RADAR_RIGHT_FRONT/RADAR_RIGHT_FRONT_1693037648801655.pcd
9c758ff732314b63a0acf83b9c018255,14a220becf67423cb187002e685e95bc,fb0a3d4e84c74b07ba0997891ed12f0b,RADAR,RADAR_RIGHT_FRONT,1693037649303661,True,samples,samples/RADAR_RIGHT_FRONT/RADAR_RIGHT_FRONT_1693037649303661.pcd
ed5966fff1f14aa3ad4c51db88724205,c697554e47f54d808bc04430ee0c096a,fb0a3d4e84c74b07ba0997891ed12f0b,RADAR,RADAR_LEFT_FRONT,1693037629801676,True,samples,samples/RADAR_LEFT_FRONT/RADAR_LEFT_FRONT_1693037629801676.pcd
963c4d0574684da9bd55b66ce78808d1,c1fa7ae3e9e841669977535cab99f9e5,fb0a3d4e84c74b07ba0997891ed12f0b,RADAR,RADAR_LEFT_FRONT,1693037630303487,True,samples,samples/RADAR_LEFT_FRONT/RADAR_LEFT_FRONT_1693037630303487.pcd
2f16e572dce4464a981612f94516b11a,88f45c2252de4a4ab521c379295691b8,fb0a3d4e84c74b07ba0997891ed12f0b,RADAR,RADAR_LEFT_FRONT,1693037630804274,True,samples,samples/RADAR_LEFT_FRONT/RADAR_LEFT_FRONT_1693037630804274.pcd
368e9a7ea2a14b9aa6f44701c2cce931,edda21af0d3746509b92cd66626f3c22,fb0a3d4e84c74b07ba0997891ed12f0b,RADAR,RADAR_LEFT_FRONT,1693037631302356,True,samples,samples/RADAR_LEFT_FRONT/RADAR_LEFT_FRONT_1693037631302356.pcd
4ee34ee258e040a39c562213b2146817,be9fd92af46f405a81143c4ebc2ec6e8,fb0a3d4e84c74b07ba0997891ed12f0b,RADAR,RADAR_LEFT_FRONT,1693037631802957,True,samples,samples/RADAR_LEFT_FRONT/RADAR_LEFT_FRONT_1693037631802957.pcd
08909fc45d2f459582efa0cb09dde04a,bb645fdd377641b0bf0cc0e237c8f921,fb0a3d4e84c74b07ba0997891ed12f0b,RADAR,RADAR_LEFT_FRONT,1693037632305632,True,samples,samples/RADAR_LEFT_FRONT/RADAR_LEFT_FRONT_1693037632305632.pcd
b538cd5573c348f6953ae7444128e66f,b47fb153d525405b9a0969ed13866d47,fb0a3d4e84c74b07ba0997891ed12f0b,RADAR,RADAR_LEFT_FRONT,1693037632801922,True,samples,samples/RADAR_LEFT_FRONT/RADAR_LEFT_FRONT_1693037632801922.pcd
400bf35e76eb434f88329270512b4c54,22a144007355442b88302e98c8bdfcc3,fb0a3d4e84c74b07ba0997891ed12f0b,RADAR,RADAR_LEFT_FRONT,1693037633303933,True,samples,samples/RADAR_LEFT_FRONT/RADAR_LEFT_FRONT_1693037633303933.pcd
e346befeb03043a2952aa0cf4fc8af47,65e601eefa2c4897aa403b73eb732f4b,fb0a3d4e84c74b07ba0997891ed12f0b,RADAR,RADAR_LEFT_FRONT,1693037633805540,True,samples,samples/RADAR_LEFT_FRONT/RADAR_LEFT_FRONT_1693037633805540.pcd
db3324cb8ff04e1892d4ad6fd3c510ae,5fa7a0d7ce294937aa6c752ffc289a99,fb0a3d4e84c74b07ba0997891ed12f0b,RADAR,RADAR_LEFT_FRONT,1693037634302522,True,samples,samples/RADAR_LEFT_FRONT/RADAR_LEFT_FRONT_1693037634302522.pcd
273a6e1ae7a24f3fa0fdd723d2e4ca6a,56d617998a924daab151906f9f927ce8,fb0a3d4e84c74b07ba0997891ed12f0b,RADAR,RADAR_LEFT_FRONT,1693037634803751,True,samples,samples/RADAR_LEFT_FRONT/RADAR_LEFT_FRONT_1693037634803751.pcd
ca11f6ab58b746a880f654c1d4774aba,bef4f31700da4be6b6d5e00e8d2f069f,fb0a3d4e84c74b07ba0997891ed12f0b,RADAR,RADAR_LEFT_FRONT,1693037635305288,True,samples,samples/RADAR_LEFT_FRONT/RADAR_LEFT_FRONT_1693037635305288.pcd
6647d0af96ed45ecb15ec4bddfca485d,66b74e3b07944e3093c3ff399906a677,fb0a3d4e84c74b07ba0997891ed12f0b,RADAR,RADAR_LEFT_FRONT,1693037635801623,True,samples,samples/RADAR_LEFT_FRONT/RADAR_LEFT_FRONT_1693037635801623.pcd
c71391618ffd4902b3d053dca583a7c9,6639726833f3487e84af32dcdeb5ca97,fb0a3d4e84c74b07ba0997891ed12f0b,RADAR,RADAR_LEFT_FRONT,1693037636303663,True,samples,samples/RADAR_LEFT_FRONT/RADAR_LEFT_FRONT_1693037636303663.pcd
0c1eeb374dca4cd29376e90d46985224,1d6eca27a2d846babba94511cdb92ce8,fb0a3d4e84c74b07ba0997891ed12f0b,RADAR,RADAR_LEFT_FRONT,1693037636805084,True,samples,samples/RADAR_LEFT_FRONT/RADAR_LEFT_FRONT_1693037636805084.pcd
232b6830769c4f81915a3dcecef7bf9b,5246ab26fe1e49679c1feb5a49f2155b,fb0a3d4e84c74b07ba0997891ed12f0b,RADAR,RADAR_LEFT_FRONT,1693037637302051,True,samples,samples/RADAR_LEFT_FRONT/RADAR_LEFT_FRONT_1693037637302051.pcd
6c804ac6328944c8a8b2fb982300c3e7,c077a9424ba74b41b1f7388437a26db8,fb0a3d4e84c74b07ba0997891ed12f0b,RADAR,RADAR_LEFT_FRONT,1693037637803361,True,samples,samples/RADAR_LEFT_FRONT/RADAR_LEFT_FRONT_1693037637803361.pcd
0aab51f9f1cd439ca6d0a0f0a206ed52,b9d620dd5b0d460c9e6bcbba8869e234,fb0a3d4e84c74b07ba0997891ed12f0b,RADAR,RADAR_LEFT_FRONT,1693037638304844,True,samples,samples/RADAR_LEFT_FRONT/RADAR_LEFT_FRONT_1693037638304844.pcd
3e05c8c55e5b4a2ba63d0d3d978561bd,cd0ad0366409452ba84ed09a88762098,fb0a3d4e84c74b07ba0997891ed12f0b,RADAR,RADAR_LEFT_FRONT,1693037638802167,True,samples,samples/RADAR_LEFT_FRONT/RADAR_LEFT_FRONT_1693037638802167.pcd
135670180d594a5bba71b6fd7bee68e9,dfbf91bd129943158cfe23b97304b5c1,fb0a3d4e84c74b07ba0997891ed12f0b,RADAR,RADAR_LEFT_FRONT,1693037639303158,True,samples,samples/RADAR_LEFT_FRONT/RADAR_LEFT_FRONT_1693037639303158.pcd
8c60e462ee21477a92b8d991eb4a8bf7,d189106bfea940e6b0645b020a817274,fb0a3d4e84c74b07ba0997891ed12f0b,RADAR,RADAR_LEFT_FRONT,1693037639804876,True,samples,samples/RADAR_LEFT_FRONT/RADAR_LEFT_FRONT_1693037639804876.pcd
2287324f299c49c5b8a51978f45f5186,ecda125ef7114f1e95e3376a422ca987,fb0a3d4e84c74b07ba0997891ed12f0b,RADAR,RADAR_LEFT_FRONT,1693037640301688,True,samples,samples/RADAR_LEFT_FRONT/RADAR_LEFT_FRONT_1693037640301688.pcd
129fc48ef04b46eda80ea7c1b28840ee,662e13a0a54646e2a85061b8fd8b82cf,fb0a3d4e84c74b07ba0997891ed12f0b,RADAR,RADAR_LEFT_FRONT,1693037640803508,True,samples,samples/RADAR_LEFT_FRONT/RADAR_LEFT_FRONT_1693037640803508.pcd
5a5a4bc8d7fc4284a9fcef2b7904cc25,6d95ec0691e34461837902237666da14,fb0a3d4e84c74b07ba0997891ed12f0b,RADAR,RADAR_LEFT_FRONT,1693037641304365,True,samples,samples/RADAR_LEFT_FRONT/RADAR_LEFT_FRONT_1693037641304365.pcd
451d854634c6475f86c34d9850d64943,f8a3068c788b4ef385f381a1896324ff,fb0a3d4e84c74b07ba0997891ed12f0b,RADAR,RADAR_LEFT_FRONT,1693037641802271,True,samples,samples/RADAR_LEFT_FRONT/RADAR_LEFT_FRONT_1693037641802271.pcd
8c0f2795fd584d2fb3ab04fb5d3fdd44,22c8e66994d848fa9e7c5b818a74e929,fb0a3d4e84c74b07ba0997891ed12f0b,RADAR,RADAR_LEFT_FRONT,1693037642302963,True,samples,samples/RADAR_LEFT_FRONT/RADAR_LEFT_FRONT_1693037642302963.pcd
3d93a46eb08e41f4961fcb71b33f7643,2b3dddad1f5c45b88b589d928aabd5c5,fb0a3d4e84c74b07ba0997891ed12f0b,RADAR,RADAR_LEFT_FRONT,1693037642805549,True,samples,samples/RADAR_LEFT_FRONT/RADAR_LEFT_FRONT_1693037642805549.pcd
d53065700fe2467b8b98b1bad7f6a673,2ef9cc68aad54b5dbd7ba1656b162bb6,fb0a3d4e84c74b07ba0997891ed12f0b,RADAR,RADAR_LEFT_FRONT,1693037643301927,True,samples,samples/RADAR_LEFT_FRONT/RADAR_LEFT_FRONT_1693037643301927.pcd
441e33145b59486fa9790092c88a813b,4629ab4eef614bcc88799f3c2a481464,fb0a3d4e84c74b07ba0997891ed12f0b,RADAR,RADAR_LEFT_FRONT,1693037643803942,True,samples,samples/RADAR_LEFT_FRONT/RADAR_LEFT_FRONT_1693037643803942.pcd
e67ff622698348619f4b02d4948f69de,17f7f55abf7149808ac93fbceb62dc4b,fb0a3d4e84c74b07ba0997891ed12f0b,RADAR,RADAR_LEFT_FRONT,1693037644305569,True,samples,samples/RADAR_LEFT_FRONT/RADAR_LEFT_FRONT_1693037644305569.pcd
741975e9043f4a2fb2263deb20f3d714,e55da1b1790746d28026543b91d35035,fb0a3d4e84c74b07ba0997891ed12f0b,RADAR,RADAR_LEFT_FRONT,1693037644802522,True,samples,samples/RADAR_LEFT_FRONT/RADAR_LEFT_FRONT_1693037644802522.pcd
ea6e47ee1fc2443b8aec798575125f9b,a5f45502b1624983896e28a213edfc32,fb0a3d4e84c74b07ba0997891ed12f0b,RADAR,RADAR_LEFT_FRONT,1693037645303807,True,samples,samples/RADAR_LEFT_FRONT/RADAR_LEFT_FRONT_1693037645303807.pcd
b2dd389748c44e1db46244ec9192a3c1,eb589fd9cd944cf5918b7d02b675c9e0,fb0a3d4e84c74b07ba0997891ed12f0b,RADAR,RADAR_LEFT_FRONT,1693037645805248,True,samples,samples/RADAR_LEFT_FRONT/RADAR_LEFT_FRONT_1693037645805248.pcd
cf30f3a3c134453989532e4afb35e4ad,6e85e65d164646609515e2482f43f9e8,fb0a3d4e84c74b07ba0997891ed12f0b,RADAR,RADAR_LEFT_FRONT,1693037646301583,True,samples,samples/RADAR_LEFT_FRONT/RADAR_LEFT_FRONT_1693037646301583.pcd
466795e61e6a450fa0223ffc6f442a4c,6da4714588654dcb98fd4b687c4d84b1,fb0a3d4e84c74b07ba0997891ed12f0b,RADAR,RADAR_LEFT_FRONT,1693037646803588,True,samples,samples/RADAR_LEFT_FRONT/RADAR_LEFT_FRONT_1693037646803588.pcd
375f5b4db89d484881d46e0bef20b615,88c836e904e34f6cb1cbf68901b2515c,fb0a3d4e84c74b07ba0997891ed12f0b,RADAR,RADAR_LEFT_FRONT,1693037647305282,True,samples,samples/RADAR_LEFT_FRONT/RADAR_LEFT_FRONT_1693037647305282.pcd
8646917755d945198608d789063730e4,03595fbbc36e4b509eec679e8fbfe3b0,fb0a3d4e84c74b07ba0997891ed12f0b,RADAR,RADAR_LEFT_FRONT,1693037647801996,True,samples,samples/RADAR_LEFT_FRONT/RADAR_LEFT_FRONT_1693037647801996.pcd
64c7c7276701427daff2bbd7bea26026,27b21c33300842fdb87fcae94c6eef64,fb0a3d4e84c74b07ba0997891ed12f0b,RADAR,RADAR_LEFT_FRONT,1693037648303302,True,samples,samples/RADAR_LEFT_FRONT/RADAR_LEFT_FRONT_1693037648303302.pcd
3b525c844d434d679fe8db4ddb3a3440,03aa237df45142e3a7e743192bdab1a4,fb0a3d4e84c74b07ba0997891ed12f0b,RADAR,RADAR_LEFT_FRONT,1693037648804830,True,samples,samples/RADAR_LEFT_FRONT/RADAR_LEFT_FRONT_1693037648804830.pcd
9dec29e9b638406ba8a96b1fc5679194,14a220becf67423cb187002e685e95bc,fb0a3d4e84c74b07ba0997891ed12f0b,RADAR,RADAR_LEFT_FRONT,1693037649302040,True,samples,samples/RADAR_LEFT_FRONT/RADAR_LEFT_FRONT_1693037649302040.pcd
b71c642c70f04a87a83c8abd840bed4e,c697554e47f54d808bc04430ee0c096a,fb0a3d4e84c74b07ba0997891ed12f0b,RADAR,RADAR_LEFT_SIDE,1693037629801692,True,samples,samples/RADAR_LEFT_SIDE/RADAR_LEFT_SIDE_1693037629801692.pcd
4f7b033e2d2c429fb7720ff6d43f7b41,c1fa7ae3e9e841669977535cab99f9e5,fb0a3d4e84c74b07ba0997891ed12f0b,RADAR,RADAR_LEFT_SIDE,1693037630303441,True,samples,samples/RADAR_LEFT_SIDE/RADAR_LEFT_SIDE_1693037630303441.pcd
3d57aeb4749846ea9b52e0c102b05f73,88f45c2252de4a4ab521c379295691b8,fb0a3d4e84c74b07ba0997891ed12f0b,RADAR,RADAR_LEFT_SIDE,1693037630804259,True,samples,samples/RADAR_LEFT_SIDE/RADAR_LEFT_SIDE_1693037630804259.pcd
2dc5f0d0ab1546b3b052eebd37e51ba4,edda21af0d3746509b92cd66626f3c22,fb0a3d4e84c74b07ba0997891ed12f0b,RADAR,RADAR_LEFT_SIDE,1693037631302294,True,samples,samples/RADAR_LEFT_SIDE/RADAR_LEFT_SIDE_1693037631302294.pcd
256397aba9b84d83b19d008c85e5e871,be9fd92af46f405a81143c4ebc2ec6e8,fb0a3d4e84c74b07ba0997891ed12f0b,RADAR,RADAR_LEFT_SIDE,1693037631803010,True,samples,samples/RADAR_LEFT_SIDE/RADAR_LEFT_SIDE_1693037631803010.pcd
2cc06c6de65543ce814cb36b2a7e067d,bb645fdd377641b0bf0cc0e237c8f921,fb0a3d4e84c74b07ba0997891ed12f0b,RADAR,RADAR_LEFT_SIDE,1693037632305502,True,samples,samples/RADAR_LEFT_SIDE/RADAR_LEFT_SIDE_1693037632305502.pcd
89ec2269cede4b67a7f4d34a1dbeb388,b47fb153d525405b9a0969ed13866d47,fb0a3d4e84c74b07ba0997891ed12f0b,RADAR,RADAR_LEFT_SIDE,1693037632801947,True,samples,samples/RADAR_LEFT_SIDE/RADAR_LEFT_SIDE_1693037632801947.pcd
fab39c3328ba4304a7ac44629ca289aa,22a144007355442b88302e98c8bdfcc3,fb0a3d4e84c74b07ba0997891ed12f0b,RADAR,RADAR_LEFT_SIDE,1693037633303853,True,samples,samples/RADAR_LEFT_SIDE/RADAR_LEFT_SIDE_1693037633303853.pcd
90381bf81706473dbae50ea4c0e324b8,65e601eefa2c4897aa403b73eb732f4b,fb0a3d4e84c74b07ba0997891ed12f0b,RADAR,RADAR_LEFT_SIDE,1693037633805466,True,samples,samples/RADAR_LEFT_SIDE/RADAR_LEFT_SIDE_1693037633805466.pcd
c942e46e51174f5f911ef59918a5d25e,5fa7a0d7ce294937aa6c752ffc289a99,fb0a3d4e84c74b07ba0997891ed12f0b,RADAR,RADAR_LEFT_SIDE,1693037634302558,True,samples,samples/RADAR_LEFT_SIDE/RADAR_LEFT_SIDE_1693037634302558.pcd
1b0cb479ad44472194490f79861c026f,56d617998a924daab151906f9f927ce8,fb0a3d4e84c74b07ba0997891ed12f0b,RADAR,RADAR_LEFT_SIDE,1693037634803745,True,samples,samples/RADAR_LEFT_SIDE/RADAR_LEFT_SIDE_1693037634803745.pcd
2e2560ea883f4fcdb303be211403a693,bef4f31700da4be6b6d5e00e8d2f069f,fb0a3d4e84c74b07ba0997891ed12f0b,RADAR,RADAR_LEFT_SIDE,1693037635305246,True,samples,samples/RADAR_LEFT_SIDE/RADAR_LEFT_SIDE_1693037635305246.pcd
8b439fec667e4097b91260296bc06f18,66b74e3b07944e3093c3ff399906a677,fb0a3d4e84c74b07ba0997891ed12f0b,RADAR,RADAR_LEFT_SIDE,1693037635801688,True,samples,samples/RADAR_LEFT_SIDE/RADAR_LEFT_SIDE_1693037635801688.pcd
de83f8c2fd254cdab90051196f203ade,6639726833f3487e84af32dcdeb5ca97,fb0a3d4e84c74b07ba0997891ed12f0b,RADAR,RADAR_LEFT_SIDE,1693037636303606,True,samples,samples/RADAR_LEFT_SIDE/RADAR_LEFT_SIDE_1693037636303606.pcd
e015612885534a489f327f2305fd56f3,1d6eca27a2d846babba94511cdb92ce8,fb0a3d4e84c74b07ba0997891ed12f0b,RADAR,RADAR_LEFT_SIDE,1693037636805072,True,samples,samples/RADAR_LEFT_SIDE/RADAR_LEFT_SIDE_1693037636805072.pcd
d6eb17adb1c0412e972fbb2d2d253a25,5246ab26fe1e49679c1feb5a49f2155b,fb0a3d4e84c74b07ba0997891ed12f0b,RADAR,RADAR_LEFT_SIDE,1693037637302038,True,samples,samples/RADAR_LEFT_SIDE/RADAR_LEFT_SIDE_1693037637302038.pcd
39a0937950e94236915f81fa8176114c,c077a9424ba74b41b1f7388437a26db8,fb0a3d4e84c74b07ba0997891ed12f0b,RADAR,RADAR_LEFT_SIDE,1693037637803312,True,samples,samples/RADAR_LEFT_SIDE/RADAR_LEFT_SIDE_1693037637803312.pcd
0c189a915e9a484da63fb064abda866c,b9d620dd5b0d460c9e6bcbba8869e234,fb0a3d4e84c74b07ba0997891ed12f0b,RADAR,RADAR_LEFT_SIDE,1693037638304814,True,samples,samples/RADAR_LEFT_SIDE/RADAR_LEFT_SIDE_1693037638304814.pcd
bc93985214c747c2aa28b013c6bafe11,cd0ad0366409452ba84ed09a88762098,fb0a3d4e84c74b07ba0997891ed12f0b,RADAR,RADAR_LEFT_SIDE,1693037638802143,True,samples,samples/RADAR_LEFT_SIDE/RADAR_LEFT_SIDE_1693037638802143.pcd
112d1d97bee444d4a12126448341af50,dfbf91bd129943158cfe23b97304b5c1,fb0a3d4e84c74b07ba0997891ed12f0b,RADAR,RADAR_LEFT_SIDE,1693037639303064,True,samples,samples/RADAR_LEFT_SIDE/RADAR_LEFT_SIDE_1693037639303064.pcd
3c33e4ce073245e6ad9892334fd8fcd4,d189106bfea940e6b0645b020a817274,fb0a3d4e84c74b07ba0997891ed12f0b,RADAR,RADAR_LEFT_SIDE,1693037639804690,True,samples,samples/RADAR_LEFT_SIDE/RADAR_LEFT_SIDE_1693037639804690.pcd
aba19e48389e40079f9d244294408542,ecda125ef7114f1e95e3376a422ca987,fb0a3d4e84c74b07ba0997891ed12f0b,RADAR,RADAR_LEFT_SIDE,1693037640301715,True,samples,samples/RADAR_LEFT_SIDE/RADAR_LEFT_SIDE_1693037640301715.pcd
ca2da6ce4ede478fa81499c2c5224f70,662e13a0a54646e2a85061b8fd8b82cf,fb0a3d4e84c74b07ba0997891ed12f0b,RADAR,RADAR_LEFT_SIDE,1693037640803439,True,samples,samples/RADAR_LEFT_SIDE/RADAR_LEFT_SIDE_1693037640803439.pcd
eda69418ac104747bf9babd3e9d895d5,6d95ec0691e34461837902237666da14,fb0a3d4e84c74b07ba0997891ed12f0b,RADAR,RADAR_LEFT_SIDE,1693037641304309,True,samples,samples/RADAR_LEFT_SIDE/RADAR_LEFT_SIDE_1693037641304309.pcd
d331cdddf9aa47bdb8d0d445129fd249,f8a3068c788b4ef385f381a1896324ff,fb0a3d4e84c74b07ba0997891ed12f0b,RADAR,RADAR_LEFT_SIDE,1693037641802244,True,samples,samples/RADAR_LEFT_SIDE/RADAR_LEFT_SIDE_1693037641802244.pcd
d79d387be75b40bfa7d8d1663415adc0,22c8e66994d848fa9e7c5b818a74e929,fb0a3d4e84c74b07ba0997891ed12f0b,RADAR,RADAR_LEFT_SIDE,1693037642302926,True,samples,samples/RADAR_LEFT_SIDE/RADAR_LEFT_SIDE_1693037642302926.pcd
763c2c9388f849699402fc69af474543,2b3dddad1f5c45b88b589d928aabd5c5,fb0a3d4e84c74b07ba0997891ed12f0b,RADAR,RADAR_LEFT_SIDE,1693037642805530,True,samples,samples/RADAR_LEFT_SIDE/RADAR_LEFT_SIDE_1693037642805530.pcd
27c92544ae2f4a998e8fb6d3aae6a1bf,2ef9cc68aad54b5dbd7ba1656b162bb6,fb0a3d4e84c74b07ba0997891ed12f0b,RADAR,RADAR_LEFT_SIDE,1693037643301962,True,samples,samples/RADAR_LEFT_SIDE/RADAR_LEFT_SIDE_1693037643301962.pcd
d97843e7b0954636bd891450634d8829,4629ab4eef614bcc88799f3c2a481464,fb0a3d4e84c74b07ba0997891ed12f0b,RADAR,RADAR_LEFT_SIDE,1693037643803955,True,samples,samples/RADAR_LEFT_SIDE/RADAR_LEFT_SIDE_1693037643803955.pcd
737f8149f3f44936a6a7e83cb5051a64,17f7f55abf7149808ac93fbceb62dc4b,fb0a3d4e84c74b07ba0997891ed12f0b,RADAR,RADAR_LEFT_SIDE,1693037644305445,True,samples,samples/RADAR_LEFT_SIDE/RADAR_LEFT_SIDE_1693037644305445.pcd
ad7063a7a05249e6a5f49ae8b1e0a4f8,e55da1b1790746d28026543b91d35035,fb0a3d4e84c74b07ba0997891ed12f0b,RADAR,RADAR_LEFT_SIDE,1693037644802578,True,samples,samples/RADAR_LEFT_SIDE/RADAR_LEFT_SIDE_1693037644802578.pcd
22b148c122ef4ac690d400908e2bbc5c,a5f45502b1624983896e28a213edfc32,fb0a3d4e84c74b07ba0997891ed12f0b,RADAR,RADAR_LEFT_SIDE,1693037645303779,True,samples,samples/RADAR_LEFT_SIDE/RADAR_LEFT_SIDE_1693037645303779.pcd
bdb9bfac16bf4033a2eabf0c2ca55ed3,eb589fd9cd944cf5918b7d02b675c9e0,fb0a3d4e84c74b07ba0997891ed12f0b,RADAR,RADAR_LEFT_SIDE,1693037645805226,True,samples,samples/RADAR_LEFT_SIDE/RADAR_LEFT_SIDE_1693037645805226.pcd
8af667a4b6f84543b67042be19c36d45,6e85e65d164646609515e2482f43f9e8,fb0a3d4e84c74b07ba0997891ed12f0b,RADAR,RADAR_LEFT_SIDE,1693037646301609,True,samples,samples/RADAR_LEFT_SIDE/RADAR_LEFT_SIDE_1693037646301609.pcd
66de5c3d39a845b4a66fc88d1f77b02d,6da4714588654dcb98fd4b687c4d84b1,fb0a3d4e84c74b07ba0997891ed12f0b,RADAR,RADAR_LEFT_SIDE,1693037646803592,True,samples,samples/RADAR_LEFT_SIDE/RADAR_LEFT_SIDE_1693037646803592.pcd
f2ca61d98bfb447584d57a9a5d5fb8c8,88c836e904e34f6cb1cbf68901b2515c,fb0a3d4e84c74b07ba0997891ed12f0b,RADAR,RADAR_LEFT_SIDE,1693037647305108,True,samples,samples/RADAR_LEFT_SIDE/RADAR_LEFT_SIDE_1693037647305108.pcd
f005d6aae62741a69957afb252b36504,03595fbbc36e4b509eec679e8fbfe3b0,fb0a3d4e84c74b07ba0997891ed12f0b,RADAR,RADAR_LEFT_SIDE,1693037647802005,True,samples,samples/RADAR_LEFT_SIDE/RADAR_LEFT_SIDE_1693037647802005.pcd
6966daa0d11940898c5d694455c36b08,27b21c33300842fdb87fcae94c6eef64,fb0a3d4e84c74b07ba0997891ed12f0b,RADAR,RADAR_LEFT_SIDE,1693037648303291,True,samples,samples/RADAR_LEFT_SIDE/RADAR_LEFT_SIDE_1693037648303291.pcd
d1cead3248e8449c80506733e3d476eb,03aa237df45142e3a7e743192bdab1a4,fb0a3d4e84c74b07ba0997891ed12f0b,RADAR,RADAR_LEFT_SIDE,1693037648804907,True,samples,samples/RADAR_LEFT_SIDE/RADAR_LEFT_SIDE_1693037648804907.pcd
c605ed60e04e4923aa0879d24ead50f3,14a220becf67423cb187002e685e95bc,fb0a3d4e84c74b07ba0997891ed12f0b,RADAR,RADAR_LEFT_SIDE,1693037649302021,True,samples,samples/RADAR_LEFT_SIDE/RADAR_LEFT_SIDE_1693037649302021.pcd
9d2e0e7977f2441d8d0594e445a31266,c697554e47f54d808bc04430ee0c096a,fb0a3d4e84c74b07ba0997891ed12f0b,RADAR,RADAR_LEFT_BACK,1693037629801516,True,samples,samples/RADAR_LEFT_BACK/RADAR_LEFT_BACK_1693037629801516.pcd
0692146cd35840dcab6e9d846aa966e0,c1fa7ae3e9e841669977535cab99f9e5,fb0a3d4e84c74b07ba0997891ed12f0b,RADAR,RADAR_LEFT_BACK,1693037630303282,True,samples,samples/RADAR_LEFT_BACK/RADAR_LEFT_BACK_1693037630303282.pcd
170ed8bc46fc4a7980caf539dabe3f08,88f45c2252de4a4ab521c379295691b8,fb0a3d4e84c74b07ba0997891ed12f0b,RADAR,RADAR_LEFT_BACK,1693037630804127,True,samples,samples/RADAR_LEFT_BACK/RADAR_LEFT_BACK_1693037630804127.pcd
b280662f80de4c24a1c3f2558a4f3f6b,edda21af0d3746509b92cd66626f3c22,fb0a3d4e84c74b07ba0997891ed12f0b,RADAR,RADAR_LEFT_BACK,1693037631302230,True,samples,samples/RADAR_LEFT_BACK/RADAR_LEFT_BACK_1693037631302230.pcd
7cc51b69adbb4cc3b14734d379bd2bda,be9fd92af46f405a81143c4ebc2ec6e8,fb0a3d4e84c74b07ba0997891ed12f0b,RADAR,RADAR_LEFT_BACK,1693037631802877,True,samples,samples/RADAR_LEFT_BACK/RADAR_LEFT_BACK_1693037631802877.pcd
699dc9ef74f44ec596eb762b0bfac801,bb645fdd377641b0bf0cc0e237c8f921,fb0a3d4e84c74b07ba0997891ed12f0b,RADAR,RADAR_LEFT_BACK,1693037632305424,True,samples,samples/RADAR_LEFT_BACK/RADAR_LEFT_BACK_1693037632305424.pcd
28bcc1823f7146a494aae07f14d7f64c,b47fb153d525405b9a0969ed13866d47,fb0a3d4e84c74b07ba0997891ed12f0b,RADAR,RADAR_LEFT_BACK,1693037632801935,True,samples,samples/RADAR_LEFT_BACK/RADAR_LEFT_BACK_1693037632801935.pcd
ef1089446b9e4f549e411447e54b340b,22a144007355442b88302e98c8bdfcc3,fb0a3d4e84c74b07ba0997891ed12f0b,RADAR,RADAR_LEFT_BACK,1693037633303813,True,samples,samples/RADAR_LEFT_BACK/RADAR_LEFT_BACK_1693037633303813.pcd
04f348f45e4d4f4fa0419ab5df553009,65e601eefa2c4897aa403b73eb732f4b,fb0a3d4e84c74b07ba0997891ed12f0b,RADAR,RADAR_LEFT_BACK,1693037633805539,True,samples,samples/RADAR_LEFT_BACK/RADAR_LEFT_BACK_1693037633805539.pcd
88974be924554254bfdcd5b178bfd131,5fa7a0d7ce294937aa6c752ffc289a99,fb0a3d4e84c74b07ba0997891ed12f0b,RADAR,RADAR_LEFT_BACK,1693037634302370,True,samples,samples/RADAR_LEFT_BACK/RADAR_LEFT_BACK_1693037634302370.pcd
7af494051ac441f7a4624980c1b0a02a,56d617998a924daab151906f9f927ce8,fb0a3d4e84c74b07ba0997891ed12f0b,RADAR,RADAR_LEFT_BACK,1693037634804218,True,samples,samples/RADAR_LEFT_BACK/RADAR_LEFT_BACK_1693037634804218.pcd
a261c515589b4ff9965cf086aef48708,bef4f31700da4be6b6d5e00e8d2f069f,fb0a3d4e84c74b07ba0997891ed12f0b,RADAR,RADAR_LEFT_BACK,1693037635305280,True,samples,samples/RADAR_LEFT_BACK/RADAR_LEFT_BACK_1693037635305280.pcd
980a96a3bf314e049727e50f9970d36e,66b74e3b07944e3093c3ff399906a677,fb0a3d4e84c74b07ba0997891ed12f0b,RADAR,RADAR_LEFT_BACK,1693037635801794,True,samples,samples/RADAR_LEFT_BACK/RADAR_LEFT_BACK_1693037635801794.pcd
8df7793e03104205a1b8851d3a025cf5,6639726833f3487e84af32dcdeb5ca97,fb0a3d4e84c74b07ba0997891ed12f0b,RADAR,RADAR_LEFT_BACK,1693037636303844,True,samples,samples/RADAR_LEFT_BACK/RADAR_LEFT_BACK_1693037636303844.pcd
6e9dc23e9a0a489eb100aea2e7e19260,1d6eca27a2d846babba94511cdb92ce8,fb0a3d4e84c74b07ba0997891ed12f0b,RADAR,RADAR_LEFT_BACK,1693037636805204,True,samples,samples/RADAR_LEFT_BACK/RADAR_LEFT_BACK_1693037636805204.pcd
49040705aef8416fb4a385a9a43b58ca,5246ab26fe1e49679c1feb5a49f2155b,fb0a3d4e84c74b07ba0997891ed12f0b,RADAR,RADAR_LEFT_BACK,1693037637302289,True,samples,samples/RADAR_LEFT_BACK/RADAR_LEFT_BACK_1693037637302289.pcd
c26d6f5612b74fb7b8a8f8875386e1a6,c077a9424ba74b41b1f7388437a26db8,fb0a3d4e84c74b07ba0997891ed12f0b,RADAR,RADAR_LEFT_BACK,1693037637803548,True,samples,samples/RADAR_LEFT_BACK/RADAR_LEFT_BACK_1693037637803548.pcd
34e6fd22afa2482cab328bec07031cc8,b9d620dd5b0d460c9e6bcbba8869e234,fb0a3d4e84c74b07ba0997891ed12f0b,RADAR,RADAR_LEFT_BACK,1693037638304989,True,samples,samples/RADAR_LEFT_BACK/RADAR_LEFT_BACK_1693037638304989.pcd
dd17d9de658c46e497bba01122ecf7f2,cd0ad0366409452ba84ed09a88762098,fb0a3d4e84c74b07ba0997891ed12f0b,RADAR,RADAR_LEFT_BACK,1693037638802298,True,samples,samples/RADAR_LEFT_BACK/RADAR_LEFT_BACK_1693037638802298.pcd
044465c2453b410f91c8be081b0b0166,dfbf91bd129943158cfe23b97304b5c1,fb0a3d4e84c74b07ba0997891ed12f0b,RADAR,RADAR_LEFT_BACK,1693037639303227,True,samples,samples/RADAR_LEFT_BACK/RADAR_LEFT_BACK_1693037639303227.pcd
ebe06d8b4c5b47c48254a2a8c8589b87,d189106bfea940e6b0645b020a817274,fb0a3d4e84c74b07ba0997891ed12f0b,RADAR,RADAR_LEFT_BACK,1693037639804839,True,samples,samples/RADAR_LEFT_BACK/RADAR_LEFT_BACK_1693037639804839.pcd
e9b8baa402734c639b8b2f630fec1bce,ecda125ef7114f1e95e3376a422ca987,fb0a3d4e84c74b07ba0997891ed12f0b,RADAR,RADAR_LEFT_BACK,1693037640301919,True,samples,samples/RADAR_LEFT_BACK/RADAR_LEFT_BACK_1693037640301919.pcd
332ec7d2e53a4ab99220c3074d5ad18a,662e13a0a54646e2a85061b8fd8b82cf,fb0a3d4e84c74b07ba0997891ed12f0b,RADAR,RADAR_LEFT_BACK,1693037640803559,True,samples,samples/RADAR_LEFT_BACK/RADAR_LEFT_BACK_1693037640803559.pcd
c2569bea55cb47a78531451911422dee,6d95ec0691e34461837902237666da14,fb0a3d4e84c74b07ba0997891ed12f0b,RADAR,RADAR_LEFT_BACK,1693037641253100,True,samples,samples/RADAR_LEFT_BACK/RADAR_LEFT_BACK_1693037641253100.pcd
c555be8835de4260b0aa9f8e5a993043,f8a3068c788b4ef385f381a1896324ff,fb0a3d4e84c74b07ba0997891ed12f0b,RADAR,RADAR_LEFT_BACK,1693037641802432,True,samples,samples/RADAR_LEFT_BACK/RADAR_LEFT_BACK_1693037641802432.pcd
766bf281ca3e49aeb1f54c3843dffcb0,22c8e66994d848fa9e7c5b818a74e929,fb0a3d4e84c74b07ba0997891ed12f0b,RADAR,RADAR_LEFT_BACK,1693037642303076,True,samples,samples/RADAR_LEFT_BACK/RADAR_LEFT_BACK_1693037642303076.pcd
d9265baf12604d34b0173b390ccb9dc3,2b3dddad1f5c45b88b589d928aabd5c5,fb0a3d4e84c74b07ba0997891ed12f0b,RADAR,RADAR_LEFT_BACK,1693037642754084,True,samples,samples/RADAR_LEFT_BACK/RADAR_LEFT_BACK_1693037642754084.pcd
cac04cbff2c0447898e16d08d61d2713,2ef9cc68aad54b5dbd7ba1656b162bb6,fb0a3d4e84c74b07ba0997891ed12f0b,RADAR,RADAR_LEFT_BACK,1693037643302084,True,samples,samples/RADAR_LEFT_BACK/RADAR_LEFT_BACK_1693037643302084.pcd
acac5bf20d464a8d8bf25565f5ff3e6f,4629ab4eef614bcc88799f3c2a481464,fb0a3d4e84c74b07ba0997891ed12f0b,RADAR,RADAR_LEFT_BACK,1693037643804114,True,samples,samples/RADAR_LEFT_BACK/RADAR_LEFT_BACK_1693037643804114.pcd
6e33e590cac448de8c0f70c5b3a7cd43,17f7f55abf7149808ac93fbceb62dc4b,fb0a3d4e84c74b07ba0997891ed12f0b,RADAR,RADAR_LEFT_BACK,1693037644305612,True,samples,samples/RADAR_LEFT_BACK/RADAR_LEFT_BACK_1693037644305612.pcd
3726931359874bd18621488e4ede102c,e55da1b1790746d28026543b91d35035,fb0a3d4e84c74b07ba0997891ed12f0b,RADAR,RADAR_LEFT_BACK,1693037644802809,True,samples,samples/RADAR_LEFT_BACK/RADAR_LEFT_BACK_1693037644802809.pcd
0897ff811e9d4d6e89f96931da8ba81e,a5f45502b1624983896e28a213edfc32,fb0a3d4e84c74b07ba0997891ed12f0b,RADAR,RADAR_LEFT_BACK,1693037645303924,True,samples,samples/RADAR_LEFT_BACK/RADAR_LEFT_BACK_1693037645303924.pcd
6554a4e745314a3f8b036de4a749a58c,eb589fd9cd944cf5918b7d02b675c9e0,fb0a3d4e84c74b07ba0997891ed12f0b,RADAR,RADAR_LEFT_BACK,1693037645805394,True,samples,samples/RADAR_LEFT_BACK/RADAR_LEFT_BACK_1693037645805394.pcd
12b176b2952f40aab39c70b4312146cd,6e85e65d164646609515e2482f43f9e8,fb0a3d4e84c74b07ba0997891ed12f0b,RADAR,RADAR_LEFT_BACK,1693037646301740,True,samples,samples/RADAR_LEFT_BACK/RADAR_LEFT_BACK_1693037646301740.pcd
9c5c72be363c4a97998c0dbb72fc0487,6da4714588654dcb98fd4b687c4d84b1,fb0a3d4e84c74b07ba0997891ed12f0b,RADAR,RADAR_LEFT_BACK,1693037646803806,True,samples,samples/RADAR_LEFT_BACK/RADAR_LEFT_BACK_1693037646803806.pcd
3b93bbd30be94f7cbf3c8e385f94a2dc,88c836e904e34f6cb1cbf68901b2515c,fb0a3d4e84c74b07ba0997891ed12f0b,RADAR,RADAR_LEFT_BACK,1693037647305295,True,samples,samples/RADAR_LEFT_BACK/RADAR_LEFT_BACK_1693037647305295.pcd
d6648bae634e46dda35a366cf9c5748a,03595fbbc36e4b509eec679e8fbfe3b0,fb0a3d4e84c74b07ba0997891ed12f0b,RADAR,RADAR_LEFT_BACK,1693037647802182,True,samples,samples/RADAR_LEFT_BACK/RADAR_LEFT_BACK_1693037647802182.pcd
12e8baaedaf94aa08936e71796fbfcb8,27b21c33300842fdb87fcae94c6eef64,fb0a3d4e84c74b07ba0997891ed12f0b,RADAR,RADAR_LEFT_BACK,1693037648303475,True,samples,samples/RADAR_LEFT_BACK/RADAR_LEFT_BACK_1693037648303475.pcd
0375ca6e621143a7871d0bb07ef15176,03aa237df45142e3a7e743192bdab1a4,fb0a3d4e84c74b07ba0997891ed12f0b,RADAR,RADAR_LEFT_BACK,1693037648805046,True,samples,samples/RADAR_LEFT_BACK/RADAR_LEFT_BACK_1693037648805046.pcd
f02a350057484662ba326ca844340a8b,14a220becf67423cb187002e685e95bc,fb0a3d4e84c74b07ba0997891ed12f0b,RADAR,RADAR_LEFT_BACK,1693037649302229,True,samples,samples/RADAR_LEFT_BACK/RADAR_LEFT_BACK_1693037649302229.pcd
bfdced1f887a41ac98007fd27dbc9d0e,a5d7d3dc07d345cfb5649e4fac1cdd87,9fb76bae00124c85aaf4d6d0e4dbf194,RADAR,RADAR_RIGHT_BACK,1694938793002427,True,samples,samples/RADAR_RIGHT_BACK/RADAR_RIGHT_BACK_1694938793002427.pcd
69fb8e768068456bb2f9aed477bb3f69,19980a921db84f85aa54ef0ea75c3a8c,9fb76bae00124c85aaf4d6d0e4dbf194,RADAR,RADAR_RIGHT_BACK,1694938793503312,True,samples,samples/RADAR_RIGHT_BACK/RADAR_RIGHT_BACK_1694938793503312.pcd
eba2b6ec1f4e45539786fdcdf0cdea9c,a98bbe5b6e394642a61d40b80e282bd2,9fb76bae00124c85aaf4d6d0e4dbf194,RADAR,RADAR_RIGHT_BACK,1694938794004923,True,samples,samples/RADAR_RIGHT_BACK/RADAR_RIGHT_BACK_1694938794004923.pcd
7f921d7de4884dae8301dd0f5eb7ba83,0a159eaf8c1e42b4b94186d43230a214,9fb76bae00124c85aaf4d6d0e4dbf194,RADAR,RADAR_RIGHT_BACK,1694938794501952,True,samples,samples/RADAR_RIGHT_BACK/RADAR_RIGHT_BACK_1694938794501952.pcd
8c41e58bd2424bb09884aaefadc8efd4,6e169e7d226d47ba88c32424fc414937,9fb76bae00124c85aaf4d6d0e4dbf194,RADAR,RADAR_RIGHT_BACK,1694938794952547,True,samples,samples/RADAR_RIGHT_BACK/RADAR_RIGHT_BACK_1694938794952547.pcd
32f246a06b5442e3b7b386aad644461a,e4081856fd5349b5a7b89b944a5b543f,9fb76bae00124c85aaf4d6d0e4dbf194,RADAR,RADAR_RIGHT_BACK,1694938795504584,True,samples,samples/RADAR_RIGHT_BACK/RADAR_RIGHT_BACK_1694938795504584.pcd
09391e37f72b480b840bed341f24696d,30b294a43eae4f00a0856cee1c22502a,9fb76bae00124c85aaf4d6d0e4dbf194,RADAR,RADAR_RIGHT_BACK,1694938796002641,True,samples,samples/RADAR_RIGHT_BACK/RADAR_RIGHT_BACK_1694938796002641.pcd
e4e3cb1871f9459e80e404f6ba2740a7,67256e243cb14abeaa96f0be03dd3e9a,9fb76bae00124c85aaf4d6d0e4dbf194,RADAR,RADAR_RIGHT_BACK,1694938796503288,True,samples,samples/RADAR_RIGHT_BACK/RADAR_RIGHT_BACK_1694938796503288.pcd
67f1150624f246aa9de1e9d88d8ae41d,0c69f9d5815d4907a8438044c04201ef,9fb76bae00124c85aaf4d6d0e4dbf194,RADAR,RADAR_RIGHT_BACK,1694938797005881,True,samples,samples/RADAR_RIGHT_BACK/RADAR_RIGHT_BACK_1694938797005881.pcd
6e907ae22a0f42ee94e81e5b33c724c7,5ba8f82a2e3a4160b9e1243aafb78712,9fb76bae00124c85aaf4d6d0e4dbf194,RADAR,RADAR_RIGHT_BACK,1694938797502136,True,samples,samples/RADAR_RIGHT_BACK/RADAR_RIGHT_BACK_1694938797502136.pcd
802d7a251aa548d78f3f03fb35d7e341,618a863a1fcf4eb794fc783c366aa20f,9fb76bae00124c85aaf4d6d0e4dbf194,RADAR,RADAR_RIGHT_BACK,1694938798004277,True,samples,samples/RADAR_RIGHT_BACK/RADAR_RIGHT_BACK_1694938798004277.pcd
e23cbeb10e8e4bca9c60f8fa0afcd118,6ae89c7a1da948eb9e935bcc5f7b09e0,9fb76bae00124c85aaf4d6d0e4dbf194,RADAR,RADAR_RIGHT_BACK,1694938798505765,True,samples,samples/RADAR_RIGHT_BACK/RADAR_RIGHT_BACK_1694938798505765.pcd
0299047232ae4b64bed074c65a8e20ea,32473bdc06a342d4b42c978227abfe55,9fb76bae00124c85aaf4d6d0e4dbf194,RADAR,RADAR_RIGHT_BACK,1694938799002883,True,samples,samples/RADAR_RIGHT_BACK/RADAR_RIGHT_BACK_1694938799002883.pcd
a3494d8a18e84ce4b1ce25cdf4de0871,67a6f2f5662d4035984509589c50c6b9,9fb76bae00124c85aaf4d6d0e4dbf194,RADAR,RADAR_RIGHT_BACK,1694938799503928,True,samples,samples/RADAR_RIGHT_BACK/RADAR_RIGHT_BACK_1694938799503928.pcd
d01ac4b6dab540689a98ea8d2c358259,ed4081026261436197a9c66f1939d830,9fb76bae00124c85aaf4d6d0e4dbf194,RADAR,RADAR_RIGHT_BACK,1694938800005318,True,samples,samples/RADAR_RIGHT_BACK/RADAR_RIGHT_BACK_1694938800005318.pcd
06c2c1eaa8a146d68a4c655b240ecdd3,6d6cd02cde33436197a7820145262674,9fb76bae00124c85aaf4d6d0e4dbf194,RADAR,RADAR_RIGHT_BACK,1694938800501690,True,samples,samples/RADAR_RIGHT_BACK/RADAR_RIGHT_BACK_1694938800501690.pcd
5196f8d1d7a64c649a8e582cbc171568,7d86c0bd95b449658921145955fea4e0,9fb76bae00124c85aaf4d6d0e4dbf194,RADAR,RADAR_RIGHT_BACK,1694938801003788,True,samples,samples/RADAR_RIGHT_BACK/RADAR_RIGHT_BACK_1694938801003788.pcd
012f5282bb2a41759f4cda6092d44d33,6eae67dc76ff47b5af097b413c2447a5,9fb76bae00124c85aaf4d6d0e4dbf194,RADAR,RADAR_RIGHT_BACK,1694938801505283,True,samples,samples/RADAR_RIGHT_BACK/RADAR_RIGHT_BACK_1694938801505283.pcd
b3958a26d6184577b32bdd99ab26c604,db875de1c58748c0a4f273f4200b0841,9fb76bae00124c85aaf4d6d0e4dbf194,RADAR,RADAR_RIGHT_BACK,1694938802002082,True,samples,samples/RADAR_RIGHT_BACK/RADAR_RIGHT_BACK_1694938802002082.pcd
a73e4eef00b14227ae0cce61761acfec,6fc67d6877724bbea6efa6d09a5f97d6,9fb76bae00124c85aaf4d6d0e4dbf194,RADAR,RADAR_RIGHT_BACK,1694938802503414,True,samples,samples/RADAR_RIGHT_BACK/RADAR_RIGHT_BACK_1694938802503414.pcd
73b19b55b206492b828a76f6cd7cb15c,a0eaf36b2f7a4598bb0ae21a3e6d44cd,9fb76bae00124c85aaf4d6d0e4dbf194,RADAR,RADAR_RIGHT_BACK,1694938803004994,True,samples,samples/RADAR_RIGHT_BACK/RADAR_RIGHT_BACK_1694938803004994.pcd
87026d183fe940bbbab99c1e1c55b2ee,e9dab1896acf4c0fa04f85f5c3b047fa,9fb76bae00124c85aaf4d6d0e4dbf194,RADAR,RADAR_RIGHT_BACK,1694938803502177,True,samples,samples/RADAR_RIGHT_BACK/RADAR_RIGHT_BACK_1694938803502177.pcd
092a18f0b1af4fec980ac6b30ff0afcc,4d113d0314e041d990d2e6448b87de40,9fb76bae00124c85aaf4d6d0e4dbf194,RADAR,RADAR_RIGHT_BACK,1694938804003153,True,samples,samples/RADAR_RIGHT_BACK/RADAR_RIGHT_BACK_1694938804003153.pcd
066e5dfacac347aab708a889d6c2a809,446ab39c270845e3871ec28d5c13fb2c,9fb76bae00124c85aaf4d6d0e4dbf194,RADAR,RADAR_RIGHT_BACK,1694938804504798,True,samples,samples/RADAR_RIGHT_BACK/RADAR_RIGHT_BACK_1694938804504798.pcd
6a9b3141a5eb454c9db4e2f9050645f5,198a52743df64f89b4f6b639c49712f8,9fb76bae00124c85aaf4d6d0e4dbf194,RADAR,RADAR_RIGHT_BACK,1694938805001687,True,samples,samples/RADAR_RIGHT_BACK/RADAR_RIGHT_BACK_1694938805001687.pcd
c7eff1abd57b463ea7200609d9fac191,403389bcbf164b2db48c73b913662b48,9fb76bae00124c85aaf4d6d0e4dbf194,RADAR,RADAR_RIGHT_BACK,1694938805503517,True,samples,samples/RADAR_RIGHT_BACK/RADAR_RIGHT_BACK_1694938805503517.pcd
e901ec7dfbcd4252b23c3659383222cf,73cd609690224547b69224dad987f4f3,9fb76bae00124c85aaf4d6d0e4dbf194,RADAR,RADAR_RIGHT_BACK,1694938806004406,True,samples,samples/RADAR_RIGHT_BACK/RADAR_RIGHT_BACK_1694938806004406.pcd
750f1c1d10184671a63364590aa15e18,755ac2cd4ee1493785ccc9de7b96c907,9fb76bae00124c85aaf4d6d0e4dbf194,RADAR,RADAR_RIGHT_BACK,1694938806502437,True,samples,samples/RADAR_RIGHT_BACK/RADAR_RIGHT_BACK_1694938806502437.pcd
d8691be61f614366bdca64f9e3a6c5e0,2034f1707ec7419b9c3479fbef98c9b3,9fb76bae00124c85aaf4d6d0e4dbf194,RADAR,RADAR_RIGHT_BACK,1694938807003045,True,samples,samples/RADAR_RIGHT_BACK/RADAR_RIGHT_BACK_1694938807003045.pcd
a53b0aabf3a847e4b33c2b7a21867768,9aaeea7462be41baacf3ceb9126136e7,9fb76bae00124c85aaf4d6d0e4dbf194,RADAR,RADAR_RIGHT_BACK,1694938807505667,True,samples,samples/RADAR_RIGHT_BACK/RADAR_RIGHT_BACK_1694938807505667.pcd
f901aa9e6df443e19fc3dd158a9737d4,bd1b98fca97642d596c968d4df826df0,9fb76bae00124c85aaf4d6d0e4dbf194,RADAR,RADAR_RIGHT_BACK,1694938808002052,True,samples,samples/RADAR_RIGHT_BACK/RADAR_RIGHT_BACK_1694938808002052.pcd
1b968ec115944adfad652339be0fe765,30dbdc20e13249cd8117d7215071b4c8,9fb76bae00124c85aaf4d6d0e4dbf194,RADAR,RADAR_RIGHT_BACK,1694938808504089,True,samples,samples/RADAR_RIGHT_BACK/RADAR_RIGHT_BACK_1694938808504089.pcd
6cd5fb5f2c5142429a790c370a1185cf,d5c1c80145214282b058cf815792baa9,9fb76bae00124c85aaf4d6d0e4dbf194,RADAR,RADAR_RIGHT_BACK,1694938809005724,True,samples,samples/RADAR_RIGHT_BACK/RADAR_RIGHT_BACK_1694938809005724.pcd
6a6f643feb8143b58172eaf8c3f16771,87ba8b5a4c294644890ddfad19209e7a,9fb76bae00124c85aaf4d6d0e4dbf194,RADAR,RADAR_RIGHT_BACK,1694938809502582,True,samples,samples/RADAR_RIGHT_BACK/RADAR_RIGHT_BACK_1694938809502582.pcd
32e3f2b9efc7433ebce9907a8afa932e,51a6e5b5fe5f4f5a99c05a1540d6d92a,9fb76bae00124c85aaf4d6d0e4dbf194,RADAR,RADAR_RIGHT_BACK,1694938810004002,True,samples,samples/RADAR_RIGHT_BACK/RADAR_RIGHT_BACK_1694938810004002.pcd
ad97e3515a2b4a718b484eae3794d075,1d111bf7b99d4a6cb886c4cc8525c855,9fb76bae00124c85aaf4d6d0e4dbf194,RADAR,RADAR_RIGHT_BACK,1694938810505376,True,samples,samples/RADAR_RIGHT_BACK/RADAR_RIGHT_BACK_1694938810505376.pcd
2a690991c35344ae99de204b121063d1,9bd153ce54554cc9a028e6456d2751d2,9fb76bae00124c85aaf4d6d0e4dbf194,RADAR,RADAR_RIGHT_BACK,1694938811001733,True,samples,samples/RADAR_RIGHT_BACK/RADAR_RIGHT_BACK_1694938811001733.pcd
016bf3d3c2a5422ebddd30a4c5331a0d,ac66e06eade741ea8e18d7ed4ce20120,9fb76bae00124c85aaf4d6d0e4dbf194,RADAR,RADAR_RIGHT_BACK,1694938811503768,True,samples,samples/RADAR_RIGHT_BACK/RADAR_RIGHT_BACK_1694938811503768.pcd
6312488d8836473aac525a30ab3be01c,1d22c6a108994cc9862094c5b3f454fd,9fb76bae00124c85aaf4d6d0e4dbf194,RADAR,RADAR_RIGHT_BACK,1694938812005272,True,samples,samples/RADAR_RIGHT_BACK/RADAR_RIGHT_BACK_1694938812005272.pcd
bebea602bdc74d9080b63210d17f4ff5,868eb15fdbc047509a14c0a966dcd7b6,9fb76bae00124c85aaf4d6d0e4dbf194,RADAR,RADAR_RIGHT_BACK,1694938812502118,True,samples,samples/RADAR_RIGHT_BACK/RADAR_RIGHT_BACK_1694938812502118.pcd
986e701b5b0643cfb87537c7abac5279,a5d7d3dc07d345cfb5649e4fac1cdd87,9fb76bae00124c85aaf4d6d0e4dbf194,RADAR,RADAR_RIGHT_SIDE,1694938793004007,True,samples,samples/RADAR_RIGHT_SIDE/RADAR_RIGHT_SIDE_1694938793004007.pcd
ae54138c4c7d4cad81eea70d815b43f7,19980a921db84f85aa54ef0ea75c3a8c,9fb76bae00124c85aaf4d6d0e4dbf194,RADAR,RADAR_RIGHT_SIDE,1694938793505613,True,samples,samples/RADAR_RIGHT_SIDE/RADAR_RIGHT_SIDE_1694938793505613.pcd
34d428b211a44a4e8b3b86c13691f47a,a98bbe5b6e394642a61d40b80e282bd2,9fb76bae00124c85aaf4d6d0e4dbf194,RADAR,RADAR_RIGHT_SIDE,1694938794002640,True,samples,samples/RADAR_RIGHT_SIDE/RADAR_RIGHT_SIDE_1694938794002640.pcd
a323da27de9245f4950419205072ba3d,0a159eaf8c1e42b4b94186d43230a214,9fb76bae00124c85aaf4d6d0e4dbf194,RADAR,RADAR_RIGHT_SIDE,1694938794503915,True,samples,samples/RADAR_RIGHT_SIDE/RADAR_RIGHT_SIDE_1694938794503915.pcd
85a518ffc1194195a9b476ef2ce8a769,6e169e7d226d47ba88c32424fc414937,9fb76bae00124c85aaf4d6d0e4dbf194,RADAR,RADAR_RIGHT_SIDE,1694938795005477,True,samples,samples/RADAR_RIGHT_SIDE/RADAR_RIGHT_SIDE_1694938795005477.pcd
c806470771b840d6a499e3539612ef59,e4081856fd5349b5a7b89b944a5b543f,9fb76bae00124c85aaf4d6d0e4dbf194,RADAR,RADAR_RIGHT_SIDE,1694938795501736,True,samples,samples/RADAR_RIGHT_SIDE/RADAR_RIGHT_SIDE_1694938795501736.pcd
642f624768174dbd80211bcaa04747b5,30b294a43eae4f00a0856cee1c22502a,9fb76bae00124c85aaf4d6d0e4dbf194,RADAR,RADAR_RIGHT_SIDE,1694938796003837,True,samples,samples/RADAR_RIGHT_SIDE/RADAR_RIGHT_SIDE_1694938796003837.pcd
145497919d7f4b7e99d90bf730a7a954,67256e243cb14abeaa96f0be03dd3e9a,9fb76bae00124c85aaf4d6d0e4dbf194,RADAR,RADAR_RIGHT_SIDE,1694938796505323,True,samples,samples/RADAR_RIGHT_SIDE/RADAR_RIGHT_SIDE_1694938796505323.pcd
5710ee98c3864c1ebbe0c5fad5ed1063,0c69f9d5815d4907a8438044c04201ef,9fb76bae00124c85aaf4d6d0e4dbf194,RADAR,RADAR_RIGHT_SIDE,1694938797002167,True,samples,samples/RADAR_RIGHT_SIDE/RADAR_RIGHT_SIDE_1694938797002167.pcd
13381e26568d4713b0c9a56700b0d9fc,5ba8f82a2e3a4160b9e1243aafb78712,9fb76bae00124c85aaf4d6d0e4dbf194,RADAR,RADAR_RIGHT_SIDE,1694938797503434,True,samples,samples/RADAR_RIGHT_SIDE/RADAR_RIGHT_SIDE_1694938797503434.pcd
932cf9fb41a348c282e096bf72cbf3ec,618a863a1fcf4eb794fc783c366aa20f,9fb76bae00124c85aaf4d6d0e4dbf194,RADAR,RADAR_RIGHT_SIDE,1694938798005067,True,samples,samples/RADAR_RIGHT_SIDE/RADAR_RIGHT_SIDE_1694938798005067.pcd
0ea529e2032d45f7a646fcca1c3ff36b,6ae89c7a1da948eb9e935bcc5f7b09e0,9fb76bae00124c85aaf4d6d0e4dbf194,RADAR,RADAR_RIGHT_SIDE,1694938798502272,True,samples,samples/RADAR_RIGHT_SIDE/RADAR_RIGHT_SIDE_1694938798502272.pcd
236651554b8645139d760427184e9686,32473bdc06a342d4b42c978227abfe55,9fb76bae00124c85aaf4d6d0e4dbf194,RADAR,RADAR_RIGHT_SIDE,1694938799003261,True,samples,samples/RADAR_RIGHT_SIDE/RADAR_RIGHT_SIDE_1694938799003261.pcd
dc006865985e402eafeb51a7c0a41b9e,67a6f2f5662d4035984509589c50c6b9,9fb76bae00124c85aaf4d6d0e4dbf194,RADAR,RADAR_RIGHT_SIDE,1694938799504933,True,samples,samples/RADAR_RIGHT_SIDE/RADAR_RIGHT_SIDE_1694938799504933.pcd
fc653bc969e24f59963aa9103990b3be,ed4081026261436197a9c66f1939d830,9fb76bae00124c85aaf4d6d0e4dbf194,RADAR,RADAR_RIGHT_SIDE,1694938800001783,True,samples,samples/RADAR_RIGHT_SIDE/RADAR_RIGHT_SIDE_1694938800001783.pcd
50269b5272324381babb2f9309146b7c,6d6cd02cde33436197a7820145262674,9fb76bae00124c85aaf4d6d0e4dbf194,RADAR,RADAR_RIGHT_SIDE,1694938800503756,True,samples,samples/RADAR_RIGHT_SIDE/RADAR_RIGHT_SIDE_1694938800503756.pcd
11157eb5589b47869fc1c9331894298a,7d86c0bd95b449658921145955fea4e0,9fb76bae00124c85aaf4d6d0e4dbf194,RADAR,RADAR_RIGHT_SIDE,1694938801004503,True,samples,samples/RADAR_RIGHT_SIDE/RADAR_RIGHT_SIDE_1694938801004503.pcd
bd41150517ff4fdd90c92af55f62ff4b,6eae67dc76ff47b5af097b413c2447a5,9fb76bae00124c85aaf4d6d0e4dbf194,RADAR,RADAR_RIGHT_SIDE,1694938801502516,True,samples,samples/RADAR_RIGHT_SIDE/RADAR_RIGHT_SIDE_1694938801502516.pcd
4320dea361d64e7885bb70169256ddab,db875de1c58748c0a4f273f4200b0841,9fb76bae00124c85aaf4d6d0e4dbf194,RADAR,RADAR_RIGHT_SIDE,1694938802003197,True,samples,samples/RADAR_RIGHT_SIDE/RADAR_RIGHT_SIDE_1694938802003197.pcd
26b7d4ea13b847f49e6974bc5dd345f2,6fc67d6877724bbea6efa6d09a5f97d6,9fb76bae00124c85aaf4d6d0e4dbf194,RADAR,RADAR_RIGHT_SIDE,1694938802505760,True,samples,samples/RADAR_RIGHT_SIDE/RADAR_RIGHT_SIDE_1694938802505760.pcd
d24c28f27f5c41b386cb07dba973de8f,a0eaf36b2f7a4598bb0ae21a3e6d44cd,9fb76bae00124c85aaf4d6d0e4dbf194,RADAR,RADAR_RIGHT_SIDE,1694938803002139,True,samples,samples/RADAR_RIGHT_SIDE/RADAR_RIGHT_SIDE_1694938803002139.pcd
1e1c30e82ac0478fa6e91d14110a74b5,e9dab1896acf4c0fa04f85f5c3b047fa,9fb76bae00124c85aaf4d6d0e4dbf194,RADAR,RADAR_RIGHT_SIDE,1694938803504139,True,samples,samples/RADAR_RIGHT_SIDE/RADAR_RIGHT_SIDE_1694938803504139.pcd
d0392d9ae57c4a289deba1f132a7870f,4d113d0314e041d990d2e6448b87de40,9fb76bae00124c85aaf4d6d0e4dbf194,RADAR,RADAR_RIGHT_SIDE,1694938804005726,True,samples,samples/RADAR_RIGHT_SIDE/RADAR_RIGHT_SIDE_1694938804005726.pcd
86225989ddab47a0bcf8e92a6b35d444,446ab39c270845e3871ec28d5c13fb2c,9fb76bae00124c85aaf4d6d0e4dbf194,RADAR,RADAR_RIGHT_SIDE,1694938804502718,True,samples,samples/RADAR_RIGHT_SIDE/RADAR_RIGHT_SIDE_1694938804502718.pcd
bb58321f80a948b68dec674fb408b313,198a52743df64f89b4f6b639c49712f8,9fb76bae00124c85aaf4d6d0e4dbf194,RADAR,RADAR_RIGHT_SIDE,1694938805004013,True,samples,samples/RADAR_RIGHT_SIDE/RADAR_RIGHT_SIDE_1694938805004013.pcd
fb2192376a174cd596ebee2308c18658,403389bcbf164b2db48c73b913662b48,9fb76bae00124c85aaf4d6d0e4dbf194,RADAR,RADAR_RIGHT_SIDE,1694938805505480,True,samples,samples/RADAR_RIGHT_SIDE/RADAR_RIGHT_SIDE_1694938805505480.pcd
43f7ed63ecf34598be7ed05f727c0045,73cd609690224547b69224dad987f4f3,9fb76bae00124c85aaf4d6d0e4dbf194,RADAR,RADAR_RIGHT_SIDE,1694938806001866,True,samples,samples/RADAR_RIGHT_SIDE/RADAR_RIGHT_SIDE_1694938806001866.pcd
e793b924c45b4dc7808f9d5af03487ec,755ac2cd4ee1493785ccc9de7b96c907,9fb76bae00124c85aaf4d6d0e4dbf194,RADAR,RADAR_RIGHT_SIDE,1694938806503895,True,samples,samples/RADAR_RIGHT_SIDE/RADAR_RIGHT_SIDE_1694938806503895.pcd
51e44cc15e79499f8583ec5335d15180,2034f1707ec7419b9c3479fbef98c9b3,9fb76bae00124c85aaf4d6d0e4dbf194,RADAR,RADAR_RIGHT_SIDE,1694938807005426,True,samples,samples/RADAR_RIGHT_SIDE/RADAR_RIGHT_SIDE_1694938807005426.pcd
8db843db9de24bdea6a2d6e608e9a4cf,9aaeea7462be41baacf3ceb9126136e7,9fb76bae00124c85aaf4d6d0e4dbf194,RADAR,RADAR_RIGHT_SIDE,1694938807502273,True,samples,samples/RADAR_RIGHT_SIDE/RADAR_RIGHT_SIDE_1694938807502273.pcd
5c5e16556a6f44b8bf46872eb554a0c3,bd1b98fca97642d596c968d4df826df0,9fb76bae00124c85aaf4d6d0e4dbf194,RADAR,RADAR_RIGHT_SIDE,1694938808003508,True,samples,samples/RADAR_RIGHT_SIDE/RADAR_RIGHT_SIDE_1694938808003508.pcd
bf6df826edf548d5b8ec7ec05d64eb44,30dbdc20e13249cd8117d7215071b4c8,9fb76bae00124c85aaf4d6d0e4dbf194,RADAR,RADAR_RIGHT_SIDE,1694938808505079,True,samples,samples/RADAR_RIGHT_SIDE/RADAR_RIGHT_SIDE_1694938808505079.pcd
7947330922114f63a6b1ba71f20bdbe9,d5c1c80145214282b058cf815792baa9,9fb76bae00124c85aaf4d6d0e4dbf194,RADAR,RADAR_RIGHT_SIDE,1694938809002365,True,samples,samples/RADAR_RIGHT_SIDE/RADAR_RIGHT_SIDE_1694938809002365.pcd
dd5b252100d641b8b2048d015613d004,87ba8b5a4c294644890ddfad19209e7a,9fb76bae00124c85aaf4d6d0e4dbf194,RADAR,RADAR_RIGHT_SIDE,1694938809503391,True,samples,samples/RADAR_RIGHT_SIDE/RADAR_RIGHT_SIDE_1694938809503391.pcd
740212cd0745420381de9819ab034771,51a6e5b5fe5f4f5a99c05a1540d6d92a,9fb76bae00124c85aaf4d6d0e4dbf194,RADAR,RADAR_RIGHT_SIDE,1694938810004970,True,samples,samples/RADAR_RIGHT_SIDE/RADAR_RIGHT_SIDE_1694938810004970.pcd
55f232f178594a7ebfb9fb272721f247,1d111bf7b99d4a6cb886c4cc8525c855,9fb76bae00124c85aaf4d6d0e4dbf194,RADAR,RADAR_RIGHT_SIDE,1694938810501894,True,samples,samples/RADAR_RIGHT_SIDE/RADAR_RIGHT_SIDE_1694938810501894.pcd
dd74d7d6a00748808e0e742c92c28364,9bd153ce54554cc9a028e6456d2751d2,9fb76bae00124c85aaf4d6d0e4dbf194,RADAR,RADAR_RIGHT_SIDE,1694938811003694,True,samples,samples/RADAR_RIGHT_SIDE/RADAR_RIGHT_SIDE_1694938811003694.pcd
e97c6a2111bc47469b37b58ff08a0427,ac66e06eade741ea8e18d7ed4ce20120,9fb76bae00124c85aaf4d6d0e4dbf194,RADAR,RADAR_RIGHT_SIDE,1694938811504533,True,samples,samples/RADAR_RIGHT_SIDE/RADAR_RIGHT_SIDE_1694938811504533.pcd
bf4535aa2fa7450bb59cecb01b0715f2,1d22c6a108994cc9862094c5b3f454fd,9fb76bae00124c85aaf4d6d0e4dbf194,RADAR,RADAR_RIGHT_SIDE,1694938812002556,True,samples,samples/RADAR_RIGHT_SIDE/RADAR_RIGHT_SIDE_1694938812002556.pcd
7e17da05b84645a5ba398f42992d11ce,868eb15fdbc047509a14c0a966dcd7b6,9fb76bae00124c85aaf4d6d0e4dbf194,RADAR,RADAR_RIGHT_SIDE,1694938812503228,True,samples,samples/RADAR_RIGHT_SIDE/RADAR_RIGHT_SIDE_1694938812503228.pcd
fd3608e4c2c840cda96337aa0c810210,a5d7d3dc07d345cfb5649e4fac1cdd87,9fb76bae00124c85aaf4d6d0e4dbf194,RADAR,RADAR_RIGHT_FRONT,1694938793004266,True,samples,samples/RADAR_RIGHT_FRONT/RADAR_RIGHT_FRONT_1694938793004266.pcd
a155bffc275d4eb697aa7086535fd083,19980a921db84f85aa54ef0ea75c3a8c,9fb76bae00124c85aaf4d6d0e4dbf194,RADAR,RADAR_RIGHT_FRONT,1694938793505802,True,samples,samples/RADAR_RIGHT_FRONT/RADAR_RIGHT_FRONT_1694938793505802.pcd
acf357d924a547e9830442d0562cf9de,a98bbe5b6e394642a61d40b80e282bd2,9fb76bae00124c85aaf4d6d0e4dbf194,RADAR,RADAR_RIGHT_FRONT,1694938794002819,True,samples,samples/RADAR_RIGHT_FRONT/RADAR_RIGHT_FRONT_1694938794002819.pcd
326aeae4a6b8402e875d15ac73209ffb,0a159eaf8c1e42b4b94186d43230a214,9fb76bae00124c85aaf4d6d0e4dbf194,RADAR,RADAR_RIGHT_FRONT,1694938794504083,True,samples,samples/RADAR_RIGHT_FRONT/RADAR_RIGHT_FRONT_1694938794504083.pcd
bc093ddc5f0b4f1e9b21e27ae3c9786c,6e169e7d226d47ba88c32424fc414937,9fb76bae00124c85aaf4d6d0e4dbf194,RADAR,RADAR_RIGHT_FRONT,1694938795005607,True,samples,samples/RADAR_RIGHT_FRONT/RADAR_RIGHT_FRONT_1694938795005607.pcd
a45ebb9a56b54d89acef8f4e15f61d00,e4081856fd5349b5a7b89b944a5b543f,9fb76bae00124c85aaf4d6d0e4dbf194,RADAR,RADAR_RIGHT_FRONT,1694938795501907,True,samples,samples/RADAR_RIGHT_FRONT/RADAR_RIGHT_FRONT_1694938795501907.pcd
933e828775cf435ca80a798c4aff7d4a,30b294a43eae4f00a0856cee1c22502a,9fb76bae00124c85aaf4d6d0e4dbf194,RADAR,RADAR_RIGHT_FRONT,1694938796003998,True,samples,samples/RADAR_RIGHT_FRONT/RADAR_RIGHT_FRONT_1694938796003998.pcd
1c10a493ce7c4d13a5b8b0c2824419ef,67256e243cb14abeaa96f0be03dd3e9a,9fb76bae00124c85aaf4d6d0e4dbf194,RADAR,RADAR_RIGHT_FRONT,1694938796505487,True,samples,samples/RADAR_RIGHT_FRONT/RADAR_RIGHT_FRONT_1694938796505487.pcd
b32d0ed9ed124fe4bf3a7ec4f2109e6c,0c69f9d5815d4907a8438044c04201ef,9fb76bae00124c85aaf4d6d0e4dbf194,RADAR,RADAR_RIGHT_FRONT,1694938797002359,True,samples,samples/RADAR_RIGHT_FRONT/RADAR_RIGHT_FRONT_1694938797002359.pcd
84b21cd37925462794f8ad51b2cdf6e5,5ba8f82a2e3a4160b9e1243aafb78712,9fb76bae00124c85aaf4d6d0e4dbf194,RADAR,RADAR_RIGHT_FRONT,1694938797503596,True,samples,samples/RADAR_RIGHT_FRONT/RADAR_RIGHT_FRONT_1694938797503596.pcd
28f719d1ea3a425ca0b48bdfa821b616,618a863a1fcf4eb794fc783c366aa20f,9fb76bae00124c85aaf4d6d0e4dbf194,RADAR,RADAR_RIGHT_FRONT,1694938798005188,True,samples,samples/RADAR_RIGHT_FRONT/RADAR_RIGHT_FRONT_1694938798005188.pcd
9a9511f38ca94e4f94070192c67ad03f,6ae89c7a1da948eb9e935bcc5f7b09e0,9fb76bae00124c85aaf4d6d0e4dbf194,RADAR,RADAR_RIGHT_FRONT,1694938798502565,True,samples,samples/RADAR_RIGHT_FRONT/RADAR_RIGHT_FRONT_1694938798502565.pcd
be7284026e3a4e1b885853d67839c5ca,32473bdc06a342d4b42c978227abfe55,9fb76bae00124c85aaf4d6d0e4dbf194,RADAR,RADAR_RIGHT_FRONT,1694938799003450,True,samples,samples/RADAR_RIGHT_FRONT/RADAR_RIGHT_FRONT_1694938799003450.pcd
bac76093650b481c93361c5f97195d4c,67a6f2f5662d4035984509589c50c6b9,9fb76bae00124c85aaf4d6d0e4dbf194,RADAR,RADAR_RIGHT_FRONT,1694938799504806,True,samples,samples/RADAR_RIGHT_FRONT/RADAR_RIGHT_FRONT_1694938799504806.pcd
56921317a8c7493bb31c0f7daad43086,ed4081026261436197a9c66f1939d830,9fb76bae00124c85aaf4d6d0e4dbf194,RADAR,RADAR_RIGHT_FRONT,1694938800001747,True,samples,samples/RADAR_RIGHT_FRONT/RADAR_RIGHT_FRONT_1694938800001747.pcd
58c77ad7d07149eca3e829d3d650db64,6d6cd02cde33436197a7820145262674,9fb76bae00124c85aaf4d6d0e4dbf194,RADAR,RADAR_RIGHT_FRONT,1694938800503635,True,samples,samples/RADAR_RIGHT_FRONT/RADAR_RIGHT_FRONT_1694938800503635.pcd
3a3c8d23986144b9ae61ed60708e44ad,7d86c0bd95b449658921145955fea4e0,9fb76bae00124c85aaf4d6d0e4dbf194,RADAR,RADAR_RIGHT_FRONT,1694938801004358,True,samples,samples/RADAR_RIGHT_FRONT/RADAR_RIGHT_FRONT_1694938801004358.pcd
b24f1ea1c9d246649165c9d065868f0d,6eae67dc76ff47b5af097b413c2447a5,9fb76bae00124c85aaf4d6d0e4dbf194,RADAR,RADAR_RIGHT_FRONT,1694938801502485,True,samples,samples/RADAR_RIGHT_FRONT/RADAR_RIGHT_FRONT_1694938801502485.pcd
051a10fb516a4b4992a18715b208f0f7,db875de1c58748c0a4f273f4200b0841,9fb76bae00124c85aaf4d6d0e4dbf194,RADAR,RADAR_RIGHT_FRONT,1694938802003082,True,samples,samples/RADAR_RIGHT_FRONT/RADAR_RIGHT_FRONT_1694938802003082.pcd
80804d2e8c46443aaa8d961debae76d6,6fc67d6877724bbea6efa6d09a5f97d6,9fb76bae00124c85aaf4d6d0e4dbf194,RADAR,RADAR_RIGHT_FRONT,1694938802505730,True,samples,samples/RADAR_RIGHT_FRONT/RADAR_RIGHT_FRONT_1694938802505730.pcd
4c011a6b435d455c8542916d8dd9fa32,a0eaf36b2f7a4598bb0ae21a3e6d44cd,9fb76bae00124c85aaf4d6d0e4dbf194,RADAR,RADAR_RIGHT_FRONT,1694938803002104,True,samples,samples/RADAR_RIGHT_FRONT/RADAR_RIGHT_FRONT_1694938803002104.pcd
c50712461ded467b98d5792ebaf6a133,e9dab1896acf4c0fa04f85f5c3b047fa,9fb76bae00124c85aaf4d6d0e4dbf194,RADAR,RADAR_RIGHT_FRONT,1694938803504034,True,samples,samples/RADAR_RIGHT_FRONT/RADAR_RIGHT_FRONT_1694938803504034.pcd
0671b42e611943968f184c4964aa3c06,4d113d0314e041d990d2e6448b87de40,9fb76bae00124c85aaf4d6d0e4dbf194,RADAR,RADAR_RIGHT_FRONT,1694938804005613,True,samples,samples/RADAR_RIGHT_FRONT/RADAR_RIGHT_FRONT_1694938804005613.pcd
7651209f2abd4ded9a1196d6f445c547,446ab39c270845e3871ec28d5c13fb2c,9fb76bae00124c85aaf4d6d0e4dbf194,RADAR,RADAR_RIGHT_FRONT,1694938804502708,True,samples,samples/RADAR_RIGHT_FRONT/RADAR_RIGHT_FRONT_1694938804502708.pcd
1b8da9183a534bec9b17911597fffb84,198a52743df64f89b4f6b639c49712f8,9fb76bae00124c85aaf4d6d0e4dbf194,RADAR,RADAR_RIGHT_FRONT,1694938805003934,True,samples,samples/RADAR_RIGHT_FRONT/RADAR_RIGHT_FRONT_1694938805003934.pcd
d5acb562f8dd45909cde459228980604,403389bcbf164b2db48c73b913662b48,9fb76bae00124c85aaf4d6d0e4dbf194,RADAR,RADAR_RIGHT_FRONT,1694938805505320,True,samples,samples/RADAR_RIGHT_FRONT/RADAR_RIGHT_FRONT_1694938805505320.pcd
8342ae87388f403e8e760501f8138f64,73cd609690224547b69224dad987f4f3,9fb76bae00124c85aaf4d6d0e4dbf194,RADAR,RADAR_RIGHT_FRONT,1694938806001723,True,samples,samples/RADAR_RIGHT_FRONT/RADAR_RIGHT_FRONT_1694938806001723.pcd
adba9c3e3af9484c8bcef60f9b3e9e23,755ac2cd4ee1493785ccc9de7b96c907,9fb76bae00124c85aaf4d6d0e4dbf194,RADAR,RADAR_RIGHT_FRONT,1694938806503770,True,samples,samples/RADAR_RIGHT_FRONT/RADAR_RIGHT_FRONT_1694938806503770.pcd
57bb5d1f2d214601a2e3ae839e66c759,2034f1707ec7419b9c3479fbef98c9b3,9fb76bae00124c85aaf4d6d0e4dbf194,RADAR,RADAR_RIGHT_FRONT,1694938807005254,True,samples,samples/RADAR_RIGHT_FRONT/RADAR_RIGHT_FRONT_1694938807005254.pcd
f963ca1186ab407c9f7867ace6ac80a3,9aaeea7462be41baacf3ceb9126136e7,9fb76bae00124c85aaf4d6d0e4dbf194,RADAR,RADAR_RIGHT_FRONT,1694938807502106,True,samples,samples/RADAR_RIGHT_FRONT/RADAR_RIGHT_FRONT_1694938807502106.pcd
ea235fe93fe04f978b210945a8363236,bd1b98fca97642d596c968d4df826df0,9fb76bae00124c85aaf4d6d0e4dbf194,RADAR,RADAR_RIGHT_FRONT,1694938808003434,True,samples,samples/RADAR_RIGHT_FRONT/RADAR_RIGHT_FRONT_1694938808003434.pcd
57d3e06571364c8aa950e2900ccc9bcd,30dbdc20e13249cd8117d7215071b4c8,9fb76bae00124c85aaf4d6d0e4dbf194,RADAR,RADAR_RIGHT_FRONT,1694938808504949,True,samples,samples/RADAR_RIGHT_FRONT/RADAR_RIGHT_FRONT_1694938808504949.pcd
bf09091539ea4bbf9b51fb2b9790c5be,d5c1c80145214282b058cf815792baa9,9fb76bae00124c85aaf4d6d0e4dbf194,RADAR,RADAR_RIGHT_FRONT,1694938809002275,True,samples,samples/RADAR_RIGHT_FRONT/RADAR_RIGHT_FRONT_1694938809002275.pcd
e3caaf480e3248d294916ee560a8d9b9,87ba8b5a4c294644890ddfad19209e7a,9fb76bae00124c85aaf4d6d0e4dbf194,RADAR,RADAR_RIGHT_FRONT,1694938809503194,True,samples,samples/RADAR_RIGHT_FRONT/RADAR_RIGHT_FRONT_1694938809503194.pcd
a3e6c9beca8c496498c68ed9a8c7bb79,51a6e5b5fe5f4f5a99c05a1540d6d92a,9fb76bae00124c85aaf4d6d0e4dbf194,RADAR,RADAR_RIGHT_FRONT,1694938810004860,True,samples,samples/RADAR_RIGHT_FRONT/RADAR_RIGHT_FRONT_1694938810004860.pcd
f10df9e1ac2a4f9b8fbe99b9d401ab55,1d111bf7b99d4a6cb886c4cc8525c855,9fb76bae00124c85aaf4d6d0e4dbf194,RADAR,RADAR_RIGHT_FRONT,1694938810501744,True,samples,samples/RADAR_RIGHT_FRONT/RADAR_RIGHT_FRONT_1694938810501744.pcd
646f549bba4f4b24af9a23a61843242d,9bd153ce54554cc9a028e6456d2751d2,9fb76bae00124c85aaf4d6d0e4dbf194,RADAR,RADAR_RIGHT_FRONT,1694938811003652,True,samples,samples/RADAR_RIGHT_FRONT/RADAR_RIGHT_FRONT_1694938811003652.pcd
9cf7bee5bdc04af7b943a8da5b02db7e,ac66e06eade741ea8e18d7ed4ce20120,9fb76bae00124c85aaf4d6d0e4dbf194,RADAR,RADAR_RIGHT_FRONT,1694938811504458,True,samples,samples/RADAR_RIGHT_FRONT/RADAR_RIGHT_FRONT_1694938811504458.pcd
250b608ee5584c52a36809e6e20688ca,1d22c6a108994cc9862094c5b3f454fd,9fb76bae00124c85aaf4d6d0e4dbf194,RADAR,RADAR_RIGHT_FRONT,1694938812002603,True,samples,samples/RADAR_RIGHT_FRONT/RADAR_RIGHT_FRONT_1694938812002603.pcd
d6ff4517b9524aff8d1cf6f7c9658173,868eb15fdbc047509a14c0a966dcd7b6,9fb76bae00124c85aaf4d6d0e4dbf194,RADAR,RADAR_RIGHT_FRONT,1694938812503144,True,samples,samples/RADAR_RIGHT_FRONT/RADAR_RIGHT_FRONT_1694938812503144.pcd
00ab2f29f509434e8b51225f5975e914,a5d7d3dc07d345cfb5649e4fac1cdd87,9fb76bae00124c85aaf4d6d0e4dbf194,RADAR,RADAR_LEFT_FRONT,1694938793003097,True,samples,samples/RADAR_LEFT_FRONT/RADAR_LEFT_FRONT_1694938793003097.pcd
733939687b244bab8a357f7c9ca0ac69,19980a921db84f85aa54ef0ea75c3a8c,9fb76bae00124c85aaf4d6d0e4dbf194,RADAR,RADAR_LEFT_FRONT,1694938793505686,True,samples,samples/RADAR_LEFT_FRONT/RADAR_LEFT_FRONT_1694938793505686.pcd
f23e2bcfe7264876815b4e45135a98f2,a98bbe5b6e394642a61d40b80e282bd2,9fb76bae00124c85aaf4d6d0e4dbf194,RADAR,RADAR_LEFT_FRONT,1694938794001996,True,samples,samples/RADAR_LEFT_FRONT/RADAR_LEFT_FRONT_1694938794001996.pcd
01e03d11d3f64a9cb0368d602bb4eb31,0a159eaf8c1e42b4b94186d43230a214,9fb76bae00124c85aaf4d6d0e4dbf194,RADAR,RADAR_LEFT_FRONT,1694938794503996,True,samples,samples/RADAR_LEFT_FRONT/RADAR_LEFT_FRONT_1694938794503996.pcd
ef06ffa4e83b4a848ded7690eb57bf0f,6e169e7d226d47ba88c32424fc414937,9fb76bae00124c85aaf4d6d0e4dbf194,RADAR,RADAR_LEFT_FRONT,1694938795005614,True,samples,samples/RADAR_LEFT_FRONT/RADAR_LEFT_FRONT_1694938795005614.pcd
8da7afa314084f058cfe5788248204a7,e4081856fd5349b5a7b89b944a5b543f,9fb76bae00124c85aaf4d6d0e4dbf194,RADAR,RADAR_LEFT_FRONT,1694938795502627,True,samples,samples/RADAR_LEFT_FRONT/RADAR_LEFT_FRONT_1694938795502627.pcd
384851a238954bcbb9d83ade71220cfc,30b294a43eae4f00a0856cee1c22502a,9fb76bae00124c85aaf4d6d0e4dbf194,RADAR,RADAR_LEFT_FRONT,1694938796003900,True,samples,samples/RADAR_LEFT_FRONT/RADAR_LEFT_FRONT_1694938796003900.pcd
3329e3ce683f4502814bda85b33f5c40,67256e243cb14abeaa96f0be03dd3e9a,9fb76bae00124c85aaf4d6d0e4dbf194,RADAR,RADAR_LEFT_FRONT,1694938796505393,True,samples,samples/RADAR_LEFT_FRONT/RADAR_LEFT_FRONT_1694938796505393.pcd
0ce43b8410b2421c80a96c22652dc60f,0c69f9d5815d4907a8438044c04201ef,9fb76bae00124c85aaf4d6d0e4dbf194,RADAR,RADAR_LEFT_FRONT,1694938797001714,True,samples,samples/RADAR_LEFT_FRONT/RADAR_LEFT_FRONT_1694938797001714.pcd
8484acc2929f4d799c885d6f7e284a96,5ba8f82a2e3a4160b9e1243aafb78712,9fb76bae00124c85aaf4d6d0e4dbf194,RADAR,RADAR_LEFT_FRONT,1694938797503820,True,samples,samples/RADAR_LEFT_FRONT/RADAR_LEFT_FRONT_1694938797503820.pcd
b8a838b1ac164cdcbd0f762215e3e736,618a863a1fcf4eb794fc783c366aa20f,9fb76bae00124c85aaf4d6d0e4dbf194,RADAR,RADAR_LEFT_FRONT,1694938798005275,True,samples,samples/RADAR_LEFT_FRONT/RADAR_LEFT_FRONT_1694938798005275.pcd
0451d6d0752f4abea9b195ab1dd328a8,6ae89c7a1da948eb9e935bcc5f7b09e0,9fb76bae00124c85aaf4d6d0e4dbf194,RADAR,RADAR_LEFT_FRONT,1694938798502139,True,samples,samples/RADAR_LEFT_FRONT/RADAR_LEFT_FRONT_1694938798502139.pcd
276508a5ee9a40038d4a4977377f877d,32473bdc06a342d4b42c978227abfe55,9fb76bae00124c85aaf4d6d0e4dbf194,RADAR,RADAR_LEFT_FRONT,1694938799003472,True,samples,samples/RADAR_LEFT_FRONT/RADAR_LEFT_FRONT_1694938799003472.pcd
f0fb830653aa41cb939a0fc5215e8169,67a6f2f5662d4035984509589c50c6b9,9fb76bae00124c85aaf4d6d0e4dbf194,RADAR,RADAR_LEFT_FRONT,1694938799504998,True,samples,samples/RADAR_LEFT_FRONT/RADAR_LEFT_FRONT_1694938799504998.pcd
0850e0c0b8a04599adc97c3b682e4ce9,ed4081026261436197a9c66f1939d830,9fb76bae00124c85aaf4d6d0e4dbf194,RADAR,RADAR_LEFT_FRONT,1694938800002263,True,samples,samples/RADAR_LEFT_FRONT/RADAR_LEFT_FRONT_1694938800002263.pcd
bd1594ff6b43482db8ff5d4244a7373d,6d6cd02cde33436197a7820145262674,9fb76bae00124c85aaf4d6d0e4dbf194,RADAR,RADAR_LEFT_FRONT,1694938800503276,True,samples,samples/RADAR_LEFT_FRONT/RADAR_LEFT_FRONT_1694938800503276.pcd
afb1ef31062c4f6c905c92e12c4fd528,7d86c0bd95b449658921145955fea4e0,9fb76bae00124c85aaf4d6d0e4dbf194,RADAR,RADAR_LEFT_FRONT,1694938801004869,True,samples,samples/RADAR_LEFT_FRONT/RADAR_LEFT_FRONT_1694938801004869.pcd
b92d0bca1dec4c6a8c5a1929c1c20c28,6eae67dc76ff47b5af097b413c2447a5,9fb76bae00124c85aaf4d6d0e4dbf194,RADAR,RADAR_LEFT_FRONT,1694938801501762,True,samples,samples/RADAR_LEFT_FRONT/RADAR_LEFT_FRONT_1694938801501762.pcd
312db085a6d440ef971025c18518386b,db875de1c58748c0a4f273f4200b0841,9fb76bae00124c85aaf4d6d0e4dbf194,RADAR,RADAR_LEFT_FRONT,1694938802003733,True,samples,samples/RADAR_LEFT_FRONT/RADAR_LEFT_FRONT_1694938802003733.pcd
d17583638a4e4cba8a9d3423905b111e,6fc67d6877724bbea6efa6d09a5f97d6,9fb76bae00124c85aaf4d6d0e4dbf194,RADAR,RADAR_LEFT_FRONT,1694938802504469,True,samples,samples/RADAR_LEFT_FRONT/RADAR_LEFT_FRONT_1694938802504469.pcd
4f6c39ee55cc4f8f918279c09d8097de,a0eaf36b2f7a4598bb0ae21a3e6d44cd,9fb76bae00124c85aaf4d6d0e4dbf194,RADAR,RADAR_LEFT_FRONT,1694938803002491,True,samples,samples/RADAR_LEFT_FRONT/RADAR_LEFT_FRONT_1694938803002491.pcd
8d5bd280ce0441249d0ad44aff1cacae,e9dab1896acf4c0fa04f85f5c3b047fa,9fb76bae00124c85aaf4d6d0e4dbf194,RADAR,RADAR_LEFT_FRONT,1694938803503142,True,samples,samples/RADAR_LEFT_FRONT/RADAR_LEFT_FRONT_1694938803503142.pcd
63b5bdf010f14dafbf28c3edf7d8b74f,4d113d0314e041d990d2e6448b87de40,9fb76bae00124c85aaf4d6d0e4dbf194,RADAR,RADAR_LEFT_FRONT,1694938804005691,True,samples,samples/RADAR_LEFT_FRONT/RADAR_LEFT_FRONT_1694938804005691.pcd
96e8bf22096043e4ac7b8d591547b64f,446ab39c270845e3871ec28d5c13fb2c,9fb76bae00124c85aaf4d6d0e4dbf194,RADAR,RADAR_LEFT_FRONT,1694938804502175,True,samples,samples/RADAR_LEFT_FRONT/RADAR_LEFT_FRONT_1694938804502175.pcd
888e5452386e43a9a4c8a7656cde0753,198a52743df64f89b4f6b639c49712f8,9fb76bae00124c85aaf4d6d0e4dbf194,RADAR,RADAR_LEFT_FRONT,1694938805004100,True,samples,samples/RADAR_LEFT_FRONT/RADAR_LEFT_FRONT_1694938805004100.pcd
3f37ac7232b446d1a7519f36fbc0dcc1,403389bcbf164b2db48c73b913662b48,9fb76bae00124c85aaf4d6d0e4dbf194,RADAR,RADAR_LEFT_FRONT,1694938805505672,True,samples,samples/RADAR_LEFT_FRONT/RADAR_LEFT_FRONT_1694938805505672.pcd
40a5faf0354e42719102f0d6eea3d289,73cd609690224547b69224dad987f4f3,9fb76bae00124c85aaf4d6d0e4dbf194,RADAR,RADAR_LEFT_FRONT,1694938806002695,True,samples,samples/RADAR_LEFT_FRONT/RADAR_LEFT_FRONT_1694938806002695.pcd
b7db9f91ed9c4988ac2ebf314fc583c8,755ac2cd4ee1493785ccc9de7b96c907,9fb76bae00124c85aaf4d6d0e4dbf194,RADAR,RADAR_LEFT_FRONT,1694938806503964,True,samples,samples/RADAR_LEFT_FRONT/RADAR_LEFT_FRONT_1694938806503964.pcd
14796c63fc2f45189c4bda85467ffc3e,2034f1707ec7419b9c3479fbef98c9b3,9fb76bae00124c85aaf4d6d0e4dbf194,RADAR,RADAR_LEFT_FRONT,1694938807005525,True,samples,samples/RADAR_LEFT_FRONT/RADAR_LEFT_FRONT_1694938807005525.pcd
2744787aefdd41198b6252edc3cdcace,9aaeea7462be41baacf3ceb9126136e7,9fb76bae00124c85aaf4d6d0e4dbf194,RADAR,RADAR_LEFT_FRONT,1694938807501832,True,samples,samples/RADAR_LEFT_FRONT/RADAR_LEFT_FRONT_1694938807501832.pcd
aa164a70a45646ce9af88e59bc8d272a,bd1b98fca97642d596c968d4df826df0,9fb76bae00124c85aaf4d6d0e4dbf194,RADAR,RADAR_LEFT_FRONT,1694938808003861,True,samples,samples/RADAR_LEFT_FRONT/RADAR_LEFT_FRONT_1694938808003861.pcd
bc26815664a849edadd94e1a0dfec1d9,30dbdc20e13249cd8117d7215071b4c8,9fb76bae00124c85aaf4d6d0e4dbf194,RADAR,RADAR_LEFT_FRONT,1694938808505403,True,samples,samples/RADAR_LEFT_FRONT/RADAR_LEFT_FRONT_1694938808505403.pcd
a651108c1ddd4cd89d8fa9ae9eaf0a0c,d5c1c80145214282b058cf815792baa9,9fb76bae00124c85aaf4d6d0e4dbf194,RADAR,RADAR_LEFT_FRONT,1694938809002234,True,samples,samples/RADAR_LEFT_FRONT/RADAR_LEFT_FRONT_1694938809002234.pcd
a03ebefbcbdb4f5683d9ab162a1a4786,87ba8b5a4c294644890ddfad19209e7a,9fb76bae00124c85aaf4d6d0e4dbf194,RADAR,RADAR_LEFT_FRONT,1694938809503488,True,samples,samples/RADAR_LEFT_FRONT/RADAR_LEFT_FRONT_1694938809503488.pcd
c3d779cae4b4446497405d775b7a4c1f,51a6e5b5fe5f4f5a99c05a1540d6d92a,9fb76bae00124c85aaf4d6d0e4dbf194,RADAR,RADAR_LEFT_FRONT,1694938810005019,True,samples,samples/RADAR_LEFT_FRONT/RADAR_LEFT_FRONT_1694938810005019.pcd
34210c4640024cb488796419dccc3ee8,1d111bf7b99d4a6cb886c4cc8525c855,9fb76bae00124c85aaf4d6d0e4dbf194,RADAR,RADAR_LEFT_FRONT,1694938810502339,True,samples,samples/RADAR_LEFT_FRONT/RADAR_LEFT_FRONT_1694938810502339.pcd
edab5eb473d848048a32f007204146b6,9bd153ce54554cc9a028e6456d2751d2,9fb76bae00124c85aaf4d6d0e4dbf194,RADAR,RADAR_LEFT_FRONT,1694938811003316,True,samples,samples/RADAR_LEFT_FRONT/RADAR_LEFT_FRONT_1694938811003316.pcd
7033db01f5b442f78cb0412905fb08d6,ac66e06eade741ea8e18d7ed4ce20120,9fb76bae00124c85aaf4d6d0e4dbf194,RADAR,RADAR_LEFT_FRONT,1694938811504902,True,samples,samples/RADAR_LEFT_FRONT/RADAR_LEFT_FRONT_1694938811504902.pcd
bf220672272c44d39f12fcaac72461c0,1d22c6a108994cc9862094c5b3f454fd,9fb76bae00124c85aaf4d6d0e4dbf194,RADAR,RADAR_LEFT_FRONT,1694938812001856,True,samples,samples/RADAR_LEFT_FRONT/RADAR_LEFT_FRONT_1694938812001856.pcd
f807dd199cce44ffaf7581da66db5e22,868eb15fdbc047509a14c0a966dcd7b6,9fb76bae00124c85aaf4d6d0e4dbf194,RADAR,RADAR_LEFT_FRONT,1694938812503687,True,samples,samples/RADAR_LEFT_FRONT/RADAR_LEFT_FRONT_1694938812503687.pcd
17969e8649f64acabccfa68b02f4ff1e,a5d7d3dc07d345cfb5649e4fac1cdd87,9fb76bae00124c85aaf4d6d0e4dbf194,RADAR,RADAR_LEFT_SIDE,1694938793003212,True,samples,samples/RADAR_LEFT_SIDE/RADAR_LEFT_SIDE_1694938793003212.pcd
ea09a87632c84ac3b82462e94bc6ca6d,19980a921db84f85aa54ef0ea75c3a8c,9fb76bae00124c85aaf4d6d0e4dbf194,RADAR,RADAR_LEFT_SIDE,1694938793505814,True,samples,samples/RADAR_LEFT_SIDE/RADAR_LEFT_SIDE_1694938793505814.pcd
99167693642b43f58ba21f7d484e6428,a98bbe5b6e394642a61d40b80e282bd2,9fb76bae00124c85aaf4d6d0e4dbf194,RADAR,RADAR_LEFT_SIDE,1694938794002154,True,samples,samples/RADAR_LEFT_SIDE/RADAR_LEFT_SIDE_1694938794002154.pcd
fd73485cf47643de9278d6c2aad10164,0a159eaf8c1e42b4b94186d43230a214,9fb76bae00124c85aaf4d6d0e4dbf194,RADAR,RADAR_LEFT_SIDE,1694938794504193,True,samples,samples/RADAR_LEFT_SIDE/RADAR_LEFT_SIDE_1694938794504193.pcd
6c9b98a66f6d42b8a34b0189b522ea34,6e169e7d226d47ba88c32424fc414937,9fb76bae00124c85aaf4d6d0e4dbf194,RADAR,RADAR_LEFT_SIDE,1694938795005717,True,samples,samples/RADAR_LEFT_SIDE/RADAR_LEFT_SIDE_1694938795005717.pcd
68b4d5456f8e4c81883e2fc43a4ee122,e4081856fd5349b5a7b89b944a5b543f,9fb76bae00124c85aaf4d6d0e4dbf194,RADAR,RADAR_LEFT_SIDE,1694938795502852,True,samples,samples/RADAR_LEFT_SIDE/RADAR_LEFT_SIDE_1694938795502852.pcd
960a5ee8b1f24f7fa5c6a5f3d9aa14de,30b294a43eae4f00a0856cee1c22502a,9fb76bae00124c85aaf4d6d0e4dbf194,RADAR,RADAR_LEFT_SIDE,1694938796004061,True,samples,samples/RADAR_LEFT_SIDE/RADAR_LEFT_SIDE_1694938796004061.pcd
3bd819cf28b640d59d0734208728d91f,67256e243cb14abeaa96f0be03dd3e9a,9fb76bae00124c85aaf4d6d0e4dbf194,RADAR,RADAR_LEFT_SIDE,1694938796505590,True,samples,samples/RADAR_LEFT_SIDE/RADAR_LEFT_SIDE_1694938796505590.pcd
3ca76bab10b24c80839412e03d2ecfd1,0c69f9d5815d4907a8438044c04201ef,9fb76bae00124c85aaf4d6d0e4dbf194,RADAR,RADAR_LEFT_SIDE,1694938797001893,True,samples,samples/RADAR_LEFT_SIDE/RADAR_LEFT_SIDE_1694938797001893.pcd
2fc4feffba3b40efb885bafa66e31ca0,5ba8f82a2e3a4160b9e1243aafb78712,9fb76bae00124c85aaf4d6d0e4dbf194,RADAR,RADAR_LEFT_SIDE,1694938797503963,True,samples,samples/RADAR_LEFT_SIDE/RADAR_LEFT_SIDE_1694938797503963.pcd
99e9dfdc242443f99a8c0961c3ae9c52,618a863a1fcf4eb794fc783c366aa20f,9fb76bae00124c85aaf4d6d0e4dbf194,RADAR,RADAR_LEFT_SIDE,1694938798005469,True,samples,samples/RADAR_LEFT_SIDE/RADAR_LEFT_SIDE_1694938798005469.pcd
a9471d2efd154824b46e7127f3bac574,6ae89c7a1da948eb9e935bcc5f7b09e0,9fb76bae00124c85aaf4d6d0e4dbf194,RADAR,RADAR_LEFT_SIDE,1694938798502306,True,samples,samples/RADAR_LEFT_SIDE/RADAR_LEFT_SIDE_1694938798502306.pcd
96d6cb6460a04b9d9f4bd7def4caa008,32473bdc06a342d4b42c978227abfe55,9fb76bae00124c85aaf4d6d0e4dbf194,RADAR,RADAR_LEFT_SIDE,1694938799003603,True,samples,samples/RADAR_LEFT_SIDE/RADAR_LEFT_SIDE_1694938799003603.pcd
6596053af4d34c499a3987a1195ac61c,67a6f2f5662d4035984509589c50c6b9,9fb76bae00124c85aaf4d6d0e4dbf194,RADAR,RADAR_LEFT_SIDE,1694938799504900,True,samples,samples/RADAR_LEFT_SIDE/RADAR_LEFT_SIDE_1694938799504900.pcd
08028e66ec4e4554bddd099e7d375d9b,ed4081026261436197a9c66f1939d830,9fb76bae00124c85aaf4d6d0e4dbf194,RADAR,RADAR_LEFT_SIDE,1694938800002174,True,samples,samples/RADAR_LEFT_SIDE/RADAR_LEFT_SIDE_1694938800002174.pcd
8b3b658e641a48f8a975f61c0e25432f,6d6cd02cde33436197a7820145262674,9fb76bae00124c85aaf4d6d0e4dbf194,RADAR,RADAR_LEFT_SIDE,1694938800503194,True,samples,samples/RADAR_LEFT_SIDE/RADAR_LEFT_SIDE_1694938800503194.pcd
4ed6708061b44a66a675b931b3a66d20,7d86c0bd95b449658921145955fea4e0,9fb76bae00124c85aaf4d6d0e4dbf194,RADAR,RADAR_LEFT_SIDE,1694938801004782,True,samples,samples/RADAR_LEFT_SIDE/RADAR_LEFT_SIDE_1694938801004782.pcd
034f5e91eee4401eb6583be5e461e2f2,6eae67dc76ff47b5af097b413c2447a5,9fb76bae00124c85aaf4d6d0e4dbf194,RADAR,RADAR_LEFT_SIDE,1694938801501690,True,samples,samples/RADAR_LEFT_SIDE/RADAR_LEFT_SIDE_1694938801501690.pcd
780133402e374359b203ade9f0598e4c,db875de1c58748c0a4f273f4200b0841,9fb76bae00124c85aaf4d6d0e4dbf194,RADAR,RADAR_LEFT_SIDE,1694938802003594,True,samples,samples/RADAR_LEFT_SIDE/RADAR_LEFT_SIDE_1694938802003594.pcd
40191d3c15854534a8436ccc865921f7,6fc67d6877724bbea6efa6d09a5f97d6,9fb76bae00124c85aaf4d6d0e4dbf194,RADAR,RADAR_LEFT_SIDE,1694938802504299,True,samples,samples/RADAR_LEFT_SIDE/RADAR_LEFT_SIDE_1694938802504299.pcd
8bead63f33784aae8f62d887ac5f7b38,a0eaf36b2f7a4598bb0ae21a3e6d44cd,9fb76bae00124c85aaf4d6d0e4dbf194,RADAR,RADAR_LEFT_SIDE,1694938803002381,True,samples,samples/RADAR_LEFT_SIDE/RADAR_LEFT_SIDE_1694938803002381.pcd
4110cf6265184898bcc2e3846df0f544,e9dab1896acf4c0fa04f85f5c3b047fa,9fb76bae00124c85aaf4d6d0e4dbf194,RADAR,RADAR_LEFT_SIDE,1694938803503043,True,samples,samples/RADAR_LEFT_SIDE/RADAR_LEFT_SIDE_1694938803503043.pcd
e83cd500368e4120b3594846b949bbed,4d113d0314e041d990d2e6448b87de40,9fb76bae00124c85aaf4d6d0e4dbf194,RADAR,RADAR_LEFT_SIDE,1694938804005587,True,samples,samples/RADAR_LEFT_SIDE/RADAR_LEFT_SIDE_1694938804005587.pcd
304407e114ab449e997408efd15b9435,446ab39c270845e3871ec28d5c13fb2c,9fb76bae00124c85aaf4d6d0e4dbf194,RADAR,RADAR_LEFT_SIDE,1694938804502005,True,samples,samples/RADAR_LEFT_SIDE/RADAR_LEFT_SIDE_1694938804502005.pcd
8aa359d3d0e5437f882ed410582c76a3,198a52743df64f89b4f6b639c49712f8,9fb76bae00124c85aaf4d6d0e4dbf194,RADAR,RADAR_LEFT_SIDE,1694938805004015,True,samples,samples/RADAR_LEFT_SIDE/RADAR_LEFT_SIDE_1694938805004015.pcd
ea8edbf6884d48f1bec98366a14abd2f,403389bcbf164b2db48c73b913662b48,9fb76bae00124c85aaf4d6d0e4dbf194,RADAR,RADAR_LEFT_SIDE,1694938805505558,True,samples,samples/RADAR_LEFT_SIDE/RADAR_LEFT_SIDE_1694938805505558.pcd
2d49b64e5e5244d4922d952f4839f4cd,73cd609690224547b69224dad987f4f3,9fb76bae00124c85aaf4d6d0e4dbf194,RADAR,RADAR_LEFT_SIDE,1694938806002570,True,samples,samples/RADAR_LEFT_SIDE/RADAR_LEFT_SIDE_1694938806002570.pcd
5430d0792c84410b92318f6208bb929a,755ac2cd4ee1493785ccc9de7b96c907,9fb76bae00124c85aaf4d6d0e4dbf194,RADAR,RADAR_LEFT_SIDE,1694938806503860,True,samples,samples/RADAR_LEFT_SIDE/RADAR_LEFT_SIDE_1694938806503860.pcd
2931aa86b6624e0ca1ae10e7f1c401bf,2034f1707ec7419b9c3479fbef98c9b3,9fb76bae00124c85aaf4d6d0e4dbf194,RADAR,RADAR_LEFT_SIDE,1694938807005411,True,samples,samples/RADAR_LEFT_SIDE/RADAR_LEFT_SIDE_1694938807005411.pcd
84a72f22edf943deb5dc3da8527c1e11,9aaeea7462be41baacf3ceb9126136e7,9fb76bae00124c85aaf4d6d0e4dbf194,RADAR,RADAR_LEFT_SIDE,1694938807501732,True,samples,samples/RADAR_LEFT_SIDE/RADAR_LEFT_SIDE_1694938807501732.pcd
930b7205f1ef47679cb32906aa8b0bae,bd1b98fca97642d596c968d4df826df0,9fb76bae00124c85aaf4d6d0e4dbf194,RADAR,RADAR_LEFT_SIDE,1694938808003759,True,samples,samples/RADAR_LEFT_SIDE/RADAR_LEFT_SIDE_1694938808003759.pcd
487f696bd108404bbc6337aa8c6d6a72,30dbdc20e13249cd8117d7215071b4c8,9fb76bae00124c85aaf4d6d0e4dbf194,RADAR,RADAR_LEFT_SIDE,1694938808505273,True,samples,samples/RADAR_LEFT_SIDE/RADAR_LEFT_SIDE_1694938808505273.pcd
6d36655a7ce44ad0b67ce2888013f1a1,d5c1c80145214282b058cf815792baa9,9fb76bae00124c85aaf4d6d0e4dbf194,RADAR,RADAR_LEFT_SIDE,1694938809002142,True,samples,samples/RADAR_LEFT_SIDE/RADAR_LEFT_SIDE_1694938809002142.pcd
9ff45f0ed4b744638a99dff8186a0a11,87ba8b5a4c294644890ddfad19209e7a,9fb76bae00124c85aaf4d6d0e4dbf194,RADAR,RADAR_LEFT_SIDE,1694938809503367,True,samples,samples/RADAR_LEFT_SIDE/RADAR_LEFT_SIDE_1694938809503367.pcd
e7a86cb618aa442a93253d16e6c0d519,51a6e5b5fe5f4f5a99c05a1540d6d92a,9fb76bae00124c85aaf4d6d0e4dbf194,RADAR,RADAR_LEFT_SIDE,1694938810004917,True,samples,samples/RADAR_LEFT_SIDE/RADAR_LEFT_SIDE_1694938810004917.pcd
fc0446af2c5d4416b5353ca7ceddce13,1d111bf7b99d4a6cb886c4cc8525c855,9fb76bae00124c85aaf4d6d0e4dbf194,RADAR,RADAR_LEFT_SIDE,1694938810502187,True,samples,samples/RADAR_LEFT_SIDE/RADAR_LEFT_SIDE_1694938810502187.pcd
15360ff89e724ec1a18ced058113a3fd,9bd153ce54554cc9a028e6456d2751d2,9fb76bae00124c85aaf4d6d0e4dbf194,RADAR,RADAR_LEFT_SIDE,1694938811003232,True,samples,samples/RADAR_LEFT_SIDE/RADAR_LEFT_SIDE_1694938811003232.pcd
b8625b9a68fa4253b519e203fba043dd,ac66e06eade741ea8e18d7ed4ce20120,9fb76bae00124c85aaf4d6d0e4dbf194,RADAR,RADAR_LEFT_SIDE,1694938811504824,True,samples,samples/RADAR_LEFT_SIDE/RADAR_LEFT_SIDE_1694938811504824.pcd
28311df961ba4afc91ec5fdb07a6faa5,1d22c6a108994cc9862094c5b3f454fd,9fb76bae00124c85aaf4d6d0e4dbf194,RADAR,RADAR_LEFT_SIDE,1694938812001756,True,samples,samples/RADAR_LEFT_SIDE/RADAR_LEFT_SIDE_1694938812001756.pcd
dc852cd628ed4263810e48e6119e9225,868eb15fdbc047509a14c0a966dcd7b6,9fb76bae00124c85aaf4d6d0e4dbf194,RADAR,RADAR_LEFT_SIDE,1694938812503564,True,samples,samples/RADAR_LEFT_SIDE/RADAR_LEFT_SIDE_1694938812503564.pcd
d25067044a68403c841f66787652612a,a5d7d3dc07d345cfb5649e4fac1cdd87,9fb76bae00124c85aaf4d6d0e4dbf194,RADAR,RADAR_LEFT_BACK,1694938793002434,True,samples,samples/RADAR_LEFT_BACK/RADAR_LEFT_BACK_1694938793002434.pcd
c31005ba0a4e42188dc372ac6ace9c30,19980a921db84f85aa54ef0ea75c3a8c,9fb76bae00124c85aaf4d6d0e4dbf194,RADAR,RADAR_LEFT_BACK,1694938793503305,True,samples,samples/RADAR_LEFT_BACK/RADAR_LEFT_BACK_1694938793503305.pcd
dfa203b9b97c4f7589265a59d145a94c,a98bbe5b6e394642a61d40b80e282bd2,9fb76bae00124c85aaf4d6d0e4dbf194,RADAR,RADAR_LEFT_BACK,1694938794004898,True,samples,samples/RADAR_LEFT_BACK/RADAR_LEFT_BACK_1694938794004898.pcd
d83d76f33eb442baadc019cd202e944a,0a159eaf8c1e42b4b94186d43230a214,9fb76bae00124c85aaf4d6d0e4dbf194,RADAR,RADAR_LEFT_BACK,1694938794501957,True,samples,samples/RADAR_LEFT_BACK/RADAR_LEFT_BACK_1694938794501957.pcd
c502f98a22614daf828b0b882dfd969d,6e169e7d226d47ba88c32424fc414937,9fb76bae00124c85aaf4d6d0e4dbf194,RADAR,RADAR_LEFT_BACK,1694938795003856,True,samples,samples/RADAR_LEFT_BACK/RADAR_LEFT_BACK_1694938795003856.pcd
f6096f0329884ec1a50d903fe65503ee,e4081856fd5349b5a7b89b944a5b543f,9fb76bae00124c85aaf4d6d0e4dbf194,RADAR,RADAR_LEFT_BACK,1694938795504517,True,samples,samples/RADAR_LEFT_BACK/RADAR_LEFT_BACK_1694938795504517.pcd
ca37d82aae3546de995a66baa64d9bbf,30b294a43eae4f00a0856cee1c22502a,9fb76bae00124c85aaf4d6d0e4dbf194,RADAR,RADAR_LEFT_BACK,1694938796002630,True,samples,samples/RADAR_LEFT_BACK/RADAR_LEFT_BACK_1694938796002630.pcd
8cbaf58fc44540038b1ee6b03f41ee53,67256e243cb14abeaa96f0be03dd3e9a,9fb76bae00124c85aaf4d6d0e4dbf194,RADAR,RADAR_LEFT_BACK,1694938796503324,True,samples,samples/RADAR_LEFT_BACK/RADAR_LEFT_BACK_1694938796503324.pcd
74f6573ae8d84a8b8aa05a63c058acec,0c69f9d5815d4907a8438044c04201ef,9fb76bae00124c85aaf4d6d0e4dbf194,RADAR,RADAR_LEFT_BACK,1694938797005883,True,samples,samples/RADAR_LEFT_BACK/RADAR_LEFT_BACK_1694938797005883.pcd
727da2cfb53c4a14b4bb963f8306aa85,5ba8f82a2e3a4160b9e1243aafb78712,9fb76bae00124c85aaf4d6d0e4dbf194,RADAR,RADAR_LEFT_BACK,1694938797502115,True,samples,samples/RADAR_LEFT_BACK/RADAR_LEFT_BACK_1694938797502115.pcd
23497394a1e74ff59332d00dfe49bf82,618a863a1fcf4eb794fc783c366aa20f,9fb76bae00124c85aaf4d6d0e4dbf194,RADAR,RADAR_LEFT_BACK,1694938797952828,True,samples,samples/RADAR_LEFT_BACK/RADAR_LEFT_BACK_1694938797952828.pcd
d6186ca5609c4019ae07f684eacae23a,6ae89c7a1da948eb9e935bcc5f7b09e0,9fb76bae00124c85aaf4d6d0e4dbf194,RADAR,RADAR_LEFT_BACK,1694938798505734,True,samples,samples/RADAR_LEFT_BACK/RADAR_LEFT_BACK_1694938798505734.pcd
7d439eeac9184a6fbb6c9eb2c59051b1,32473bdc06a342d4b42c978227abfe55,9fb76bae00124c85aaf4d6d0e4dbf194,RADAR,RADAR_LEFT_BACK,1694938799002837,True,samples,samples/RADAR_LEFT_BACK/RADAR_LEFT_BACK_1694938799002837.pcd
89d93eec4e99446db4d80b9fc701021e,67a6f2f5662d4035984509589c50c6b9,9fb76bae00124c85aaf4d6d0e4dbf194,RADAR,RADAR_LEFT_BACK,1694938799504167,True,samples,samples/RADAR_LEFT_BACK/RADAR_LEFT_BACK_1694938799504167.pcd
671b962ccb664722897930489fe5393b,ed4081026261436197a9c66f1939d830,9fb76bae00124c85aaf4d6d0e4dbf194,RADAR,RADAR_LEFT_BACK,1694938800005518,True,samples,samples/RADAR_LEFT_BACK/RADAR_LEFT_BACK_1694938800005518.pcd
772bac2d2b0940c6ad157decbe70bad3,6d6cd02cde33436197a7820145262674,9fb76bae00124c85aaf4d6d0e4dbf194,RADAR,RADAR_LEFT_BACK,1694938800501943,True,samples,samples/RADAR_LEFT_BACK/RADAR_LEFT_BACK_1694938800501943.pcd
b7d893e2ca09498b885b8435b8269ce4,7d86c0bd95b449658921145955fea4e0,9fb76bae00124c85aaf4d6d0e4dbf194,RADAR,RADAR_LEFT_BACK,1694938801004022,True,samples,samples/RADAR_LEFT_BACK/RADAR_LEFT_BACK_1694938801004022.pcd
fde0c8bca5174c6682e13baefd7d0d35,6eae67dc76ff47b5af097b413c2447a5,9fb76bae00124c85aaf4d6d0e4dbf194,RADAR,RADAR_LEFT_BACK,1694938801505513,True,samples,samples/RADAR_LEFT_BACK/RADAR_LEFT_BACK_1694938801505513.pcd
c908ce51a0234190ab6bbe485a44bdb1,db875de1c58748c0a4f273f4200b0841,9fb76bae00124c85aaf4d6d0e4dbf194,RADAR,RADAR_LEFT_BACK,1694938802002348,True,samples,samples/RADAR_LEFT_BACK/RADAR_LEFT_BACK_1694938802002348.pcd
8858e683e6bb44ff97f363126b384cec,6fc67d6877724bbea6efa6d09a5f97d6,9fb76bae00124c85aaf4d6d0e4dbf194,RADAR,RADAR_LEFT_BACK,1694938802503619,True,samples,samples/RADAR_LEFT_BACK/RADAR_LEFT_BACK_1694938802503619.pcd
f606fcac02514d0baa652b844a000e7f,a0eaf36b2f7a4598bb0ae21a3e6d44cd,9fb76bae00124c85aaf4d6d0e4dbf194,RADAR,RADAR_LEFT_BACK,1694938803005154,True,samples,samples/RADAR_LEFT_BACK/RADAR_LEFT_BACK_1694938803005154.pcd
75f5d44a452749a1be4ecc43832c7f18,e9dab1896acf4c0fa04f85f5c3b047fa,9fb76bae00124c85aaf4d6d0e4dbf194,RADAR,RADAR_LEFT_BACK,1694938803502429,True,samples,samples/RADAR_LEFT_BACK/RADAR_LEFT_BACK_1694938803502429.pcd
1b7266ae12b14cf1bf7245b940dec550,4d113d0314e041d990d2e6448b87de40,9fb76bae00124c85aaf4d6d0e4dbf194,RADAR,RADAR_LEFT_BACK,1694938804003379,True,samples,samples/RADAR_LEFT_BACK/RADAR_LEFT_BACK_1694938804003379.pcd
8fab4708c3b24288b805685c5fbf398f,446ab39c270845e3871ec28d5c13fb2c,9fb76bae00124c85aaf4d6d0e4dbf194,RADAR,RADAR_LEFT_BACK,1694938804505012,True,samples,samples/RADAR_LEFT_BACK/RADAR_LEFT_BACK_1694938804505012.pcd
f9330a0c092e41da945ced3cff6e9f6a,198a52743df64f89b4f6b639c49712f8,9fb76bae00124c85aaf4d6d0e4dbf194,RADAR,RADAR_LEFT_BACK,1694938805001907,True,samples,samples/RADAR_LEFT_BACK/RADAR_LEFT_BACK_1694938805001907.pcd
26701432cae54d28abe91e88a57aad4c,403389bcbf164b2db48c73b913662b48,9fb76bae00124c85aaf4d6d0e4dbf194,RADAR,RADAR_LEFT_BACK,1694938805503735,True,samples,samples/RADAR_LEFT_BACK/RADAR_LEFT_BACK_1694938805503735.pcd
f46ba9d68a2c4fd2b997894cdd5bb9d7,73cd609690224547b69224dad987f4f3,9fb76bae00124c85aaf4d6d0e4dbf194,RADAR,RADAR_LEFT_BACK,1694938806004581,True,samples,samples/RADAR_LEFT_BACK/RADAR_LEFT_BACK_1694938806004581.pcd
7e477be083ae491b80127d007673dfa8,755ac2cd4ee1493785ccc9de7b96c907,9fb76bae00124c85aaf4d6d0e4dbf194,RADAR,RADAR_LEFT_BACK,1694938806502659,True,samples,samples/RADAR_LEFT_BACK/RADAR_LEFT_BACK_1694938806502659.pcd
457a18e48fbf43bda7f3bb169e67d9b9,2034f1707ec7419b9c3479fbef98c9b3,9fb76bae00124c85aaf4d6d0e4dbf194,RADAR,RADAR_LEFT_BACK,1694938807003205,True,samples,samples/RADAR_LEFT_BACK/RADAR_LEFT_BACK_1694938807003205.pcd
1845bbf93c1d4c99b65bf2ef83a1b627,9aaeea7462be41baacf3ceb9126136e7,9fb76bae00124c85aaf4d6d0e4dbf194,RADAR,RADAR_LEFT_BACK,1694938807505621,True,samples,samples/RADAR_LEFT_BACK/RADAR_LEFT_BACK_1694938807505621.pcd
c4bed58de5ae48519401f6eea3ea74ea,bd1b98fca97642d596c968d4df826df0,9fb76bae00124c85aaf4d6d0e4dbf194,RADAR,RADAR_LEFT_BACK,1694938808001994,True,samples,samples/RADAR_LEFT_BACK/RADAR_LEFT_BACK_1694938808001994.pcd
5ccba0e2596e45f8b9d2a02b4f80e44d,30dbdc20e13249cd8117d7215071b4c8,9fb76bae00124c85aaf4d6d0e4dbf194,RADAR,RADAR_LEFT_BACK,1694938808504095,True,samples,samples/RADAR_LEFT_BACK/RADAR_LEFT_BACK_1694938808504095.pcd
4fc15769080447bd8f27f3c35bd01d27,d5c1c80145214282b058cf815792baa9,9fb76bae00124c85aaf4d6d0e4dbf194,RADAR,RADAR_LEFT_BACK,1694938809005564,True,samples,samples/RADAR_LEFT_BACK/RADAR_LEFT_BACK_1694938809005564.pcd
0e24f96508ed4d978746005512ea9191,87ba8b5a4c294644890ddfad19209e7a,9fb76bae00124c85aaf4d6d0e4dbf194,RADAR,RADAR_LEFT_BACK,1694938809502567,True,samples,samples/RADAR_LEFT_BACK/RADAR_LEFT_BACK_1694938809502567.pcd
9cdb0494bec544dda0a3f84ceb5dc262,51a6e5b5fe5f4f5a99c05a1540d6d92a,9fb76bae00124c85aaf4d6d0e4dbf194,RADAR,RADAR_LEFT_BACK,1694938810003933,True,samples,samples/RADAR_LEFT_BACK/RADAR_LEFT_BACK_1694938810003933.pcd
b4226c00ccd94151ac7c4325ed9c352b,1d111bf7b99d4a6cb886c4cc8525c855,9fb76bae00124c85aaf4d6d0e4dbf194,RADAR,RADAR_LEFT_BACK,1694938810505300,True,samples,samples/RADAR_LEFT_BACK/RADAR_LEFT_BACK_1694938810505300.pcd
0c5d58b3d06742dd8b4437d5e14447e6,9bd153ce54554cc9a028e6456d2751d2,9fb76bae00124c85aaf4d6d0e4dbf194,RADAR,RADAR_LEFT_BACK,1694938811001678,True,samples,samples/RADAR_LEFT_BACK/RADAR_LEFT_BACK_1694938811001678.pcd
4aac89ea859940b7a4fbd3493000115b,ac66e06eade741ea8e18d7ed4ce20120,9fb76bae00124c85aaf4d6d0e4dbf194,RADAR,RADAR_LEFT_BACK,1694938811503720,True,samples,samples/RADAR_LEFT_BACK/RADAR_LEFT_BACK_1694938811503720.pcd
156d8d8848f84c7d948aa38bc867f800,1d22c6a108994cc9862094c5b3f454fd,9fb76bae00124c85aaf4d6d0e4dbf194,RADAR,RADAR_LEFT_BACK,1694938812005213,True,samples,samples/RADAR_LEFT_BACK/RADAR_LEFT_BACK_1694938812005213.pcd
0551edc6e63a41ba9815d97c557b7d25,868eb15fdbc047509a14c0a966dcd7b6,9fb76bae00124c85aaf4d6d0e4dbf194,RADAR,RADAR_LEFT_BACK,1694938812502071,True,samples,samples/RADAR_LEFT_BACK/RADAR_LEFT_BACK_1694938812502071.pcd
00ed0f5581c344c4903c62401eea1114,fa2acde00fe3439786ccd631c78fd641,38d4ba33fce94499be34f32d245113ed,RADAR,RADAR_RIGHT_BACK,1706716774803724,True,samples,samples/RADAR_RIGHT_BACK/RADAR_RIGHT_BACK_1706716774803724.pcd
d6a428cf02ea40bb8907d9381bb39745,6576cf45096c4d6f8a4f4d976e0e83b9,38d4ba33fce94499be34f32d245113ed,RADAR,RADAR_RIGHT_BACK,1706716775305168,True,samples,samples/RADAR_RIGHT_BACK/RADAR_RIGHT_BACK_1706716775305168.pcd
148c5e75ef81448ea9d7e26970ab467c,717a5295dd944f6f9b9edef6562b48e9,38d4ba33fce94499be34f32d245113ed,RADAR,RADAR_RIGHT_BACK,1706716775802030,True,samples,samples/RADAR_RIGHT_BACK/RADAR_RIGHT_BACK_1706716775802030.pcd
24b32bfcd99042aab08dd57e96db97a7,1b5208835de344f3b2e9a3d138c0f164,38d4ba33fce94499be34f32d245113ed,RADAR,RADAR_RIGHT_BACK,1706716776303378,True,samples,samples/RADAR_RIGHT_BACK/RADAR_RIGHT_BACK_1706716776303378.pcd
5183cfbb1ee0492da38a2a5cc770a2c5,3452bee1bda54634bf9e197ca371bf97,38d4ba33fce94499be34f32d245113ed,RADAR,RADAR_RIGHT_BACK,1706716776804927,True,samples,samples/RADAR_RIGHT_BACK/RADAR_RIGHT_BACK_1706716776804927.pcd
8af64f307bf347cf8ee4f92cc0ac0f43,ad06fdbd34fd4dd4b0f0ef8f8bd7ac68,38d4ba33fce94499be34f32d245113ed,RADAR,RADAR_RIGHT_BACK,1706716777302120,True,samples,samples/RADAR_RIGHT_BACK/RADAR_RIGHT_BACK_1706716777302120.pcd
7fa45dd26ae6437d9d57bb139474991f,30f771e62a3a44f4975189ece9b83c26,38d4ba33fce94499be34f32d245113ed,RADAR,RADAR_RIGHT_BACK,1706716777803174,True,samples,samples/RADAR_RIGHT_BACK/RADAR_RIGHT_BACK_1706716777803174.pcd
67ee5e19398a484bb7064e0b196890e0,5319f3d4f415475a82018472f7055951,38d4ba33fce94499be34f32d245113ed,RADAR,RADAR_RIGHT_BACK,1706716778304751,True,samples,samples/RADAR_RIGHT_BACK/RADAR_RIGHT_BACK_1706716778304751.pcd
1cdcb888b2b54997a60b32814b6f76ef,de5890acd09f4e34801b92e9e73369db,38d4ba33fce94499be34f32d245113ed,RADAR,RADAR_RIGHT_BACK,1706716778801744,True,samples,samples/RADAR_RIGHT_BACK/RADAR_RIGHT_BACK_1706716778801744.pcd
a999320bfdb44f2f92ff5dd5866d84e2,fc1d4a5b3ab94addad4ee0e5ae6cc62f,38d4ba33fce94499be34f32d245113ed,RADAR,RADAR_RIGHT_BACK,1706716779303506,True,samples,samples/RADAR_RIGHT_BACK/RADAR_RIGHT_BACK_1706716779303506.pcd
20107b6ab574427c8ce0de7b21de82e3,0531b8003c4941c481d29ed1caa924f7,38d4ba33fce94499be34f32d245113ed,RADAR,RADAR_RIGHT_BACK,1706716779804375,True,samples,samples/RADAR_RIGHT_BACK/RADAR_RIGHT_BACK_1706716779804375.pcd
37d37f4442d84807b022eb93c8ee6e64,69ed8f84bcd94a91b68a82957b623904,38d4ba33fce94499be34f32d245113ed,RADAR,RADAR_RIGHT_BACK,1706716780302471,True,samples,samples/RADAR_RIGHT_BACK/RADAR_RIGHT_BACK_1706716780302471.pcd
7f02f79db39f4bd6b7ca639e6e537727,fc33e12c049840889efde7b2218b5c51,38d4ba33fce94499be34f32d245113ed,RADAR,RADAR_RIGHT_BACK,1706716780802970,True,samples,samples/RADAR_RIGHT_BACK/RADAR_RIGHT_BACK_1706716780802970.pcd
9e2a6a0fcfe84119b60204a98f4ef8b5,be75e2cea76844e0ac64bdf7ab68721b,38d4ba33fce94499be34f32d245113ed,RADAR,RADAR_RIGHT_BACK,1706716781305593,True,samples,samples/RADAR_RIGHT_BACK/RADAR_RIGHT_BACK_1706716781305593.pcd
fa6462d6062f4e7687b5539c078d014c,4e85946701964f37bb8990ffa14b1c4e,38d4ba33fce94499be34f32d245113ed,RADAR,RADAR_RIGHT_BACK,1706716781802013,True,samples,samples/RADAR_RIGHT_BACK/RADAR_RIGHT_BACK_1706716781802013.pcd
1921f8fb360042a8bee947ceea469125,1de6a44eff4749f494dd0b6cb5c48e84,38d4ba33fce94499be34f32d245113ed,RADAR,RADAR_RIGHT_BACK,1706716782303978,True,samples,samples/RADAR_RIGHT_BACK/RADAR_RIGHT_BACK_1706716782303978.pcd
ac7bcff5ed4e467297597d2a8ce415fb,9c55592e36884436880465b77c75a2de,38d4ba33fce94499be34f32d245113ed,RADAR,RADAR_RIGHT_BACK,1706716782805531,True,samples,samples/RADAR_RIGHT_BACK/RADAR_RIGHT_BACK_1706716782805531.pcd
b10e7d93280f4cefa4173b4f393ccda2,77f8596f82c948efa5231a656b64a313,38d4ba33fce94499be34f32d245113ed,RADAR,RADAR_RIGHT_BACK,1706716783302612,True,samples,samples/RADAR_RIGHT_BACK/RADAR_RIGHT_BACK_1706716783302612.pcd
c0b47ec2dbeb443a9c20d74a4e15a64b,9eefc874f88a490cba62967ad2ea68be,38d4ba33fce94499be34f32d245113ed,RADAR,RADAR_RIGHT_BACK,1706716783803941,True,samples,samples/RADAR_RIGHT_BACK/RADAR_RIGHT_BACK_1706716783803941.pcd
478a7fea3b9344b0bc1f1dd44516ab7d,4403795d081d4150ab7174f19e8a2f0b,38d4ba33fce94499be34f32d245113ed,RADAR,RADAR_RIGHT_BACK,1706716784305249,True,samples,samples/RADAR_RIGHT_BACK/RADAR_RIGHT_BACK_1706716784305249.pcd
dd3eb669f42a439eaa9862a3379d0e62,856048bc4191462888a39dde92751b25,38d4ba33fce94499be34f32d245113ed,RADAR,RADAR_RIGHT_BACK,1706716784801823,True,samples,samples/RADAR_RIGHT_BACK/RADAR_RIGHT_BACK_1706716784801823.pcd
e61a14d4d77644bda229e0f9dcc7c1ee,d9d945f2ecff47eaa09f9c2dd283a89d,38d4ba33fce94499be34f32d245113ed,RADAR,RADAR_RIGHT_BACK,1706716785303655,True,samples,samples/RADAR_RIGHT_BACK/RADAR_RIGHT_BACK_1706716785303655.pcd
e73ddeb76bd841d08cdab5ead0a9c957,107022cffcc148f299350a9344f26f84,38d4ba33fce94499be34f32d245113ed,RADAR,RADAR_RIGHT_BACK,1706716785805192,True,samples,samples/RADAR_RIGHT_BACK/RADAR_RIGHT_BACK_1706716785805192.pcd
0b8c39a1d84d4effa6218254e27ba12d,200accc64ca644669f74bdc5749a52c2,38d4ba33fce94499be34f32d245113ed,RADAR,RADAR_RIGHT_BACK,1706716786302116,True,samples,samples/RADAR_RIGHT_BACK/RADAR_RIGHT_BACK_1706716786302116.pcd
184b285ba5464dd699dac2615fb95b65,5dd62b98623c4212947265c15294f822,38d4ba33fce94499be34f32d245113ed,RADAR,RADAR_RIGHT_BACK,1706716786803389,True,samples,samples/RADAR_RIGHT_BACK/RADAR_RIGHT_BACK_1706716786803389.pcd
799dcc3e322a433bac333a919305fa86,67ea7a1a866d4942b2f389567d11272f,38d4ba33fce94499be34f32d245113ed,RADAR,RADAR_RIGHT_BACK,1706716787304901,True,samples,samples/RADAR_RIGHT_BACK/RADAR_RIGHT_BACK_1706716787304901.pcd
fa9a06324298437689504d7aab419ad3,34031c02dc804642aa6520be28ce39c0,38d4ba33fce94499be34f32d245113ed,RADAR,RADAR_RIGHT_BACK,1706716787802249,True,samples,samples/RADAR_RIGHT_BACK/RADAR_RIGHT_BACK_1706716787802249.pcd
6cb56fc007164ad1b65b677da96f47e2,ca174280df424acfacaab13a606faf99,38d4ba33fce94499be34f32d245113ed,RADAR,RADAR_RIGHT_BACK,1706716788303097,True,samples,samples/RADAR_RIGHT_BACK/RADAR_RIGHT_BACK_1706716788303097.pcd
b4aadd0e4c224440bd5dc3269c505fc6,d90d09439b8049c2967999fc4a8fd2a4,38d4ba33fce94499be34f32d245113ed,RADAR,RADAR_RIGHT_BACK,1706716788804864,True,samples,samples/RADAR_RIGHT_BACK/RADAR_RIGHT_BACK_1706716788804864.pcd
cb8515c05dae48dfb49a6553c66be354,f7ad54940a674f25be6c22317b0e3815,38d4ba33fce94499be34f32d245113ed,RADAR,RADAR_RIGHT_BACK,1706716789301688,True,samples,samples/RADAR_RIGHT_BACK/RADAR_RIGHT_BACK_1706716789301688.pcd
b0b3f255853945d68ded9251e31c73f2,ecfeab9c4ce14cc0a2f94a111172f157,38d4ba33fce94499be34f32d245113ed,RADAR,RADAR_RIGHT_BACK,1706716789803494,True,samples,samples/RADAR_RIGHT_BACK/RADAR_RIGHT_BACK_1706716789803494.pcd
4ed6c1abcbee43ab99340cea236a1ed0,4ada9cbed75249478210480ecae22937,38d4ba33fce94499be34f32d245113ed,RADAR,RADAR_RIGHT_BACK,1706716790304360,True,samples,samples/RADAR_RIGHT_BACK/RADAR_RIGHT_BACK_1706716790304360.pcd
28dcdac1677d4b1097070f9aecdce4e3,d9a0ffc7dc7a4932af41044c29c0c558,38d4ba33fce94499be34f32d245113ed,RADAR,RADAR_RIGHT_BACK,1706716790802512,True,samples,samples/RADAR_RIGHT_BACK/RADAR_RIGHT_BACK_1706716790802512.pcd
9a013c677b5a4ead96efcc1e15152fda,2bb86f1a816c41d6ac274402246a24fc,38d4ba33fce94499be34f32d245113ed,RADAR,RADAR_RIGHT_BACK,1706716791303012,True,samples,samples/RADAR_RIGHT_BACK/RADAR_RIGHT_BACK_1706716791303012.pcd
22320841d8264302bd0067c31b4e785e,d1a194be3c4d4ab3946f088897e0f578,38d4ba33fce94499be34f32d245113ed,RADAR,RADAR_RIGHT_BACK,1706716791805595,True,samples,samples/RADAR_RIGHT_BACK/RADAR_RIGHT_BACK_1706716791805595.pcd
add3166e4e814e1b8c29f66cec962820,dfb9c2cee4824b6ea827e2cfac0dda0c,38d4ba33fce94499be34f32d245113ed,RADAR,RADAR_RIGHT_BACK,1706716792301967,True,samples,samples/RADAR_RIGHT_BACK/RADAR_RIGHT_BACK_1706716792301967.pcd
91b269214f3649a2b4c08f543b647c40,d6749e370cac44b5af7a04924435ff6b,38d4ba33fce94499be34f32d245113ed,RADAR,RADAR_RIGHT_BACK,1706716792804001,True,samples,samples/RADAR_RIGHT_BACK/RADAR_RIGHT_BACK_1706716792804001.pcd
1822afd2ab1447088cbe4ca8be1fb629,08a1174ca5f54446bf5e560929f47307,38d4ba33fce94499be34f32d245113ed,RADAR,RADAR_RIGHT_BACK,1706716793305502,True,samples,samples/RADAR_RIGHT_BACK/RADAR_RIGHT_BACK_1706716793305502.pcd
04b2a4bc2dcd4cbaa457d4f995a47f9c,bab11f9d759141a1a62ff8bedf2f5815,38d4ba33fce94499be34f32d245113ed,RADAR,RADAR_RIGHT_BACK,1706716793802666,True,samples,samples/RADAR_RIGHT_BACK/RADAR_RIGHT_BACK_1706716793802666.pcd
475bbbcb45364363b075e36e5a95df14,6b21f9f8d72a436f9c8fc5dc60657af6,38d4ba33fce94499be34f32d245113ed,RADAR,RADAR_RIGHT_BACK,1706716794303880,True,samples,samples/RADAR_RIGHT_BACK/RADAR_RIGHT_BACK_1706716794303880.pcd
e9c05164e6264fec86e64e521cbc0b11,fa2acde00fe3439786ccd631c78fd641,38d4ba33fce94499be34f32d245113ed,RADAR,RADAR_RIGHT_SIDE,1706716774802059,True,samples,samples/RADAR_RIGHT_SIDE/RADAR_RIGHT_SIDE_1706716774802059.pcd
73ece09d6b0c43bc9af6d608b7b8e753,6576cf45096c4d6f8a4f4d976e0e83b9,38d4ba33fce94499be34f32d245113ed,RADAR,RADAR_RIGHT_SIDE,1706716775303324,True,samples,samples/RADAR_RIGHT_SIDE/RADAR_RIGHT_SIDE_1706716775303324.pcd
e432b158072c487383d968a7055362d4,717a5295dd944f6f9b9edef6562b48e9,38d4ba33fce94499be34f32d245113ed,RADAR,RADAR_RIGHT_SIDE,1706716775804882,True,samples,samples/RADAR_RIGHT_SIDE/RADAR_RIGHT_SIDE_1706716775804882.pcd
fa4c24d76abb49c89bb9935a2351f6ca,1b5208835de344f3b2e9a3d138c0f164,38d4ba33fce94499be34f32d245113ed,RADAR,RADAR_RIGHT_SIDE,1706716776302275,True,samples,samples/RADAR_RIGHT_SIDE/RADAR_RIGHT_SIDE_1706716776302275.pcd
8dab160c2b0a4249a046fa48e787803c,3452bee1bda54634bf9e197ca371bf97,38d4ba33fce94499be34f32d245113ed,RADAR,RADAR_RIGHT_SIDE,1706716776803155,True,samples,samples/RADAR_RIGHT_SIDE/RADAR_RIGHT_SIDE_1706716776803155.pcd
b0f68eaaf0484b2b8621b9c0dfbd98bb,ad06fdbd34fd4dd4b0f0ef8f8bd7ac68,38d4ba33fce94499be34f32d245113ed,RADAR,RADAR_RIGHT_SIDE,1706716777304761,True,samples,samples/RADAR_RIGHT_SIDE/RADAR_RIGHT_SIDE_1706716777304761.pcd
6ea78f3370e5493d851b7447876ec6c5,30f771e62a3a44f4975189ece9b83c26,38d4ba33fce94499be34f32d245113ed,RADAR,RADAR_RIGHT_SIDE,1706716777801757,True,samples,samples/RADAR_RIGHT_SIDE/RADAR_RIGHT_SIDE_1706716777801757.pcd
e77e8cd048bb47fa85160c9e493b363a,5319f3d4f415475a82018472f7055951,38d4ba33fce94499be34f32d245113ed,RADAR,RADAR_RIGHT_SIDE,1706716778303511,True,samples,samples/RADAR_RIGHT_SIDE/RADAR_RIGHT_SIDE_1706716778303511.pcd
4d5eb60d68d74ff6ad1bb853f200e69f,de5890acd09f4e34801b92e9e73369db,38d4ba33fce94499be34f32d245113ed,RADAR,RADAR_RIGHT_SIDE,1706716778804343,True,samples,samples/RADAR_RIGHT_SIDE/RADAR_RIGHT_SIDE_1706716778804343.pcd
4796ee357cce45e48bcb4d2f4e71fac3,fc1d4a5b3ab94addad4ee0e5ae6cc62f,38d4ba33fce94499be34f32d245113ed,RADAR,RADAR_RIGHT_SIDE,1706716779302415,True,samples,samples/RADAR_RIGHT_SIDE/RADAR_RIGHT_SIDE_1706716779302415.pcd
90bff73ef2154437ab285c6e16d1e4b5,0531b8003c4941c481d29ed1caa924f7,38d4ba33fce94499be34f32d245113ed,RADAR,RADAR_RIGHT_SIDE,1706716779803022,True,samples,samples/RADAR_RIGHT_SIDE/RADAR_RIGHT_SIDE_1706716779803022.pcd
10c60292be6c481195e6d171c05ee105,69ed8f84bcd94a91b68a82957b623904,38d4ba33fce94499be34f32d245113ed,RADAR,RADAR_RIGHT_SIDE,1706716780305593,True,samples,samples/RADAR_RIGHT_SIDE/RADAR_RIGHT_SIDE_1706716780305593.pcd
eaebd3ee3dc44abbaa17c718e63723db,fc33e12c049840889efde7b2218b5c51,38d4ba33fce94499be34f32d245113ed,RADAR,RADAR_RIGHT_SIDE,1706716780801955,True,samples,samples/RADAR_RIGHT_SIDE/RADAR_RIGHT_SIDE_1706716780801955.pcd
a82f974306ac4318b245a9ab80b99391,be75e2cea76844e0ac64bdf7ab68721b,38d4ba33fce94499be34f32d245113ed,RADAR,RADAR_RIGHT_SIDE,1706716781303907,True,samples,samples/RADAR_RIGHT_SIDE/RADAR_RIGHT_SIDE_1706716781303907.pcd
65cec8f500fe4076a071bca1533331f3,4e85946701964f37bb8990ffa14b1c4e,38d4ba33fce94499be34f32d245113ed,RADAR,RADAR_RIGHT_SIDE,1706716781805481,True,samples,samples/RADAR_RIGHT_SIDE/RADAR_RIGHT_SIDE_1706716781805481.pcd
d41363c3436046f6bcb17082ca8a3560,1de6a44eff4749f494dd0b6cb5c48e84,38d4ba33fce94499be34f32d245113ed,RADAR,RADAR_RIGHT_SIDE,1706716782302538,True,samples,samples/RADAR_RIGHT_SIDE/RADAR_RIGHT_SIDE_1706716782302538.pcd
3148e8db097f4033982dbe2b180c7c71,9c55592e36884436880465b77c75a2de,38d4ba33fce94499be34f32d245113ed,RADAR,RADAR_RIGHT_SIDE,1706716782803789,True,samples,samples/RADAR_RIGHT_SIDE/RADAR_RIGHT_SIDE_1706716782803789.pcd
aac5eb84f36641b6bb970e557bd1a510,77f8596f82c948efa5231a656b64a313,38d4ba33fce94499be34f32d245113ed,RADAR,RADAR_RIGHT_SIDE,1706716783305289,True,samples,samples/RADAR_RIGHT_SIDE/RADAR_RIGHT_SIDE_1706716783305289.pcd
72d70190c61141d8b886aee14389330a,9eefc874f88a490cba62967ad2ea68be,38d4ba33fce94499be34f32d245113ed,RADAR,RADAR_RIGHT_SIDE,1706716783801706,True,samples,samples/RADAR_RIGHT_SIDE/RADAR_RIGHT_SIDE_1706716783801706.pcd
75d61295b4eb44c9bc756f8ef3d596fd,4403795d081d4150ab7174f19e8a2f0b,38d4ba33fce94499be34f32d245113ed,RADAR,RADAR_RIGHT_SIDE,1706716784303777,True,samples,samples/RADAR_RIGHT_SIDE/RADAR_RIGHT_SIDE_1706716784303777.pcd
7319c8c5538e4946b9b3b520c9ff7db7,856048bc4191462888a39dde92751b25,38d4ba33fce94499be34f32d245113ed,RADAR,RADAR_RIGHT_SIDE,1706716784805244,True,samples,samples/RADAR_RIGHT_SIDE/RADAR_RIGHT_SIDE_1706716784805244.pcd
f7d19ce98bee47a9af439ea06510b22d,d9d945f2ecff47eaa09f9c2dd283a89d,38d4ba33fce94499be34f32d245113ed,RADAR,RADAR_RIGHT_SIDE,1706716785302126,True,samples,samples/RADAR_RIGHT_SIDE/RADAR_RIGHT_SIDE_1706716785302126.pcd
0a4fbc23181843f0ae9ccaa7df23ad67,107022cffcc148f299350a9344f26f84,38d4ba33fce94499be34f32d245113ed,RADAR,RADAR_RIGHT_SIDE,1706716785803315,True,samples,samples/RADAR_RIGHT_SIDE/RADAR_RIGHT_SIDE_1706716785803315.pcd
c93f8f72832244cb81f2fb8f8a776856,200accc64ca644669f74bdc5749a52c2,38d4ba33fce94499be34f32d245113ed,RADAR,RADAR_RIGHT_SIDE,1706716786304927,True,samples,samples/RADAR_RIGHT_SIDE/RADAR_RIGHT_SIDE_1706716786304927.pcd
f52b412742e34288aca57bf0b8a076cd,5dd62b98623c4212947265c15294f822,38d4ba33fce94499be34f32d245113ed,RADAR,RADAR_RIGHT_SIDE,1706716786802116,True,samples,samples/RADAR_RIGHT_SIDE/RADAR_RIGHT_SIDE_1706716786802116.pcd
a46f5d12fac74bb8b0f1f524f2a06bfc,67ea7a1a866d4942b2f389567d11272f,38d4ba33fce94499be34f32d245113ed,RADAR,RADAR_RIGHT_SIDE,1706716787303079,True,samples,samples/RADAR_RIGHT_SIDE/RADAR_RIGHT_SIDE_1706716787303079.pcd
9fa19e873215425ba6f51de71478b31f,34031c02dc804642aa6520be28ce39c0,38d4ba33fce94499be34f32d245113ed,RADAR,RADAR_RIGHT_SIDE,1706716787804677,True,samples,samples/RADAR_RIGHT_SIDE/RADAR_RIGHT_SIDE_1706716787804677.pcd
2812d744a3c34ed5ad2863f0367931a6,ca174280df424acfacaab13a606faf99,38d4ba33fce94499be34f32d245113ed,RADAR,RADAR_RIGHT_SIDE,1706716788301750,True,samples,samples/RADAR_RIGHT_SIDE/RADAR_RIGHT_SIDE_1706716788301750.pcd
c304efd7b2114aaeb83051d806f541e8,d90d09439b8049c2967999fc4a8fd2a4,38d4ba33fce94499be34f32d245113ed,RADAR,RADAR_RIGHT_SIDE,1706716788803502,True,samples,samples/RADAR_RIGHT_SIDE/RADAR_RIGHT_SIDE_1706716788803502.pcd
86b44788afe4418e872ffc0c961ac070,f7ad54940a674f25be6c22317b0e3815,38d4ba33fce94499be34f32d245113ed,RADAR,RADAR_RIGHT_SIDE,1706716789304355,True,samples,samples/RADAR_RIGHT_SIDE/RADAR_RIGHT_SIDE_1706716789304355.pcd
2932bfe91df648a4b37e5a500000b2ea,ecfeab9c4ce14cc0a2f94a111172f157,38d4ba33fce94499be34f32d245113ed,RADAR,RADAR_RIGHT_SIDE,1706716789802293,True,samples,samples/RADAR_RIGHT_SIDE/RADAR_RIGHT_SIDE_1706716789802293.pcd
5ad13890786e478e80795955e25eff5b,4ada9cbed75249478210480ecae22937,38d4ba33fce94499be34f32d245113ed,RADAR,RADAR_RIGHT_SIDE,1706716790302974,True,samples,samples/RADAR_RIGHT_SIDE/RADAR_RIGHT_SIDE_1706716790302974.pcd
e7ec2d3330834c4e8ef326b48a3048f4,d9a0ffc7dc7a4932af41044c29c0c558,38d4ba33fce94499be34f32d245113ed,RADAR,RADAR_RIGHT_SIDE,1706716790805651,True,samples,samples/RADAR_RIGHT_SIDE/RADAR_RIGHT_SIDE_1706716790805651.pcd
4f80b4eee5cf4422b620b7e43b93e97d,2bb86f1a816c41d6ac274402246a24fc,38d4ba33fce94499be34f32d245113ed,RADAR,RADAR_RIGHT_SIDE,1706716791301887,True,samples,samples/RADAR_RIGHT_SIDE/RADAR_RIGHT_SIDE_1706716791301887.pcd
28b7688dd3bb4514a47a057c514d9248,d1a194be3c4d4ab3946f088897e0f578,38d4ba33fce94499be34f32d245113ed,RADAR,RADAR_RIGHT_SIDE,1706716791803909,True,samples,samples/RADAR_RIGHT_SIDE/RADAR_RIGHT_SIDE_1706716791803909.pcd
c56297e541db46fabb9c6d636a185562,dfb9c2cee4824b6ea827e2cfac0dda0c,38d4ba33fce94499be34f32d245113ed,RADAR,RADAR_RIGHT_SIDE,1706716792305488,True,samples,samples/RADAR_RIGHT_SIDE/RADAR_RIGHT_SIDE_1706716792305488.pcd
d5d66e4aa7d7456481454eec3d9536bc,d6749e370cac44b5af7a04924435ff6b,38d4ba33fce94499be34f32d245113ed,RADAR,RADAR_RIGHT_SIDE,1706716792802523,True,samples,samples/RADAR_RIGHT_SIDE/RADAR_RIGHT_SIDE_1706716792802523.pcd
f251c3ad891a4cecb7a3ea9299d855cc,08a1174ca5f54446bf5e560929f47307,38d4ba33fce94499be34f32d245113ed,RADAR,RADAR_RIGHT_SIDE,1706716793303749,True,samples,samples/RADAR_RIGHT_SIDE/RADAR_RIGHT_SIDE_1706716793303749.pcd
0bc683b50fce432abf6e506af38e8d43,bab11f9d759141a1a62ff8bedf2f5815,38d4ba33fce94499be34f32d245113ed,RADAR,RADAR_RIGHT_SIDE,1706716793805226,True,samples,samples/RADAR_RIGHT_SIDE/RADAR_RIGHT_SIDE_1706716793805226.pcd
796a21e535eb48fab76c0da43af1df8b,6b21f9f8d72a436f9c8fc5dc60657af6,38d4ba33fce94499be34f32d245113ed,RADAR,RADAR_RIGHT_SIDE,1706716794301624,True,samples,samples/RADAR_RIGHT_SIDE/RADAR_RIGHT_SIDE_1706716794301624.pcd
6dc20675cba5454a90c2d90bca1f8696,fa2acde00fe3439786ccd631c78fd641,38d4ba33fce94499be34f32d245113ed,RADAR,RADAR_RIGHT_FRONT,1706716774803652,True,samples,samples/RADAR_RIGHT_FRONT/RADAR_RIGHT_FRONT_1706716774803652.pcd
2856681904a94eb9a703aff0d4136ab9,6576cf45096c4d6f8a4f4d976e0e83b9,38d4ba33fce94499be34f32d245113ed,RADAR,RADAR_RIGHT_FRONT,1706716775305313,True,samples,samples/RADAR_RIGHT_FRONT/RADAR_RIGHT_FRONT_1706716775305313.pcd
04c8c074af7c4dd083d095208d92f0fe,717a5295dd944f6f9b9edef6562b48e9,38d4ba33fce94499be34f32d245113ed,RADAR,RADAR_RIGHT_FRONT,1706716775754930,True,samples,samples/RADAR_RIGHT_FRONT/RADAR_RIGHT_FRONT_1706716775754930.pcd
a9a4420d497d474496e809603523215a,1b5208835de344f3b2e9a3d138c0f164,38d4ba33fce94499be34f32d245113ed,RADAR,RADAR_RIGHT_FRONT,1706716776303706,True,samples,samples/RADAR_RIGHT_FRONT/RADAR_RIGHT_FRONT_1706716776303706.pcd
ae0f3c3dc75a4c2aa281c17de0eec642,3452bee1bda54634bf9e197ca371bf97,38d4ba33fce94499be34f32d245113ed,RADAR,RADAR_RIGHT_FRONT,1706716776804867,True,samples,samples/RADAR_RIGHT_FRONT/RADAR_RIGHT_FRONT_1706716776804867.pcd
2c393672750440129269a91840460580,ad06fdbd34fd4dd4b0f0ef8f8bd7ac68,38d4ba33fce94499be34f32d245113ed,RADAR,RADAR_RIGHT_FRONT,1706716777302074,True,samples,samples/RADAR_RIGHT_FRONT/RADAR_RIGHT_FRONT_1706716777302074.pcd
18a487a5f8a14bf383acca03a9070aa6,30f771e62a3a44f4975189ece9b83c26,38d4ba33fce94499be34f32d245113ed,RADAR,RADAR_RIGHT_FRONT,1706716777803037,True,samples,samples/RADAR_RIGHT_FRONT/RADAR_RIGHT_FRONT_1706716777803037.pcd
f8931339f3fe429ea646f3ee479c5512,5319f3d4f415475a82018472f7055951,38d4ba33fce94499be34f32d245113ed,RADAR,RADAR_RIGHT_FRONT,1706716778304682,True,samples,samples/RADAR_RIGHT_FRONT/RADAR_RIGHT_FRONT_1706716778304682.pcd
65679f84552745e5beb0dbd222cfcfe3,de5890acd09f4e34801b92e9e73369db,38d4ba33fce94499be34f32d245113ed,RADAR,RADAR_RIGHT_FRONT,1706716778801721,True,samples,samples/RADAR_RIGHT_FRONT/RADAR_RIGHT_FRONT_1706716778801721.pcd
c3c2b7fc7dde43b999293b6404e1788a,fc1d4a5b3ab94addad4ee0e5ae6cc62f,38d4ba33fce94499be34f32d245113ed,RADAR,RADAR_RIGHT_FRONT,1706716779303546,True,samples,samples/RADAR_RIGHT_FRONT/RADAR_RIGHT_FRONT_1706716779303546.pcd
cd2ce35b1fe748f183a60d9aadf31888,0531b8003c4941c481d29ed1caa924f7,38d4ba33fce94499be34f32d245113ed,RADAR,RADAR_RIGHT_FRONT,1706716779804343,True,samples,samples/RADAR_RIGHT_FRONT/RADAR_RIGHT_FRONT_1706716779804343.pcd
4c32b6b2320b4f7498303f117860c805,69ed8f84bcd94a91b68a82957b623904,38d4ba33fce94499be34f32d245113ed,RADAR,RADAR_RIGHT_FRONT,1706716780302335,True,samples,samples/RADAR_RIGHT_FRONT/RADAR_RIGHT_FRONT_1706716780302335.pcd
ce92a980e34c4075ad6c930a92141c48,fc33e12c049840889efde7b2218b5c51,38d4ba33fce94499be34f32d245113ed,RADAR,RADAR_RIGHT_FRONT,1706716780802835,True,samples,samples/RADAR_RIGHT_FRONT/RADAR_RIGHT_FRONT_1706716780802835.pcd
048d10ec0781460fb60688c8a57f9b62,be75e2cea76844e0ac64bdf7ab68721b,38d4ba33fce94499be34f32d245113ed,RADAR,RADAR_RIGHT_FRONT,1706716781305508,True,samples,samples/RADAR_RIGHT_FRONT/RADAR_RIGHT_FRONT_1706716781305508.pcd
0f3d454e3a13468bb5bb98bf2bca4416,4e85946701964f37bb8990ffa14b1c4e,38d4ba33fce94499be34f32d245113ed,RADAR,RADAR_RIGHT_FRONT,1706716781801930,True,samples,samples/RADAR_RIGHT_FRONT/RADAR_RIGHT_FRONT_1706716781801930.pcd
2cbc8e727637488ba22eec983c33d622,1de6a44eff4749f494dd0b6cb5c48e84,38d4ba33fce94499be34f32d245113ed,RADAR,RADAR_RIGHT_FRONT,1706716782303935,True,samples,samples/RADAR_RIGHT_FRONT/RADAR_RIGHT_FRONT_1706716782303935.pcd
69a9ee84f96d43b88bbd43a9aeb1da96,9c55592e36884436880465b77c75a2de,38d4ba33fce94499be34f32d245113ed,RADAR,RADAR_RIGHT_FRONT,1706716782805423,True,samples,samples/RADAR_RIGHT_FRONT/RADAR_RIGHT_FRONT_1706716782805423.pcd
ebcc682f9ec941cea1ac36aded8b51bf,77f8596f82c948efa5231a656b64a313,38d4ba33fce94499be34f32d245113ed,RADAR,RADAR_RIGHT_FRONT,1706716783302510,True,samples,samples/RADAR_RIGHT_FRONT/RADAR_RIGHT_FRONT_1706716783302510.pcd
8f46d397ed104ab095dee97ae61ca19b,9eefc874f88a490cba62967ad2ea68be,38d4ba33fce94499be34f32d245113ed,RADAR,RADAR_RIGHT_FRONT,1706716783803866,True,samples,samples/RADAR_RIGHT_FRONT/RADAR_RIGHT_FRONT_1706716783803866.pcd
09fc83f7ebbc424da3fe8e005b11ca13,4403795d081d4150ab7174f19e8a2f0b,38d4ba33fce94499be34f32d245113ed,RADAR,RADAR_RIGHT_FRONT,1706716784305253,True,samples,samples/RADAR_RIGHT_FRONT/RADAR_RIGHT_FRONT_1706716784305253.pcd
fa0458eef5b84a31b3193e5de5f3ad69,856048bc4191462888a39dde92751b25,38d4ba33fce94499be34f32d245113ed,RADAR,RADAR_RIGHT_FRONT,1706716784801544,True,samples,samples/RADAR_RIGHT_FRONT/RADAR_RIGHT_FRONT_1706716784801544.pcd
b8b58fe8031b4e838c3d9906aa3369b9,d9d945f2ecff47eaa09f9c2dd283a89d,38d4ba33fce94499be34f32d245113ed,RADAR,RADAR_RIGHT_FRONT,1706716785303645,True,samples,samples/RADAR_RIGHT_FRONT/RADAR_RIGHT_FRONT_1706716785303645.pcd
6aa67ba8fdd44113bd9166e8e02cab71,107022cffcc148f299350a9344f26f84,38d4ba33fce94499be34f32d245113ed,RADAR,RADAR_RIGHT_FRONT,1706716785805112,True,samples,samples/RADAR_RIGHT_FRONT/RADAR_RIGHT_FRONT_1706716785805112.pcd
0af6aae2f6c744cab12364b8a01d9459,200accc64ca644669f74bdc5749a52c2,38d4ba33fce94499be34f32d245113ed,RADAR,RADAR_RIGHT_FRONT,1706716786302051,True,samples,samples/RADAR_RIGHT_FRONT/RADAR_RIGHT_FRONT_1706716786302051.pcd
ecf410477822463e83d03477b9548dd9,5dd62b98623c4212947265c15294f822,38d4ba33fce94499be34f32d245113ed,RADAR,RADAR_RIGHT_FRONT,1706716786803309,True,samples,samples/RADAR_RIGHT_FRONT/RADAR_RIGHT_FRONT_1706716786803309.pcd
1f4e2733a4da4170ae7f079f9bf27b67,67ea7a1a866d4942b2f389567d11272f,38d4ba33fce94499be34f32d245113ed,RADAR,RADAR_RIGHT_FRONT,1706716787304842,True,samples,samples/RADAR_RIGHT_FRONT/RADAR_RIGHT_FRONT_1706716787304842.pcd
7f2672decb21418abfc366311caec2f9,34031c02dc804642aa6520be28ce39c0,38d4ba33fce94499be34f32d245113ed,RADAR,RADAR_RIGHT_FRONT,1706716787802128,True,samples,samples/RADAR_RIGHT_FRONT/RADAR_RIGHT_FRONT_1706716787802128.pcd
a6f0350ed2c24df294fcdee1e56ca38c,ca174280df424acfacaab13a606faf99,38d4ba33fce94499be34f32d245113ed,RADAR,RADAR_RIGHT_FRONT,1706716788303073,True,samples,samples/RADAR_RIGHT_FRONT/RADAR_RIGHT_FRONT_1706716788303073.pcd
e999dd54e6314d678385097c63e83cdb,d90d09439b8049c2967999fc4a8fd2a4,38d4ba33fce94499be34f32d245113ed,RADAR,RADAR_RIGHT_FRONT,1706716788804651,True,samples,samples/RADAR_RIGHT_FRONT/RADAR_RIGHT_FRONT_1706716788804651.pcd
a6ec179237904971b457b2fbb3d23370,f7ad54940a674f25be6c22317b0e3815,38d4ba33fce94499be34f32d245113ed,RADAR,RADAR_RIGHT_FRONT,1706716789301789,True,samples,samples/RADAR_RIGHT_FRONT/RADAR_RIGHT_FRONT_1706716789301789.pcd
d1610b90ca9e4ae2b90795f47dc4c393,ecfeab9c4ce14cc0a2f94a111172f157,38d4ba33fce94499be34f32d245113ed,RADAR,RADAR_RIGHT_FRONT,1706716789803446,True,samples,samples/RADAR_RIGHT_FRONT/RADAR_RIGHT_FRONT_1706716789803446.pcd
c00c1e7b032142369beaaace4724d98b,4ada9cbed75249478210480ecae22937,38d4ba33fce94499be34f32d245113ed,RADAR,RADAR_RIGHT_FRONT,1706716790304341,True,samples,samples/RADAR_RIGHT_FRONT/RADAR_RIGHT_FRONT_1706716790304341.pcd
6e6029aa72f047858ce735ab09dbecdb,d9a0ffc7dc7a4932af41044c29c0c558,38d4ba33fce94499be34f32d245113ed,RADAR,RADAR_RIGHT_FRONT,1706716790802304,True,samples,samples/RADAR_RIGHT_FRONT/RADAR_RIGHT_FRONT_1706716790802304.pcd
57c0e4bed5c44ebab1f82305dd73b87f,2bb86f1a816c41d6ac274402246a24fc,38d4ba33fce94499be34f32d245113ed,RADAR,RADAR_RIGHT_FRONT,1706716791302989,True,samples,samples/RADAR_RIGHT_FRONT/RADAR_RIGHT_FRONT_1706716791302989.pcd
528f2d55ae7a481b89686e0431d21cfa,d1a194be3c4d4ab3946f088897e0f578,38d4ba33fce94499be34f32d245113ed,RADAR,RADAR_RIGHT_FRONT,1706716791805553,True,samples,samples/RADAR_RIGHT_FRONT/RADAR_RIGHT_FRONT_1706716791805553.pcd
3579cbbd16e444e6b864a63cb8309a5d,dfb9c2cee4824b6ea827e2cfac0dda0c,38d4ba33fce94499be34f32d245113ed,RADAR,RADAR_RIGHT_FRONT,1706716792301907,True,samples,samples/RADAR_RIGHT_FRONT/RADAR_RIGHT_FRONT_1706716792301907.pcd
4073d567d2c246329364f6c16ae9e5eb,d6749e370cac44b5af7a04924435ff6b,38d4ba33fce94499be34f32d245113ed,RADAR,RADAR_RIGHT_FRONT,1706716792803879,True,samples,samples/RADAR_RIGHT_FRONT/RADAR_RIGHT_FRONT_1706716792803879.pcd
aeb41b3ab7814f0590099419f021b621,08a1174ca5f54446bf5e560929f47307,38d4ba33fce94499be34f32d245113ed,RADAR,RADAR_RIGHT_FRONT,1706716793305420,True,samples,samples/RADAR_RIGHT_FRONT/RADAR_RIGHT_FRONT_1706716793305420.pcd
5de214ae763649519928a3b8e18b2327,bab11f9d759141a1a62ff8bedf2f5815,38d4ba33fce94499be34f32d245113ed,RADAR,RADAR_RIGHT_FRONT,1706716793802676,True,samples,samples/RADAR_RIGHT_FRONT/RADAR_RIGHT_FRONT_1706716793802676.pcd
d3e5c7d6de274c1bbc7cf1aec894152f,6b21f9f8d72a436f9c8fc5dc60657af6,38d4ba33fce94499be34f32d245113ed,RADAR,RADAR_RIGHT_FRONT,1706716794303875,True,samples,samples/RADAR_RIGHT_FRONT/RADAR_RIGHT_FRONT_1706716794303875.pcd
b9bb4e5ba7b3474ca344c2a04bcbbc3c,fa2acde00fe3439786ccd631c78fd641,38d4ba33fce94499be34f32d245113ed,RADAR,RADAR_LEFT_FRONT,1706716774802428,True,samples,samples/RADAR_LEFT_FRONT/RADAR_LEFT_FRONT_1706716774802428.pcd
e3afc513bd2d49cf80ee98237b53da3d,6576cf45096c4d6f8a4f4d976e0e83b9,38d4ba33fce94499be34f32d245113ed,RADAR,RADAR_LEFT_FRONT,1706716775303816,True,samples,samples/RADAR_LEFT_FRONT/RADAR_LEFT_FRONT_1706716775303816.pcd
842e8873d7364744b04c1f672a1d8684,717a5295dd944f6f9b9edef6562b48e9,38d4ba33fce94499be34f32d245113ed,RADAR,RADAR_LEFT_FRONT,1706716775753679,True,samples,samples/RADAR_LEFT_FRONT/RADAR_LEFT_FRONT_1706716775753679.pcd
e2c87c475d6a4c9886ed3261cd572459,1b5208835de344f3b2e9a3d138c0f164,38d4ba33fce94499be34f32d245113ed,RADAR,RADAR_LEFT_FRONT,1706716776301580,True,samples,samples/RADAR_LEFT_FRONT/RADAR_LEFT_FRONT_1706716776301580.pcd
31760aa55be647918a5a3286d8d345f0,3452bee1bda54634bf9e197ca371bf97,38d4ba33fce94499be34f32d245113ed,RADAR,RADAR_LEFT_FRONT,1706716776803635,True,samples,samples/RADAR_LEFT_FRONT/RADAR_LEFT_FRONT_1706716776803635.pcd
7b0080fcde3544c2aac93f7251adcd09,ad06fdbd34fd4dd4b0f0ef8f8bd7ac68,38d4ba33fce94499be34f32d245113ed,RADAR,RADAR_LEFT_FRONT,1706716777305031,True,samples,samples/RADAR_LEFT_FRONT/RADAR_LEFT_FRONT_1706716777305031.pcd
6877deff2b9f4b398ca08e8f4a9e0eae,30f771e62a3a44f4975189ece9b83c26,38d4ba33fce94499be34f32d245113ed,RADAR,RADAR_LEFT_FRONT,1706716777801929,True,samples,samples/RADAR_LEFT_FRONT/RADAR_LEFT_FRONT_1706716777801929.pcd
cdfdaf4d04c14ad0afe23b8716e79dbd,5319f3d4f415475a82018472f7055951,38d4ba33fce94499be34f32d245113ed,RADAR,RADAR_LEFT_FRONT,1706716778303131,True,samples,samples/RADAR_LEFT_FRONT/RADAR_LEFT_FRONT_1706716778303131.pcd
d4b57dbf0cbf423bb90c680fe60e85b7,de5890acd09f4e34801b92e9e73369db,38d4ba33fce94499be34f32d245113ed,RADAR,RADAR_LEFT_FRONT,1706716778804829,True,samples,samples/RADAR_LEFT_FRONT/RADAR_LEFT_FRONT_1706716778804829.pcd
d87654aef8fd4e57b9487fcabeb5a289,fc1d4a5b3ab94addad4ee0e5ae6cc62f,38d4ba33fce94499be34f32d245113ed,RADAR,RADAR_LEFT_FRONT,1706716779302065,True,samples,samples/RADAR_LEFT_FRONT/RADAR_LEFT_FRONT_1706716779302065.pcd
dba045b8e1984c8fb187eda16061cd62,0531b8003c4941c481d29ed1caa924f7,38d4ba33fce94499be34f32d245113ed,RADAR,RADAR_LEFT_FRONT,1706716779802951,True,samples,samples/RADAR_LEFT_FRONT/RADAR_LEFT_FRONT_1706716779802951.pcd
61ba395040184e76acdeaddce04839cb,69ed8f84bcd94a91b68a82957b623904,38d4ba33fce94499be34f32d245113ed,RADAR,RADAR_LEFT_FRONT,1706716780304593,True,samples,samples/RADAR_LEFT_FRONT/RADAR_LEFT_FRONT_1706716780304593.pcd
54851321ca2e4cd3a61752292d2d1965,fc33e12c049840889efde7b2218b5c51,38d4ba33fce94499be34f32d245113ed,RADAR,RADAR_LEFT_FRONT,1706716780801666,True,samples,samples/RADAR_LEFT_FRONT/RADAR_LEFT_FRONT_1706716780801666.pcd
a2536edaa4c3404ca12ea423a69d4a54,be75e2cea76844e0ac64bdf7ab68721b,38d4ba33fce94499be34f32d245113ed,RADAR,RADAR_LEFT_FRONT,1706716781303264,True,samples,samples/RADAR_LEFT_FRONT/RADAR_LEFT_FRONT_1706716781303264.pcd
87ebc048e8c14630b934c081d4ae34b8,4e85946701964f37bb8990ffa14b1c4e,38d4ba33fce94499be34f32d245113ed,RADAR,RADAR_LEFT_FRONT,1706716781804125,True,samples,samples/RADAR_LEFT_FRONT/RADAR_LEFT_FRONT_1706716781804125.pcd
80096cdc9e6745d2a341d4308ee48632,1de6a44eff4749f494dd0b6cb5c48e84,38d4ba33fce94499be34f32d245113ed,RADAR,RADAR_LEFT_FRONT,1706716782255440,True,samples,samples/RADAR_LEFT_FRONT/RADAR_LEFT_FRONT_1706716782255440.pcd
ee4cc6d9deb04e1fb9544a8c27b5de7c,9c55592e36884436880465b77c75a2de,38d4ba33fce94499be34f32d245113ed,RADAR,RADAR_LEFT_FRONT,1706716782802896,True,samples,samples/RADAR_LEFT_FRONT/RADAR_LEFT_FRONT_1706716782802896.pcd
817bf89cef614f4da3c3944d7b9664ca,77f8596f82c948efa5231a656b64a313,38d4ba33fce94499be34f32d245113ed,RADAR,RADAR_LEFT_FRONT,1706716783305391,True,samples,samples/RADAR_LEFT_FRONT/RADAR_LEFT_FRONT_1706716783305391.pcd
c2a9784783ae4558b337da9a57638803,9eefc874f88a490cba62967ad2ea68be,38d4ba33fce94499be34f32d245113ed,RADAR,RADAR_LEFT_FRONT,1706716783801920,True,samples,samples/RADAR_LEFT_FRONT/RADAR_LEFT_FRONT_1706716783801920.pcd
4437a568b605434a9be6d8df99cc2811,4403795d081d4150ab7174f19e8a2f0b,38d4ba33fce94499be34f32d245113ed,RADAR,RADAR_LEFT_FRONT,1706716784303759,True,samples,samples/RADAR_LEFT_FRONT/RADAR_LEFT_FRONT_1706716784303759.pcd
b6a9ef87d23849cd904822c55456d786,856048bc4191462888a39dde92751b25,38d4ba33fce94499be34f32d245113ed,RADAR,RADAR_LEFT_FRONT,1706716784805316,True,samples,samples/RADAR_LEFT_FRONT/RADAR_LEFT_FRONT_1706716784805316.pcd
54bd75b58724488ab18abdb37f584778,d9d945f2ecff47eaa09f9c2dd283a89d,38d4ba33fce94499be34f32d245113ed,RADAR,RADAR_LEFT_FRONT,1706716785302343,True,samples,samples/RADAR_LEFT_FRONT/RADAR_LEFT_FRONT_1706716785302343.pcd
6aa4b586e3304c75b2fecea9c5889544,107022cffcc148f299350a9344f26f84,38d4ba33fce94499be34f32d245113ed,RADAR,RADAR_LEFT_FRONT,1706716785803906,True,samples,samples/RADAR_LEFT_FRONT/RADAR_LEFT_FRONT_1706716785803906.pcd
52c30da1c13d4fd3ad82ce837c7152fd,200accc64ca644669f74bdc5749a52c2,38d4ba33fce94499be34f32d245113ed,RADAR,RADAR_LEFT_FRONT,1706716786305376,True,samples,samples/RADAR_LEFT_FRONT/RADAR_LEFT_FRONT_1706716786305376.pcd
40c540dfc763461796f3c8574e161d6c,5dd62b98623c4212947265c15294f822,38d4ba33fce94499be34f32d245113ed,RADAR,RADAR_LEFT_FRONT,1706716786801773,True,samples,samples/RADAR_LEFT_FRONT/RADAR_LEFT_FRONT_1706716786801773.pcd
07488a1a64ec47fc86037eae1ae96046,67ea7a1a866d4942b2f389567d11272f,38d4ba33fce94499be34f32d245113ed,RADAR,RADAR_LEFT_FRONT,1706716787303731,True,samples,samples/RADAR_LEFT_FRONT/RADAR_LEFT_FRONT_1706716787303731.pcd
281bc71a891041109031b3e0d6fc54a2,34031c02dc804642aa6520be28ce39c0,38d4ba33fce94499be34f32d245113ed,RADAR,RADAR_LEFT_FRONT,1706716787805186,True,samples,samples/RADAR_LEFT_FRONT/RADAR_LEFT_FRONT_1706716787805186.pcd
d6ed3f71a4d24a30b0f9bb2b0befdea6,ca174280df424acfacaab13a606faf99,38d4ba33fce94499be34f32d245113ed,RADAR,RADAR_LEFT_FRONT,1706716788302214,True,samples,samples/RADAR_LEFT_FRONT/RADAR_LEFT_FRONT_1706716788302214.pcd
b61c6dc1749046158e6db577ba8d9108,d90d09439b8049c2967999fc4a8fd2a4,38d4ba33fce94499be34f32d245113ed,RADAR,RADAR_LEFT_FRONT,1706716788803490,True,samples,samples/RADAR_LEFT_FRONT/RADAR_LEFT_FRONT_1706716788803490.pcd
57e5a557e51644a7bf7dcf9eb7b8a66a,f7ad54940a674f25be6c22317b0e3815,38d4ba33fce94499be34f32d245113ed,RADAR,RADAR_LEFT_FRONT,1706716789304960,True,samples,samples/RADAR_LEFT_FRONT/RADAR_LEFT_FRONT_1706716789304960.pcd
b019dfb185b44774bf5787154519f79b,ecfeab9c4ce14cc0a2f94a111172f157,38d4ba33fce94499be34f32d245113ed,RADAR,RADAR_LEFT_FRONT,1706716789802228,True,samples,samples/RADAR_LEFT_FRONT/RADAR_LEFT_FRONT_1706716789802228.pcd
a3b8956db54f4bd5961759ffeab1ca79,4ada9cbed75249478210480ecae22937,38d4ba33fce94499be34f32d245113ed,RADAR,RADAR_LEFT_FRONT,1706716790303239,True,samples,samples/RADAR_LEFT_FRONT/RADAR_LEFT_FRONT_1706716790303239.pcd
2fd50825c0d5450fb60670c2e4814b67,d9a0ffc7dc7a4932af41044c29c0c558,38d4ba33fce94499be34f32d245113ed,RADAR,RADAR_LEFT_FRONT,1706716790804800,True,samples,samples/RADAR_LEFT_FRONT/RADAR_LEFT_FRONT_1706716790804800.pcd
429801f51a2a4ca5aca4ea1a1c43c888,2bb86f1a816c41d6ac274402246a24fc,38d4ba33fce94499be34f32d245113ed,RADAR,RADAR_LEFT_FRONT,1706716791301782,True,samples,samples/RADAR_LEFT_FRONT/RADAR_LEFT_FRONT_1706716791301782.pcd
e1ae2e3cccf249f886ca83c3e317271a,d1a194be3c4d4ab3946f088897e0f578,38d4ba33fce94499be34f32d245113ed,RADAR,RADAR_LEFT_FRONT,1706716791803626,True,samples,samples/RADAR_LEFT_FRONT/RADAR_LEFT_FRONT_1706716791803626.pcd
6fc0ad77261c43f785410d7c9e6bdf59,dfb9c2cee4824b6ea827e2cfac0dda0c,38d4ba33fce94499be34f32d245113ed,RADAR,RADAR_LEFT_FRONT,1706716792304424,True,samples,samples/RADAR_LEFT_FRONT/RADAR_LEFT_FRONT_1706716792304424.pcd
f0e711ca27e94cce8214016fe3bf9853,d6749e370cac44b5af7a04924435ff6b,38d4ba33fce94499be34f32d245113ed,RADAR,RADAR_LEFT_FRONT,1706716792802496,True,samples,samples/RADAR_LEFT_FRONT/RADAR_LEFT_FRONT_1706716792802496.pcd
e8bb48df9fb34a70a7e7498121a43a6a,08a1174ca5f54446bf5e560929f47307,38d4ba33fce94499be34f32d245113ed,RADAR,RADAR_LEFT_FRONT,1706716793303032,True,samples,samples/RADAR_LEFT_FRONT/RADAR_LEFT_FRONT_1706716793303032.pcd
5224040e7b964eef8fdcda304453ca91,bab11f9d759141a1a62ff8bedf2f5815,38d4ba33fce94499be34f32d245113ed,RADAR,RADAR_LEFT_FRONT,1706716793805696,True,samples,samples/RADAR_LEFT_FRONT/RADAR_LEFT_FRONT_1706716793805696.pcd
17b9a30cea354eec9300ec406fa59ed8,6b21f9f8d72a436f9c8fc5dc60657af6,38d4ba33fce94499be34f32d245113ed,RADAR,RADAR_LEFT_FRONT,1706716794302049,True,samples,samples/RADAR_LEFT_FRONT/RADAR_LEFT_FRONT_1706716794302049.pcd
87ee73ffb0e041e9be0483a64dc05dc7,fa2acde00fe3439786ccd631c78fd641,38d4ba33fce94499be34f32d245113ed,RADAR,RADAR_LEFT_SIDE,1706716774802480,True,samples,samples/RADAR_LEFT_SIDE/RADAR_LEFT_SIDE_1706716774802480.pcd
2719e722fb0148d2ad1caa5590c659b7,6576cf45096c4d6f8a4f4d976e0e83b9,38d4ba33fce94499be34f32d245113ed,RADAR,RADAR_LEFT_SIDE,1706716775303894,True,samples,samples/RADAR_LEFT_SIDE/RADAR_LEFT_SIDE_1706716775303894.pcd
1ba91ed4fb6a434e83d9f550069e7089,717a5295dd944f6f9b9edef6562b48e9,38d4ba33fce94499be34f32d245113ed,RADAR,RADAR_LEFT_SIDE,1706716775805301,True,samples,samples/RADAR_LEFT_SIDE/RADAR_LEFT_SIDE_1706716775805301.pcd
9220f7c3c9c44deab038cee1890eada9,1b5208835de344f3b2e9a3d138c0f164,38d4ba33fce94499be34f32d245113ed,RADAR,RADAR_LEFT_SIDE,1706716776301596,True,samples,samples/RADAR_LEFT_SIDE/RADAR_LEFT_SIDE_1706716776301596.pcd
2b722318701e4a3d8edfc71adbf0ff26,3452bee1bda54634bf9e197ca371bf97,38d4ba33fce94499be34f32d245113ed,RADAR,RADAR_LEFT_SIDE,1706716776803858,True,samples,samples/RADAR_LEFT_SIDE/RADAR_LEFT_SIDE_1706716776803858.pcd
7421c3f37cdd4ef2817b1c0d72fcc04d,ad06fdbd34fd4dd4b0f0ef8f8bd7ac68,38d4ba33fce94499be34f32d245113ed,RADAR,RADAR_LEFT_SIDE,1706716777305087,True,samples,samples/RADAR_LEFT_SIDE/RADAR_LEFT_SIDE_1706716777305087.pcd
da65b38f6ba54b11a236989b2b6e72bf,30f771e62a3a44f4975189ece9b83c26,38d4ba33fce94499be34f32d245113ed,RADAR,RADAR_LEFT_SIDE,1706716777801946,True,samples,samples/RADAR_LEFT_SIDE/RADAR_LEFT_SIDE_1706716777801946.pcd
b20f243b0417453692b06af182ba14a8,5319f3d4f415475a82018472f7055951,38d4ba33fce94499be34f32d245113ed,RADAR,RADAR_LEFT_SIDE,1706716778303308,True,samples,samples/RADAR_LEFT_SIDE/RADAR_LEFT_SIDE_1706716778303308.pcd
080483c832e04c3aa516d1db458a4f6d,de5890acd09f4e34801b92e9e73369db,38d4ba33fce94499be34f32d245113ed,RADAR,RADAR_LEFT_SIDE,1706716778804919,True,samples,samples/RADAR_LEFT_SIDE/RADAR_LEFT_SIDE_1706716778804919.pcd
355cbe41470241b18123d4e5facb6356,fc1d4a5b3ab94addad4ee0e5ae6cc62f,38d4ba33fce94499be34f32d245113ed,RADAR,RADAR_LEFT_SIDE,1706716779302135,True,samples,samples/RADAR_LEFT_SIDE/RADAR_LEFT_SIDE_1706716779302135.pcd
0b7fb0bfed4c440ba122e20005ed22f1,0531b8003c4941c481d29ed1caa924f7,38d4ba33fce94499be34f32d245113ed,RADAR,RADAR_LEFT_SIDE,1706716779803146,True,samples,samples/RADAR_LEFT_SIDE/RADAR_LEFT_SIDE_1706716779803146.pcd
befcf99480444c1297a424bff569a364,69ed8f84bcd94a91b68a82957b623904,38d4ba33fce94499be34f32d245113ed,RADAR,RADAR_LEFT_SIDE,1706716780304659,True,samples,samples/RADAR_LEFT_SIDE/RADAR_LEFT_SIDE_1706716780304659.pcd
60473f2d4619474784025fb30ec5ece5,fc33e12c049840889efde7b2218b5c51,38d4ba33fce94499be34f32d245113ed,RADAR,RADAR_LEFT_SIDE,1706716780801677,True,samples,samples/RADAR_LEFT_SIDE/RADAR_LEFT_SIDE_1706716780801677.pcd
b14f9ef177f24f5fa97a0b5bfbfd1260,be75e2cea76844e0ac64bdf7ab68721b,38d4ba33fce94499be34f32d245113ed,RADAR,RADAR_LEFT_SIDE,1706716781303409,True,samples,samples/RADAR_LEFT_SIDE/RADAR_LEFT_SIDE_1706716781303409.pcd
80777a3f13bc4506b7d4431c78caf29f,4e85946701964f37bb8990ffa14b1c4e,38d4ba33fce94499be34f32d245113ed,RADAR,RADAR_LEFT_SIDE,1706716781804227,True,samples,samples/RADAR_LEFT_SIDE/RADAR_LEFT_SIDE_1706716781804227.pcd
4848505cc4354f848d69cbf50c3af131,1de6a44eff4749f494dd0b6cb5c48e84,38d4ba33fce94499be34f32d245113ed,RADAR,RADAR_LEFT_SIDE,1706716782302322,True,samples,samples/RADAR_LEFT_SIDE/RADAR_LEFT_SIDE_1706716782302322.pcd
06a6ef4e88d54b07a2570d03819ef4fd,9c55592e36884436880465b77c75a2de,38d4ba33fce94499be34f32d245113ed,RADAR,RADAR_LEFT_SIDE,1706716782802926,True,samples,samples/RADAR_LEFT_SIDE/RADAR_LEFT_SIDE_1706716782802926.pcd
ffd22b427557418bbb4c4bd655a2eced,77f8596f82c948efa5231a656b64a313,38d4ba33fce94499be34f32d245113ed,RADAR,RADAR_LEFT_SIDE,1706716783305470,True,samples,samples/RADAR_LEFT_SIDE/RADAR_LEFT_SIDE_1706716783305470.pcd
96de1c891d0c4985beb8dd050c9104e9,9eefc874f88a490cba62967ad2ea68be,38d4ba33fce94499be34f32d245113ed,RADAR,RADAR_LEFT_SIDE,1706716783801910,True,samples,samples/RADAR_LEFT_SIDE/RADAR_LEFT_SIDE_1706716783801910.pcd
074b8bddf6b64636909d72b7f4bc4abc,4403795d081d4150ab7174f19e8a2f0b,38d4ba33fce94499be34f32d245113ed,RADAR,RADAR_LEFT_SIDE,1706716784303864,True,samples,samples/RADAR_LEFT_SIDE/RADAR_LEFT_SIDE_1706716784303864.pcd
67dc4a6704714aea981d9c81b97e3fa3,856048bc4191462888a39dde92751b25,38d4ba33fce94499be34f32d245113ed,RADAR,RADAR_LEFT_SIDE,1706716784805392,True,samples,samples/RADAR_LEFT_SIDE/RADAR_LEFT_SIDE_1706716784805392.pcd
fd32f510159349ce9915c01ff9230f78,d9d945f2ecff47eaa09f9c2dd283a89d,38d4ba33fce94499be34f32d245113ed,RADAR,RADAR_LEFT_SIDE,1706716785302434,True,samples,samples/RADAR_LEFT_SIDE/RADAR_LEFT_SIDE_1706716785302434.pcd
6a9e5a6a47e044159f3fe7be182bc20a,107022cffcc148f299350a9344f26f84,38d4ba33fce94499be34f32d245113ed,RADAR,RADAR_LEFT_SIDE,1706716785803758,True,samples,samples/RADAR_LEFT_SIDE/RADAR_LEFT_SIDE_1706716785803758.pcd
8abbc6939cb84f1cad658aa6002961b9,200accc64ca644669f74bdc5749a52c2,38d4ba33fce94499be34f32d245113ed,RADAR,RADAR_LEFT_SIDE,1706716786305195,True,samples,samples/RADAR_LEFT_SIDE/RADAR_LEFT_SIDE_1706716786305195.pcd
b9189953df124f29951ea77238f6608a,5dd62b98623c4212947265c15294f822,38d4ba33fce94499be34f32d245113ed,RADAR,RADAR_LEFT_SIDE,1706716786801579,True,samples,samples/RADAR_LEFT_SIDE/RADAR_LEFT_SIDE_1706716786801579.pcd
a30ecebd687645fc95f4a74a3f4bc27a,67ea7a1a866d4942b2f389567d11272f,38d4ba33fce94499be34f32d245113ed,RADAR,RADAR_LEFT_SIDE,1706716787303583,True,samples,samples/RADAR_LEFT_SIDE/RADAR_LEFT_SIDE_1706716787303583.pcd
026f289a1675492ea9e4dfc9ab8eb82f,34031c02dc804642aa6520be28ce39c0,38d4ba33fce94499be34f32d245113ed,RADAR,RADAR_LEFT_SIDE,1706716787805037,True,samples,samples/RADAR_LEFT_SIDE/RADAR_LEFT_SIDE_1706716787805037.pcd
3480659b0bd54a9d8ced9334012746ad,ca174280df424acfacaab13a606faf99,38d4ba33fce94499be34f32d245113ed,RADAR,RADAR_LEFT_SIDE,1706716788301989,True,samples,samples/RADAR_LEFT_SIDE/RADAR_LEFT_SIDE_1706716788301989.pcd
f55e06601a034af4938c516ad636ceba,d90d09439b8049c2967999fc4a8fd2a4,38d4ba33fce94499be34f32d245113ed,RADAR,RADAR_LEFT_SIDE,1706716788803311,True,samples,samples/RADAR_LEFT_SIDE/RADAR_LEFT_SIDE_1706716788803311.pcd
807f74fce10c468eafe15dcd4dc4bbc7,f7ad54940a674f25be6c22317b0e3815,38d4ba33fce94499be34f32d245113ed,RADAR,RADAR_LEFT_SIDE,1706716789304820,True,samples,samples/RADAR_LEFT_SIDE/RADAR_LEFT_SIDE_1706716789304820.pcd
034e967d5fb34aa6a7a82196d764c1d5,ecfeab9c4ce14cc0a2f94a111172f157,38d4ba33fce94499be34f32d245113ed,RADAR,RADAR_LEFT_SIDE,1706716789802026,True,samples,samples/RADAR_LEFT_SIDE/RADAR_LEFT_SIDE_1706716789802026.pcd
fa36a7d64b2842458e42cccbdcfe3670,4ada9cbed75249478210480ecae22937,38d4ba33fce94499be34f32d245113ed,RADAR,RADAR_LEFT_SIDE,1706716790303064,True,samples,samples/RADAR_LEFT_SIDE/RADAR_LEFT_SIDE_1706716790303064.pcd
1e0e76047cdf4140ab1e9a85e7e4139a,d9a0ffc7dc7a4932af41044c29c0c558,38d4ba33fce94499be34f32d245113ed,RADAR,RADAR_LEFT_SIDE,1706716790804686,True,samples,samples/RADAR_LEFT_SIDE/RADAR_LEFT_SIDE_1706716790804686.pcd
2757ee232d1b4172833a9c271e461f27,2bb86f1a816c41d6ac274402246a24fc,38d4ba33fce94499be34f32d245113ed,RADAR,RADAR_LEFT_SIDE,1706716791301649,True,samples,samples/RADAR_LEFT_SIDE/RADAR_LEFT_SIDE_1706716791301649.pcd
d80b3b1a6c554b28993f6181a260c78c,d1a194be3c4d4ab3946f088897e0f578,38d4ba33fce94499be34f32d245113ed,RADAR,RADAR_LEFT_SIDE,1706716791803409,True,samples,samples/RADAR_LEFT_SIDE/RADAR_LEFT_SIDE_1706716791803409.pcd
3d8b1050d6934752b42b7c95838eb22c,dfb9c2cee4824b6ea827e2cfac0dda0c,38d4ba33fce94499be34f32d245113ed,RADAR,RADAR_LEFT_SIDE,1706716792304262,True,samples,samples/RADAR_LEFT_SIDE/RADAR_LEFT_SIDE_1706716792304262.pcd
0510f59f9d4849fab1d5b0cfd16d636f,d6749e370cac44b5af7a04924435ff6b,38d4ba33fce94499be34f32d245113ed,RADAR,RADAR_LEFT_SIDE,1706716792802302,True,samples,samples/RADAR_LEFT_SIDE/RADAR_LEFT_SIDE_1706716792802302.pcd
3a0731f2bab341e1bb8d6b7bef564738,08a1174ca5f54446bf5e560929f47307,38d4ba33fce94499be34f32d245113ed,RADAR,RADAR_LEFT_SIDE,1706716793302827,True,samples,samples/RADAR_LEFT_SIDE/RADAR_LEFT_SIDE_1706716793302827.pcd
f9b0b119ce30443397e5223fdb4958e9,bab11f9d759141a1a62ff8bedf2f5815,38d4ba33fce94499be34f32d245113ed,RADAR,RADAR_LEFT_SIDE,1706716793805473,True,samples,samples/RADAR_LEFT_SIDE/RADAR_LEFT_SIDE_1706716793805473.pcd
99ab9c3e2b9841c8b78b1a7c54e686b4,6b21f9f8d72a436f9c8fc5dc60657af6,38d4ba33fce94499be34f32d245113ed,RADAR,RADAR_LEFT_SIDE,1706716794301808,True,samples,samples/RADAR_LEFT_SIDE/RADAR_LEFT_SIDE_1706716794301808.pcd
e3bc58a1f1b843e2bf765fe846f3d02f,fa2acde00fe3439786ccd631c78fd641,38d4ba33fce94499be34f32d245113ed,RADAR,RADAR_LEFT_BACK,1706716774802116,True,samples,samples/RADAR_LEFT_BACK/RADAR_LEFT_BACK_1706716774802116.pcd
a915c0335c0d454296ac1e293fec80ab,6576cf45096c4d6f8a4f4d976e0e83b9,38d4ba33fce94499be34f32d245113ed,RADAR,RADAR_LEFT_BACK,1706716775303353,True,samples,samples/RADAR_LEFT_BACK/RADAR_LEFT_BACK_1706716775303353.pcd
78abc9bee81e42f09e362c2d7dfb40a9,717a5295dd944f6f9b9edef6562b48e9,38d4ba33fce94499be34f32d245113ed,RADAR,RADAR_LEFT_BACK,1706716775804907,True,samples,samples/RADAR_LEFT_BACK/RADAR_LEFT_BACK_1706716775804907.pcd
4aea476f50654e399f8e216953a11b2e,1b5208835de344f3b2e9a3d138c0f164,38d4ba33fce94499be34f32d245113ed,RADAR,RADAR_LEFT_BACK,1706716776302246,True,samples,samples/RADAR_LEFT_BACK/RADAR_LEFT_BACK_1706716776302246.pcd
7b9cc4e9f3f24ab8946fd60f45d117ff,3452bee1bda54634bf9e197ca371bf97,38d4ba33fce94499be34f32d245113ed,RADAR,RADAR_LEFT_BACK,1706716776803207,True,samples,samples/RADAR_LEFT_BACK/RADAR_LEFT_BACK_1706716776803207.pcd
6e31b40395b2462eae7652de2bdedf89,ad06fdbd34fd4dd4b0f0ef8f8bd7ac68,38d4ba33fce94499be34f32d245113ed,RADAR,RADAR_LEFT_BACK,1706716777304779,True,samples,samples/RADAR_LEFT_BACK/RADAR_LEFT_BACK_1706716777304779.pcd
3eca6243bd6542a6af0d666ada8a05e4,30f771e62a3a44f4975189ece9b83c26,38d4ba33fce94499be34f32d245113ed,RADAR,RADAR_LEFT_BACK,1706716777801764,True,samples,samples/RADAR_LEFT_BACK/RADAR_LEFT_BACK_1706716777801764.pcd
2a1a3c71170f478690e17daf9c37d8dd,5319f3d4f415475a82018472f7055951,38d4ba33fce94499be34f32d245113ed,RADAR,RADAR_LEFT_BACK,1706716778303537,True,samples,samples/RADAR_LEFT_BACK/RADAR_LEFT_BACK_1706716778303537.pcd
34338ff2e67849e49fc474efafb1e46c,de5890acd09f4e34801b92e9e73369db,38d4ba33fce94499be34f32d245113ed,RADAR,RADAR_LEFT_BACK,1706716778804452,True,samples,samples/RADAR_LEFT_BACK/RADAR_LEFT_BACK_1706716778804452.pcd
4d657b0820da400bbf6de6947bc4e4b8,fc1d4a5b3ab94addad4ee0e5ae6cc62f,38d4ba33fce94499be34f32d245113ed,RADAR,RADAR_LEFT_BACK,1706716779302335,True,samples,samples/RADAR_LEFT_BACK/RADAR_LEFT_BACK_1706716779302335.pcd
b532d63538b34b759a8683caff4b1dbf,0531b8003c4941c481d29ed1caa924f7,38d4ba33fce94499be34f32d245113ed,RADAR,RADAR_LEFT_BACK,1706716779803143,True,samples,samples/RADAR_LEFT_BACK/RADAR_LEFT_BACK_1706716779803143.pcd
2d47461f76694b78b9d113ae55a2f163,69ed8f84bcd94a91b68a82957b623904,38d4ba33fce94499be34f32d245113ed,RADAR,RADAR_LEFT_BACK,1706716780305649,True,samples,samples/RADAR_LEFT_BACK/RADAR_LEFT_BACK_1706716780305649.pcd
e90d883e6eed495ba6825112e109975a,fc33e12c049840889efde7b2218b5c51,38d4ba33fce94499be34f32d245113ed,RADAR,RADAR_LEFT_BACK,1706716780801999,True,samples,samples/RADAR_LEFT_BACK/RADAR_LEFT_BACK_1706716780801999.pcd
061ccc9c946145baaf14c2a8cb869ed7,be75e2cea76844e0ac64bdf7ab68721b,38d4ba33fce94499be34f32d245113ed,RADAR,RADAR_LEFT_BACK,1706716781303943,True,samples,samples/RADAR_LEFT_BACK/RADAR_LEFT_BACK_1706716781303943.pcd
efcbcb01fe7d4ad5b2e78c0341d9d6fc,4e85946701964f37bb8990ffa14b1c4e,38d4ba33fce94499be34f32d245113ed,RADAR,RADAR_LEFT_BACK,1706716781805460,True,samples,samples/RADAR_LEFT_BACK/RADAR_LEFT_BACK_1706716781805460.pcd
541318840c8f4e8a8aa2e7b20f8abf22,1de6a44eff4749f494dd0b6cb5c48e84,38d4ba33fce94499be34f32d245113ed,RADAR,RADAR_LEFT_BACK,1706716782302567,True,samples,samples/RADAR_LEFT_BACK/RADAR_LEFT_BACK_1706716782302567.pcd
53daf0f74f954f0191f147f541f46f79,9c55592e36884436880465b77c75a2de,38d4ba33fce94499be34f32d245113ed,RADAR,RADAR_LEFT_BACK,1706716782803820,True,samples,samples/RADAR_LEFT_BACK/RADAR_LEFT_BACK_1706716782803820.pcd
31b43cf3014543c781af11909a8074c1,77f8596f82c948efa5231a656b64a313,38d4ba33fce94499be34f32d245113ed,RADAR,RADAR_LEFT_BACK,1706716783305304,True,samples,samples/RADAR_LEFT_BACK/RADAR_LEFT_BACK_1706716783305304.pcd
5dbd852b7cf247479b0c7c36a9e89d29,9eefc874f88a490cba62967ad2ea68be,38d4ba33fce94499be34f32d245113ed,RADAR,RADAR_LEFT_BACK,1706716783801719,True,samples,samples/RADAR_LEFT_BACK/RADAR_LEFT_BACK_1706716783801719.pcd
e67528a24a1f419d8f3ddd09e640fd20,4403795d081d4150ab7174f19e8a2f0b,38d4ba33fce94499be34f32d245113ed,RADAR,RADAR_LEFT_BACK,1706716784303759,True,samples,samples/RADAR_LEFT_BACK/RADAR_LEFT_BACK_1706716784303759.pcd
ec4709a8b3f543f9be85b1c3dc4e716b,856048bc4191462888a39dde92751b25,38d4ba33fce94499be34f32d245113ed,RADAR,RADAR_LEFT_BACK,1706716784805310,True,samples,samples/RADAR_LEFT_BACK/RADAR_LEFT_BACK_1706716784805310.pcd
42a0053d224f40588d15e375cb2780d9,d9d945f2ecff47eaa09f9c2dd283a89d,38d4ba33fce94499be34f32d245113ed,RADAR,RADAR_LEFT_BACK,1706716785302087,True,samples,samples/RADAR_LEFT_BACK/RADAR_LEFT_BACK_1706716785302087.pcd
045f50eb62e043fe978ec98777887e96,107022cffcc148f299350a9344f26f84,38d4ba33fce94499be34f32d245113ed,RADAR,RADAR_LEFT_BACK,1706716785803350,True,samples,samples/RADAR_LEFT_BACK/RADAR_LEFT_BACK_1706716785803350.pcd
2d443960975e4ec8941d5a3e3cac735a,200accc64ca644669f74bdc5749a52c2,38d4ba33fce94499be34f32d245113ed,RADAR,RADAR_LEFT_BACK,1706716786304900,True,samples,samples/RADAR_LEFT_BACK/RADAR_LEFT_BACK_1706716786304900.pcd
b34f0b6faadd4f7db156388b293daec4,5dd62b98623c4212947265c15294f822,38d4ba33fce94499be34f32d245113ed,RADAR,RADAR_LEFT_BACK,1706716786802125,True,samples,samples/RADAR_LEFT_BACK/RADAR_LEFT_BACK_1706716786802125.pcd
547e3c061c6540849db44e3ebe973cb9,67ea7a1a866d4942b2f389567d11272f,38d4ba33fce94499be34f32d245113ed,RADAR,RADAR_LEFT_BACK,1706716787303077,True,samples,samples/RADAR_LEFT_BACK/RADAR_LEFT_BACK_1706716787303077.pcd
111d47a4b7e345f8a328cb67feb16c56,34031c02dc804642aa6520be28ce39c0,38d4ba33fce94499be34f32d245113ed,RADAR,RADAR_LEFT_BACK,1706716787804744,True,samples,samples/RADAR_LEFT_BACK/RADAR_LEFT_BACK_1706716787804744.pcd
ee8572aeb1cd490f8dd9c3f1ebdb8760,ca174280df424acfacaab13a606faf99,38d4ba33fce94499be34f32d245113ed,RADAR,RADAR_LEFT_BACK,1706716788301710,True,samples,samples/RADAR_LEFT_BACK/RADAR_LEFT_BACK_1706716788301710.pcd
650ab500bf694966abf6c12c0974aeba,d90d09439b8049c2967999fc4a8fd2a4,38d4ba33fce94499be34f32d245113ed,RADAR,RADAR_LEFT_BACK,1706716788803526,True,samples,samples/RADAR_LEFT_BACK/RADAR_LEFT_BACK_1706716788803526.pcd
1f9f58a0d5e049abbb72edcf447eb768,f7ad54940a674f25be6c22317b0e3815,38d4ba33fce94499be34f32d245113ed,RADAR,RADAR_LEFT_BACK,1706716789304294,True,samples,samples/RADAR_LEFT_BACK/RADAR_LEFT_BACK_1706716789304294.pcd
eb1bb137861c435cae6cf1ae3988395a,ecfeab9c4ce14cc0a2f94a111172f157,38d4ba33fce94499be34f32d245113ed,RADAR,RADAR_LEFT_BACK,1706716789802281,True,samples,samples/RADAR_LEFT_BACK/RADAR_LEFT_BACK_1706716789802281.pcd
0b6a2b392d774ffa9df0c40d3829c83f,4ada9cbed75249478210480ecae22937,38d4ba33fce94499be34f32d245113ed,RADAR,RADAR_LEFT_BACK,1706716790303037,True,samples,samples/RADAR_LEFT_BACK/RADAR_LEFT_BACK_1706716790303037.pcd
3e1c90f2ce2348cbbcf77ba1c9e0020a,d9a0ffc7dc7a4932af41044c29c0c558,38d4ba33fce94499be34f32d245113ed,RADAR,RADAR_LEFT_BACK,1706716790805572,True,samples,samples/RADAR_LEFT_BACK/RADAR_LEFT_BACK_1706716790805572.pcd
1222e4c2d868486dad37bd1497c11db0,2bb86f1a816c41d6ac274402246a24fc,38d4ba33fce94499be34f32d245113ed,RADAR,RADAR_LEFT_BACK,1706716791301875,True,samples,samples/RADAR_LEFT_BACK/RADAR_LEFT_BACK_1706716791301875.pcd
d490c2a230b64308b7c59a353c168a7e,d1a194be3c4d4ab3946f088897e0f578,38d4ba33fce94499be34f32d245113ed,RADAR,RADAR_LEFT_BACK,1706716791803888,True,samples,samples/RADAR_LEFT_BACK/RADAR_LEFT_BACK_1706716791803888.pcd
d45d60043ef846c2a32f403eef4d88f4,dfb9c2cee4824b6ea827e2cfac0dda0c,38d4ba33fce94499be34f32d245113ed,RADAR,RADAR_LEFT_BACK,1706716792305430,True,samples,samples/RADAR_LEFT_BACK/RADAR_LEFT_BACK_1706716792305430.pcd
cfd82fa6c87e400fa9937d9d93cecda5,d6749e370cac44b5af7a04924435ff6b,38d4ba33fce94499be34f32d245113ed,RADAR,RADAR_LEFT_BACK,1706716792802539,True,samples,samples/RADAR_LEFT_BACK/RADAR_LEFT_BACK_1706716792802539.pcd
cc4619c405d747f0aa3fbd4171bf758d,08a1174ca5f54446bf5e560929f47307,38d4ba33fce94499be34f32d245113ed,RADAR,RADAR_LEFT_BACK,1706716793303749,True,samples,samples/RADAR_LEFT_BACK/RADAR_LEFT_BACK_1706716793303749.pcd
1b86aae4050b44cdb9daacee673b293e,bab11f9d759141a1a62ff8bedf2f5815,38d4ba33fce94499be34f32d245113ed,RADAR,RADAR_LEFT_BACK,1706716793805227,True,samples,samples/RADAR_LEFT_BACK/RADAR_LEFT_BACK_1706716793805227.pcd
7dfd969afd694df5ba232cdeba53302d,6b21f9f8d72a436f9c8fc5dc60657af6,38d4ba33fce94499be34f32d245113ed,RADAR,RADAR_LEFT_BACK,1706716794301593,True,samples,samples/RADAR_LEFT_BACK/RADAR_LEFT_BACK_1706716794301593.pcd
0218a67503c94bb7a9bb48e250809de8,9d75f3c77f384353b5477c981fb46011,d0b02e67e97a435192bf43f7bb0f902c,RADAR,RADAR_RIGHT_BACK,1701174170505683,True,samples,samples/RADAR_RIGHT_BACK/RADAR_RIGHT_BACK_1701174170505683.pcd
2f3a71f8767046829a964b503b62e99b,d61070d1f0eb4ebdbf6a3082758cfd57,d0b02e67e97a435192bf43f7bb0f902c,RADAR,RADAR_RIGHT_BACK,1701174171002648,True,samples,samples/RADAR_RIGHT_BACK/RADAR_RIGHT_BACK_1701174171002648.pcd
4fa8ad2daf734a288dc46ec78f493b73,74315069a83c4013bcacf251d9928fe1,d0b02e67e97a435192bf43f7bb0f902c,RADAR,RADAR_RIGHT_BACK,1701174171503927,True,samples,samples/RADAR_RIGHT_BACK/RADAR_RIGHT_BACK_1701174171503927.pcd
af7226f9ad2e452c95a207380b5c69d9,46e9fde57b0845da94c549c832796659,d0b02e67e97a435192bf43f7bb0f902c,RADAR,RADAR_RIGHT_BACK,1701174172005344,True,samples,samples/RADAR_RIGHT_BACK/RADAR_RIGHT_BACK_1701174172005344.pcd
d32a0c75ca524b54ab5e7cc3bd7d5c29,5e7ef242185a4143814462c9fcf614c0,d0b02e67e97a435192bf43f7bb0f902c,RADAR,RADAR_RIGHT_BACK,1701174172501809,True,samples,samples/RADAR_RIGHT_BACK/RADAR_RIGHT_BACK_1701174172501809.pcd
96473bcfd02746b49cfdb8d6c9454ed6,58813f71db1447779ee3edc3fced1b68,d0b02e67e97a435192bf43f7bb0f902c,RADAR,RADAR_RIGHT_BACK,1701174173003810,True,samples,samples/RADAR_RIGHT_BACK/RADAR_RIGHT_BACK_1701174173003810.pcd
18b7d530c7c24dab809a7c5090351230,8fead37877da4451b2cb3fc28c0a2df9,d0b02e67e97a435192bf43f7bb0f902c,RADAR,RADAR_RIGHT_BACK,1701174173505389,True,samples,samples/RADAR_RIGHT_BACK/RADAR_RIGHT_BACK_1701174173505389.pcd
67d5c1760e474eda810384785f73ae44,6eaa78ca11614526ae026ae75686c69e,d0b02e67e97a435192bf43f7bb0f902c,RADAR,RADAR_RIGHT_BACK,1701174174002129,True,samples,samples/RADAR_RIGHT_BACK/RADAR_RIGHT_BACK_1701174174002129.pcd
2752eec5f73e4484b70e61623edb8b99,dc80f86d4864439d98edf0612e4892dc,d0b02e67e97a435192bf43f7bb0f902c,RADAR,RADAR_RIGHT_BACK,1701174174503421,True,samples,samples/RADAR_RIGHT_BACK/RADAR_RIGHT_BACK_1701174174503421.pcd
88912bd9586c4d5aba5e1cf83c394a1c,4d89463ec72c4a1a81f6d023b979b265,d0b02e67e97a435192bf43f7bb0f902c,RADAR,RADAR_RIGHT_BACK,1701174175005023,True,samples,samples/RADAR_RIGHT_BACK/RADAR_RIGHT_BACK_1701174175005023.pcd
9b2c81ee7cde418f82733676a9f64c06,5491f8939d344ac58185f2a7c73d86d7,d0b02e67e97a435192bf43f7bb0f902c,RADAR,RADAR_RIGHT_BACK,1701174175502241,True,samples,samples/RADAR_RIGHT_BACK/RADAR_RIGHT_BACK_1701174175502241.pcd
3a2164ec835c4c75844cf2d81a7ffd36,a87217a4529f494e9da56915badf6a85,d0b02e67e97a435192bf43f7bb0f902c,RADAR,RADAR_RIGHT_BACK,1701174176003205,True,samples,samples/RADAR_RIGHT_BACK/RADAR_RIGHT_BACK_1701174176003205.pcd
35c0a1d4a96a4b9b9930c012484d3c3a,18049a9e579045b0bffd3fd107fc7ee7,d0b02e67e97a435192bf43f7bb0f902c,RADAR,RADAR_RIGHT_BACK,1701174176504828,True,samples,samples/RADAR_RIGHT_BACK/RADAR_RIGHT_BACK_1701174176504828.pcd
7f798a9d5d614bf7be02a0c121db2553,eb1934dd31474c05868325b6c31fc2df,d0b02e67e97a435192bf43f7bb0f902c,RADAR,RADAR_RIGHT_BACK,1701174177001820,True,samples,samples/RADAR_RIGHT_BACK/RADAR_RIGHT_BACK_1701174177001820.pcd
2e1cbead74f243ad8e0c01fa7eae718d,1e4312d50f3f432e95142cfe773af936,d0b02e67e97a435192bf43f7bb0f902c,RADAR,RADAR_RIGHT_BACK,1701174177503523,True,samples,samples/RADAR_RIGHT_BACK/RADAR_RIGHT_BACK_1701174177503523.pcd
74bb835a56644fc198b8d6159af2de19,890b47ea4045423a9b0ca56f584c1aee,d0b02e67e97a435192bf43f7bb0f902c,RADAR,RADAR_RIGHT_BACK,1701174178004374,True,samples,samples/RADAR_RIGHT_BACK/RADAR_RIGHT_BACK_1701174178004374.pcd
b3d7e6694c594d41b589e149a8d69a56,960323dc7d534ab5aa9280808a29f280,d0b02e67e97a435192bf43f7bb0f902c,RADAR,RADAR_RIGHT_BACK,1701174178502483,True,samples,samples/RADAR_RIGHT_BACK/RADAR_RIGHT_BACK_1701174178502483.pcd
fcfa2a464bcd46609439b58f170a77cf,e4615d6d7e5b4d8989a3bed70a3f8aba,d0b02e67e97a435192bf43f7bb0f902c,RADAR,RADAR_RIGHT_BACK,1701174179003004,True,samples,samples/RADAR_RIGHT_BACK/RADAR_RIGHT_BACK_1701174179003004.pcd
834e02a03e184db28edfbb6ddf36960b,b512ae4bb98c4adcb570163a783ba1b1,d0b02e67e97a435192bf43f7bb0f902c,RADAR,RADAR_RIGHT_BACK,1701174179505697,True,samples,samples/RADAR_RIGHT_BACK/RADAR_RIGHT_BACK_1701174179505697.pcd
9431526b87c84c48a42a2e3148080196,5506016eb8744666a78cdf74299839bb,d0b02e67e97a435192bf43f7bb0f902c,RADAR,RADAR_RIGHT_BACK,1701174180002124,True,samples,samples/RADAR_RIGHT_BACK/RADAR_RIGHT_BACK_1701174180002124.pcd
ada32ae775b640deb820a6461d44abd5,05dd1b152df640e5bb7b915f5758b739,d0b02e67e97a435192bf43f7bb0f902c,RADAR,RADAR_RIGHT_BACK,1701174180504014,True,samples,samples/RADAR_RIGHT_BACK/RADAR_RIGHT_BACK_1701174180504014.pcd
b035ac340b414e4c8d1b11a1df153b40,42d984d09e10442096c330abcaaa16b8,d0b02e67e97a435192bf43f7bb0f902c,RADAR,RADAR_RIGHT_BACK,1701174181005524,True,samples,samples/RADAR_RIGHT_BACK/RADAR_RIGHT_BACK_1701174181005524.pcd
bc8513741c064d0b87fe175385e9a707,820da4bfc83143079d6444793dea903a,d0b02e67e97a435192bf43f7bb0f902c,RADAR,RADAR_RIGHT_BACK,1701174181502588,True,samples,samples/RADAR_RIGHT_BACK/RADAR_RIGHT_BACK_1701174181502588.pcd
4e953ae54afb4467ad8838f53307ebe8,e261df7d29c84cde8d408c5571ae44a5,d0b02e67e97a435192bf43f7bb0f902c,RADAR,RADAR_RIGHT_BACK,1701174182003980,True,samples,samples/RADAR_RIGHT_BACK/RADAR_RIGHT_BACK_1701174182003980.pcd
db411e0ef3f445a8a28f742188ad6b82,cf11812a2090490bb96be72aa701cd97,d0b02e67e97a435192bf43f7bb0f902c,RADAR,RADAR_RIGHT_BACK,1701174182505320,True,samples,samples/RADAR_RIGHT_BACK/RADAR_RIGHT_BACK_1701174182505320.pcd
4cb271501f364069ad033d3fd58872d6,8632c70a010c410ea60e0e03c605659a,d0b02e67e97a435192bf43f7bb0f902c,RADAR,RADAR_RIGHT_BACK,1701174183001757,True,samples,samples/RADAR_RIGHT_BACK/RADAR_RIGHT_BACK_1701174183001757.pcd
6f681e1957bc455694bbe4add1b6d31d,2a75e8b11a3b4e64bbea3de7c0886379,d0b02e67e97a435192bf43f7bb0f902c,RADAR,RADAR_RIGHT_BACK,1701174183503742,True,samples,samples/RADAR_RIGHT_BACK/RADAR_RIGHT_BACK_1701174183503742.pcd
afbd3f7f2d5647e0aa22e4cd785f761b,2f54f880546c4537b1562888bef4a710,d0b02e67e97a435192bf43f7bb0f902c,RADAR,RADAR_RIGHT_BACK,1701174184005276,True,samples,samples/RADAR_RIGHT_BACK/RADAR_RIGHT_BACK_1701174184005276.pcd
cdb32d07be4e4a1bb7fc2ef45400c088,e59952ad704f4cb58c01f74e21c6251c,d0b02e67e97a435192bf43f7bb0f902c,RADAR,RADAR_RIGHT_BACK,1701174184502221,True,samples,samples/RADAR_RIGHT_BACK/RADAR_RIGHT_BACK_1701174184502221.pcd
6a5612e412ca464da6e1265db81f9858,ecac575c0ef94854bd31474102fc7bdd,d0b02e67e97a435192bf43f7bb0f902c,RADAR,RADAR_RIGHT_BACK,1701174185003323,True,samples,samples/RADAR_RIGHT_BACK/RADAR_RIGHT_BACK_1701174185003323.pcd
9053304ea1444b8e84673b562d9af772,ae92726ca1c7497b8d312122603399ec,d0b02e67e97a435192bf43f7bb0f902c,RADAR,RADAR_RIGHT_BACK,1701174185504905,True,samples,samples/RADAR_RIGHT_BACK/RADAR_RIGHT_BACK_1701174185504905.pcd
b5a5b8375bd941c4af480a0a0c63e75a,22f971faaa804e60a46de1b33b76167c,d0b02e67e97a435192bf43f7bb0f902c,RADAR,RADAR_RIGHT_BACK,1701174186002222,True,samples,samples/RADAR_RIGHT_BACK/RADAR_RIGHT_BACK_1701174186002222.pcd
a1f1be4f787b4c7ea96157ccacd1df1c,31f10293e9214bcda362d7d968b80297,d0b02e67e97a435192bf43f7bb0f902c,RADAR,RADAR_RIGHT_BACK,1701174186503128,True,samples,samples/RADAR_RIGHT_BACK/RADAR_RIGHT_BACK_1701174186503128.pcd
5ed371cfea85471c813e4b9d73dc3b38,f5db1031dd334e8c8eb03bedf91c5bba,d0b02e67e97a435192bf43f7bb0f902c,RADAR,RADAR_RIGHT_BACK,1701174187004828,True,samples,samples/RADAR_RIGHT_BACK/RADAR_RIGHT_BACK_1701174187004828.pcd
01caa8cdc1d749528e778e840f5a6ce9,f30cc75a84fd4777b255f7d540c150d6,d0b02e67e97a435192bf43f7bb0f902c,RADAR,RADAR_RIGHT_BACK,1701174187501669,True,samples,samples/RADAR_RIGHT_BACK/RADAR_RIGHT_BACK_1701174187501669.pcd
837e50708599407c8fc48d44d664ae54,ac4e4e1e38fc42f69e1a1b91086ce77a,d0b02e67e97a435192bf43f7bb0f902c,RADAR,RADAR_RIGHT_BACK,1701174188003488,True,samples,samples/RADAR_RIGHT_BACK/RADAR_RIGHT_BACK_1701174188003488.pcd
2526e17f10f2428a8d2e38bf8e1cf29f,5ab589390a0f4fc9a6e5acd152aea650,d0b02e67e97a435192bf43f7bb0f902c,RADAR,RADAR_RIGHT_BACK,1701174188504354,True,samples,samples/RADAR_RIGHT_BACK/RADAR_RIGHT_BACK_1701174188504354.pcd
f9247fcfb39a4e9a903eb38185950780,f03439e032294f6989ef7d6d91b32101,d0b02e67e97a435192bf43f7bb0f902c,RADAR,RADAR_RIGHT_BACK,1701174189002353,True,samples,samples/RADAR_RIGHT_BACK/RADAR_RIGHT_BACK_1701174189002353.pcd
a8b64186a15f4246a206204a1c69fc5a,80bf2114c8b94da1b824ade14128ea7a,d0b02e67e97a435192bf43f7bb0f902c,RADAR,RADAR_RIGHT_BACK,1701174189502957,True,samples,samples/RADAR_RIGHT_BACK/RADAR_RIGHT_BACK_1701174189502957.pcd
b119b33474b84d1985cd33ea73b248e7,abc3a19f07de4554ac44b788cce7315b,d0b02e67e97a435192bf43f7bb0f902c,RADAR,RADAR_RIGHT_BACK,1701174190005547,True,samples,samples/RADAR_RIGHT_BACK/RADAR_RIGHT_BACK_1701174190005547.pcd
4d02d8c459b94f468dd37c2c7d834339,9d75f3c77f384353b5477c981fb46011,d0b02e67e97a435192bf43f7bb0f902c,RADAR,RADAR_RIGHT_SIDE,1701174170505503,True,samples,samples/RADAR_RIGHT_SIDE/RADAR_RIGHT_SIDE_1701174170505503.pcd
a3194d3a622742aab8e05d27a9934944,d61070d1f0eb4ebdbf6a3082758cfd57,d0b02e67e97a435192bf43f7bb0f902c,RADAR,RADAR_RIGHT_SIDE,1701174171002605,True,samples,samples/RADAR_RIGHT_SIDE/RADAR_RIGHT_SIDE_1701174171002605.pcd
fd8fbf6da3fb48a29cbaf49e7ff8f2f6,74315069a83c4013bcacf251d9928fe1,d0b02e67e97a435192bf43f7bb0f902c,RADAR,RADAR_RIGHT_SIDE,1701174171503889,True,samples,samples/RADAR_RIGHT_SIDE/RADAR_RIGHT_SIDE_1701174171503889.pcd
2aed8dfb989d45bcb94143c5ccada258,46e9fde57b0845da94c549c832796659,d0b02e67e97a435192bf43f7bb0f902c,RADAR,RADAR_RIGHT_SIDE,1701174172005248,True,samples,samples/RADAR_RIGHT_SIDE/RADAR_RIGHT_SIDE_1701174172005248.pcd
d7ab5ace2a0e41e9a45801655e09a306,5e7ef242185a4143814462c9fcf614c0,d0b02e67e97a435192bf43f7bb0f902c,RADAR,RADAR_RIGHT_SIDE,1701174172501602,True,samples,samples/RADAR_RIGHT_SIDE/RADAR_RIGHT_SIDE_1701174172501602.pcd
451eeb40b8da43cba106cf2eafe99ff7,58813f71db1447779ee3edc3fced1b68,d0b02e67e97a435192bf43f7bb0f902c,RADAR,RADAR_RIGHT_SIDE,1701174173003647,True,samples,samples/RADAR_RIGHT_SIDE/RADAR_RIGHT_SIDE_1701174173003647.pcd
b10170e01b2d4abba153e15c7f649fa5,8fead37877da4451b2cb3fc28c0a2df9,d0b02e67e97a435192bf43f7bb0f902c,RADAR,RADAR_RIGHT_SIDE,1701174173505186,True,samples,samples/RADAR_RIGHT_SIDE/RADAR_RIGHT_SIDE_1701174173505186.pcd
a744887bf07846e19d68f9fdfe6073b2,6eaa78ca11614526ae026ae75686c69e,d0b02e67e97a435192bf43f7bb0f902c,RADAR,RADAR_RIGHT_SIDE,1701174174001959,True,samples,samples/RADAR_RIGHT_SIDE/RADAR_RIGHT_SIDE_1701174174001959.pcd
dee75912781346efa798f89fc630313e,dc80f86d4864439d98edf0612e4892dc,d0b02e67e97a435192bf43f7bb0f902c,RADAR,RADAR_RIGHT_SIDE,1701174174503257,True,samples,samples/RADAR_RIGHT_SIDE/RADAR_RIGHT_SIDE_1701174174503257.pcd
1a794f28430e4a1bab9b4c99503b6864,4d89463ec72c4a1a81f6d023b979b265,d0b02e67e97a435192bf43f7bb0f902c,RADAR,RADAR_RIGHT_SIDE,1701174175004869,True,samples,samples/RADAR_RIGHT_SIDE/RADAR_RIGHT_SIDE_1701174175004869.pcd
673f4e858a8f4b999c84c47b214e766a,5491f8939d344ac58185f2a7c73d86d7,d0b02e67e97a435192bf43f7bb0f902c,RADAR,RADAR_RIGHT_SIDE,1701174175502114,True,samples,samples/RADAR_RIGHT_SIDE/RADAR_RIGHT_SIDE_1701174175502114.pcd
0e6c2d0a01784b3593b382a6cd2ac256,a87217a4529f494e9da56915badf6a85,d0b02e67e97a435192bf43f7bb0f902c,RADAR,RADAR_RIGHT_SIDE,1701174176003044,True,samples,samples/RADAR_RIGHT_SIDE/RADAR_RIGHT_SIDE_1701174176003044.pcd
72220498cb9f4c40abb32fe54070e298,18049a9e579045b0bffd3fd107fc7ee7,d0b02e67e97a435192bf43f7bb0f902c,RADAR,RADAR_RIGHT_SIDE,1701174176504687,True,samples,samples/RADAR_RIGHT_SIDE/RADAR_RIGHT_SIDE_1701174176504687.pcd
d7ea7ea8596744579f0e8cece0bdc65f,eb1934dd31474c05868325b6c31fc2df,d0b02e67e97a435192bf43f7bb0f902c,RADAR,RADAR_RIGHT_SIDE,1701174177001709,True,samples,samples/RADAR_RIGHT_SIDE/RADAR_RIGHT_SIDE_1701174177001709.pcd
3d1e818bc31f451c93458c0a0018e3d2,1e4312d50f3f432e95142cfe773af936,d0b02e67e97a435192bf43f7bb0f902c,RADAR,RADAR_RIGHT_SIDE,1701174177503380,True,samples,samples/RADAR_RIGHT_SIDE/RADAR_RIGHT_SIDE_1701174177503380.pcd
91c3b536d616482583ffa199e1ed4d5f,890b47ea4045423a9b0ca56f584c1aee,d0b02e67e97a435192bf43f7bb0f902c,RADAR,RADAR_RIGHT_SIDE,1701174178004232,True,samples,samples/RADAR_RIGHT_SIDE/RADAR_RIGHT_SIDE_1701174178004232.pcd
4267d5053bb74be28567069fad491792,960323dc7d534ab5aa9280808a29f280,d0b02e67e97a435192bf43f7bb0f902c,RADAR,RADAR_RIGHT_SIDE,1701174178502299,True,samples,samples/RADAR_RIGHT_SIDE/RADAR_RIGHT_SIDE_1701174178502299.pcd
eed92c1c0578410bbf63d7afe31e45ac,e4615d6d7e5b4d8989a3bed70a3f8aba,d0b02e67e97a435192bf43f7bb0f902c,RADAR,RADAR_RIGHT_SIDE,1701174179002864,True,samples,samples/RADAR_RIGHT_SIDE/RADAR_RIGHT_SIDE_1701174179002864.pcd
aade148300c24994aaba067588918651,b512ae4bb98c4adcb570163a783ba1b1,d0b02e67e97a435192bf43f7bb0f902c,RADAR,RADAR_RIGHT_SIDE,1701174179505493,True,samples,samples/RADAR_RIGHT_SIDE/RADAR_RIGHT_SIDE_1701174179505493.pcd
46fefa759f5e41a3b827746f25a46e07,5506016eb8744666a78cdf74299839bb,d0b02e67e97a435192bf43f7bb0f902c,RADAR,RADAR_RIGHT_SIDE,1701174180001935,True,samples,samples/RADAR_RIGHT_SIDE/RADAR_RIGHT_SIDE_1701174180001935.pcd
1905ca1c3fe64ee9855c21820d65f259,05dd1b152df640e5bb7b915f5758b739,d0b02e67e97a435192bf43f7bb0f902c,RADAR,RADAR_RIGHT_SIDE,1701174180503865,True,samples,samples/RADAR_RIGHT_SIDE/RADAR_RIGHT_SIDE_1701174180503865.pcd
f977061c1cea4e4a97b5bdc9289892b9,42d984d09e10442096c330abcaaa16b8,d0b02e67e97a435192bf43f7bb0f902c,RADAR,RADAR_RIGHT_SIDE,1701174181005363,True,samples,samples/RADAR_RIGHT_SIDE/RADAR_RIGHT_SIDE_1701174181005363.pcd
714ef4bb764e48fd9d3894736800689e,820da4bfc83143079d6444793dea903a,d0b02e67e97a435192bf43f7bb0f902c,RADAR,RADAR_RIGHT_SIDE,1701174181502494,True,samples,samples/RADAR_RIGHT_SIDE/RADAR_RIGHT_SIDE_1701174181502494.pcd
9b3f1742b618436492f6454987d57405,e261df7d29c84cde8d408c5571ae44a5,d0b02e67e97a435192bf43f7bb0f902c,RADAR,RADAR_RIGHT_SIDE,1701174182003749,True,samples,samples/RADAR_RIGHT_SIDE/RADAR_RIGHT_SIDE_1701174182003749.pcd
a1c3e7ac9bcb4beda861cb6872c624a7,cf11812a2090490bb96be72aa701cd97,d0b02e67e97a435192bf43f7bb0f902c,RADAR,RADAR_RIGHT_SIDE,1701174182505169,True,samples,samples/RADAR_RIGHT_SIDE/RADAR_RIGHT_SIDE_1701174182505169.pcd
1e364331857f4017a504592119416003,8632c70a010c410ea60e0e03c605659a,d0b02e67e97a435192bf43f7bb0f902c,RADAR,RADAR_RIGHT_SIDE,1701174183001560,True,samples,samples/RADAR_RIGHT_SIDE/RADAR_RIGHT_SIDE_1701174183001560.pcd
1e2885ddb6224186a189b033371ca1fa,2a75e8b11a3b4e64bbea3de7c0886379,d0b02e67e97a435192bf43f7bb0f902c,RADAR,RADAR_RIGHT_SIDE,1701174183503570,True,samples,samples/RADAR_RIGHT_SIDE/RADAR_RIGHT_SIDE_1701174183503570.pcd
12e673be9b4b412db208bbcbd93fd2fa,2f54f880546c4537b1562888bef4a710,d0b02e67e97a435192bf43f7bb0f902c,RADAR,RADAR_RIGHT_SIDE,1701174184005065,True,samples,samples/RADAR_RIGHT_SIDE/RADAR_RIGHT_SIDE_1701174184005065.pcd
254323852de940f9b65732b5a62218cb,e59952ad704f4cb58c01f74e21c6251c,d0b02e67e97a435192bf43f7bb0f902c,RADAR,RADAR_RIGHT_SIDE,1701174184501944,True,samples,samples/RADAR_RIGHT_SIDE/RADAR_RIGHT_SIDE_1701174184501944.pcd
495bad28272248cdbc368946045889b2,ecac575c0ef94854bd31474102fc7bdd,d0b02e67e97a435192bf43f7bb0f902c,RADAR,RADAR_RIGHT_SIDE,1701174185003138,True,samples,samples/RADAR_RIGHT_SIDE/RADAR_RIGHT_SIDE_1701174185003138.pcd
a9203da9843d4e598268913e5d55a664,ae92726ca1c7497b8d312122603399ec,d0b02e67e97a435192bf43f7bb0f902c,RADAR,RADAR_RIGHT_SIDE,1701174185504809,True,samples,samples/RADAR_RIGHT_SIDE/RADAR_RIGHT_SIDE_1701174185504809.pcd
60f5e6d3f93d4a819c35be390f01996c,22f971faaa804e60a46de1b33b76167c,d0b02e67e97a435192bf43f7bb0f902c,RADAR,RADAR_RIGHT_SIDE,1701174186002122,True,samples,samples/RADAR_RIGHT_SIDE/RADAR_RIGHT_SIDE_1701174186002122.pcd
7cbb838e56b04d16a99d092da825dba5,31f10293e9214bcda362d7d968b80297,d0b02e67e97a435192bf43f7bb0f902c,RADAR,RADAR_RIGHT_SIDE,1701174186503012,True,samples,samples/RADAR_RIGHT_SIDE/RADAR_RIGHT_SIDE_1701174186503012.pcd
ff03948ef2b848d388b6394db9664fa3,f5db1031dd334e8c8eb03bedf91c5bba,d0b02e67e97a435192bf43f7bb0f902c,RADAR,RADAR_RIGHT_SIDE,1701174187004663,True,samples,samples/RADAR_RIGHT_SIDE/RADAR_RIGHT_SIDE_1701174187004663.pcd
3d6e842b087e493789a4bc78f7231fad,f30cc75a84fd4777b255f7d540c150d6,d0b02e67e97a435192bf43f7bb0f902c,RADAR,RADAR_RIGHT_SIDE,1701174187501559,True,samples,samples/RADAR_RIGHT_SIDE/RADAR_RIGHT_SIDE_1701174187501559.pcd
5d6707ca154f4832aa229dcc983dccb6,ac4e4e1e38fc42f69e1a1b91086ce77a,d0b02e67e97a435192bf43f7bb0f902c,RADAR,RADAR_RIGHT_SIDE,1701174188003327,True,samples,samples/RADAR_RIGHT_SIDE/RADAR_RIGHT_SIDE_1701174188003327.pcd
98c30f5fbb8e476ca499a9ee7477ce18,5ab589390a0f4fc9a6e5acd152aea650,d0b02e67e97a435192bf43f7bb0f902c,RADAR,RADAR_RIGHT_SIDE,1701174188504154,True,samples,samples/RADAR_RIGHT_SIDE/RADAR_RIGHT_SIDE_1701174188504154.pcd
47758213b65f4ae2932e40c888349da6,f03439e032294f6989ef7d6d91b32101,d0b02e67e97a435192bf43f7bb0f902c,RADAR,RADAR_RIGHT_SIDE,1701174189002429,True,samples,samples/RADAR_RIGHT_SIDE/RADAR_RIGHT_SIDE_1701174189002429.pcd
4fabb9bff2614227be6a4680cc2f2719,80bf2114c8b94da1b824ade14128ea7a,d0b02e67e97a435192bf43f7bb0f902c,RADAR,RADAR_RIGHT_SIDE,1701174189503051,True,samples,samples/RADAR_RIGHT_SIDE/RADAR_RIGHT_SIDE_1701174189503051.pcd
0f4a6d27a30d4682964e7a27dd6e108b,abc3a19f07de4554ac44b788cce7315b,d0b02e67e97a435192bf43f7bb0f902c,RADAR,RADAR_RIGHT_SIDE,1701174190005659,True,samples,samples/RADAR_RIGHT_SIDE/RADAR_RIGHT_SIDE_1701174190005659.pcd
187995f0b09a431db9905515c6498abe,9d75f3c77f384353b5477c981fb46011,d0b02e67e97a435192bf43f7bb0f902c,RADAR,RADAR_RIGHT_FRONT,1701174170505587,True,samples,samples/RADAR_RIGHT_FRONT/RADAR_RIGHT_FRONT_1701174170505587.pcd
1930e7fd580748aa980c25874ed477c9,d61070d1f0eb4ebdbf6a3082758cfd57,d0b02e67e97a435192bf43f7bb0f902c,RADAR,RADAR_RIGHT_FRONT,1701174171002670,True,samples,samples/RADAR_RIGHT_FRONT/RADAR_RIGHT_FRONT_1701174171002670.pcd
34b805dc9ec84f95a83719e113aad1b2,74315069a83c4013bcacf251d9928fe1,d0b02e67e97a435192bf43f7bb0f902c,RADAR,RADAR_RIGHT_FRONT,1701174171503920,True,samples,samples/RADAR_RIGHT_FRONT/RADAR_RIGHT_FRONT_1701174171503920.pcd
697dbeae78d64f15ac30683555583a2c,46e9fde57b0845da94c549c832796659,d0b02e67e97a435192bf43f7bb0f902c,RADAR,RADAR_RIGHT_FRONT,1701174172005351,True,samples,samples/RADAR_RIGHT_FRONT/RADAR_RIGHT_FRONT_1701174172005351.pcd
9bcd5f04b51f4fdeb7af93e2f4a0623b,5e7ef242185a4143814462c9fcf614c0,d0b02e67e97a435192bf43f7bb0f902c,RADAR,RADAR_RIGHT_FRONT,1701174172501705,True,samples,samples/RADAR_RIGHT_FRONT/RADAR_RIGHT_FRONT_1701174172501705.pcd
61b36aa6c3904900b0a00df1a155ecce,58813f71db1447779ee3edc3fced1b68,d0b02e67e97a435192bf43f7bb0f902c,RADAR,RADAR_RIGHT_FRONT,1701174173003756,True,samples,samples/RADAR_RIGHT_FRONT/RADAR_RIGHT_FRONT_1701174173003756.pcd
5d39fc4816404ecb876e74c6847578e9,8fead37877da4451b2cb3fc28c0a2df9,d0b02e67e97a435192bf43f7bb0f902c,RADAR,RADAR_RIGHT_FRONT,1701174173505280,True,samples,samples/RADAR_RIGHT_FRONT/RADAR_RIGHT_FRONT_1701174173505280.pcd
b3ea3636e6374f73bc54880a25845abf,6eaa78ca11614526ae026ae75686c69e,d0b02e67e97a435192bf43f7bb0f902c,RADAR,RADAR_RIGHT_FRONT,1701174173954934,True,samples,samples/RADAR_RIGHT_FRONT/RADAR_RIGHT_FRONT_1701174173954934.pcd
e494448ce7fa4d7bb84d0b49e77a6bb6,dc80f86d4864439d98edf0612e4892dc,d0b02e67e97a435192bf43f7bb0f902c,RADAR,RADAR_RIGHT_FRONT,1701174174503314,True,samples,samples/RADAR_RIGHT_FRONT/RADAR_RIGHT_FRONT_1701174174503314.pcd
80e89f5185504723b79ad3bec1882369,4d89463ec72c4a1a81f6d023b979b265,d0b02e67e97a435192bf43f7bb0f902c,RADAR,RADAR_RIGHT_FRONT,1701174175004991,True,samples,samples/RADAR_RIGHT_FRONT/RADAR_RIGHT_FRONT_1701174175004991.pcd
d9da6d04d82d454aacff50f7c846509c,5491f8939d344ac58185f2a7c73d86d7,d0b02e67e97a435192bf43f7bb0f902c,RADAR,RADAR_RIGHT_FRONT,1701174175502155,True,samples,samples/RADAR_RIGHT_FRONT/RADAR_RIGHT_FRONT_1701174175502155.pcd
fc4f592157a64f90b7c4b0e4ab23fd61,a87217a4529f494e9da56915badf6a85,d0b02e67e97a435192bf43f7bb0f902c,RADAR,RADAR_RIGHT_FRONT,1701174176003060,True,samples,samples/RADAR_RIGHT_FRONT/RADAR_RIGHT_FRONT_1701174176003060.pcd
8a29cfc13b404caeb5f48b0843df541b,18049a9e579045b0bffd3fd107fc7ee7,d0b02e67e97a435192bf43f7bb0f902c,RADAR,RADAR_RIGHT_FRONT,1701174176504780,True,samples,samples/RADAR_RIGHT_FRONT/RADAR_RIGHT_FRONT_1701174176504780.pcd
8cf819dd4c9d493dbe9364766ed288a6,eb1934dd31474c05868325b6c31fc2df,d0b02e67e97a435192bf43f7bb0f902c,RADAR,RADAR_RIGHT_FRONT,1701174177001725,True,samples,samples/RADAR_RIGHT_FRONT/RADAR_RIGHT_FRONT_1701174177001725.pcd
ee113c21d5f54d26a3926daa2aa0271e,1e4312d50f3f432e95142cfe773af936,d0b02e67e97a435192bf43f7bb0f902c,RADAR,RADAR_RIGHT_FRONT,1701174177503494,True,samples,samples/RADAR_RIGHT_FRONT/RADAR_RIGHT_FRONT_1701174177503494.pcd
41570497bcde456fa93d38fe0ec4fef2,890b47ea4045423a9b0ca56f584c1aee,d0b02e67e97a435192bf43f7bb0f902c,RADAR,RADAR_RIGHT_FRONT,1701174178004318,True,samples,samples/RADAR_RIGHT_FRONT/RADAR_RIGHT_FRONT_1701174178004318.pcd
4a253ac0ae78429e8f3e0be31f873456,960323dc7d534ab5aa9280808a29f280,d0b02e67e97a435192bf43f7bb0f902c,RADAR,RADAR_RIGHT_FRONT,1701174178502393,True,samples,samples/RADAR_RIGHT_FRONT/RADAR_RIGHT_FRONT_1701174178502393.pcd
60659c1b35094e098d4a96c871ab7abe,e4615d6d7e5b4d8989a3bed70a3f8aba,d0b02e67e97a435192bf43f7bb0f902c,RADAR,RADAR_RIGHT_FRONT,1701174179002959,True,samples,samples/RADAR_RIGHT_FRONT/RADAR_RIGHT_FRONT_1701174179002959.pcd
c8ed07e2b51c46a2bb2ac939636add2d,b512ae4bb98c4adcb570163a783ba1b1,d0b02e67e97a435192bf43f7bb0f902c,RADAR,RADAR_RIGHT_FRONT,1701174179505563,True,samples,samples/RADAR_RIGHT_FRONT/RADAR_RIGHT_FRONT_1701174179505563.pcd
df8f37138ec7442db2ed0019f626eb5a,5506016eb8744666a78cdf74299839bb,d0b02e67e97a435192bf43f7bb0f902c,RADAR,RADAR_RIGHT_FRONT,1701174180001985,True,samples,samples/RADAR_RIGHT_FRONT/RADAR_RIGHT_FRONT_1701174180001985.pcd
86be90e2916d44fc8c41db857ee97a5c,05dd1b152df640e5bb7b915f5758b739,d0b02e67e97a435192bf43f7bb0f902c,RADAR,RADAR_RIGHT_FRONT,1701174180503958,True,samples,samples/RADAR_RIGHT_FRONT/RADAR_RIGHT_FRONT_1701174180503958.pcd
3632dc7c14244f22bd32b167ed35cef9,42d984d09e10442096c330abcaaa16b8,d0b02e67e97a435192bf43f7bb0f902c,RADAR,RADAR_RIGHT_FRONT,1701174181005439,True,samples,samples/RADAR_RIGHT_FRONT/RADAR_RIGHT_FRONT_1701174181005439.pcd
e4c7824042874f0c8ba6d484ef63b94f,820da4bfc83143079d6444793dea903a,d0b02e67e97a435192bf43f7bb0f902c,RADAR,RADAR_RIGHT_FRONT,1701174181502537,True,samples,samples/RADAR_RIGHT_FRONT/RADAR_RIGHT_FRONT_1701174181502537.pcd
1d72c58521ec490cb120b82a2703a515,e261df7d29c84cde8d408c5571ae44a5,d0b02e67e97a435192bf43f7bb0f902c,RADAR,RADAR_RIGHT_FRONT,1701174182003897,True,samples,samples/RADAR_RIGHT_FRONT/RADAR_RIGHT_FRONT_1701174182003897.pcd
979c7bc44d0243d3a9db59c5666a34ae,cf11812a2090490bb96be72aa701cd97,d0b02e67e97a435192bf43f7bb0f902c,RADAR,RADAR_RIGHT_FRONT,1701174182505288,True,samples,samples/RADAR_RIGHT_FRONT/RADAR_RIGHT_FRONT_1701174182505288.pcd
badc3536f80840259409e427811e2c96,8632c70a010c410ea60e0e03c605659a,d0b02e67e97a435192bf43f7bb0f902c,RADAR,RADAR_RIGHT_FRONT,1701174183001623,True,samples,samples/RADAR_RIGHT_FRONT/RADAR_RIGHT_FRONT_1701174183001623.pcd
a31848af7c644b51a2b8dcc3290fdc99,2a75e8b11a3b4e64bbea3de7c0886379,d0b02e67e97a435192bf43f7bb0f902c,RADAR,RADAR_RIGHT_FRONT,1701174183503638,True,samples,samples/RADAR_RIGHT_FRONT/RADAR_RIGHT_FRONT_1701174183503638.pcd
b0feeeff72524c7b8bde4553576f6562,2f54f880546c4537b1562888bef4a710,d0b02e67e97a435192bf43f7bb0f902c,RADAR,RADAR_RIGHT_FRONT,1701174184005163,True,samples,samples/RADAR_RIGHT_FRONT/RADAR_RIGHT_FRONT_1701174184005163.pcd
0c75c6a3f605428892e1ddcc33a2d6d3,e59952ad704f4cb58c01f74e21c6251c,d0b02e67e97a435192bf43f7bb0f902c,RADAR,RADAR_RIGHT_FRONT,1701174184501991,True,samples,samples/RADAR_RIGHT_FRONT/RADAR_RIGHT_FRONT_1701174184501991.pcd
501189342840451c879cddd21b9b1d4d,ecac575c0ef94854bd31474102fc7bdd,d0b02e67e97a435192bf43f7bb0f902c,RADAR,RADAR_RIGHT_FRONT,1701174185003202,True,samples,samples/RADAR_RIGHT_FRONT/RADAR_RIGHT_FRONT_1701174185003202.pcd
d6ddd3e9b1f44a2c8f5bed524860cc81,ae92726ca1c7497b8d312122603399ec,d0b02e67e97a435192bf43f7bb0f902c,RADAR,RADAR_RIGHT_FRONT,1701174185504858,True,samples,samples/RADAR_RIGHT_FRONT/RADAR_RIGHT_FRONT_1701174185504858.pcd
b14d5eb8b50044bcaa5710b24a449cfc,22f971faaa804e60a46de1b33b76167c,d0b02e67e97a435192bf43f7bb0f902c,RADAR,RADAR_RIGHT_FRONT,1701174186002159,True,samples,samples/RADAR_RIGHT_FRONT/RADAR_RIGHT_FRONT_1701174186002159.pcd
2a99882e7c384d49a0c355e04e92594c,31f10293e9214bcda362d7d968b80297,d0b02e67e97a435192bf43f7bb0f902c,RADAR,RADAR_RIGHT_FRONT,1701174186503010,True,samples,samples/RADAR_RIGHT_FRONT/RADAR_RIGHT_FRONT_1701174186503010.pcd
453d4a89849548b7994435176748ee8d,f5db1031dd334e8c8eb03bedf91c5bba,d0b02e67e97a435192bf43f7bb0f902c,RADAR,RADAR_RIGHT_FRONT,1701174187004741,True,samples,samples/RADAR_RIGHT_FRONT/RADAR_RIGHT_FRONT_1701174187004741.pcd
75d456e09ac740e0b0ee0672020d6e3f,f30cc75a84fd4777b255f7d540c150d6,d0b02e67e97a435192bf43f7bb0f902c,RADAR,RADAR_RIGHT_FRONT,1701174187501652,True,samples,samples/RADAR_RIGHT_FRONT/RADAR_RIGHT_FRONT_1701174187501652.pcd
d94d0a66c5f34b819d1b685bf0c10332,ac4e4e1e38fc42f69e1a1b91086ce77a,d0b02e67e97a435192bf43f7bb0f902c,RADAR,RADAR_RIGHT_FRONT,1701174188003458,True,samples,samples/RADAR_RIGHT_FRONT/RADAR_RIGHT_FRONT_1701174188003458.pcd
af89fcdeb7814b48b84dcd298ada0178,5ab589390a0f4fc9a6e5acd152aea650,d0b02e67e97a435192bf43f7bb0f902c,RADAR,RADAR_RIGHT_FRONT,1701174188504265,True,samples,samples/RADAR_RIGHT_FRONT/RADAR_RIGHT_FRONT_1701174188504265.pcd
d1e9445f41f543b29faeb8e62231f125,f03439e032294f6989ef7d6d91b32101,d0b02e67e97a435192bf43f7bb0f902c,RADAR,RADAR_RIGHT_FRONT,1701174189002228,True,samples,samples/RADAR_RIGHT_FRONT/RADAR_RIGHT_FRONT_1701174189002228.pcd
76891eae395c4637b7f359565222ae16,80bf2114c8b94da1b824ade14128ea7a,d0b02e67e97a435192bf43f7bb0f902c,RADAR,RADAR_RIGHT_FRONT,1701174189502841,True,samples,samples/RADAR_RIGHT_FRONT/RADAR_RIGHT_FRONT_1701174189502841.pcd
952d0e3c54e64370bfc99bf84b193fb7,abc3a19f07de4554ac44b788cce7315b,d0b02e67e97a435192bf43f7bb0f902c,RADAR,RADAR_RIGHT_FRONT,1701174190005511,True,samples,samples/RADAR_RIGHT_FRONT/RADAR_RIGHT_FRONT_1701174190005511.pcd
f8ce7213518f4c6bb10e53a98967e8e0,9d75f3c77f384353b5477c981fb46011,d0b02e67e97a435192bf43f7bb0f902c,RADAR,RADAR_LEFT_FRONT,1701174170503933,True,samples,samples/RADAR_LEFT_FRONT/RADAR_LEFT_FRONT_1701174170503933.pcd
ebdaafe1a8ea4f8e9a2209964008100f,d61070d1f0eb4ebdbf6a3082758cfd57,d0b02e67e97a435192bf43f7bb0f902c,RADAR,RADAR_LEFT_FRONT,1701174170953720,True,samples,samples/RADAR_LEFT_FRONT/RADAR_LEFT_FRONT_1701174170953720.pcd
ecd66085ec3f4fcfb97a3be38d4ebde7,74315069a83c4013bcacf251d9928fe1,d0b02e67e97a435192bf43f7bb0f902c,RADAR,RADAR_LEFT_FRONT,1701174171501788,True,samples,samples/RADAR_LEFT_FRONT/RADAR_LEFT_FRONT_1701174171501788.pcd
9856112a80574aa497f7aae0c67cca5d,46e9fde57b0845da94c549c832796659,d0b02e67e97a435192bf43f7bb0f902c,RADAR,RADAR_LEFT_FRONT,1701174172003747,True,samples,samples/RADAR_LEFT_FRONT/RADAR_LEFT_FRONT_1701174172003747.pcd
068124e7997d422f93bad465f597aa66,5e7ef242185a4143814462c9fcf614c0,d0b02e67e97a435192bf43f7bb0f902c,RADAR,RADAR_LEFT_FRONT,1701174172505271,True,samples,samples/RADAR_LEFT_FRONT/RADAR_LEFT_FRONT_1701174172505271.pcd
7642b54da5a7438b954e73749cf0cb6a,58813f71db1447779ee3edc3fced1b68,d0b02e67e97a435192bf43f7bb0f902c,RADAR,RADAR_LEFT_FRONT,1701174173002134,True,samples,samples/RADAR_LEFT_FRONT/RADAR_LEFT_FRONT_1701174173002134.pcd
32b37a8fb1b7472eb81ffe99f235e174,8fead37877da4451b2cb3fc28c0a2df9,d0b02e67e97a435192bf43f7bb0f902c,RADAR,RADAR_LEFT_FRONT,1701174173503340,True,samples,samples/RADAR_LEFT_FRONT/RADAR_LEFT_FRONT_1701174173503340.pcd
2c0ae2ebd6c1406f9c49dfb4c0c66022,6eaa78ca11614526ae026ae75686c69e,d0b02e67e97a435192bf43f7bb0f902c,RADAR,RADAR_LEFT_FRONT,1701174174004953,True,samples,samples/RADAR_LEFT_FRONT/RADAR_LEFT_FRONT_1701174174004953.pcd
fe7b01598c37417eaf6e4458fd0dc7a9,dc80f86d4864439d98edf0612e4892dc,d0b02e67e97a435192bf43f7bb0f902c,RADAR,RADAR_LEFT_FRONT,1701174174502192,True,samples,samples/RADAR_LEFT_FRONT/RADAR_LEFT_FRONT_1701174174502192.pcd
d365287cc0fa4f77b3f778f4ce23b0a6,4d89463ec72c4a1a81f6d023b979b265,d0b02e67e97a435192bf43f7bb0f902c,RADAR,RADAR_LEFT_FRONT,1701174175003185,True,samples,samples/RADAR_LEFT_FRONT/RADAR_LEFT_FRONT_1701174175003185.pcd
5b99632666bd44cebe23110c98d9212a,5491f8939d344ac58185f2a7c73d86d7,d0b02e67e97a435192bf43f7bb0f902c,RADAR,RADAR_LEFT_FRONT,1701174175504788,True,samples,samples/RADAR_LEFT_FRONT/RADAR_LEFT_FRONT_1701174175504788.pcd
9d92c189a9024207a15763a26da13159,a87217a4529f494e9da56915badf6a85,d0b02e67e97a435192bf43f7bb0f902c,RADAR,RADAR_LEFT_FRONT,1701174176001781,True,samples,samples/RADAR_LEFT_FRONT/RADAR_LEFT_FRONT_1701174176001781.pcd
e201eedf27b54fb682a69e8e5ef6dacf,18049a9e579045b0bffd3fd107fc7ee7,d0b02e67e97a435192bf43f7bb0f902c,RADAR,RADAR_LEFT_FRONT,1701174176503555,True,samples,samples/RADAR_LEFT_FRONT/RADAR_LEFT_FRONT_1701174176503555.pcd
7cdcb33b903c47afa1076df42dbbc2e3,eb1934dd31474c05868325b6c31fc2df,d0b02e67e97a435192bf43f7bb0f902c,RADAR,RADAR_LEFT_FRONT,1701174177004383,True,samples,samples/RADAR_LEFT_FRONT/RADAR_LEFT_FRONT_1701174177004383.pcd
3870bd512bad4a10a0e112deea20d6ca,1e4312d50f3f432e95142cfe773af936,d0b02e67e97a435192bf43f7bb0f902c,RADAR,RADAR_LEFT_FRONT,1701174177502433,True,samples,samples/RADAR_LEFT_FRONT/RADAR_LEFT_FRONT_1701174177502433.pcd
3d70312092ee498482eeb76f387c4e5c,890b47ea4045423a9b0ca56f584c1aee,d0b02e67e97a435192bf43f7bb0f902c,RADAR,RADAR_LEFT_FRONT,1701174178003007,True,samples,samples/RADAR_LEFT_FRONT/RADAR_LEFT_FRONT_1701174178003007.pcd
353d3ab11c514d0ea7908c62b69336d0,960323dc7d534ab5aa9280808a29f280,d0b02e67e97a435192bf43f7bb0f902c,RADAR,RADAR_LEFT_FRONT,1701174178505624,True,samples,samples/RADAR_LEFT_FRONT/RADAR_LEFT_FRONT_1701174178505624.pcd
1a5f1d988d7341848c0959e2c5fc13e3,e4615d6d7e5b4d8989a3bed70a3f8aba,d0b02e67e97a435192bf43f7bb0f902c,RADAR,RADAR_LEFT_FRONT,1701174179001985,True,samples,samples/RADAR_LEFT_FRONT/RADAR_LEFT_FRONT_1701174179001985.pcd
27aea99d62cb4664b9dc7b218283cb63,b512ae4bb98c4adcb570163a783ba1b1,d0b02e67e97a435192bf43f7bb0f902c,RADAR,RADAR_LEFT_FRONT,1701174179504010,True,samples,samples/RADAR_LEFT_FRONT/RADAR_LEFT_FRONT_1701174179504010.pcd
5c352a8da5b0472abf47a52e21ee9579,5506016eb8744666a78cdf74299839bb,d0b02e67e97a435192bf43f7bb0f902c,RADAR,RADAR_LEFT_FRONT,1701174180005638,True,samples,samples/RADAR_LEFT_FRONT/RADAR_LEFT_FRONT_1701174180005638.pcd
1fc838afdb6643daa60c5f0932b364ac,05dd1b152df640e5bb7b915f5758b739,d0b02e67e97a435192bf43f7bb0f902c,RADAR,RADAR_LEFT_FRONT,1701174180502602,True,samples,samples/RADAR_LEFT_FRONT/RADAR_LEFT_FRONT_1701174180502602.pcd
c26127456fdc49258554031762d704f1,42d984d09e10442096c330abcaaa16b8,d0b02e67e97a435192bf43f7bb0f902c,RADAR,RADAR_LEFT_FRONT,1701174181003920,True,samples,samples/RADAR_LEFT_FRONT/RADAR_LEFT_FRONT_1701174181003920.pcd
068e3944d860453bb0de054c886ddde1,820da4bfc83143079d6444793dea903a,d0b02e67e97a435192bf43f7bb0f902c,RADAR,RADAR_LEFT_FRONT,1701174181505259,True,samples,samples/RADAR_LEFT_FRONT/RADAR_LEFT_FRONT_1701174181505259.pcd
aa1836e08f724e459a6d58763c9bcdb5,e261df7d29c84cde8d408c5571ae44a5,d0b02e67e97a435192bf43f7bb0f902c,RADAR,RADAR_LEFT_FRONT,1701174182001698,True,samples,samples/RADAR_LEFT_FRONT/RADAR_LEFT_FRONT_1701174182001698.pcd
f1675f3363bd4046b0566b4313247e84,cf11812a2090490bb96be72aa701cd97,d0b02e67e97a435192bf43f7bb0f902c,RADAR,RADAR_LEFT_FRONT,1701174182503604,True,samples,samples/RADAR_LEFT_FRONT/RADAR_LEFT_FRONT_1701174182503604.pcd
c66bb6b503864e2a9799434928aa4e0a,8632c70a010c410ea60e0e03c605659a,d0b02e67e97a435192bf43f7bb0f902c,RADAR,RADAR_LEFT_FRONT,1701174183005119,True,samples,samples/RADAR_LEFT_FRONT/RADAR_LEFT_FRONT_1701174183005119.pcd
b3e3b80c36bb426bbc5e52de8388870e,2a75e8b11a3b4e64bbea3de7c0886379,d0b02e67e97a435192bf43f7bb0f902c,RADAR,RADAR_LEFT_FRONT,1701174183502050,True,samples,samples/RADAR_LEFT_FRONT/RADAR_LEFT_FRONT_1701174183502050.pcd
60b18a7a823743ec8a6c51c8091a4144,2f54f880546c4537b1562888bef4a710,d0b02e67e97a435192bf43f7bb0f902c,RADAR,RADAR_LEFT_FRONT,1701174184003284,True,samples,samples/RADAR_LEFT_FRONT/RADAR_LEFT_FRONT_1701174184003284.pcd
9a516827f1fc499a9fbe9b7d4a9c1782,e59952ad704f4cb58c01f74e21c6251c,d0b02e67e97a435192bf43f7bb0f902c,RADAR,RADAR_LEFT_FRONT,1701174184504825,True,samples,samples/RADAR_LEFT_FRONT/RADAR_LEFT_FRONT_1701174184504825.pcd
542a858f355d461691211321a1d08364,ecac575c0ef94854bd31474102fc7bdd,d0b02e67e97a435192bf43f7bb0f902c,RADAR,RADAR_LEFT_FRONT,1701174185002142,True,samples,samples/RADAR_LEFT_FRONT/RADAR_LEFT_FRONT_1701174185002142.pcd
a5f5c96ac7664c55915136a320888796,ae92726ca1c7497b8d312122603399ec,d0b02e67e97a435192bf43f7bb0f902c,RADAR,RADAR_LEFT_FRONT,1701174185503010,True,samples,samples/RADAR_LEFT_FRONT/RADAR_LEFT_FRONT_1701174185503010.pcd
11b6b45f2edf4399b9ecee6e03404981,22f971faaa804e60a46de1b33b76167c,d0b02e67e97a435192bf43f7bb0f902c,RADAR,RADAR_LEFT_FRONT,1701174186004654,True,samples,samples/RADAR_LEFT_FRONT/RADAR_LEFT_FRONT_1701174186004654.pcd
538279434cdc48f5927963f93344f77d,31f10293e9214bcda362d7d968b80297,d0b02e67e97a435192bf43f7bb0f902c,RADAR,RADAR_LEFT_FRONT,1701174186501627,True,samples,samples/RADAR_LEFT_FRONT/RADAR_LEFT_FRONT_1701174186501627.pcd
bf16f81163674161a5cca2fe8b487f31,f5db1031dd334e8c8eb03bedf91c5bba,d0b02e67e97a435192bf43f7bb0f902c,RADAR,RADAR_LEFT_FRONT,1701174187003455,True,samples,samples/RADAR_LEFT_FRONT/RADAR_LEFT_FRONT_1701174187003455.pcd
b892c9b471c5426f9f0e92f21e2a6e7f,f30cc75a84fd4777b255f7d540c150d6,d0b02e67e97a435192bf43f7bb0f902c,RADAR,RADAR_LEFT_FRONT,1701174187504272,True,samples,samples/RADAR_LEFT_FRONT/RADAR_LEFT_FRONT_1701174187504272.pcd
81ae3fa2c98d4ba1bda571f20a2b2b48,ac4e4e1e38fc42f69e1a1b91086ce77a,d0b02e67e97a435192bf43f7bb0f902c,RADAR,RADAR_LEFT_FRONT,1701174188002308,True,samples,samples/RADAR_LEFT_FRONT/RADAR_LEFT_FRONT_1701174188002308.pcd
5335825cde044489b32722bda849533b,5ab589390a0f4fc9a6e5acd152aea650,d0b02e67e97a435192bf43f7bb0f902c,RADAR,RADAR_LEFT_FRONT,1701174188502874,True,samples,samples/RADAR_LEFT_FRONT/RADAR_LEFT_FRONT_1701174188502874.pcd
4f40969224d043a6b3948ba63d4d6280,f03439e032294f6989ef7d6d91b32101,d0b02e67e97a435192bf43f7bb0f902c,RADAR,RADAR_LEFT_FRONT,1701174189005498,True,samples,samples/RADAR_LEFT_FRONT/RADAR_LEFT_FRONT_1701174189005498.pcd
c9231e74ee8e4f6a8013de0eb9354241,80bf2114c8b94da1b824ade14128ea7a,d0b02e67e97a435192bf43f7bb0f902c,RADAR,RADAR_LEFT_FRONT,1701174189501855,True,samples,samples/RADAR_LEFT_FRONT/RADAR_LEFT_FRONT_1701174189501855.pcd
d8732feb1607472bb06054ad546f93fa,abc3a19f07de4554ac44b788cce7315b,d0b02e67e97a435192bf43f7bb0f902c,RADAR,RADAR_LEFT_FRONT,1701174190003874,True,samples,samples/RADAR_LEFT_FRONT/RADAR_LEFT_FRONT_1701174190003874.pcd
c4d23ad2923a4926881413a64a1feb92,9d75f3c77f384353b5477c981fb46011,d0b02e67e97a435192bf43f7bb0f902c,RADAR,RADAR_LEFT_SIDE,1701174170504255,True,samples,samples/RADAR_LEFT_SIDE/RADAR_LEFT_SIDE_1701174170504255.pcd
d6e88bb4e8a5437a838ccd539e94847a,d61070d1f0eb4ebdbf6a3082758cfd57,d0b02e67e97a435192bf43f7bb0f902c,RADAR,RADAR_LEFT_SIDE,1701174170953833,True,samples,samples/RADAR_LEFT_SIDE/RADAR_LEFT_SIDE_1701174170953833.pcd
033314c6b47e41f78818e1af56f32c64,74315069a83c4013bcacf251d9928fe1,d0b02e67e97a435192bf43f7bb0f902c,RADAR,RADAR_LEFT_SIDE,1701174171501872,True,samples,samples/RADAR_LEFT_SIDE/RADAR_LEFT_SIDE_1701174171501872.pcd
20bdaa40842a4ee1b6ca1f5af3babbdc,46e9fde57b0845da94c549c832796659,d0b02e67e97a435192bf43f7bb0f902c,RADAR,RADAR_LEFT_SIDE,1701174172003866,True,samples,samples/RADAR_LEFT_SIDE/RADAR_LEFT_SIDE_1701174172003866.pcd
790ba026116d4562a8d48823cfd4447f,5e7ef242185a4143814462c9fcf614c0,d0b02e67e97a435192bf43f7bb0f902c,RADAR,RADAR_LEFT_SIDE,1701174172505388,True,samples,samples/RADAR_LEFT_SIDE/RADAR_LEFT_SIDE_1701174172505388.pcd
cc8de2a2ca284de281bc322aa12ccb5a,58813f71db1447779ee3edc3fced1b68,d0b02e67e97a435192bf43f7bb0f902c,RADAR,RADAR_LEFT_SIDE,1701174173002258,True,samples,samples/RADAR_LEFT_SIDE/RADAR_LEFT_SIDE_1701174173002258.pcd
29430c691ab240c6889f22c063baff53,8fead37877da4451b2cb3fc28c0a2df9,d0b02e67e97a435192bf43f7bb0f902c,RADAR,RADAR_LEFT_SIDE,1701174173503462,True,samples,samples/RADAR_LEFT_SIDE/RADAR_LEFT_SIDE_1701174173503462.pcd
ec4e8494571f47c99753bd1b9a200dc5,6eaa78ca11614526ae026ae75686c69e,d0b02e67e97a435192bf43f7bb0f902c,RADAR,RADAR_LEFT_SIDE,1701174174005024,True,samples,samples/RADAR_LEFT_SIDE/RADAR_LEFT_SIDE_1701174174005024.pcd
6362ab18593f49bbb71e66f2a5730901,dc80f86d4864439d98edf0612e4892dc,d0b02e67e97a435192bf43f7bb0f902c,RADAR,RADAR_LEFT_SIDE,1701174174502264,True,samples,samples/RADAR_LEFT_SIDE/RADAR_LEFT_SIDE_1701174174502264.pcd
7a6ab2f630214be5898f0dcdace5070b,4d89463ec72c4a1a81f6d023b979b265,d0b02e67e97a435192bf43f7bb0f902c,RADAR,RADAR_LEFT_SIDE,1701174175003315,True,samples,samples/RADAR_LEFT_SIDE/RADAR_LEFT_SIDE_1701174175003315.pcd
88bd6e49cbf64c3285090f4784360b31,5491f8939d344ac58185f2a7c73d86d7,d0b02e67e97a435192bf43f7bb0f902c,RADAR,RADAR_LEFT_SIDE,1701174175504872,True,samples,samples/RADAR_LEFT_SIDE/RADAR_LEFT_SIDE_1701174175504872.pcd
b5da4b0051b344d99c36150bf66221e5,a87217a4529f494e9da56915badf6a85,d0b02e67e97a435192bf43f7bb0f902c,RADAR,RADAR_LEFT_SIDE,1701174176001886,True,samples,samples/RADAR_LEFT_SIDE/RADAR_LEFT_SIDE_1701174176001886.pcd
47c16f1e9c4a4eebb039a70f2a3b0c66,18049a9e579045b0bffd3fd107fc7ee7,d0b02e67e97a435192bf43f7bb0f902c,RADAR,RADAR_LEFT_SIDE,1701174176503718,True,samples,samples/RADAR_LEFT_SIDE/RADAR_LEFT_SIDE_1701174176503718.pcd
892cb193a8f6413d9e5b0b81d2b1c147,eb1934dd31474c05868325b6c31fc2df,d0b02e67e97a435192bf43f7bb0f902c,RADAR,RADAR_LEFT_SIDE,1701174177004468,True,samples,samples/RADAR_LEFT_SIDE/RADAR_LEFT_SIDE_1701174177004468.pcd
c1d605fd38ac4e368ad89166d471ea33,1e4312d50f3f432e95142cfe773af936,d0b02e67e97a435192bf43f7bb0f902c,RADAR,RADAR_LEFT_SIDE,1701174177502498,True,samples,samples/RADAR_LEFT_SIDE/RADAR_LEFT_SIDE_1701174177502498.pcd
1e9520f0297946cb9caf60806b0e60f6,890b47ea4045423a9b0ca56f584c1aee,d0b02e67e97a435192bf43f7bb0f902c,RADAR,RADAR_LEFT_SIDE,1701174178003090,True,samples,samples/RADAR_LEFT_SIDE/RADAR_LEFT_SIDE_1701174178003090.pcd
e7267f5485934c519cbdf522bd315635,960323dc7d534ab5aa9280808a29f280,d0b02e67e97a435192bf43f7bb0f902c,RADAR,RADAR_LEFT_SIDE,1701174178505689,True,samples,samples/RADAR_LEFT_SIDE/RADAR_LEFT_SIDE_1701174178505689.pcd
668935dd42a644bd8db82b6f9eaaf99f,e4615d6d7e5b4d8989a3bed70a3f8aba,d0b02e67e97a435192bf43f7bb0f902c,RADAR,RADAR_LEFT_SIDE,1701174179002508,True,samples,samples/RADAR_LEFT_SIDE/RADAR_LEFT_SIDE_1701174179002508.pcd
4a688bd680244482b74913880b3b0b18,b512ae4bb98c4adcb570163a783ba1b1,d0b02e67e97a435192bf43f7bb0f902c,RADAR,RADAR_LEFT_SIDE,1701174179504216,True,samples,samples/RADAR_LEFT_SIDE/RADAR_LEFT_SIDE_1701174179504216.pcd
b62cb27dcd5a4aefbbc204f790fe1d5a,5506016eb8744666a78cdf74299839bb,d0b02e67e97a435192bf43f7bb0f902c,RADAR,RADAR_LEFT_SIDE,1701174180005668,True,samples,samples/RADAR_LEFT_SIDE/RADAR_LEFT_SIDE_1701174180005668.pcd
80700241e864490f8afff4ffefc1176c,05dd1b152df640e5bb7b915f5758b739,d0b02e67e97a435192bf43f7bb0f902c,RADAR,RADAR_LEFT_SIDE,1701174180502668,True,samples,samples/RADAR_LEFT_SIDE/RADAR_LEFT_SIDE_1701174180502668.pcd
da406a2690b44229b93e2b243dad4dcc,42d984d09e10442096c330abcaaa16b8,d0b02e67e97a435192bf43f7bb0f902c,RADAR,RADAR_LEFT_SIDE,1701174181004002,True,samples,samples/RADAR_LEFT_SIDE/RADAR_LEFT_SIDE_1701174181004002.pcd
c2ea8cc342e94bf298c99bcc2ff1faf2,820da4bfc83143079d6444793dea903a,d0b02e67e97a435192bf43f7bb0f902c,RADAR,RADAR_LEFT_SIDE,1701174181505601,True,samples,samples/RADAR_LEFT_SIDE/RADAR_LEFT_SIDE_1701174181505601.pcd
e0fda89467f542f6a5bed79b5c9e9d85,e261df7d29c84cde8d408c5571ae44a5,d0b02e67e97a435192bf43f7bb0f902c,RADAR,RADAR_LEFT_SIDE,1701174182001789,True,samples,samples/RADAR_LEFT_SIDE/RADAR_LEFT_SIDE_1701174182001789.pcd
a2e94c672b4444949bc949c31712ab41,cf11812a2090490bb96be72aa701cd97,d0b02e67e97a435192bf43f7bb0f902c,RADAR,RADAR_LEFT_SIDE,1701174182503689,True,samples,samples/RADAR_LEFT_SIDE/RADAR_LEFT_SIDE_1701174182503689.pcd
50f2a60c019246f4834fe59c301eef94,8632c70a010c410ea60e0e03c605659a,d0b02e67e97a435192bf43f7bb0f902c,RADAR,RADAR_LEFT_SIDE,1701174183005279,True,samples,samples/RADAR_LEFT_SIDE/RADAR_LEFT_SIDE_1701174183005279.pcd
5a5dccaf86d04d659d62f3205fc97a9c,2a75e8b11a3b4e64bbea3de7c0886379,d0b02e67e97a435192bf43f7bb0f902c,RADAR,RADAR_LEFT_SIDE,1701174183502078,True,samples,samples/RADAR_LEFT_SIDE/RADAR_LEFT_SIDE_1701174183502078.pcd
90349bb5652047a5817b0b9a6f4ca381,2f54f880546c4537b1562888bef4a710,d0b02e67e97a435192bf43f7bb0f902c,RADAR,RADAR_LEFT_SIDE,1701174184003404,True,samples,samples/RADAR_LEFT_SIDE/RADAR_LEFT_SIDE_1701174184003404.pcd
53a6fff6738e404a99b5009a8a15deb4,e59952ad704f4cb58c01f74e21c6251c,d0b02e67e97a435192bf43f7bb0f902c,RADAR,RADAR_LEFT_SIDE,1701174184504930,True,samples,samples/RADAR_LEFT_SIDE/RADAR_LEFT_SIDE_1701174184504930.pcd
a3cba231be0847019a4583b51ccf5456,ecac575c0ef94854bd31474102fc7bdd,d0b02e67e97a435192bf43f7bb0f902c,RADAR,RADAR_LEFT_SIDE,1701174185002277,True,samples,samples/RADAR_LEFT_SIDE/RADAR_LEFT_SIDE_1701174185002277.pcd
6f90d49fce2048cbbc6c3aa1df7d7b09,ae92726ca1c7497b8d312122603399ec,d0b02e67e97a435192bf43f7bb0f902c,RADAR,RADAR_LEFT_SIDE,1701174185503114,True,samples,samples/RADAR_LEFT_SIDE/RADAR_LEFT_SIDE_1701174185503114.pcd
86f01d17003d4eb1ba02ffe595d98d59,22f971faaa804e60a46de1b33b76167c,d0b02e67e97a435192bf43f7bb0f902c,RADAR,RADAR_LEFT_SIDE,1701174186004754,True,samples,samples/RADAR_LEFT_SIDE/RADAR_LEFT_SIDE_1701174186004754.pcd
7ff8035d0a664592876d78884c2b32d1,31f10293e9214bcda362d7d968b80297,d0b02e67e97a435192bf43f7bb0f902c,RADAR,RADAR_LEFT_SIDE,1701174186501741,True,samples,samples/RADAR_LEFT_SIDE/RADAR_LEFT_SIDE_1701174186501741.pcd
5b40a05bb0844b7887758947631aeafd,f5db1031dd334e8c8eb03bedf91c5bba,d0b02e67e97a435192bf43f7bb0f902c,RADAR,RADAR_LEFT_SIDE,1701174187003583,True,samples,samples/RADAR_LEFT_SIDE/RADAR_LEFT_SIDE_1701174187003583.pcd
3a3a5f30e1384add9fb0262ece083845,f30cc75a84fd4777b255f7d540c150d6,d0b02e67e97a435192bf43f7bb0f902c,RADAR,RADAR_LEFT_SIDE,1701174187504413,True,samples,samples/RADAR_LEFT_SIDE/RADAR_LEFT_SIDE_1701174187504413.pcd
12493b8d836a437db87ad7723f23cc69,ac4e4e1e38fc42f69e1a1b91086ce77a,d0b02e67e97a435192bf43f7bb0f902c,RADAR,RADAR_LEFT_SIDE,1701174188002415,True,samples,samples/RADAR_LEFT_SIDE/RADAR_LEFT_SIDE_1701174188002415.pcd
72329d61abcf4b18b457f291ab17f1f5,5ab589390a0f4fc9a6e5acd152aea650,d0b02e67e97a435192bf43f7bb0f902c,RADAR,RADAR_LEFT_SIDE,1701174188503017,True,samples,samples/RADAR_LEFT_SIDE/RADAR_LEFT_SIDE_1701174188503017.pcd
161c9d5af185450ebf5b0f093637c7c8,f03439e032294f6989ef7d6d91b32101,d0b02e67e97a435192bf43f7bb0f902c,RADAR,RADAR_LEFT_SIDE,1701174189005586,True,samples,samples/RADAR_LEFT_SIDE/RADAR_LEFT_SIDE_1701174189005586.pcd
bef615755d59418daba4b218b3a6df6f,80bf2114c8b94da1b824ade14128ea7a,d0b02e67e97a435192bf43f7bb0f902c,RADAR,RADAR_LEFT_SIDE,1701174189502022,True,samples,samples/RADAR_LEFT_SIDE/RADAR_LEFT_SIDE_1701174189502022.pcd
6970b451d34b4a48a3b9202305ee79fb,abc3a19f07de4554ac44b788cce7315b,d0b02e67e97a435192bf43f7bb0f902c,RADAR,RADAR_LEFT_SIDE,1701174190004030,True,samples,samples/RADAR_LEFT_SIDE/RADAR_LEFT_SIDE_1701174190004030.pcd
9d3dd44a73904425b5b8a148dded4662,9d75f3c77f384353b5477c981fb46011,d0b02e67e97a435192bf43f7bb0f902c,RADAR,RADAR_LEFT_BACK,1701174170505411,True,samples,samples/RADAR_LEFT_BACK/RADAR_LEFT_BACK_1701174170505411.pcd
17ed01fd09b149deb19ca9eec311c4b2,d61070d1f0eb4ebdbf6a3082758cfd57,d0b02e67e97a435192bf43f7bb0f902c,RADAR,RADAR_LEFT_BACK,1701174171002499,True,samples,samples/RADAR_LEFT_BACK/RADAR_LEFT_BACK_1701174171002499.pcd
0661cbd4c8b6404caedbc2ed9d48f24c,74315069a83c4013bcacf251d9928fe1,d0b02e67e97a435192bf43f7bb0f902c,RADAR,RADAR_LEFT_BACK,1701174171503768,True,samples,samples/RADAR_LEFT_BACK/RADAR_LEFT_BACK_1701174171503768.pcd
35f023f0fa8f46669abfad0c8765bada,46e9fde57b0845da94c549c832796659,d0b02e67e97a435192bf43f7bb0f902c,RADAR,RADAR_LEFT_BACK,1701174172005164,True,samples,samples/RADAR_LEFT_BACK/RADAR_LEFT_BACK_1701174172005164.pcd
0795d1af80c8484896dbd0ce019724dd,5e7ef242185a4143814462c9fcf614c0,d0b02e67e97a435192bf43f7bb0f902c,RADAR,RADAR_LEFT_BACK,1701174172501603,True,samples,samples/RADAR_LEFT_BACK/RADAR_LEFT_BACK_1701174172501603.pcd
490bcfeab1914eb5a576642e48e03623,58813f71db1447779ee3edc3fced1b68,d0b02e67e97a435192bf43f7bb0f902c,RADAR,RADAR_LEFT_BACK,1701174173003562,True,samples,samples/RADAR_LEFT_BACK/RADAR_LEFT_BACK_1701174173003562.pcd
0259e922c8ec43c68676ad50e9ec7fea,8fead37877da4451b2cb3fc28c0a2df9,d0b02e67e97a435192bf43f7bb0f902c,RADAR,RADAR_LEFT_BACK,1701174173505108,True,samples,samples/RADAR_LEFT_BACK/RADAR_LEFT_BACK_1701174173505108.pcd
f0f25c9d394c4e36b621b5005d1817f5,6eaa78ca11614526ae026ae75686c69e,d0b02e67e97a435192bf43f7bb0f902c,RADAR,RADAR_LEFT_BACK,1701174174001901,True,samples,samples/RADAR_LEFT_BACK/RADAR_LEFT_BACK_1701174174001901.pcd
64c818addd5a400b9215dfeb3d36b187,dc80f86d4864439d98edf0612e4892dc,d0b02e67e97a435192bf43f7bb0f902c,RADAR,RADAR_LEFT_BACK,1701174174503205,True,samples,samples/RADAR_LEFT_BACK/RADAR_LEFT_BACK_1701174174503205.pcd
1b016655656149d799d547a2eeafaa51,4d89463ec72c4a1a81f6d023b979b265,d0b02e67e97a435192bf43f7bb0f902c,RADAR,RADAR_LEFT_BACK,1701174175004817,True,samples,samples/RADAR_LEFT_BACK/RADAR_LEFT_BACK_1701174175004817.pcd
465fe81c83d440fea5c722bf53505abd,5491f8939d344ac58185f2a7c73d86d7,d0b02e67e97a435192bf43f7bb0f902c,RADAR,RADAR_LEFT_BACK,1701174175502043,True,samples,samples/RADAR_LEFT_BACK/RADAR_LEFT_BACK_1701174175502043.pcd
ea3ec8ae316041f2acff930537348df0,a87217a4529f494e9da56915badf6a85,d0b02e67e97a435192bf43f7bb0f902c,RADAR,RADAR_LEFT_BACK,1701174176002969,True,samples,samples/RADAR_LEFT_BACK/RADAR_LEFT_BACK_1701174176002969.pcd
4f69b5e7336745788e4f9bad13c8402d,18049a9e579045b0bffd3fd107fc7ee7,d0b02e67e97a435192bf43f7bb0f902c,RADAR,RADAR_LEFT_BACK,1701174176504578,True,samples,samples/RADAR_LEFT_BACK/RADAR_LEFT_BACK_1701174176504578.pcd
01ee499cb6a149368766980fe65d45cc,eb1934dd31474c05868325b6c31fc2df,d0b02e67e97a435192bf43f7bb0f902c,RADAR,RADAR_LEFT_BACK,1701174177001587,True,samples,samples/RADAR_LEFT_BACK/RADAR_LEFT_BACK_1701174177001587.pcd
e45df09d9d494ed3a2438d05592858a5,1e4312d50f3f432e95142cfe773af936,d0b02e67e97a435192bf43f7bb0f902c,RADAR,RADAR_LEFT_BACK,1701174177503359,True,samples,samples/RADAR_LEFT_BACK/RADAR_LEFT_BACK_1701174177503359.pcd
6294fba4dca64fb7923b77ee9a8b3754,890b47ea4045423a9b0ca56f584c1aee,d0b02e67e97a435192bf43f7bb0f902c,RADAR,RADAR_LEFT_BACK,1701174178004126,True,samples,samples/RADAR_LEFT_BACK/RADAR_LEFT_BACK_1701174178004126.pcd
f70c4aad942d4719b68b3f74e2fe7a6d,960323dc7d534ab5aa9280808a29f280,d0b02e67e97a435192bf43f7bb0f902c,RADAR,RADAR_LEFT_BACK,1701174178502297,True,samples,samples/RADAR_LEFT_BACK/RADAR_LEFT_BACK_1701174178502297.pcd
ffad29b1271e4173b94a733c2b1c9fd3,e4615d6d7e5b4d8989a3bed70a3f8aba,d0b02e67e97a435192bf43f7bb0f902c,RADAR,RADAR_LEFT_BACK,1701174179002827,True,samples,samples/RADAR_LEFT_BACK/RADAR_LEFT_BACK_1701174179002827.pcd
3df20495dc794edea2fad12aa8ef9af4,b512ae4bb98c4adcb570163a783ba1b1,d0b02e67e97a435192bf43f7bb0f902c,RADAR,RADAR_LEFT_BACK,1701174179505447,True,samples,samples/RADAR_LEFT_BACK/RADAR_LEFT_BACK_1701174179505447.pcd
bf293589124949298151e20d3920eb27,5506016eb8744666a78cdf74299839bb,d0b02e67e97a435192bf43f7bb0f902c,RADAR,RADAR_LEFT_BACK,1701174180001821,True,samples,samples/RADAR_LEFT_BACK/RADAR_LEFT_BACK_1701174180001821.pcd
66d97394779f4efd81a8ae1c6e87eb32,05dd1b152df640e5bb7b915f5758b739,d0b02e67e97a435192bf43f7bb0f902c,RADAR,RADAR_LEFT_BACK,1701174180503834,True,samples,samples/RADAR_LEFT_BACK/RADAR_LEFT_BACK_1701174180503834.pcd
6921897bdd1a487eae205f28a477279b,42d984d09e10442096c330abcaaa16b8,d0b02e67e97a435192bf43f7bb0f902c,RADAR,RADAR_LEFT_BACK,1701174181005336,True,samples,samples/RADAR_LEFT_BACK/RADAR_LEFT_BACK_1701174181005336.pcd
2bf26a0d2ec14dd4be0a142f1eb62d58,820da4bfc83143079d6444793dea903a,d0b02e67e97a435192bf43f7bb0f902c,RADAR,RADAR_LEFT_BACK,1701174181502452,True,samples,samples/RADAR_LEFT_BACK/RADAR_LEFT_BACK_1701174181502452.pcd
36dfa78bfd3f417594b9e63d01db6352,e261df7d29c84cde8d408c5571ae44a5,d0b02e67e97a435192bf43f7bb0f902c,RADAR,RADAR_LEFT_BACK,1701174182003956,True,samples,samples/RADAR_LEFT_BACK/RADAR_LEFT_BACK_1701174182003956.pcd
458c7cd5399d4321b3cf53d344f45d1d,cf11812a2090490bb96be72aa701cd97,d0b02e67e97a435192bf43f7bb0f902c,RADAR,RADAR_LEFT_BACK,1701174182505382,True,samples,samples/RADAR_LEFT_BACK/RADAR_LEFT_BACK_1701174182505382.pcd
91e2644e422e44ef945072dd2d4a5e2e,8632c70a010c410ea60e0e03c605659a,d0b02e67e97a435192bf43f7bb0f902c,RADAR,RADAR_LEFT_BACK,1701174183001763,True,samples,samples/RADAR_LEFT_BACK/RADAR_LEFT_BACK_1701174183001763.pcd
aa09eab5d128439eb1d4f2cf02abcb5a,2a75e8b11a3b4e64bbea3de7c0886379,d0b02e67e97a435192bf43f7bb0f902c,RADAR,RADAR_LEFT_BACK,1701174183503763,True,samples,samples/RADAR_LEFT_BACK/RADAR_LEFT_BACK_1701174183503763.pcd
7e9e7944c0014cdeb31572e7e960fd05,2f54f880546c4537b1562888bef4a710,d0b02e67e97a435192bf43f7bb0f902c,RADAR,RADAR_LEFT_BACK,1701174184005260,True,samples,samples/RADAR_LEFT_BACK/RADAR_LEFT_BACK_1701174184005260.pcd
26d0a6305414403496b02c92ca244a7d,e59952ad704f4cb58c01f74e21c6251c,d0b02e67e97a435192bf43f7bb0f902c,RADAR,RADAR_LEFT_BACK,1701174184502144,True,samples,samples/RADAR_LEFT_BACK/RADAR_LEFT_BACK_1701174184502144.pcd
7de363917e2c48edaccccd1bd8877e7d,ecac575c0ef94854bd31474102fc7bdd,d0b02e67e97a435192bf43f7bb0f902c,RADAR,RADAR_LEFT_BACK,1701174185003403,True,samples,samples/RADAR_LEFT_BACK/RADAR_LEFT_BACK_1701174185003403.pcd
b30f3650d05c4ad4862be60f6870965b,ae92726ca1c7497b8d312122603399ec,d0b02e67e97a435192bf43f7bb0f902c,RADAR,RADAR_LEFT_BACK,1701174185504948,True,samples,samples/RADAR_LEFT_BACK/RADAR_LEFT_BACK_1701174185504948.pcd
30d918911f46474dbff02de15bb6525a,22f971faaa804e60a46de1b33b76167c,d0b02e67e97a435192bf43f7bb0f902c,RADAR,RADAR_LEFT_BACK,1701174186002245,True,samples,samples/RADAR_LEFT_BACK/RADAR_LEFT_BACK_1701174186002245.pcd
033a0bd0e9724581884f7e539f2d27d6,31f10293e9214bcda362d7d968b80297,d0b02e67e97a435192bf43f7bb0f902c,RADAR,RADAR_LEFT_BACK,1701174186503169,True,samples,samples/RADAR_LEFT_BACK/RADAR_LEFT_BACK_1701174186503169.pcd
8e1f50a26ad44550b9a13f26a7428afe,f5db1031dd334e8c8eb03bedf91c5bba,d0b02e67e97a435192bf43f7bb0f902c,RADAR,RADAR_LEFT_BACK,1701174187004802,True,samples,samples/RADAR_LEFT_BACK/RADAR_LEFT_BACK_1701174187004802.pcd
2fd48335a41649138e7b5f9dee5f9473,f30cc75a84fd4777b255f7d540c150d6,d0b02e67e97a435192bf43f7bb0f902c,RADAR,RADAR_LEFT_BACK,1701174187501665,True,samples,samples/RADAR_LEFT_BACK/RADAR_LEFT_BACK_1701174187501665.pcd
a0df68a335a94809ad2ef76c23aa0263,ac4e4e1e38fc42f69e1a1b91086ce77a,d0b02e67e97a435192bf43f7bb0f902c,RADAR,RADAR_LEFT_BACK,1701174188003570,True,samples,samples/RADAR_LEFT_BACK/RADAR_LEFT_BACK_1701174188003570.pcd
caef9c6fa08a465e9f08919dd9c5f857,5ab589390a0f4fc9a6e5acd152aea650,d0b02e67e97a435192bf43f7bb0f902c,RADAR,RADAR_LEFT_BACK,1701174188504340,True,samples,samples/RADAR_LEFT_BACK/RADAR_LEFT_BACK_1701174188504340.pcd
c39146d3dcf340e08f0c69a00d7539a2,f03439e032294f6989ef7d6d91b32101,d0b02e67e97a435192bf43f7bb0f902c,RADAR,RADAR_LEFT_BACK,1701174189002415,True,samples,samples/RADAR_LEFT_BACK/RADAR_LEFT_BACK_1701174189002415.pcd
0cbc79f35b2f40aaba827f817da5b135,80bf2114c8b94da1b824ade14128ea7a,d0b02e67e97a435192bf43f7bb0f902c,RADAR,RADAR_LEFT_BACK,1701174189503078,True,samples,samples/RADAR_LEFT_BACK/RADAR_LEFT_BACK_1701174189503078.pcd
96aed61294a3459b8ce518ad0b6af3c5,abc3a19f07de4554ac44b788cce7315b,d0b02e67e97a435192bf43f7bb0f902c,RADAR,RADAR_LEFT_BACK,1701174190005691,True,samples,samples/RADAR_LEFT_BACK/RADAR_LEFT_BACK_1701174190005691.pcd
9a0c7d688d304a9799a07ddf6a97512d,e9f4a50a1b0a41a492edf7a4870f594c,b13b6eb5c4bf4479a631372af53baf28,RADAR,RADAR_RIGHT_BACK,1699973974905407,True,samples,samples/RADAR_RIGHT_BACK/RADAR_RIGHT_BACK_1699973974905407.pcd
68675ae5200a41848714436f094a8784,80587e2bcbc24524967ae3d9ebb2517a,b13b6eb5c4bf4479a631372af53baf28,RADAR,RADAR_RIGHT_BACK,1699973975402447,True,samples,samples/RADAR_RIGHT_BACK/RADAR_RIGHT_BACK_1699973975402447.pcd
30fd0fcba68447c7b614a633cdbed519,ce95e0afbb7245018e8645c3fd8a1bc6,b13b6eb5c4bf4479a631372af53baf28,RADAR,RADAR_RIGHT_BACK,1699973975903712,True,samples,samples/RADAR_RIGHT_BACK/RADAR_RIGHT_BACK_1699973975903712.pcd
16e3a7b0cda24dccbdec2b38c276d03e,3d64d76d8a914f1dad6e09956d6443b7,b13b6eb5c4bf4479a631372af53baf28,RADAR,RADAR_RIGHT_BACK,1699973976405171,True,samples,samples/RADAR_RIGHT_BACK/RADAR_RIGHT_BACK_1699973976405171.pcd
71a3f98f88494e709298e2d442da31ce,db3eb0f710004882b55e2dd1e7b9f606,b13b6eb5c4bf4479a631372af53baf28,RADAR,RADAR_RIGHT_BACK,1699973976901520,True,samples,samples/RADAR_RIGHT_BACK/RADAR_RIGHT_BACK_1699973976901520.pcd
8ea84bed33a7418481ef21439cfcb3d1,fc4f2122f1d44b22bf8ad29854af135f,b13b6eb5c4bf4479a631372af53baf28,RADAR,RADAR_RIGHT_BACK,1699973977403567,True,samples,samples/RADAR_RIGHT_BACK/RADAR_RIGHT_BACK_1699973977403567.pcd
b9819c54142f4de1918f2bc159f4b0c0,c0b2ee117e004da190dcfd033a30f641,b13b6eb5c4bf4479a631372af53baf28,RADAR,RADAR_RIGHT_BACK,1699973977905059,True,samples,samples/RADAR_RIGHT_BACK/RADAR_RIGHT_BACK_1699973977905059.pcd
5780f8d59460410bb1d1fb2207065f11,4fdb484979df426c9c795f52552887e7,b13b6eb5c4bf4479a631372af53baf28,RADAR,RADAR_RIGHT_BACK,1699973978402024,True,samples,samples/RADAR_RIGHT_BACK/RADAR_RIGHT_BACK_1699973978402024.pcd
9753d16cb6c44e98a2f13755ebe49180,0ffd727ee4d04207843493199bf12fe9,b13b6eb5c4bf4479a631372af53baf28,RADAR,RADAR_RIGHT_BACK,1699973978903181,True,samples,samples/RADAR_RIGHT_BACK/RADAR_RIGHT_BACK_1699973978903181.pcd
66f7f3d645af4edbbca828bc7504d038,728fb789245746ae9c5979f49181de0a,b13b6eb5c4bf4479a631372af53baf28,RADAR,RADAR_RIGHT_BACK,1699973979404808,True,samples,samples/RADAR_RIGHT_BACK/RADAR_RIGHT_BACK_1699973979404808.pcd
d0f41cb53ba74c5e8e27af43a61e8f23,301cc77681c94addbbafd10011477b45,b13b6eb5c4bf4479a631372af53baf28,RADAR,RADAR_RIGHT_BACK,1699973979902062,True,samples,samples/RADAR_RIGHT_BACK/RADAR_RIGHT_BACK_1699973979902062.pcd
9a114b9097d04fc2841a5dc011d52ab1,0a7844ac9902454292fe37c39d7e27ba,b13b6eb5c4bf4479a631372af53baf28,RADAR,RADAR_RIGHT_BACK,1699973980402978,True,samples,samples/RADAR_RIGHT_BACK/RADAR_RIGHT_BACK_1699973980402978.pcd
34ee16cfda614202ab7c1d3b95b0f8a3,69a9e258759e4c43931a00be16410656,b13b6eb5c4bf4479a631372af53baf28,RADAR,RADAR_RIGHT_BACK,1699973980904658,True,samples,samples/RADAR_RIGHT_BACK/RADAR_RIGHT_BACK_1699973980904658.pcd
8a9ae3c713da432393d5260c10204e74,0efe8fc67f014c2ebaf8b12581ae2b6d,b13b6eb5c4bf4479a631372af53baf28,RADAR,RADAR_RIGHT_BACK,1699973981401624,True,samples,samples/RADAR_RIGHT_BACK/RADAR_RIGHT_BACK_1699973981401624.pcd
a19772bd78814b3da8d9c905b4bc521d,bd668ece51fe418db7990a8539513299,b13b6eb5c4bf4479a631372af53baf28,RADAR,RADAR_RIGHT_BACK,1699973981903300,True,samples,samples/RADAR_RIGHT_BACK/RADAR_RIGHT_BACK_1699973981903300.pcd
6389c3d409744e8f98bd032258669639,848b9e73fd014bf0a78da8c453978822,b13b6eb5c4bf4479a631372af53baf28,RADAR,RADAR_RIGHT_BACK,1699973982352853,True,samples,samples/RADAR_RIGHT_BACK/RADAR_RIGHT_BACK_1699973982352853.pcd
817e2cf2e96f4eddb9b8a0dc7590b976,f7266f0631c84eac82c76a41a661eda1,b13b6eb5c4bf4479a631372af53baf28,RADAR,RADAR_RIGHT_BACK,1699973982902246,True,samples,samples/RADAR_RIGHT_BACK/RADAR_RIGHT_BACK_1699973982902246.pcd
31e52c25249e46a7a4e9796a6fe74d70,3f58555db3e348fd911d4a6df37d83d0,b13b6eb5c4bf4479a631372af53baf28,RADAR,RADAR_RIGHT_BACK,1699973983402799,True,samples,samples/RADAR_RIGHT_BACK/RADAR_RIGHT_BACK_1699973983402799.pcd
bc50dba4266a48058ca79e2ea60acb55,233456c1dd114acab949de6a6bb8c704,b13b6eb5c4bf4479a631372af53baf28,RADAR,RADAR_RIGHT_BACK,1699973983905541,True,samples,samples/RADAR_RIGHT_BACK/RADAR_RIGHT_BACK_1699973983905541.pcd
c94bf1082e7942078f24b97dccca98d8,1cfd4f53ec5b4d5fa4ced38e29274968,b13b6eb5c4bf4479a631372af53baf28,RADAR,RADAR_RIGHT_BACK,1699973984401819,True,samples,samples/RADAR_RIGHT_BACK/RADAR_RIGHT_BACK_1699973984401819.pcd
a36a64a6e8e14cb49c8dd569b08f63d9,0085b50c1d064bbba1c214e4d712d514,b13b6eb5c4bf4479a631372af53baf28,RADAR,RADAR_RIGHT_BACK,1699973984903905,True,samples,samples/RADAR_RIGHT_BACK/RADAR_RIGHT_BACK_1699973984903905.pcd
ac8830614c7c400ab9f61d6eb23eded8,4235fb5749094aeca76c365d88d2e901,b13b6eb5c4bf4479a631372af53baf28,RADAR,RADAR_RIGHT_BACK,1699973985405425,True,samples,samples/RADAR_RIGHT_BACK/RADAR_RIGHT_BACK_1699973985405425.pcd
1647fcf214c6477db3be7f3d81510add,9e7a04dbb9dd4f41a103ef7280d51b19,b13b6eb5c4bf4479a631372af53baf28,RADAR,RADAR_RIGHT_BACK,1699973985902498,True,samples,samples/RADAR_RIGHT_BACK/RADAR_RIGHT_BACK_1699973985902498.pcd
6e96d5ee27984877b80ca46b0a4c499a,4658e0b5cf6446b19273607532f1d7a8,b13b6eb5c4bf4479a631372af53baf28,RADAR,RADAR_RIGHT_BACK,1699973986403715,True,samples,samples/RADAR_RIGHT_BACK/RADAR_RIGHT_BACK_1699973986403715.pcd
bb287b2791ff47fbbeef96666367a383,ab1028c0aef4497481ce6ead95eae8b4,b13b6eb5c4bf4479a631372af53baf28,RADAR,RADAR_RIGHT_BACK,1699973986905110,True,samples,samples/RADAR_RIGHT_BACK/RADAR_RIGHT_BACK_1699973986905110.pcd
322855e5b51d404aabde9194b8529e6c,9698580f407f42b3a66fa06c3d67fc7b,b13b6eb5c4bf4479a631372af53baf28,RADAR,RADAR_RIGHT_BACK,1699973987401577,True,samples,samples/RADAR_RIGHT_BACK/RADAR_RIGHT_BACK_1699973987401577.pcd
8f76131273d1416db7a8226603d69f6a,3513b52c0aff4b35b81bea8dc55ede6b,b13b6eb5c4bf4479a631372af53baf28,RADAR,RADAR_RIGHT_BACK,1699973987903677,True,samples,samples/RADAR_RIGHT_BACK/RADAR_RIGHT_BACK_1699973987903677.pcd
c0c41de9faa24eb7aa6a72ee7cbb3c76,9d872a2768df4239af24b78af494435f,b13b6eb5c4bf4479a631372af53baf28,RADAR,RADAR_RIGHT_BACK,1699973988405064,True,samples,samples/RADAR_RIGHT_BACK/RADAR_RIGHT_BACK_1699973988405064.pcd
367b127dd0c144e7991c141ae00630b0,9f4cd7e6a69444c7afa7208021183235,b13b6eb5c4bf4479a631372af53baf28,RADAR,RADAR_RIGHT_BACK,1699973988902113,True,samples,samples/RADAR_RIGHT_BACK/RADAR_RIGHT_BACK_1699973988902113.pcd
e24c8b92f1f74736b9b0789ee6f00943,01ac03ac6766489fb3bcd9ecf5700ce5,b13b6eb5c4bf4479a631372af53baf28,RADAR,RADAR_RIGHT_BACK,1699973989403142,True,samples,samples/RADAR_RIGHT_BACK/RADAR_RIGHT_BACK_1699973989403142.pcd
65a6e20d192f4338a561e41820c30146,5ecba197ec55474fbb2a146cd1ca2594,b13b6eb5c4bf4479a631372af53baf28,RADAR,RADAR_RIGHT_BACK,1699973989904776,True,samples,samples/RADAR_RIGHT_BACK/RADAR_RIGHT_BACK_1699973989904776.pcd
fce3aa33a59247b3a76bffc1c06a46e8,30c09473abfb4055ade3017dd7875cb6,b13b6eb5c4bf4479a631372af53baf28,RADAR,RADAR_RIGHT_BACK,1699973990402071,True,samples,samples/RADAR_RIGHT_BACK/RADAR_RIGHT_BACK_1699973990402071.pcd
96be16bcac7c479fabb28c342e766e59,57f8607a62fd4faa8b7a0bb5458c6a1d,b13b6eb5c4bf4479a631372af53baf28,RADAR,RADAR_RIGHT_BACK,1699973990902999,True,samples,samples/RADAR_RIGHT_BACK/RADAR_RIGHT_BACK_1699973990902999.pcd
54c2501332034709b5197fcc3e697ad0,6971d80d24be4b029be0e143233f4261,b13b6eb5c4bf4479a631372af53baf28,RADAR,RADAR_RIGHT_BACK,1699973991404654,True,samples,samples/RADAR_RIGHT_BACK/RADAR_RIGHT_BACK_1699973991404654.pcd
8d7a3f65caf249589dcacb850372fa1e,63ca8d3dcbb0491a9a77079626a73c0d,b13b6eb5c4bf4479a631372af53baf28,RADAR,RADAR_RIGHT_BACK,1699973991901630,True,samples,samples/RADAR_RIGHT_BACK/RADAR_RIGHT_BACK_1699973991901630.pcd
6164d49f91c34dcd90927d533533b6b3,cdcb5969e1824bc4bd262ff795fbeae1,b13b6eb5c4bf4479a631372af53baf28,RADAR,RADAR_RIGHT_BACK,1699973992403411,True,samples,samples/RADAR_RIGHT_BACK/RADAR_RIGHT_BACK_1699973992403411.pcd
5f546d49dbe4489da95df2cdb9bc8f8d,843eca25e8c742deb381c7ed8642fb40,b13b6eb5c4bf4479a631372af53baf28,RADAR,RADAR_RIGHT_BACK,1699973992904206,True,samples,samples/RADAR_RIGHT_BACK/RADAR_RIGHT_BACK_1699973992904206.pcd
f925421827044bfbb801672fb075a663,053bc5e0decd465aa6fc47606f82b17f,b13b6eb5c4bf4479a631372af53baf28,RADAR,RADAR_RIGHT_BACK,1699973993402251,True,samples,samples/RADAR_RIGHT_BACK/RADAR_RIGHT_BACK_1699973993402251.pcd
99d3d615b93546f5a941d930c7c4f617,709d08c09f2c4c0e81dd3ecf76e57168,b13b6eb5c4bf4479a631372af53baf28,RADAR,RADAR_RIGHT_BACK,1699973993902889,True,samples,samples/RADAR_RIGHT_BACK/RADAR_RIGHT_BACK_1699973993902889.pcd
cb177a79f8f14cc6939a4cd4a8d41a28,4808479e83bc48d78248ece72cb7ae5f,b13b6eb5c4bf4479a631372af53baf28,RADAR,RADAR_RIGHT_BACK,1699973994405495,True,samples,samples/RADAR_RIGHT_BACK/RADAR_RIGHT_BACK_1699973994405495.pcd
c7d4a5f48f5c42d0a0ef9ead118b05d2,e9f4a50a1b0a41a492edf7a4870f594c,b13b6eb5c4bf4479a631372af53baf28,RADAR,RADAR_RIGHT_SIDE,1699973974904648,True,samples,samples/RADAR_RIGHT_SIDE/RADAR_RIGHT_SIDE_1699973974904648.pcd
af99974dc29e40e493f284afc846ccb0,80587e2bcbc24524967ae3d9ebb2517a,b13b6eb5c4bf4479a631372af53baf28,RADAR,RADAR_RIGHT_SIDE,1699973975401618,True,samples,samples/RADAR_RIGHT_SIDE/RADAR_RIGHT_SIDE_1699973975401618.pcd
164ff35ca04846a899fdbccce59535bb,ce95e0afbb7245018e8645c3fd8a1bc6,b13b6eb5c4bf4479a631372af53baf28,RADAR,RADAR_RIGHT_SIDE,1699973975903445,True,samples,samples/RADAR_RIGHT_SIDE/RADAR_RIGHT_SIDE_1699973975903445.pcd
20ded1da903d494fa400c01784880a88,3d64d76d8a914f1dad6e09956d6443b7,b13b6eb5c4bf4479a631372af53baf28,RADAR,RADAR_RIGHT_SIDE,1699973976404302,True,samples,samples/RADAR_RIGHT_SIDE/RADAR_RIGHT_SIDE_1699973976404302.pcd
00da4102079b4a40aedf18ffd543d647,db3eb0f710004882b55e2dd1e7b9f606,b13b6eb5c4bf4479a631372af53baf28,RADAR,RADAR_RIGHT_SIDE,1699973976902305,True,samples,samples/RADAR_RIGHT_SIDE/RADAR_RIGHT_SIDE_1699973976902305.pcd
d480de71c12649ba9cbd58ca91d690f7,fc4f2122f1d44b22bf8ad29854af135f,b13b6eb5c4bf4479a631372af53baf28,RADAR,RADAR_RIGHT_SIDE,1699973977403025,True,samples,samples/RADAR_RIGHT_SIDE/RADAR_RIGHT_SIDE_1699973977403025.pcd
649d270d99da40d2a11d4881fb9b30d9,c0b2ee117e004da190dcfd033a30f641,b13b6eb5c4bf4479a631372af53baf28,RADAR,RADAR_RIGHT_SIDE,1699973977905520,True,samples,samples/RADAR_RIGHT_SIDE/RADAR_RIGHT_SIDE_1699973977905520.pcd
2f4d1fc58ac144d2b2966068a9056b02,4fdb484979df426c9c795f52552887e7,b13b6eb5c4bf4479a631372af53baf28,RADAR,RADAR_RIGHT_SIDE,1699973978401910,True,samples,samples/RADAR_RIGHT_SIDE/RADAR_RIGHT_SIDE_1699973978401910.pcd
f69f455705ce4f6b92d13234209783d2,0ffd727ee4d04207843493199bf12fe9,b13b6eb5c4bf4479a631372af53baf28,RADAR,RADAR_RIGHT_SIDE,1699973978903989,True,samples,samples/RADAR_RIGHT_SIDE/RADAR_RIGHT_SIDE_1699973978903989.pcd
0e25282f0ae94c2b8489e97ce6c7adfc,728fb789245746ae9c5979f49181de0a,b13b6eb5c4bf4479a631372af53baf28,RADAR,RADAR_RIGHT_SIDE,1699973979405377,True,samples,samples/RADAR_RIGHT_SIDE/RADAR_RIGHT_SIDE_1699973979405377.pcd
fc75c390374a42f69d32beefc187845b,301cc77681c94addbbafd10011477b45,b13b6eb5c4bf4479a631372af53baf28,RADAR,RADAR_RIGHT_SIDE,1699973979902536,True,samples,samples/RADAR_RIGHT_SIDE/RADAR_RIGHT_SIDE_1699973979902536.pcd
56eb153212054030828637722aee4c06,0a7844ac9902454292fe37c39d7e27ba,b13b6eb5c4bf4479a631372af53baf28,RADAR,RADAR_RIGHT_SIDE,1699973980403794,True,samples,samples/RADAR_RIGHT_SIDE/RADAR_RIGHT_SIDE_1699973980403794.pcd
380cd2c2f7e143c0a5488fed3a470087,69a9e258759e4c43931a00be16410656,b13b6eb5c4bf4479a631372af53baf28,RADAR,RADAR_RIGHT_SIDE,1699973980905259,True,samples,samples/RADAR_RIGHT_SIDE/RADAR_RIGHT_SIDE_1699973980905259.pcd
1389800dc84242df85b9dfb37dd41f36,0efe8fc67f014c2ebaf8b12581ae2b6d,b13b6eb5c4bf4479a631372af53baf28,RADAR,RADAR_RIGHT_SIDE,1699973981401641,True,samples,samples/RADAR_RIGHT_SIDE/RADAR_RIGHT_SIDE_1699973981401641.pcd
9d5c5c71b19244cda799b26417ffccc9,bd668ece51fe418db7990a8539513299,b13b6eb5c4bf4479a631372af53baf28,RADAR,RADAR_RIGHT_SIDE,1699973981903593,True,samples,samples/RADAR_RIGHT_SIDE/RADAR_RIGHT_SIDE_1699973981903593.pcd
8a0f2ca5b4ea4268a6893bbadf6a27b5,848b9e73fd014bf0a78da8c453978822,b13b6eb5c4bf4479a631372af53baf28,RADAR,RADAR_RIGHT_SIDE,1699973982405127,True,samples,samples/RADAR_RIGHT_SIDE/RADAR_RIGHT_SIDE_1699973982405127.pcd
9760b292c603401b8ba7fda2e8fb4d78,f7266f0631c84eac82c76a41a661eda1,b13b6eb5c4bf4479a631372af53baf28,RADAR,RADAR_RIGHT_SIDE,1699973982902049,True,samples,samples/RADAR_RIGHT_SIDE/RADAR_RIGHT_SIDE_1699973982902049.pcd
55f9fec85daa4ea5a7096a3208a6341e,3f58555db3e348fd911d4a6df37d83d0,b13b6eb5c4bf4479a631372af53baf28,RADAR,RADAR_RIGHT_SIDE,1699973983403289,True,samples,samples/RADAR_RIGHT_SIDE/RADAR_RIGHT_SIDE_1699973983403289.pcd
16c6527778464d7b8acf8acc9894c70b,233456c1dd114acab949de6a6bb8c704,b13b6eb5c4bf4479a631372af53baf28,RADAR,RADAR_RIGHT_SIDE,1699973983904805,True,samples,samples/RADAR_RIGHT_SIDE/RADAR_RIGHT_SIDE_1699973983904805.pcd
d06f754d352d46b9856733708bba9724,1cfd4f53ec5b4d5fa4ced38e29274968,b13b6eb5c4bf4479a631372af53baf28,RADAR,RADAR_RIGHT_SIDE,1699973984402059,True,samples,samples/RADAR_RIGHT_SIDE/RADAR_RIGHT_SIDE_1699973984402059.pcd
acd4ffe701704bb48dd387ea1a7404eb,0085b50c1d064bbba1c214e4d712d514,b13b6eb5c4bf4479a631372af53baf28,RADAR,RADAR_RIGHT_SIDE,1699973984903174,True,samples,samples/RADAR_RIGHT_SIDE/RADAR_RIGHT_SIDE_1699973984903174.pcd
3e8f93aa120640cdaf7c84b2eb954217,4235fb5749094aeca76c365d88d2e901,b13b6eb5c4bf4479a631372af53baf28,RADAR,RADAR_RIGHT_SIDE,1699973985404671,True,samples,samples/RADAR_RIGHT_SIDE/RADAR_RIGHT_SIDE_1699973985404671.pcd
d030ebf3535244f1ac034ba817b70f79,9e7a04dbb9dd4f41a103ef7280d51b19,b13b6eb5c4bf4479a631372af53baf28,RADAR,RADAR_RIGHT_SIDE,1699973985901665,True,samples,samples/RADAR_RIGHT_SIDE/RADAR_RIGHT_SIDE_1699973985901665.pcd
3cc4b0664b43414f95a1e88a5ae1e6e1,4658e0b5cf6446b19273607532f1d7a8,b13b6eb5c4bf4479a631372af53baf28,RADAR,RADAR_RIGHT_SIDE,1699973986403461,True,samples,samples/RADAR_RIGHT_SIDE/RADAR_RIGHT_SIDE_1699973986403461.pcd
5dbd03c2ac254efabf2b11c1bafec23d,ab1028c0aef4497481ce6ead95eae8b4,b13b6eb5c4bf4479a631372af53baf28,RADAR,RADAR_RIGHT_SIDE,1699973986904326,True,samples,samples/RADAR_RIGHT_SIDE/RADAR_RIGHT_SIDE_1699973986904326.pcd
14b97b9dda0b486199c659440b6126dc,9698580f407f42b3a66fa06c3d67fc7b,b13b6eb5c4bf4479a631372af53baf28,RADAR,RADAR_RIGHT_SIDE,1699973987402259,True,samples,samples/RADAR_RIGHT_SIDE/RADAR_RIGHT_SIDE_1699973987402259.pcd
a0b5a5494c574c11b486542a9e9be5f9,3513b52c0aff4b35b81bea8dc55ede6b,b13b6eb5c4bf4479a631372af53baf28,RADAR,RADAR_RIGHT_SIDE,1699973987903068,True,samples,samples/RADAR_RIGHT_SIDE/RADAR_RIGHT_SIDE_1699973987903068.pcd
2a7a1a7c6e784b24b4d1a4839d29a386,9d872a2768df4239af24b78af494435f,b13b6eb5c4bf4479a631372af53baf28,RADAR,RADAR_RIGHT_SIDE,1699973988405489,True,samples,samples/RADAR_RIGHT_SIDE/RADAR_RIGHT_SIDE_1699973988405489.pcd
b4228c631bf94374a912022aa965d8cd,9f4cd7e6a69444c7afa7208021183235,b13b6eb5c4bf4479a631372af53baf28,RADAR,RADAR_RIGHT_SIDE,1699973988901933,True,samples,samples/RADAR_RIGHT_SIDE/RADAR_RIGHT_SIDE_1699973988901933.pcd
53b53e76c9f4403995e2c0a7c7fc347f,01ac03ac6766489fb3bcd9ecf5700ce5,b13b6eb5c4bf4479a631372af53baf28,RADAR,RADAR_RIGHT_SIDE,1699973989403928,True,samples,samples/RADAR_RIGHT_SIDE/RADAR_RIGHT_SIDE_1699973989403928.pcd
bfb76f4f34c8440fb42318e9cf80ecb6,5ecba197ec55474fbb2a146cd1ca2594,b13b6eb5c4bf4479a631372af53baf28,RADAR,RADAR_RIGHT_SIDE,1699973989905486,True,samples,samples/RADAR_RIGHT_SIDE/RADAR_RIGHT_SIDE_1699973989905486.pcd
5028e1ba58074c11bd9b31bb8e420047,30c09473abfb4055ade3017dd7875cb6,b13b6eb5c4bf4479a631372af53baf28,RADAR,RADAR_RIGHT_SIDE,1699973990402527,True,samples,samples/RADAR_RIGHT_SIDE/RADAR_RIGHT_SIDE_1699973990402527.pcd
5efec24addb046e1a4467ebf555d80ea,57f8607a62fd4faa8b7a0bb5458c6a1d,b13b6eb5c4bf4479a631372af53baf28,RADAR,RADAR_RIGHT_SIDE,1699973990903798,True,samples,samples/RADAR_RIGHT_SIDE/RADAR_RIGHT_SIDE_1699973990903798.pcd
a917ea7e6d0248318197f3e56565a450,6971d80d24be4b029be0e143233f4261,b13b6eb5c4bf4479a631372af53baf28,RADAR,RADAR_RIGHT_SIDE,1699973991405269,True,samples,samples/RADAR_RIGHT_SIDE/RADAR_RIGHT_SIDE_1699973991405269.pcd
78d6b08db8864f00ae858c160a5586a1,63ca8d3dcbb0491a9a77079626a73c0d,b13b6eb5c4bf4479a631372af53baf28,RADAR,RADAR_RIGHT_SIDE,1699973991901623,True,samples,samples/RADAR_RIGHT_SIDE/RADAR_RIGHT_SIDE_1699973991901623.pcd
0962ddb905574763af682f248f7ce277,cdcb5969e1824bc4bd262ff795fbeae1,b13b6eb5c4bf4479a631372af53baf28,RADAR,RADAR_RIGHT_SIDE,1699973992403649,True,samples,samples/RADAR_RIGHT_SIDE/RADAR_RIGHT_SIDE_1699973992403649.pcd
dc38ec1cccdc48f8a0db880e70eec2c2,843eca25e8c742deb381c7ed8642fb40,b13b6eb5c4bf4479a631372af53baf28,RADAR,RADAR_RIGHT_SIDE,1699973992905164,True,samples,samples/RADAR_RIGHT_SIDE/RADAR_RIGHT_SIDE_1699973992905164.pcd
a7ea48e566f44b6e989c5cb7b5739316,053bc5e0decd465aa6fc47606f82b17f,b13b6eb5c4bf4479a631372af53baf28,RADAR,RADAR_RIGHT_SIDE,1699973993402091,True,samples,samples/RADAR_RIGHT_SIDE/RADAR_RIGHT_SIDE_1699973993402091.pcd
c85ae0024d8d4c4d9446329ec5e194ef,709d08c09f2c4c0e81dd3ecf76e57168,b13b6eb5c4bf4479a631372af53baf28,RADAR,RADAR_RIGHT_SIDE,1699973993903317,True,samples,samples/RADAR_RIGHT_SIDE/RADAR_RIGHT_SIDE_1699973993903317.pcd
709719ed86df45699b11d253d48554e8,4808479e83bc48d78248ece72cb7ae5f,b13b6eb5c4bf4479a631372af53baf28,RADAR,RADAR_RIGHT_SIDE,1699973994404851,True,samples,samples/RADAR_RIGHT_SIDE/RADAR_RIGHT_SIDE_1699973994404851.pcd
3700357eb7cd4cba99fbfc4dbd38f47b,e9f4a50a1b0a41a492edf7a4870f594c,b13b6eb5c4bf4479a631372af53baf28,RADAR,RADAR_RIGHT_FRONT,1699973974901895,True,samples,samples/RADAR_RIGHT_FRONT/RADAR_RIGHT_FRONT_1699973974901895.pcd
818c71d65e364af2b09c0ac7285fbd56,80587e2bcbc24524967ae3d9ebb2517a,b13b6eb5c4bf4479a631372af53baf28,RADAR,RADAR_RIGHT_FRONT,1699973975403997,True,samples,samples/RADAR_RIGHT_FRONT/RADAR_RIGHT_FRONT_1699973975403997.pcd
7884f14a7f834fe68425a07464998505,ce95e0afbb7245018e8645c3fd8a1bc6,b13b6eb5c4bf4479a631372af53baf28,RADAR,RADAR_RIGHT_FRONT,1699973975905547,True,samples,samples/RADAR_RIGHT_FRONT/RADAR_RIGHT_FRONT_1699973975905547.pcd
8ce3f2466490403aa9dfe48e06441666,3d64d76d8a914f1dad6e09956d6443b7,b13b6eb5c4bf4479a631372af53baf28,RADAR,RADAR_RIGHT_FRONT,1699973976402671,True,samples,samples/RADAR_RIGHT_FRONT/RADAR_RIGHT_FRONT_1699973976402671.pcd
d2f00581e7934184a87a6bb6ac1e8ee2,db3eb0f710004882b55e2dd1e7b9f606,b13b6eb5c4bf4479a631372af53baf28,RADAR,RADAR_RIGHT_FRONT,1699973976903859,True,samples,samples/RADAR_RIGHT_FRONT/RADAR_RIGHT_FRONT_1699973976903859.pcd
ecc2aefee2954b5c8fbe3faf988a609e,fc4f2122f1d44b22bf8ad29854af135f,b13b6eb5c4bf4479a631372af53baf28,RADAR,RADAR_RIGHT_FRONT,1699973977405276,True,samples,samples/RADAR_RIGHT_FRONT/RADAR_RIGHT_FRONT_1699973977405276.pcd
0662c2dc6a78418b8d7dca7823415581,c0b2ee117e004da190dcfd033a30f641,b13b6eb5c4bf4479a631372af53baf28,RADAR,RADAR_RIGHT_FRONT,1699973977901669,True,samples,samples/RADAR_RIGHT_FRONT/RADAR_RIGHT_FRONT_1699973977901669.pcd
b0b9701f3f664105b0c32e2ea998cc27,4fdb484979df426c9c795f52552887e7,b13b6eb5c4bf4479a631372af53baf28,RADAR,RADAR_RIGHT_FRONT,1699973978403746,True,samples,samples/RADAR_RIGHT_FRONT/RADAR_RIGHT_FRONT_1699973978403746.pcd
cf9cc2458edb4dcda13a6c5d9544d312,0ffd727ee4d04207843493199bf12fe9,b13b6eb5c4bf4479a631372af53baf28,RADAR,RADAR_RIGHT_FRONT,1699973978905183,True,samples,samples/RADAR_RIGHT_FRONT/RADAR_RIGHT_FRONT_1699973978905183.pcd
eeb00dbc49eb4f02bbf1305577a65a29,728fb789245746ae9c5979f49181de0a,b13b6eb5c4bf4479a631372af53baf28,RADAR,RADAR_RIGHT_FRONT,1699973979402182,True,samples,samples/RADAR_RIGHT_FRONT/RADAR_RIGHT_FRONT_1699973979402182.pcd
c519a47f33e5492e957d1ae68f2ad24b,301cc77681c94addbbafd10011477b45,b13b6eb5c4bf4479a631372af53baf28,RADAR,RADAR_RIGHT_FRONT,1699973979903314,True,samples,samples/RADAR_RIGHT_FRONT/RADAR_RIGHT_FRONT_1699973979903314.pcd
51236012509a4ac48b2b9a425edde415,0a7844ac9902454292fe37c39d7e27ba,b13b6eb5c4bf4479a631372af53baf28,RADAR,RADAR_RIGHT_FRONT,1699973980405059,True,samples,samples/RADAR_RIGHT_FRONT/RADAR_RIGHT_FRONT_1699973980405059.pcd
a2d07751b4c74b2f832b87c9374cf6f4,69a9e258759e4c43931a00be16410656,b13b6eb5c4bf4479a631372af53baf28,RADAR,RADAR_RIGHT_FRONT,1699973980902243,True,samples,samples/RADAR_RIGHT_FRONT/RADAR_RIGHT_FRONT_1699973980902243.pcd
e3700870cbbe4686861c1b9dd2c52ae9,0efe8fc67f014c2ebaf8b12581ae2b6d,b13b6eb5c4bf4479a631372af53baf28,RADAR,RADAR_RIGHT_FRONT,1699973981403065,True,samples,samples/RADAR_RIGHT_FRONT/RADAR_RIGHT_FRONT_1699973981403065.pcd
a503aa691b864e248861bcd4f414c6eb,bd668ece51fe418db7990a8539513299,b13b6eb5c4bf4479a631372af53baf28,RADAR,RADAR_RIGHT_FRONT,1699973981904811,True,samples,samples/RADAR_RIGHT_FRONT/RADAR_RIGHT_FRONT_1699973981904811.pcd
aacf088e30d24a649e69cf4b36c3fc4a,848b9e73fd014bf0a78da8c453978822,b13b6eb5c4bf4479a631372af53baf28,RADAR,RADAR_RIGHT_FRONT,1699973982401766,True,samples,samples/RADAR_RIGHT_FRONT/RADAR_RIGHT_FRONT_1699973982401766.pcd
647282b6e63a45a1a3db60a7c5d54cca,f7266f0631c84eac82c76a41a661eda1,b13b6eb5c4bf4479a631372af53baf28,RADAR,RADAR_RIGHT_FRONT,1699973982852426,True,samples,samples/RADAR_RIGHT_FRONT/RADAR_RIGHT_FRONT_1699973982852426.pcd
f992666143f04b45a9872cea3518208b,3f58555db3e348fd911d4a6df37d83d0,b13b6eb5c4bf4479a631372af53baf28,RADAR,RADAR_RIGHT_FRONT,1699973983404375,True,samples,samples/RADAR_RIGHT_FRONT/RADAR_RIGHT_FRONT_1699973983404375.pcd
206112a7f768406eba1c8bf1213eca58,233456c1dd114acab949de6a6bb8c704,b13b6eb5c4bf4479a631372af53baf28,RADAR,RADAR_RIGHT_FRONT,1699973983902325,True,samples,samples/RADAR_RIGHT_FRONT/RADAR_RIGHT_FRONT_1699973983902325.pcd
e33c275729f74ddba949383f50cba24f,1cfd4f53ec5b4d5fa4ced38e29274968,b13b6eb5c4bf4479a631372af53baf28,RADAR,RADAR_RIGHT_FRONT,1699973984402888,True,samples,samples/RADAR_RIGHT_FRONT/RADAR_RIGHT_FRONT_1699973984402888.pcd
8ce58044edab410d89ad34f786cbb0f8,0085b50c1d064bbba1c214e4d712d514,b13b6eb5c4bf4479a631372af53baf28,RADAR,RADAR_RIGHT_FRONT,1699973984905568,True,samples,samples/RADAR_RIGHT_FRONT/RADAR_RIGHT_FRONT_1699973984905568.pcd
383c85e6bd09411bbb66704be00cd58a,4235fb5749094aeca76c365d88d2e901,b13b6eb5c4bf4479a631372af53baf28,RADAR,RADAR_RIGHT_FRONT,1699973985401929,True,samples,samples/RADAR_RIGHT_FRONT/RADAR_RIGHT_FRONT_1699973985401929.pcd
e64fc9ad6b0f449dbb190e1fe604f40c,9e7a04dbb9dd4f41a103ef7280d51b19,b13b6eb5c4bf4479a631372af53baf28,RADAR,RADAR_RIGHT_FRONT,1699973985904020,True,samples,samples/RADAR_RIGHT_FRONT/RADAR_RIGHT_FRONT_1699973985904020.pcd
a6cc6d3aea024996992c126018a68f4d,4658e0b5cf6446b19273607532f1d7a8,b13b6eb5c4bf4479a631372af53baf28,RADAR,RADAR_RIGHT_FRONT,1699973986405515,True,samples,samples/RADAR_RIGHT_FRONT/RADAR_RIGHT_FRONT_1699973986405515.pcd
1e4593fe93584ed184deef46a2ca930f,ab1028c0aef4497481ce6ead95eae8b4,b13b6eb5c4bf4479a631372af53baf28,RADAR,RADAR_RIGHT_FRONT,1699973986902523,True,samples,samples/RADAR_RIGHT_FRONT/RADAR_RIGHT_FRONT_1699973986902523.pcd
05e25192ab5240289b7e492f545a6abb,9698580f407f42b3a66fa06c3d67fc7b,b13b6eb5c4bf4479a631372af53baf28,RADAR,RADAR_RIGHT_FRONT,1699973987403898,True,samples,samples/RADAR_RIGHT_FRONT/RADAR_RIGHT_FRONT_1699973987403898.pcd
4a33ac78d1014a0abf5e820efcfb8e69,3513b52c0aff4b35b81bea8dc55ede6b,b13b6eb5c4bf4479a631372af53baf28,RADAR,RADAR_RIGHT_FRONT,1699973987905221,True,samples,samples/RADAR_RIGHT_FRONT/RADAR_RIGHT_FRONT_1699973987905221.pcd
07617b91d3ad46d4b70a3ef273f84b5f,9d872a2768df4239af24b78af494435f,b13b6eb5c4bf4479a631372af53baf28,RADAR,RADAR_RIGHT_FRONT,1699973988401657,True,samples,samples/RADAR_RIGHT_FRONT/RADAR_RIGHT_FRONT_1699973988401657.pcd
9bf35e02c9fb488b94c48107eb6aac69,9f4cd7e6a69444c7afa7208021183235,b13b6eb5c4bf4479a631372af53baf28,RADAR,RADAR_RIGHT_FRONT,1699973988903695,True,samples,samples/RADAR_RIGHT_FRONT/RADAR_RIGHT_FRONT_1699973988903695.pcd
079d523c70af461f9d95edef1de4ce87,01ac03ac6766489fb3bcd9ecf5700ce5,b13b6eb5c4bf4479a631372af53baf28,RADAR,RADAR_RIGHT_FRONT,1699973989405133,True,samples,samples/RADAR_RIGHT_FRONT/RADAR_RIGHT_FRONT_1699973989405133.pcd
f783d0b5fca446c0a5645964bb27fe76,5ecba197ec55474fbb2a146cd1ca2594,b13b6eb5c4bf4479a631372af53baf28,RADAR,RADAR_RIGHT_FRONT,1699973989902010,True,samples,samples/RADAR_RIGHT_FRONT/RADAR_RIGHT_FRONT_1699973989902010.pcd
ab1acdd983974a54846fdcdfe56711ab,30c09473abfb4055ade3017dd7875cb6,b13b6eb5c4bf4479a631372af53baf28,RADAR,RADAR_RIGHT_FRONT,1699973990403232,True,samples,samples/RADAR_RIGHT_FRONT/RADAR_RIGHT_FRONT_1699973990403232.pcd
ba33dd5eb82545f5ad8526b666b73743,57f8607a62fd4faa8b7a0bb5458c6a1d,b13b6eb5c4bf4479a631372af53baf28,RADAR,RADAR_RIGHT_FRONT,1699973990904832,True,samples,samples/RADAR_RIGHT_FRONT/RADAR_RIGHT_FRONT_1699973990904832.pcd
d6991caa8e1b4c0c8fd6844e3b68a2fd,6971d80d24be4b029be0e143233f4261,b13b6eb5c4bf4479a631372af53baf28,RADAR,RADAR_RIGHT_FRONT,1699973991402198,True,samples,samples/RADAR_RIGHT_FRONT/RADAR_RIGHT_FRONT_1699973991402198.pcd
c075ba272ff54a60858ea31a78492b89,63ca8d3dcbb0491a9a77079626a73c0d,b13b6eb5c4bf4479a631372af53baf28,RADAR,RADAR_RIGHT_FRONT,1699973991903122,True,samples,samples/RADAR_RIGHT_FRONT/RADAR_RIGHT_FRONT_1699973991903122.pcd
316aadeda4904bb080f54a36ee416ee6,cdcb5969e1824bc4bd262ff795fbeae1,b13b6eb5c4bf4479a631372af53baf28,RADAR,RADAR_RIGHT_FRONT,1699973992404717,True,samples,samples/RADAR_RIGHT_FRONT/RADAR_RIGHT_FRONT_1699973992404717.pcd
74051402458c4972aec9ff3806043f4b,843eca25e8c742deb381c7ed8642fb40,b13b6eb5c4bf4479a631372af53baf28,RADAR,RADAR_RIGHT_FRONT,1699973992901736,True,samples,samples/RADAR_RIGHT_FRONT/RADAR_RIGHT_FRONT_1699973992901736.pcd
13ace908cb0f41719cbf4805613d0bf6,053bc5e0decd465aa6fc47606f82b17f,b13b6eb5c4bf4479a631372af53baf28,RADAR,RADAR_RIGHT_FRONT,1699973993403505,True,samples,samples/RADAR_RIGHT_FRONT/RADAR_RIGHT_FRONT_1699973993403505.pcd
d04824615fc84b83bdda0e5a2a812c6d,709d08c09f2c4c0e81dd3ecf76e57168,b13b6eb5c4bf4479a631372af53baf28,RADAR,RADAR_RIGHT_FRONT,1699973993904271,True,samples,samples/RADAR_RIGHT_FRONT/RADAR_RIGHT_FRONT_1699973993904271.pcd
c365fb3d87dd474b9cce841869cd1df7,4808479e83bc48d78248ece72cb7ae5f,b13b6eb5c4bf4479a631372af53baf28,RADAR,RADAR_RIGHT_FRONT,1699973994402335,True,samples,samples/RADAR_RIGHT_FRONT/RADAR_RIGHT_FRONT_1699973994402335.pcd
f80ed32ae3b7488d8a140ef4b2e6d509,e9f4a50a1b0a41a492edf7a4870f594c,b13b6eb5c4bf4479a631372af53baf28,RADAR,RADAR_LEFT_FRONT,1699973974901837,True,samples,samples/RADAR_LEFT_FRONT/RADAR_LEFT_FRONT_1699973974901837.pcd
6ce684fcd37f448e9ba84d1cdce37d32,80587e2bcbc24524967ae3d9ebb2517a,b13b6eb5c4bf4479a631372af53baf28,RADAR,RADAR_LEFT_FRONT,1699973975403847,True,samples,samples/RADAR_LEFT_FRONT/RADAR_LEFT_FRONT_1699973975403847.pcd
b0b3af8a83e94cfe88a3cd3ce73c6716,ce95e0afbb7245018e8645c3fd8a1bc6,b13b6eb5c4bf4479a631372af53baf28,RADAR,RADAR_LEFT_FRONT,1699973975905415,True,samples,samples/RADAR_LEFT_FRONT/RADAR_LEFT_FRONT_1699973975905415.pcd
4143c7b43fb74d7aa7228184969f3ce2,3d64d76d8a914f1dad6e09956d6443b7,b13b6eb5c4bf4479a631372af53baf28,RADAR,RADAR_LEFT_FRONT,1699973976402459,True,samples,samples/RADAR_LEFT_FRONT/RADAR_LEFT_FRONT_1699973976402459.pcd
23ef0d38d4734784a2707e1a55ef8775,db3eb0f710004882b55e2dd1e7b9f606,b13b6eb5c4bf4479a631372af53baf28,RADAR,RADAR_LEFT_FRONT,1699973976903662,True,samples,samples/RADAR_LEFT_FRONT/RADAR_LEFT_FRONT_1699973976903662.pcd
f63b7815b19f4b648d21c6245420f003,fc4f2122f1d44b22bf8ad29854af135f,b13b6eb5c4bf4479a631372af53baf28,RADAR,RADAR_LEFT_FRONT,1699973977405171,True,samples,samples/RADAR_LEFT_FRONT/RADAR_LEFT_FRONT_1699973977405171.pcd
368b1255128a471ebfb799825918c88c,c0b2ee117e004da190dcfd033a30f641,b13b6eb5c4bf4479a631372af53baf28,RADAR,RADAR_LEFT_FRONT,1699973977901486,True,samples,samples/RADAR_LEFT_FRONT/RADAR_LEFT_FRONT_1699973977901486.pcd
eab6c8c6cc15407eb30ceb3785c1c400,4fdb484979df426c9c795f52552887e7,b13b6eb5c4bf4479a631372af53baf28,RADAR,RADAR_LEFT_FRONT,1699973978403548,True,samples,samples/RADAR_LEFT_FRONT/RADAR_LEFT_FRONT_1699973978403548.pcd
5d464d7f9d7c487f9d5db6d1a43eb54c,0ffd727ee4d04207843493199bf12fe9,b13b6eb5c4bf4479a631372af53baf28,RADAR,RADAR_LEFT_FRONT,1699973978905042,True,samples,samples/RADAR_LEFT_FRONT/RADAR_LEFT_FRONT_1699973978905042.pcd
923f198d6e15434197cb3daf7a227f2f,728fb789245746ae9c5979f49181de0a,b13b6eb5c4bf4479a631372af53baf28,RADAR,RADAR_LEFT_FRONT,1699973979401973,True,samples,samples/RADAR_LEFT_FRONT/RADAR_LEFT_FRONT_1699973979401973.pcd
17dd70391c214be5a26831ac5682ac02,301cc77681c94addbbafd10011477b45,b13b6eb5c4bf4479a631372af53baf28,RADAR,RADAR_LEFT_FRONT,1699973979903219,True,samples,samples/RADAR_LEFT_FRONT/RADAR_LEFT_FRONT_1699973979903219.pcd
1afa0ddbc1fb4f74a4f7328fbfbd6a4a,0a7844ac9902454292fe37c39d7e27ba,b13b6eb5c4bf4479a631372af53baf28,RADAR,RADAR_LEFT_FRONT,1699973980404756,True,samples,samples/RADAR_LEFT_FRONT/RADAR_LEFT_FRONT_1699973980404756.pcd
54b65bbec0414dfe9b4b043cf8fa2c37,69a9e258759e4c43931a00be16410656,b13b6eb5c4bf4479a631372af53baf28,RADAR,RADAR_LEFT_FRONT,1699973980902056,True,samples,samples/RADAR_LEFT_FRONT/RADAR_LEFT_FRONT_1699973980902056.pcd
5350f9c204be4427860950a971abddab,0efe8fc67f014c2ebaf8b12581ae2b6d,b13b6eb5c4bf4479a631372af53baf28,RADAR,RADAR_LEFT_FRONT,1699973981402992,True,samples,samples/RADAR_LEFT_FRONT/RADAR_LEFT_FRONT_1699973981402992.pcd
485fd6b282394dc690e2fd25c0456af9,bd668ece51fe418db7990a8539513299,b13b6eb5c4bf4479a631372af53baf28,RADAR,RADAR_LEFT_FRONT,1699973981904669,True,samples,samples/RADAR_LEFT_FRONT/RADAR_LEFT_FRONT_1699973981904669.pcd
1ed2b683e28a487391b641af24b2dde6,848b9e73fd014bf0a78da8c453978822,b13b6eb5c4bf4479a631372af53baf28,RADAR,RADAR_LEFT_FRONT,1699973982401590,True,samples,samples/RADAR_LEFT_FRONT/RADAR_LEFT_FRONT_1699973982401590.pcd
1bb9c967917847cb9a6bbe88e74fd1a3,f7266f0631c84eac82c76a41a661eda1,b13b6eb5c4bf4479a631372af53baf28,RADAR,RADAR_LEFT_FRONT,1699973982903386,True,samples,samples/RADAR_LEFT_FRONT/RADAR_LEFT_FRONT_1699973982903386.pcd
f1987bc72b4b4dcbbc1db01a3433a4a4,3f58555db3e348fd911d4a6df37d83d0,b13b6eb5c4bf4479a631372af53baf28,RADAR,RADAR_LEFT_FRONT,1699973983404212,True,samples,samples/RADAR_LEFT_FRONT/RADAR_LEFT_FRONT_1699973983404212.pcd
a371d6e18b7945578871665f91272ab0,233456c1dd114acab949de6a6bb8c704,b13b6eb5c4bf4479a631372af53baf28,RADAR,RADAR_LEFT_FRONT,1699973983902210,True,samples,samples/RADAR_LEFT_FRONT/RADAR_LEFT_FRONT_1699973983902210.pcd
e11ff026cfa9492aafbd94c9ea4d049a,1cfd4f53ec5b4d5fa4ced38e29274968,b13b6eb5c4bf4479a631372af53baf28,RADAR,RADAR_LEFT_FRONT,1699973984402900,True,samples,samples/RADAR_LEFT_FRONT/RADAR_LEFT_FRONT_1699973984402900.pcd
14c154ffa5d34d539becb828a92b048d,0085b50c1d064bbba1c214e4d712d514,b13b6eb5c4bf4479a631372af53baf28,RADAR,RADAR_LEFT_FRONT,1699973984905470,True,samples,samples/RADAR_LEFT_FRONT/RADAR_LEFT_FRONT_1699973984905470.pcd
0239e67fb3b2437983828e4b992fed43,4235fb5749094aeca76c365d88d2e901,b13b6eb5c4bf4479a631372af53baf28,RADAR,RADAR_LEFT_FRONT,1699973985401817,True,samples,samples/RADAR_LEFT_FRONT/RADAR_LEFT_FRONT_1699973985401817.pcd
2e8b97725b404116ac6d17371bae8ec1,9e7a04dbb9dd4f41a103ef7280d51b19,b13b6eb5c4bf4479a631372af53baf28,RADAR,RADAR_LEFT_FRONT,1699973985903854,True,samples,samples/RADAR_LEFT_FRONT/RADAR_LEFT_FRONT_1699973985903854.pcd
1686a199af6e48fc9b04e2f8e89ab2c4,4658e0b5cf6446b19273607532f1d7a8,b13b6eb5c4bf4479a631372af53baf28,RADAR,RADAR_LEFT_FRONT,1699973986405387,True,samples,samples/RADAR_LEFT_FRONT/RADAR_LEFT_FRONT_1699973986405387.pcd
b8e86cefb7aa4638a59d794443c0c84d,ab1028c0aef4497481ce6ead95eae8b4,b13b6eb5c4bf4479a631372af53baf28,RADAR,RADAR_LEFT_FRONT,1699973986902507,True,samples,samples/RADAR_LEFT_FRONT/RADAR_LEFT_FRONT_1699973986902507.pcd
93b16ba367f74bdd81ea20cb91754c6b,9698580f407f42b3a66fa06c3d67fc7b,b13b6eb5c4bf4479a631372af53baf28,RADAR,RADAR_LEFT_FRONT,1699973987403737,True,samples,samples/RADAR_LEFT_FRONT/RADAR_LEFT_FRONT_1699973987403737.pcd
05d76aca0d2e419fb2e46921bd9b9d5c,3513b52c0aff4b35b81bea8dc55ede6b,b13b6eb5c4bf4479a631372af53baf28,RADAR,RADAR_LEFT_FRONT,1699973987905091,True,samples,samples/RADAR_LEFT_FRONT/RADAR_LEFT_FRONT_1699973987905091.pcd
2a7bcd64a7e447329dde0e4c7516934d,9d872a2768df4239af24b78af494435f,b13b6eb5c4bf4479a631372af53baf28,RADAR,RADAR_LEFT_FRONT,1699973988401522,True,samples,samples/RADAR_LEFT_FRONT/RADAR_LEFT_FRONT_1699973988401522.pcd
bf7f4905c53f4ec09e2e450a62bff133,9f4cd7e6a69444c7afa7208021183235,b13b6eb5c4bf4479a631372af53baf28,RADAR,RADAR_LEFT_FRONT,1699973988903519,True,samples,samples/RADAR_LEFT_FRONT/RADAR_LEFT_FRONT_1699973988903519.pcd
656a38938507407c9b794aad7d1a4443,01ac03ac6766489fb3bcd9ecf5700ce5,b13b6eb5c4bf4479a631372af53baf28,RADAR,RADAR_LEFT_FRONT,1699973989405004,True,samples,samples/RADAR_LEFT_FRONT/RADAR_LEFT_FRONT_1699973989405004.pcd
9ac99028cefb47c39fcc12466b20b988,5ecba197ec55474fbb2a146cd1ca2594,b13b6eb5c4bf4479a631372af53baf28,RADAR,RADAR_LEFT_FRONT,1699973989901972,True,samples,samples/RADAR_LEFT_FRONT/RADAR_LEFT_FRONT_1699973989901972.pcd
476ae59addc1454a9d4a1506093e623c,30c09473abfb4055ade3017dd7875cb6,b13b6eb5c4bf4479a631372af53baf28,RADAR,RADAR_LEFT_FRONT,1699973990403283,True,samples,samples/RADAR_LEFT_FRONT/RADAR_LEFT_FRONT_1699973990403283.pcd
224c34ffa1414cec943eae54784fc7cb,57f8607a62fd4faa8b7a0bb5458c6a1d,b13b6eb5c4bf4479a631372af53baf28,RADAR,RADAR_LEFT_FRONT,1699973990904775,True,samples,samples/RADAR_LEFT_FRONT/RADAR_LEFT_FRONT_1699973990904775.pcd
7e22a48a176441698ff638d2ed8b446e,6971d80d24be4b029be0e143233f4261,b13b6eb5c4bf4479a631372af53baf28,RADAR,RADAR_LEFT_FRONT,1699973991402087,True,samples,samples/RADAR_LEFT_FRONT/RADAR_LEFT_FRONT_1699973991402087.pcd
82f469bef4df4ffaa8f1f87a35e4b03e,63ca8d3dcbb0491a9a77079626a73c0d,b13b6eb5c4bf4479a631372af53baf28,RADAR,RADAR_LEFT_FRONT,1699973991903095,True,samples,samples/RADAR_LEFT_FRONT/RADAR_LEFT_FRONT_1699973991903095.pcd
cc5efc07e32d41e4bd3b03fc502a4fe1,cdcb5969e1824bc4bd262ff795fbeae1,b13b6eb5c4bf4479a631372af53baf28,RADAR,RADAR_LEFT_FRONT,1699973992404616,True,samples,samples/RADAR_LEFT_FRONT/RADAR_LEFT_FRONT_1699973992404616.pcd
60359a5717f64ca48e4ffc67608d9afd,843eca25e8c742deb381c7ed8642fb40,b13b6eb5c4bf4479a631372af53baf28,RADAR,RADAR_LEFT_FRONT,1699973992901549,True,samples,samples/RADAR_LEFT_FRONT/RADAR_LEFT_FRONT_1699973992901549.pcd
6b0296f97a8441a499d5c2c006b3d991,053bc5e0decd465aa6fc47606f82b17f,b13b6eb5c4bf4479a631372af53baf28,RADAR,RADAR_LEFT_FRONT,1699973993403449,True,samples,samples/RADAR_LEFT_FRONT/RADAR_LEFT_FRONT_1699973993403449.pcd
78ae237f5e2e491191016b112a7fb3cd,709d08c09f2c4c0e81dd3ecf76e57168,b13b6eb5c4bf4479a631372af53baf28,RADAR,RADAR_LEFT_FRONT,1699973993904438,True,samples,samples/RADAR_LEFT_FRONT/RADAR_LEFT_FRONT_1699973993904438.pcd
fda65459aaec43b9843067f461072042,4808479e83bc48d78248ece72cb7ae5f,b13b6eb5c4bf4479a631372af53baf28,RADAR,RADAR_LEFT_FRONT,1699973994402401,True,samples,samples/RADAR_LEFT_FRONT/RADAR_LEFT_FRONT_1699973994402401.pcd
d481f4f2bf294f66bae850d092100a10,e9f4a50a1b0a41a492edf7a4870f594c,b13b6eb5c4bf4479a631372af53baf28,RADAR,RADAR_LEFT_SIDE,1699973974904755,True,samples,samples/RADAR_LEFT_SIDE/RADAR_LEFT_SIDE_1699973974904755.pcd
5c03cbd35d5a49c792205edf32841013,80587e2bcbc24524967ae3d9ebb2517a,b13b6eb5c4bf4479a631372af53baf28,RADAR,RADAR_LEFT_SIDE,1699973975401749,True,samples,samples/RADAR_LEFT_SIDE/RADAR_LEFT_SIDE_1699973975401749.pcd
3771b1e658b94e0796812a26fb43daf7,ce95e0afbb7245018e8645c3fd8a1bc6,b13b6eb5c4bf4479a631372af53baf28,RADAR,RADAR_LEFT_SIDE,1699973975903603,True,samples,samples/RADAR_LEFT_SIDE/RADAR_LEFT_SIDE_1699973975903603.pcd
0657824a2e344e979ce2f01ce2afb2a1,3d64d76d8a914f1dad6e09956d6443b7,b13b6eb5c4bf4479a631372af53baf28,RADAR,RADAR_LEFT_SIDE,1699973976404352,True,samples,samples/RADAR_LEFT_SIDE/RADAR_LEFT_SIDE_1699973976404352.pcd
9a9bc6ad5f89446d85fb3dc51ab71ace,db3eb0f710004882b55e2dd1e7b9f606,b13b6eb5c4bf4479a631372af53baf28,RADAR,RADAR_LEFT_SIDE,1699973976902360,True,samples,samples/RADAR_LEFT_SIDE/RADAR_LEFT_SIDE_1699973976902360.pcd
215a54bb957c468c8427df3b638768e6,fc4f2122f1d44b22bf8ad29854af135f,b13b6eb5c4bf4479a631372af53baf28,RADAR,RADAR_LEFT_SIDE,1699973977403065,True,samples,samples/RADAR_LEFT_SIDE/RADAR_LEFT_SIDE_1699973977403065.pcd
d1a2478c9e28480e904216be81df8ec0,c0b2ee117e004da190dcfd033a30f641,b13b6eb5c4bf4479a631372af53baf28,RADAR,RADAR_LEFT_SIDE,1699973977905582,True,samples,samples/RADAR_LEFT_SIDE/RADAR_LEFT_SIDE_1699973977905582.pcd
c29838090d874d4f8c9197118565f6a8,4fdb484979df426c9c795f52552887e7,b13b6eb5c4bf4479a631372af53baf28,RADAR,RADAR_LEFT_SIDE,1699973978401993,True,samples,samples/RADAR_LEFT_SIDE/RADAR_LEFT_SIDE_1699973978401993.pcd
b7092db9556945f6976ac0292913b216,0ffd727ee4d04207843493199bf12fe9,b13b6eb5c4bf4479a631372af53baf28,RADAR,RADAR_LEFT_SIDE,1699973978903984,True,samples,samples/RADAR_LEFT_SIDE/RADAR_LEFT_SIDE_1699973978903984.pcd
bfb9446edac0473894d0926da0f36fe4,728fb789245746ae9c5979f49181de0a,b13b6eb5c4bf4479a631372af53baf28,RADAR,RADAR_LEFT_SIDE,1699973979405563,True,samples,samples/RADAR_LEFT_SIDE/RADAR_LEFT_SIDE_1699973979405563.pcd
2751fc15966148b5a461e67cf5d2d2ac,301cc77681c94addbbafd10011477b45,b13b6eb5c4bf4479a631372af53baf28,RADAR,RADAR_LEFT_SIDE,1699973979902546,True,samples,samples/RADAR_LEFT_SIDE/RADAR_LEFT_SIDE_1699973979902546.pcd
c7654ee9e93e4f4a90d5868cf9f8fa50,0a7844ac9902454292fe37c39d7e27ba,b13b6eb5c4bf4479a631372af53baf28,RADAR,RADAR_LEFT_SIDE,1699973980403803,True,samples,samples/RADAR_LEFT_SIDE/RADAR_LEFT_SIDE_1699973980403803.pcd
2ffbcf4103c544e0b1c1a1c685dc9c24,69a9e258759e4c43931a00be16410656,b13b6eb5c4bf4479a631372af53baf28,RADAR,RADAR_LEFT_SIDE,1699973980905284,True,samples,samples/RADAR_LEFT_SIDE/RADAR_LEFT_SIDE_1699973980905284.pcd
f291f0fad713468189329550d539e719,0efe8fc67f014c2ebaf8b12581ae2b6d,b13b6eb5c4bf4479a631372af53baf28,RADAR,RADAR_LEFT_SIDE,1699973981401706,True,samples,samples/RADAR_LEFT_SIDE/RADAR_LEFT_SIDE_1699973981401706.pcd
61c90bd444ee42f3ab21fa352e557a8e,bd668ece51fe418db7990a8539513299,b13b6eb5c4bf4479a631372af53baf28,RADAR,RADAR_LEFT_SIDE,1699973981903667,True,samples,samples/RADAR_LEFT_SIDE/RADAR_LEFT_SIDE_1699973981903667.pcd
81f66ab8c27f4609bf3a03d12dc81a6c,848b9e73fd014bf0a78da8c453978822,b13b6eb5c4bf4479a631372af53baf28,RADAR,RADAR_LEFT_SIDE,1699973982405142,True,samples,samples/RADAR_LEFT_SIDE/RADAR_LEFT_SIDE_1699973982405142.pcd
e2529f0fb46c42e6a377a66e5e09729b,f7266f0631c84eac82c76a41a661eda1,b13b6eb5c4bf4479a631372af53baf28,RADAR,RADAR_LEFT_SIDE,1699973982902072,True,samples,samples/RADAR_LEFT_SIDE/RADAR_LEFT_SIDE_1699973982902072.pcd
f453f9e009004bd8b0d48db75b665fb6,3f58555db3e348fd911d4a6df37d83d0,b13b6eb5c4bf4479a631372af53baf28,RADAR,RADAR_LEFT_SIDE,1699973983403284,True,samples,samples/RADAR_LEFT_SIDE/RADAR_LEFT_SIDE_1699973983403284.pcd
4c39574cab984648b66482051e5e2bb8,233456c1dd114acab949de6a6bb8c704,b13b6eb5c4bf4479a631372af53baf28,RADAR,RADAR_LEFT_SIDE,1699973983904950,True,samples,samples/RADAR_LEFT_SIDE/RADAR_LEFT_SIDE_1699973983904950.pcd
55ea5501dfdd4b77bbdc68714d7d21f2,1cfd4f53ec5b4d5fa4ced38e29274968,b13b6eb5c4bf4479a631372af53baf28,RADAR,RADAR_LEFT_SIDE,1699973984402151,True,samples,samples/RADAR_LEFT_SIDE/RADAR_LEFT_SIDE_1699973984402151.pcd
66679275e19a47b6ba2343a43aeb6f12,0085b50c1d064bbba1c214e4d712d514,b13b6eb5c4bf4479a631372af53baf28,RADAR,RADAR_LEFT_SIDE,1699973984903144,True,samples,samples/RADAR_LEFT_SIDE/RADAR_LEFT_SIDE_1699973984903144.pcd
49e4667625be4cceab1ede34229c2761,4235fb5749094aeca76c365d88d2e901,b13b6eb5c4bf4479a631372af53baf28,RADAR,RADAR_LEFT_SIDE,1699973985404773,True,samples,samples/RADAR_LEFT_SIDE/RADAR_LEFT_SIDE_1699973985404773.pcd
9dfe2c921e7f4f6685bf149e2cd6410c,9e7a04dbb9dd4f41a103ef7280d51b19,b13b6eb5c4bf4479a631372af53baf28,RADAR,RADAR_LEFT_SIDE,1699973985901679,True,samples,samples/RADAR_LEFT_SIDE/RADAR_LEFT_SIDE_1699973985901679.pcd
491a815a5f0b44079402cfbe01e77374,4658e0b5cf6446b19273607532f1d7a8,b13b6eb5c4bf4479a631372af53baf28,RADAR,RADAR_LEFT_SIDE,1699973986403445,True,samples,samples/RADAR_LEFT_SIDE/RADAR_LEFT_SIDE_1699973986403445.pcd
538fce14a2ea459ca5a5a2b30e65dffc,ab1028c0aef4497481ce6ead95eae8b4,b13b6eb5c4bf4479a631372af53baf28,RADAR,RADAR_LEFT_SIDE,1699973986904311,True,samples,samples/RADAR_LEFT_SIDE/RADAR_LEFT_SIDE_1699973986904311.pcd
fe9c87587798492f838718cd6fb5e92b,9698580f407f42b3a66fa06c3d67fc7b,b13b6eb5c4bf4479a631372af53baf28,RADAR,RADAR_LEFT_SIDE,1699973987402288,True,samples,samples/RADAR_LEFT_SIDE/RADAR_LEFT_SIDE_1699973987402288.pcd
50795f72e5764f0781cc04ed95439df3,3513b52c0aff4b35b81bea8dc55ede6b,b13b6eb5c4bf4479a631372af53baf28,RADAR,RADAR_LEFT_SIDE,1699973987902966,True,samples,samples/RADAR_LEFT_SIDE/RADAR_LEFT_SIDE_1699973987902966.pcd
4005c430e495483fa0d0fb1d2b3b0316,9d872a2768df4239af24b78af494435f,b13b6eb5c4bf4479a631372af53baf28,RADAR,RADAR_LEFT_SIDE,1699973988405580,True,samples,samples/RADAR_LEFT_SIDE/RADAR_LEFT_SIDE_1699973988405580.pcd
dcbfa69b637c45148d360215d78e3966,9f4cd7e6a69444c7afa7208021183235,b13b6eb5c4bf4479a631372af53baf28,RADAR,RADAR_LEFT_SIDE,1699973988901948,True,samples,samples/RADAR_LEFT_SIDE/RADAR_LEFT_SIDE_1699973988901948.pcd
1a1e110327344456a19506ad670135bc,01ac03ac6766489fb3bcd9ecf5700ce5,b13b6eb5c4bf4479a631372af53baf28,RADAR,RADAR_LEFT_SIDE,1699973989403945,True,samples,samples/RADAR_LEFT_SIDE/RADAR_LEFT_SIDE_1699973989403945.pcd
0071427255e04976b2212d92a1342256,5ecba197ec55474fbb2a146cd1ca2594,b13b6eb5c4bf4479a631372af53baf28,RADAR,RADAR_LEFT_SIDE,1699973989905510,True,samples,samples/RADAR_LEFT_SIDE/RADAR_LEFT_SIDE_1699973989905510.pcd
c7c07881e2844dd7a1f991eaa1eccb8d,30c09473abfb4055ade3017dd7875cb6,b13b6eb5c4bf4479a631372af53baf28,RADAR,RADAR_LEFT_SIDE,1699973990402593,True,samples,samples/RADAR_LEFT_SIDE/RADAR_LEFT_SIDE_1699973990402593.pcd
aae677606f15487db3ca893894a8a5e1,57f8607a62fd4faa8b7a0bb5458c6a1d,b13b6eb5c4bf4479a631372af53baf28,RADAR,RADAR_LEFT_SIDE,1699973990903817,True,samples,samples/RADAR_LEFT_SIDE/RADAR_LEFT_SIDE_1699973990903817.pcd
3e94df985f384a64aa9e657c1542e8c6,6971d80d24be4b029be0e143233f4261,b13b6eb5c4bf4479a631372af53baf28,RADAR,RADAR_LEFT_SIDE,1699973991405346,True,samples,samples/RADAR_LEFT_SIDE/RADAR_LEFT_SIDE_1699973991405346.pcd
e41673f7ab2d47f7ba58b131b6202af4,63ca8d3dcbb0491a9a77079626a73c0d,b13b6eb5c4bf4479a631372af53baf28,RADAR,RADAR_LEFT_SIDE,1699973991901612,True,samples,samples/RADAR_LEFT_SIDE/RADAR_LEFT_SIDE_1699973991901612.pcd
3ce25ff6a78c43d9b7c76010d01fa577,cdcb5969e1824bc4bd262ff795fbeae1,b13b6eb5c4bf4479a631372af53baf28,RADAR,RADAR_LEFT_SIDE,1699973992403707,True,samples,samples/RADAR_LEFT_SIDE/RADAR_LEFT_SIDE_1699973992403707.pcd
c54792aa89d845c182df46e779cc1ee8,843eca25e8c742deb381c7ed8642fb40,b13b6eb5c4bf4479a631372af53baf28,RADAR,RADAR_LEFT_SIDE,1699973992905201,True,samples,samples/RADAR_LEFT_SIDE/RADAR_LEFT_SIDE_1699973992905201.pcd
f12cc181357b4ca2815a6210ca6e9c8e,053bc5e0decd465aa6fc47606f82b17f,b13b6eb5c4bf4479a631372af53baf28,RADAR,RADAR_LEFT_SIDE,1699973993402100,True,samples,samples/RADAR_LEFT_SIDE/RADAR_LEFT_SIDE_1699973993402100.pcd
d97771fdec65461184765758ea8cc1fa,709d08c09f2c4c0e81dd3ecf76e57168,b13b6eb5c4bf4479a631372af53baf28,RADAR,RADAR_LEFT_SIDE,1699973993903306,True,samples,samples/RADAR_LEFT_SIDE/RADAR_LEFT_SIDE_1699973993903306.pcd
12f526c56c854575bbb54e3cca7c3ec4,4808479e83bc48d78248ece72cb7ae5f,b13b6eb5c4bf4479a631372af53baf28,RADAR,RADAR_LEFT_SIDE,1699973994404907,True,samples,samples/RADAR_LEFT_SIDE/RADAR_LEFT_SIDE_1699973994404907.pcd
2cf9fa21109748a392e686e31ecc2c9a,e9f4a50a1b0a41a492edf7a4870f594c,b13b6eb5c4bf4479a631372af53baf28,RADAR,RADAR_LEFT_BACK,1699973974905327,True,samples,samples/RADAR_LEFT_BACK/RADAR_LEFT_BACK_1699973974905327.pcd
acf373826a7645069f1a885ffaaff91c,80587e2bcbc24524967ae3d9ebb2517a,b13b6eb5c4bf4479a631372af53baf28,RADAR,RADAR_LEFT_BACK,1699973975401655,True,samples,samples/RADAR_LEFT_BACK/RADAR_LEFT_BACK_1699973975401655.pcd
f038a82d19774585a3db382276cad353,ce95e0afbb7245018e8645c3fd8a1bc6,b13b6eb5c4bf4479a631372af53baf28,RADAR,RADAR_LEFT_BACK,1699973975903586,True,samples,samples/RADAR_LEFT_BACK/RADAR_LEFT_BACK_1699973975903586.pcd
b879d387f3fc43cd929bc70d2076a79e,3d64d76d8a914f1dad6e09956d6443b7,b13b6eb5c4bf4479a631372af53baf28,RADAR,RADAR_LEFT_BACK,1699973976405087,True,samples,samples/RADAR_LEFT_BACK/RADAR_LEFT_BACK_1699973976405087.pcd
3ce4b2918cb54a08ab7a2ff5ebaac399,db3eb0f710004882b55e2dd1e7b9f606,b13b6eb5c4bf4479a631372af53baf28,RADAR,RADAR_LEFT_BACK,1699973976902109,True,samples,samples/RADAR_LEFT_BACK/RADAR_LEFT_BACK_1699973976902109.pcd
2bc75ee46a5e4091ba20f1e790ee50a9,fc4f2122f1d44b22bf8ad29854af135f,b13b6eb5c4bf4479a631372af53baf28,RADAR,RADAR_LEFT_BACK,1699973977403346,True,samples,samples/RADAR_LEFT_BACK/RADAR_LEFT_BACK_1699973977403346.pcd
9131df431d7f41feb5c1c289b81bccf0,c0b2ee117e004da190dcfd033a30f641,b13b6eb5c4bf4479a631372af53baf28,RADAR,RADAR_LEFT_BACK,1699973977904885,True,samples,samples/RADAR_LEFT_BACK/RADAR_LEFT_BACK_1699973977904885.pcd
e20c77cd16da4c9884a3306709c8ed41,4fdb484979df426c9c795f52552887e7,b13b6eb5c4bf4479a631372af53baf28,RADAR,RADAR_LEFT_BACK,1699973978402190,True,samples,samples/RADAR_LEFT_BACK/RADAR_LEFT_BACK_1699973978402190.pcd
6c856af4096e4a9787be0c21b3ba4c21,0ffd727ee4d04207843493199bf12fe9,b13b6eb5c4bf4479a631372af53baf28,RADAR,RADAR_LEFT_BACK,1699973978903156,True,samples,samples/RADAR_LEFT_BACK/RADAR_LEFT_BACK_1699973978903156.pcd
643e959e28ab4c7fb80513a308e56d88,728fb789245746ae9c5979f49181de0a,b13b6eb5c4bf4479a631372af53baf28,RADAR,RADAR_LEFT_BACK,1699973979404739,True,samples,samples/RADAR_LEFT_BACK/RADAR_LEFT_BACK_1699973979404739.pcd
0f2ea5acc44145d8bfc4d512deb68019,301cc77681c94addbbafd10011477b45,b13b6eb5c4bf4479a631372af53baf28,RADAR,RADAR_LEFT_BACK,1699973979901645,True,samples,samples/RADAR_LEFT_BACK/RADAR_LEFT_BACK_1699973979901645.pcd
f4c077e1092d432abcb60ffb96d81e74,0a7844ac9902454292fe37c39d7e27ba,b13b6eb5c4bf4479a631372af53baf28,RADAR,RADAR_LEFT_BACK,1699973980403575,True,samples,samples/RADAR_LEFT_BACK/RADAR_LEFT_BACK_1699973980403575.pcd
a600160cccda4b299e14267684c3c524,69a9e258759e4c43931a00be16410656,b13b6eb5c4bf4479a631372af53baf28,RADAR,RADAR_LEFT_BACK,1699973980904373,True,samples,samples/RADAR_LEFT_BACK/RADAR_LEFT_BACK_1699973980904373.pcd
fdf235a17d264a87ba3b8300ec022cc9,0efe8fc67f014c2ebaf8b12581ae2b6d,b13b6eb5c4bf4479a631372af53baf28,RADAR,RADAR_LEFT_BACK,1699973981402507,True,samples,samples/RADAR_LEFT_BACK/RADAR_LEFT_BACK_1699973981402507.pcd
48e7bdb820a045da819cdfe8f18ed206,bd668ece51fe418db7990a8539513299,b13b6eb5c4bf4479a631372af53baf28,RADAR,RADAR_LEFT_BACK,1699973981902890,True,samples,samples/RADAR_LEFT_BACK/RADAR_LEFT_BACK_1699973981902890.pcd
a1102df15221483d9f37cf5568889b2e,848b9e73fd014bf0a78da8c453978822,b13b6eb5c4bf4479a631372af53baf28,RADAR,RADAR_LEFT_BACK,1699973982405583,True,samples,samples/RADAR_LEFT_BACK/RADAR_LEFT_BACK_1699973982405583.pcd
0b82abb933d94bda81da4a1d1a6f794e,f7266f0631c84eac82c76a41a661eda1,b13b6eb5c4bf4479a631372af53baf28,RADAR,RADAR_LEFT_BACK,1699973982901931,True,samples,samples/RADAR_LEFT_BACK/RADAR_LEFT_BACK_1699973982901931.pcd
9785c5a008fe4291b05c0e9c4b9d5954,3f58555db3e348fd911d4a6df37d83d0,b13b6eb5c4bf4479a631372af53baf28,RADAR,RADAR_LEFT_BACK,1699973983403898,True,samples,samples/RADAR_LEFT_BACK/RADAR_LEFT_BACK_1699973983403898.pcd
b824b45a2b0947e0899d6d1b40472dc2,233456c1dd114acab949de6a6bb8c704,b13b6eb5c4bf4479a631372af53baf28,RADAR,RADAR_LEFT_BACK,1699973983905402,True,samples,samples/RADAR_LEFT_BACK/RADAR_LEFT_BACK_1699973983905402.pcd
6fd7a0fb8850473eb231c8830ec0c81f,1cfd4f53ec5b4d5fa4ced38e29274968,b13b6eb5c4bf4479a631372af53baf28,RADAR,RADAR_LEFT_BACK,1699973984402586,True,samples,samples/RADAR_LEFT_BACK/RADAR_LEFT_BACK_1699973984402586.pcd
d05845f9442b4b868f4bf02514ba8089,0085b50c1d064bbba1c214e4d712d514,b13b6eb5c4bf4479a631372af53baf28,RADAR,RADAR_LEFT_BACK,1699973984903847,True,samples,samples/RADAR_LEFT_BACK/RADAR_LEFT_BACK_1699973984903847.pcd
e4a7165836a848ada51a42588390108a,4235fb5749094aeca76c365d88d2e901,b13b6eb5c4bf4479a631372af53baf28,RADAR,RADAR_LEFT_BACK,1699973985405238,True,samples,samples/RADAR_LEFT_BACK/RADAR_LEFT_BACK_1699973985405238.pcd
ba9452ec9f1240cebcf1bc50beef6c6b,9e7a04dbb9dd4f41a103ef7280d51b19,b13b6eb5c4bf4479a631372af53baf28,RADAR,RADAR_LEFT_BACK,1699973985901724,True,samples,samples/RADAR_LEFT_BACK/RADAR_LEFT_BACK_1699973985901724.pcd
dffb4afbf3d1429980f9267e9de9387f,4658e0b5cf6446b19273607532f1d7a8,b13b6eb5c4bf4479a631372af53baf28,RADAR,RADAR_LEFT_BACK,1699973986403692,True,samples,samples/RADAR_LEFT_BACK/RADAR_LEFT_BACK_1699973986403692.pcd
783d9eb377a94c45afddf18441c9de95,ab1028c0aef4497481ce6ead95eae8b4,b13b6eb5c4bf4479a631372af53baf28,RADAR,RADAR_LEFT_BACK,1699973986905180,True,samples,samples/RADAR_LEFT_BACK/RADAR_LEFT_BACK_1699973986905180.pcd
588efe3ec02b4f79be9c8339435b4dd6,9698580f407f42b3a66fa06c3d67fc7b,b13b6eb5c4bf4479a631372af53baf28,RADAR,RADAR_LEFT_BACK,1699973987402011,True,samples,samples/RADAR_LEFT_BACK/RADAR_LEFT_BACK_1699973987402011.pcd
27e18cbcddf84fc3a11a543008b319f4,3513b52c0aff4b35b81bea8dc55ede6b,b13b6eb5c4bf4479a631372af53baf28,RADAR,RADAR_LEFT_BACK,1699973987903269,True,samples,samples/RADAR_LEFT_BACK/RADAR_LEFT_BACK_1699973987903269.pcd
4bac4c67caa544a3bffbf5166fb2ec9b,9d872a2768df4239af24b78af494435f,b13b6eb5c4bf4479a631372af53baf28,RADAR,RADAR_LEFT_BACK,1699973988404961,True,samples,samples/RADAR_LEFT_BACK/RADAR_LEFT_BACK_1699973988404961.pcd
167f446f145e487daf8019bf10fa40a6,9f4cd7e6a69444c7afa7208021183235,b13b6eb5c4bf4479a631372af53baf28,RADAR,RADAR_LEFT_BACK,1699973988902171,True,samples,samples/RADAR_LEFT_BACK/RADAR_LEFT_BACK_1699973988902171.pcd
f6d5ac6316db4f2ab9483bc1c30ae018,01ac03ac6766489fb3bcd9ecf5700ce5,b13b6eb5c4bf4479a631372af53baf28,RADAR,RADAR_LEFT_BACK,1699973989403035,True,samples,samples/RADAR_LEFT_BACK/RADAR_LEFT_BACK_1699973989403035.pcd
64dfcba65e324aa491ffd6ecf6ecadf9,5ecba197ec55474fbb2a146cd1ca2594,b13b6eb5c4bf4479a631372af53baf28,RADAR,RADAR_LEFT_BACK,1699973989904701,True,samples,samples/RADAR_LEFT_BACK/RADAR_LEFT_BACK_1699973989904701.pcd
f84e87bb423a499ca55b3b9ddb7a2f48,30c09473abfb4055ade3017dd7875cb6,b13b6eb5c4bf4479a631372af53baf28,RADAR,RADAR_LEFT_BACK,1699973990401658,True,samples,samples/RADAR_LEFT_BACK/RADAR_LEFT_BACK_1699973990401658.pcd
ad72f4770810412f9872c90058895c8d,57f8607a62fd4faa8b7a0bb5458c6a1d,b13b6eb5c4bf4479a631372af53baf28,RADAR,RADAR_LEFT_BACK,1699973990903556,True,samples,samples/RADAR_LEFT_BACK/RADAR_LEFT_BACK_1699973990903556.pcd
3da69ce4355e4867ac7ab02c039144bb,6971d80d24be4b029be0e143233f4261,b13b6eb5c4bf4479a631372af53baf28,RADAR,RADAR_LEFT_BACK,1699973991404257,True,samples,samples/RADAR_LEFT_BACK/RADAR_LEFT_BACK_1699973991404257.pcd
dae38d546ada4389aa7a625499c0b235,63ca8d3dcbb0491a9a77079626a73c0d,b13b6eb5c4bf4479a631372af53baf28,RADAR,RADAR_LEFT_BACK,1699973991902438,True,samples,samples/RADAR_LEFT_BACK/RADAR_LEFT_BACK_1699973991902438.pcd
69dcb5b023044bbbb66755746892e343,cdcb5969e1824bc4bd262ff795fbeae1,b13b6eb5c4bf4479a631372af53baf28,RADAR,RADAR_LEFT_BACK,1699973992402876,True,samples,samples/RADAR_LEFT_BACK/RADAR_LEFT_BACK_1699973992402876.pcd
a187f2a4b7394b8b97c817f77cb247fc,843eca25e8c742deb381c7ed8642fb40,b13b6eb5c4bf4479a631372af53baf28,RADAR,RADAR_LEFT_BACK,1699973992905562,True,samples,samples/RADAR_LEFT_BACK/RADAR_LEFT_BACK_1699973992905562.pcd
1f60c7801b7e4ffbb45e3da4687fb508,053bc5e0decd465aa6fc47606f82b17f,b13b6eb5c4bf4479a631372af53baf28,RADAR,RADAR_LEFT_BACK,1699973993401875,True,samples,samples/RADAR_LEFT_BACK/RADAR_LEFT_BACK_1699973993401875.pcd
bcba5692ef1442bd83fb0a9142060d0a,709d08c09f2c4c0e81dd3ecf76e57168,b13b6eb5c4bf4479a631372af53baf28,RADAR,RADAR_LEFT_BACK,1699973993903936,True,samples,samples/RADAR_LEFT_BACK/RADAR_LEFT_BACK_1699973993903936.pcd
8a2fdcfd24d94402bc4bbdc7356b0549,4808479e83bc48d78248ece72cb7ae5f,b13b6eb5c4bf4479a631372af53baf28,RADAR,RADAR_LEFT_BACK,1699973994405439,True,samples,samples/RADAR_LEFT_BACK/RADAR_LEFT_BACK_1699973994405439.pcd
aea71cc4911141c3ba7aa4bf081683d1,e43ae3c9b670423d89fe92170f0c87e9,073e6bb18188424ea9981e3845df54a6,RADAR,RADAR_RIGHT_BACK,1706541302904767,True,samples,samples/RADAR_RIGHT_BACK/RADAR_RIGHT_BACK_1706541302904767.pcd
8c8005474c1a4112b7ab9b3598216918,b5e85c3fdd73410bbd64b73e699641ed,073e6bb18188424ea9981e3845df54a6,RADAR,RADAR_RIGHT_BACK,1706541303401754,True,samples,samples/RADAR_RIGHT_BACK/RADAR_RIGHT_BACK_1706541303401754.pcd
d09b5dec811f477c8fa12da418475d90,00b7a051298345d7a162393e5c0e2764,073e6bb18188424ea9981e3845df54a6,RADAR,RADAR_RIGHT_BACK,1706541303903482,True,samples,samples/RADAR_RIGHT_BACK/RADAR_RIGHT_BACK_1706541303903482.pcd
1bf76d13f76f4c55bd9f743cb373c6d9,1c9adfec38f84c1792e008a8a1771cca,073e6bb18188424ea9981e3845df54a6,RADAR,RADAR_RIGHT_BACK,1706541304404411,True,samples,samples/RADAR_RIGHT_BACK/RADAR_RIGHT_BACK_1706541304404411.pcd
40c4f2cdb71f475e89892b0d03d60cfe,b1724a8b614640e39cd18857d741d2d3,073e6bb18188424ea9981e3845df54a6,RADAR,RADAR_RIGHT_BACK,1706541304902471,True,samples,samples/RADAR_RIGHT_BACK/RADAR_RIGHT_BACK_1706541304902471.pcd
52b26cb9a8eb4186b18846452a829231,a24b8e21a49746d196ba067b09e21a4f,073e6bb18188424ea9981e3845df54a6,RADAR,RADAR_RIGHT_BACK,1706541305403008,True,samples,samples/RADAR_RIGHT_BACK/RADAR_RIGHT_BACK_1706541305403008.pcd
8ea056b9d7d9458180572feca0055efc,75f794a6f0dd4e2c9910b2f8f1192b04,073e6bb18188424ea9981e3845df54a6,RADAR,RADAR_RIGHT_BACK,1706541305905574,True,samples,samples/RADAR_RIGHT_BACK/RADAR_RIGHT_BACK_1706541305905574.pcd
65d4b3d3cb374fea817a7b45b1ad2e31,fd46341537f34c16b8f37389b25b5eff,073e6bb18188424ea9981e3845df54a6,RADAR,RADAR_RIGHT_BACK,1706541306401958,True,samples,samples/RADAR_RIGHT_BACK/RADAR_RIGHT_BACK_1706541306401958.pcd
6f1d2e80bf7848978a732d664d82e344,70ea4677eb1f4126a217de41eb5119ee,073e6bb18188424ea9981e3845df54a6,RADAR,RADAR_RIGHT_BACK,1706541306904007,True,samples,samples/RADAR_RIGHT_BACK/RADAR_RIGHT_BACK_1706541306904007.pcd
a108f0132b284d2483fcd3944b749db3,fb586e9af9bc4ded87c306e7964345e6,073e6bb18188424ea9981e3845df54a6,RADAR,RADAR_RIGHT_BACK,1706541307405558,True,samples,samples/RADAR_RIGHT_BACK/RADAR_RIGHT_BACK_1706541307405558.pcd
0d520ab3361a4f6a85affbb93784c1cb,7f551a9ca9144a289797b1de66b1bfa3,073e6bb18188424ea9981e3845df54a6,RADAR,RADAR_RIGHT_BACK,1706541307902627,True,samples,samples/RADAR_RIGHT_BACK/RADAR_RIGHT_BACK_1706541307902627.pcd
e0618ab451984e22b91ffb844f8ccfb1,c689aeff0cd344188c9272316a7d57c0,073e6bb18188424ea9981e3845df54a6,RADAR,RADAR_RIGHT_BACK,1706541308403821,True,samples,samples/RADAR_RIGHT_BACK/RADAR_RIGHT_BACK_1706541308403821.pcd
7acfb975df074b2c9d609ec55aef2356,885bbe9d84d94c9f925437acf6e31921,073e6bb18188424ea9981e3845df54a6,RADAR,RADAR_RIGHT_BACK,1706541308905259,True,samples,samples/RADAR_RIGHT_BACK/RADAR_RIGHT_BACK_1706541308905259.pcd
914fe7a4a513475a91bacbfc3c6c5a53,b0c7aef37dee49a6ac2236b212af059c,073e6bb18188424ea9981e3845df54a6,RADAR,RADAR_RIGHT_BACK,1706541309401657,True,samples,samples/RADAR_RIGHT_BACK/RADAR_RIGHT_BACK_1706541309401657.pcd
f8c56589abba4478b4e13a0841cbd70b,2c61cb7566c948d8be146eb265fde451,073e6bb18188424ea9981e3845df54a6,RADAR,RADAR_RIGHT_BACK,1706541309903710,True,samples,samples/RADAR_RIGHT_BACK/RADAR_RIGHT_BACK_1706541309903710.pcd
6b55931f00de40679dc588d7b7641432,853e1e0907f14966be0c22eab0f4f05c,073e6bb18188424ea9981e3845df54a6,RADAR,RADAR_RIGHT_BACK,1706541310405116,True,samples,samples/RADAR_RIGHT_BACK/RADAR_RIGHT_BACK_1706541310405116.pcd
529eb77b5a584cd8a40cc01233ccac65,840bbca5b29741d29de0fc1a00d81cd4,073e6bb18188424ea9981e3845df54a6,RADAR,RADAR_RIGHT_BACK,1706541310902058,True,samples,samples/RADAR_RIGHT_BACK/RADAR_RIGHT_BACK_1706541310902058.pcd
214c32b877d14c9aaf85016d052e3c30,97366e0a4e504322aaae6e8b07884f2f,073e6bb18188424ea9981e3845df54a6,RADAR,RADAR_RIGHT_BACK,1706541311403315,True,samples,samples/RADAR_RIGHT_BACK/RADAR_RIGHT_BACK_1706541311403315.pcd
185f7c3cf3c04d69a114791294941854,5d019ee18c50449591f26cf683e09898,073e6bb18188424ea9981e3845df54a6,RADAR,RADAR_RIGHT_BACK,1706541311904839,True,samples,samples/RADAR_RIGHT_BACK/RADAR_RIGHT_BACK_1706541311904839.pcd
d841e96a6ac44e6e93a4bcf81e4388d5,7aab37b38b4344b2a5f9b4d56bdc8cf9,073e6bb18188424ea9981e3845df54a6,RADAR,RADAR_RIGHT_BACK,1706541312402127,True,samples,samples/RADAR_RIGHT_BACK/RADAR_RIGHT_BACK_1706541312402127.pcd
efe8e2c8b0564717891b9e00b42f78e8,b193a929462d4b28b559eda6d21dba5d,073e6bb18188424ea9981e3845df54a6,RADAR,RADAR_RIGHT_BACK,1706541312903008,True,samples,samples/RADAR_RIGHT_BACK/RADAR_RIGHT_BACK_1706541312903008.pcd
9d23f82f18d44cddacaeaa4ef8be50f2,b6a30d50fb9f41eea4cce04d65fbadd1,073e6bb18188424ea9981e3845df54a6,RADAR,RADAR_RIGHT_BACK,1706541313404669,True,samples,samples/RADAR_RIGHT_BACK/RADAR_RIGHT_BACK_1706541313404669.pcd
97a2b624c5c94294bfe8ae9ee88714db,37e26c60741142d7811e41f7a35448c9,073e6bb18188424ea9981e3845df54a6,RADAR,RADAR_RIGHT_BACK,1706541313901725,True,samples,samples/RADAR_RIGHT_BACK/RADAR_RIGHT_BACK_1706541313901725.pcd
ece9a1cfcdfc421cbbddad8cfb45bd3f,fd6f19fe58c1488f9c45ccd70f25561c,073e6bb18188424ea9981e3845df54a6,RADAR,RADAR_RIGHT_BACK,1706541314403453,True,samples,samples/RADAR_RIGHT_BACK/RADAR_RIGHT_BACK_1706541314403453.pcd
d6b0d647d4674719997abbe150e7f5dc,d088162159534984bbe9c0e4ca87de81,073e6bb18188424ea9981e3845df54a6,RADAR,RADAR_RIGHT_BACK,1706541314904277,True,samples,samples/RADAR_RIGHT_BACK/RADAR_RIGHT_BACK_1706541314904277.pcd
f080a65d9f004fff8a99d019b1f28908,1c2acee839b34c158452d570f1ebf203,073e6bb18188424ea9981e3845df54a6,RADAR,RADAR_RIGHT_BACK,1706541315402435,True,samples,samples/RADAR_RIGHT_BACK/RADAR_RIGHT_BACK_1706541315402435.pcd
a5fcf675c52b417c95325bb94e1a2415,c5dc48287d064c87939d630ff4c21065,073e6bb18188424ea9981e3845df54a6,RADAR,RADAR_RIGHT_BACK,1706541315903020,True,samples,samples/RADAR_RIGHT_BACK/RADAR_RIGHT_BACK_1706541315903020.pcd
b7899d22b26f41ec9f1239966986825a,bf562ad191424bd7b701bb1dfddf068f,073e6bb18188424ea9981e3845df54a6,RADAR,RADAR_RIGHT_BACK,1706541316405563,True,samples,samples/RADAR_RIGHT_BACK/RADAR_RIGHT_BACK_1706541316405563.pcd
a24bc97df24143edb31fa40c6e4b4852,876fc60ede7d47aa8eb3d1c396aa8ee1,073e6bb18188424ea9981e3845df54a6,RADAR,RADAR_RIGHT_BACK,1706541316901991,True,samples,samples/RADAR_RIGHT_BACK/RADAR_RIGHT_BACK_1706541316901991.pcd
e90ea0a4e0234cc7a0d631c51db7e409,b213083c83b74031b2a23040e38861aa,073e6bb18188424ea9981e3845df54a6,RADAR,RADAR_RIGHT_BACK,1706541317352694,True,samples,samples/RADAR_RIGHT_BACK/RADAR_RIGHT_BACK_1706541317352694.pcd
dc973ba17a05451d8be2c8f59a866aa2,b7aef90fff4146c5b2fbd5938dbe2317,073e6bb18188424ea9981e3845df54a6,RADAR,RADAR_RIGHT_BACK,1706541317905644,True,samples,samples/RADAR_RIGHT_BACK/RADAR_RIGHT_BACK_1706541317905644.pcd
2f8dad9c976b408c90a72e58dde8389c,7225b605df0940e88cdc695c21771415,073e6bb18188424ea9981e3845df54a6,RADAR,RADAR_RIGHT_BACK,1706541318402620,True,samples,samples/RADAR_RIGHT_BACK/RADAR_RIGHT_BACK_1706541318402620.pcd
5e96091e33c7489a8399e756d5edda47,f78fc07d7ea847ceb289a9a695a9a01b,073e6bb18188424ea9981e3845df54a6,RADAR,RADAR_RIGHT_BACK,1706541318903912,True,samples,samples/RADAR_RIGHT_BACK/RADAR_RIGHT_BACK_1706541318903912.pcd
7464c7e649f74b1296ae7e25e9b23c9c,f82496cfbd55402eb388ca3b2de1ff00,073e6bb18188424ea9981e3845df54a6,RADAR,RADAR_RIGHT_BACK,1706541319405204,True,samples,samples/RADAR_RIGHT_BACK/RADAR_RIGHT_BACK_1706541319405204.pcd
bd292ecde15a4f488f65c6bb5ebe7bce,2e2ac9d98ef0429b8be1a17bb9ef0074,073e6bb18188424ea9981e3845df54a6,RADAR,RADAR_RIGHT_BACK,1706541319901747,True,samples,samples/RADAR_RIGHT_BACK/RADAR_RIGHT_BACK_1706541319901747.pcd
5cdac2a3be2940a29546f9186ec60314,43f5fe636d6e459a8c858e6f82ba835c,073e6bb18188424ea9981e3845df54a6,RADAR,RADAR_RIGHT_BACK,1706541320403648,True,samples,samples/RADAR_RIGHT_BACK/RADAR_RIGHT_BACK_1706541320403648.pcd
5e3068f4968b4af196629573ebc22984,7ebdaf01abe2419bbc2f437149052f7e,073e6bb18188424ea9981e3845df54a6,RADAR,RADAR_RIGHT_BACK,1706541320905198,True,samples,samples/RADAR_RIGHT_BACK/RADAR_RIGHT_BACK_1706541320905198.pcd
bf87219d95414977832aacdb9cb7bf92,f31befb82f864a368e6164a75a1733f9,073e6bb18188424ea9981e3845df54a6,RADAR,RADAR_RIGHT_BACK,1706541321402305,True,samples,samples/RADAR_RIGHT_BACK/RADAR_RIGHT_BACK_1706541321402305.pcd
e885793f49f240fbb948a2b0d19bf80d,f2aa8afaba7249398e32f59a538ec5bf,073e6bb18188424ea9981e3845df54a6,RADAR,RADAR_RIGHT_BACK,1706541321903394,True,samples,samples/RADAR_RIGHT_BACK/RADAR_RIGHT_BACK_1706541321903394.pcd
e1f3056c0bd14cf689cea66b237fc4af,30e96baf00fa44d49a50640917bdea00,073e6bb18188424ea9981e3845df54a6,RADAR,RADAR_RIGHT_BACK,1706541322404828,True,samples,samples/RADAR_RIGHT_BACK/RADAR_RIGHT_BACK_1706541322404828.pcd
d58b7c41833743e5b4d717b5f3107846,e43ae3c9b670423d89fe92170f0c87e9,073e6bb18188424ea9981e3845df54a6,RADAR,RADAR_RIGHT_SIDE,1706541302903375,True,samples,samples/RADAR_RIGHT_SIDE/RADAR_RIGHT_SIDE_1706541302903375.pcd
374e0a075fa14fe7b439befcb42a4629,b5e85c3fdd73410bbd64b73e699641ed,073e6bb18188424ea9981e3845df54a6,RADAR,RADAR_RIGHT_SIDE,1706541303404218,True,samples,samples/RADAR_RIGHT_SIDE/RADAR_RIGHT_SIDE_1706541303404218.pcd
29102035775441dd97a4127a175fcd88,00b7a051298345d7a162393e5c0e2764,073e6bb18188424ea9981e3845df54a6,RADAR,RADAR_RIGHT_SIDE,1706541303902180,True,samples,samples/RADAR_RIGHT_SIDE/RADAR_RIGHT_SIDE_1706541303902180.pcd
406b650285214204aef95ea53c1e69cc,1c9adfec38f84c1792e008a8a1771cca,073e6bb18188424ea9981e3845df54a6,RADAR,RADAR_RIGHT_SIDE,1706541304402883,True,samples,samples/RADAR_RIGHT_SIDE/RADAR_RIGHT_SIDE_1706541304402883.pcd
e5f3f264a5cf4d4cbcf428798018a9bc,b1724a8b614640e39cd18857d741d2d3,073e6bb18188424ea9981e3845df54a6,RADAR,RADAR_RIGHT_SIDE,1706541304905367,True,samples,samples/RADAR_RIGHT_SIDE/RADAR_RIGHT_SIDE_1706541304905367.pcd
bc090eb861bd4a2e999004df646cc9cf,a24b8e21a49746d196ba067b09e21a4f,073e6bb18188424ea9981e3845df54a6,RADAR,RADAR_RIGHT_SIDE,1706541305401838,True,samples,samples/RADAR_RIGHT_SIDE/RADAR_RIGHT_SIDE_1706541305401838.pcd
4bc6fc519f134925b6452b00e5fc8b17,75f794a6f0dd4e2c9910b2f8f1192b04,073e6bb18188424ea9981e3845df54a6,RADAR,RADAR_RIGHT_SIDE,1706541305903863,True,samples,samples/RADAR_RIGHT_SIDE/RADAR_RIGHT_SIDE_1706541305903863.pcd
e873a3ae3be24bc88626c0f5e9cd45b4,fd46341537f34c16b8f37389b25b5eff,073e6bb18188424ea9981e3845df54a6,RADAR,RADAR_RIGHT_SIDE,1706541306405393,True,samples,samples/RADAR_RIGHT_SIDE/RADAR_RIGHT_SIDE_1706541306405393.pcd
295f0fb1c7ce40cfbe26a10419f28b88,70ea4677eb1f4126a217de41eb5119ee,073e6bb18188424ea9981e3845df54a6,RADAR,RADAR_RIGHT_SIDE,1706541306902450,True,samples,samples/RADAR_RIGHT_SIDE/RADAR_RIGHT_SIDE_1706541306902450.pcd
a5e197a58b0d43c1945fd9ebba89a831,fb586e9af9bc4ded87c306e7964345e6,073e6bb18188424ea9981e3845df54a6,RADAR,RADAR_RIGHT_SIDE,1706541307403805,True,samples,samples/RADAR_RIGHT_SIDE/RADAR_RIGHT_SIDE_1706541307403805.pcd
a0a549f1797a410da304c7fca1ae9cd0,7f551a9ca9144a289797b1de66b1bfa3,073e6bb18188424ea9981e3845df54a6,RADAR,RADAR_RIGHT_SIDE,1706541307905149,True,samples,samples/RADAR_RIGHT_SIDE/RADAR_RIGHT_SIDE_1706541307905149.pcd
5d03648e275f46f18ef33831f6c54796,c689aeff0cd344188c9272316a7d57c0,073e6bb18188424ea9981e3845df54a6,RADAR,RADAR_RIGHT_SIDE,1706541308401535,True,samples,samples/RADAR_RIGHT_SIDE/RADAR_RIGHT_SIDE_1706541308401535.pcd
9d3836c6299547a48bd14bb4ba8d81c4,885bbe9d84d94c9f925437acf6e31921,073e6bb18188424ea9981e3845df54a6,RADAR,RADAR_RIGHT_SIDE,1706541308903558,True,samples,samples/RADAR_RIGHT_SIDE/RADAR_RIGHT_SIDE_1706541308903558.pcd
d70a556743744964878b8d680ecf9364,b0c7aef37dee49a6ac2236b212af059c,073e6bb18188424ea9981e3845df54a6,RADAR,RADAR_RIGHT_SIDE,1706541309404970,True,samples,samples/RADAR_RIGHT_SIDE/RADAR_RIGHT_SIDE_1706541309404970.pcd
58a9bf2caf52493faddf4ea53488eea4,2c61cb7566c948d8be146eb265fde451,073e6bb18188424ea9981e3845df54a6,RADAR,RADAR_RIGHT_SIDE,1706541309901864,True,samples,samples/RADAR_RIGHT_SIDE/RADAR_RIGHT_SIDE_1706541309901864.pcd
c306fecef55e4b9e85d2a683e94a22de,853e1e0907f14966be0c22eab0f4f05c,073e6bb18188424ea9981e3845df54a6,RADAR,RADAR_RIGHT_SIDE,1706541310403138,True,samples,samples/RADAR_RIGHT_SIDE/RADAR_RIGHT_SIDE_1706541310403138.pcd
8c1cba4e947f408787a976195e62d287,840bbca5b29741d29de0fc1a00d81cd4,073e6bb18188424ea9981e3845df54a6,RADAR,RADAR_RIGHT_SIDE,1706541310904752,True,samples,samples/RADAR_RIGHT_SIDE/RADAR_RIGHT_SIDE_1706541310904752.pcd
7deaf191dbef44e1b6a238087ed46263,97366e0a4e504322aaae6e8b07884f2f,073e6bb18188424ea9981e3845df54a6,RADAR,RADAR_RIGHT_SIDE,1706541311402044,True,samples,samples/RADAR_RIGHT_SIDE/RADAR_RIGHT_SIDE_1706541311402044.pcd
f9ed502206d743e7914ce853c232eda7,5d019ee18c50449591f26cf683e09898,073e6bb18188424ea9981e3845df54a6,RADAR,RADAR_RIGHT_SIDE,1706541311902887,True,samples,samples/RADAR_RIGHT_SIDE/RADAR_RIGHT_SIDE_1706541311902887.pcd
a6099eaacf4b48b38f5aaa96a68ac85c,7aab37b38b4344b2a5f9b4d56bdc8cf9,073e6bb18188424ea9981e3845df54a6,RADAR,RADAR_RIGHT_SIDE,1706541312404589,True,samples,samples/RADAR_RIGHT_SIDE/RADAR_RIGHT_SIDE_1706541312404589.pcd
7c61a44ab53848989e099dae1b727f53,b193a929462d4b28b559eda6d21dba5d,073e6bb18188424ea9981e3845df54a6,RADAR,RADAR_RIGHT_SIDE,1706541312901577,True,samples,samples/RADAR_RIGHT_SIDE/RADAR_RIGHT_SIDE_1706541312901577.pcd
3f1b6e7e575146668dc0ea3e2f06fef9,b6a30d50fb9f41eea4cce04d65fbadd1,073e6bb18188424ea9981e3845df54a6,RADAR,RADAR_RIGHT_SIDE,1706541313403282,True,samples,samples/RADAR_RIGHT_SIDE/RADAR_RIGHT_SIDE_1706541313403282.pcd
aad411fc8a804b4e927b299693175ccc,37e26c60741142d7811e41f7a35448c9,073e6bb18188424ea9981e3845df54a6,RADAR,RADAR_RIGHT_SIDE,1706541313904194,True,samples,samples/RADAR_RIGHT_SIDE/RADAR_RIGHT_SIDE_1706541313904194.pcd
f2cdcaf4b8164dc38d0dbedb00ee22da,fd6f19fe58c1488f9c45ccd70f25561c,073e6bb18188424ea9981e3845df54a6,RADAR,RADAR_RIGHT_SIDE,1706541314402257,True,samples,samples/RADAR_RIGHT_SIDE/RADAR_RIGHT_SIDE_1706541314402257.pcd
e037a35d219348fa967f18419e322c4c,d088162159534984bbe9c0e4ca87de81,073e6bb18188424ea9981e3845df54a6,RADAR,RADAR_RIGHT_SIDE,1706541314902854,True,samples,samples/RADAR_RIGHT_SIDE/RADAR_RIGHT_SIDE_1706541314902854.pcd
e0e7e2843ae8454aa1f101743015ed6d,1c2acee839b34c158452d570f1ebf203,073e6bb18188424ea9981e3845df54a6,RADAR,RADAR_RIGHT_SIDE,1706541315405760,True,samples,samples/RADAR_RIGHT_SIDE/RADAR_RIGHT_SIDE_1706541315405760.pcd
5ff1fb0153a8478bbc6b8c8fe4086273,c5dc48287d064c87939d630ff4c21065,073e6bb18188424ea9981e3845df54a6,RADAR,RADAR_RIGHT_SIDE,1706541315902113,True,samples,samples/RADAR_RIGHT_SIDE/RADAR_RIGHT_SIDE_1706541315902113.pcd
0d698fcd8e794f9eb705e3d444d80bb6,bf562ad191424bd7b701bb1dfddf068f,073e6bb18188424ea9981e3845df54a6,RADAR,RADAR_RIGHT_SIDE,1706541316404059,True,samples,samples/RADAR_RIGHT_SIDE/RADAR_RIGHT_SIDE_1706541316404059.pcd
7c893b06ef804a66a495099b30be16c7,876fc60ede7d47aa8eb3d1c396aa8ee1,073e6bb18188424ea9981e3845df54a6,RADAR,RADAR_RIGHT_SIDE,1706541316905692,True,samples,samples/RADAR_RIGHT_SIDE/RADAR_RIGHT_SIDE_1706541316905692.pcd
ef08d5137b5e4d948f9a10480e5fbd97,b213083c83b74031b2a23040e38861aa,073e6bb18188424ea9981e3845df54a6,RADAR,RADAR_RIGHT_SIDE,1706541317402807,True,samples,samples/RADAR_RIGHT_SIDE/RADAR_RIGHT_SIDE_1706541317402807.pcd
daf784d0d15a414ba2b402e3006f3f96,b7aef90fff4146c5b2fbd5938dbe2317,073e6bb18188424ea9981e3845df54a6,RADAR,RADAR_RIGHT_SIDE,1706541317903974,True,samples,samples/RADAR_RIGHT_SIDE/RADAR_RIGHT_SIDE_1706541317903974.pcd
5d2f7ba5bcbc430dba4c7d9cae21acfb,7225b605df0940e88cdc695c21771415,073e6bb18188424ea9981e3845df54a6,RADAR,RADAR_RIGHT_SIDE,1706541318405369,True,samples,samples/RADAR_RIGHT_SIDE/RADAR_RIGHT_SIDE_1706541318405369.pcd
25bf1f4bfc23456da637c70834d4394b,f78fc07d7ea847ceb289a9a695a9a01b,073e6bb18188424ea9981e3845df54a6,RADAR,RADAR_RIGHT_SIDE,1706541318901878,True,samples,samples/RADAR_RIGHT_SIDE/RADAR_RIGHT_SIDE_1706541318901878.pcd
462d83ba9361410484e34f0308be9f85,f82496cfbd55402eb388ca3b2de1ff00,073e6bb18188424ea9981e3845df54a6,RADAR,RADAR_RIGHT_SIDE,1706541319403787,True,samples,samples/RADAR_RIGHT_SIDE/RADAR_RIGHT_SIDE_1706541319403787.pcd
dc057eef7e1c47bdb0f7d13424cbb8b4,2e2ac9d98ef0429b8be1a17bb9ef0074,073e6bb18188424ea9981e3845df54a6,RADAR,RADAR_RIGHT_SIDE,1706541319905321,True,samples,samples/RADAR_RIGHT_SIDE/RADAR_RIGHT_SIDE_1706541319905321.pcd
58d556aa336e4c4b9926f3c76e87bcba,43f5fe636d6e459a8c858e6f82ba835c,073e6bb18188424ea9981e3845df54a6,RADAR,RADAR_RIGHT_SIDE,1706541320402202,True,samples,samples/RADAR_RIGHT_SIDE/RADAR_RIGHT_SIDE_1706541320402202.pcd
8572be0b63844bd5b695a5deb6cd26bf,7ebdaf01abe2419bbc2f437149052f7e,073e6bb18188424ea9981e3845df54a6,RADAR,RADAR_RIGHT_SIDE,1706541320903457,True,samples,samples/RADAR_RIGHT_SIDE/RADAR_RIGHT_SIDE_1706541320903457.pcd
eb87521009f741afaa933168d34bef41,f31befb82f864a368e6164a75a1733f9,073e6bb18188424ea9981e3845df54a6,RADAR,RADAR_RIGHT_SIDE,1706541321405050,True,samples,samples/RADAR_RIGHT_SIDE/RADAR_RIGHT_SIDE_1706541321405050.pcd
2204e29304324b2f881cb5f106ceb4f6,f2aa8afaba7249398e32f59a538ec5bf,073e6bb18188424ea9981e3845df54a6,RADAR,RADAR_RIGHT_SIDE,1706541321902352,True,samples,samples/RADAR_RIGHT_SIDE/RADAR_RIGHT_SIDE_1706541321902352.pcd
09f2e272dbad465a83a0c3a33c2f1d2c,30e96baf00fa44d49a50640917bdea00,073e6bb18188424ea9981e3845df54a6,RADAR,RADAR_RIGHT_SIDE,1706541322403231,True,samples,samples/RADAR_RIGHT_SIDE/RADAR_RIGHT_SIDE_1706541322403231.pcd
254fe00b70bd4706949737c838a044a7,e43ae3c9b670423d89fe92170f0c87e9,073e6bb18188424ea9981e3845df54a6,RADAR,RADAR_RIGHT_FRONT,1706541302904805,True,samples,samples/RADAR_RIGHT_FRONT/RADAR_RIGHT_FRONT_1706541302904805.pcd
f7fa41866358496ab180d3054c9ab5f1,b5e85c3fdd73410bbd64b73e699641ed,073e6bb18188424ea9981e3845df54a6,RADAR,RADAR_RIGHT_FRONT,1706541303401794,True,samples,samples/RADAR_RIGHT_FRONT/RADAR_RIGHT_FRONT_1706541303401794.pcd
c315fc769c864e928af6747fb6d394cb,00b7a051298345d7a162393e5c0e2764,073e6bb18188424ea9981e3845df54a6,RADAR,RADAR_RIGHT_FRONT,1706541303903591,True,samples,samples/RADAR_RIGHT_FRONT/RADAR_RIGHT_FRONT_1706541303903591.pcd
58f74b19b1f542249c03b10fbe958b4e,1c9adfec38f84c1792e008a8a1771cca,073e6bb18188424ea9981e3845df54a6,RADAR,RADAR_RIGHT_FRONT,1706541304404458,True,samples,samples/RADAR_RIGHT_FRONT/RADAR_RIGHT_FRONT_1706541304404458.pcd
fef43dcaac8045ca8e047752678de5f4,b1724a8b614640e39cd18857d741d2d3,073e6bb18188424ea9981e3845df54a6,RADAR,RADAR_RIGHT_FRONT,1706541304902476,True,samples,samples/RADAR_RIGHT_FRONT/RADAR_RIGHT_FRONT_1706541304902476.pcd
706b317fca954d259b8b11e0e3b497f5,a24b8e21a49746d196ba067b09e21a4f,073e6bb18188424ea9981e3845df54a6,RADAR,RADAR_RIGHT_FRONT,1706541305403085,True,samples,samples/RADAR_RIGHT_FRONT/RADAR_RIGHT_FRONT_1706541305403085.pcd
850d73e5498b4dc68f1ebc4dcd4e084e,75f794a6f0dd4e2c9910b2f8f1192b04,073e6bb18188424ea9981e3845df54a6,RADAR,RADAR_RIGHT_FRONT,1706541305854090,True,samples,samples/RADAR_RIGHT_FRONT/RADAR_RIGHT_FRONT_1706541305854090.pcd
5cf592245a474b85928856d9b2a64cf8,fd46341537f34c16b8f37389b25b5eff,073e6bb18188424ea9981e3845df54a6,RADAR,RADAR_RIGHT_FRONT,1706541306402078,True,samples,samples/RADAR_RIGHT_FRONT/RADAR_RIGHT_FRONT_1706541306402078.pcd
183de9e8e477452586c0f5027dc1f731,70ea4677eb1f4126a217de41eb5119ee,073e6bb18188424ea9981e3845df54a6,RADAR,RADAR_RIGHT_FRONT,1706541306904146,True,samples,samples/RADAR_RIGHT_FRONT/RADAR_RIGHT_FRONT_1706541306904146.pcd
998dd272571b46da960eef7edc41ee64,fb586e9af9bc4ded87c306e7964345e6,073e6bb18188424ea9981e3845df54a6,RADAR,RADAR_RIGHT_FRONT,1706541307405632,True,samples,samples/RADAR_RIGHT_FRONT/RADAR_RIGHT_FRONT_1706541307405632.pcd
aaf33e8955ce412bb8cbc23fd650c02b,7f551a9ca9144a289797b1de66b1bfa3,073e6bb18188424ea9981e3845df54a6,RADAR,RADAR_RIGHT_FRONT,1706541307902734,True,samples,samples/RADAR_RIGHT_FRONT/RADAR_RIGHT_FRONT_1706541307902734.pcd
028eb751d7eb4758870c457674e761d8,c689aeff0cd344188c9272316a7d57c0,073e6bb18188424ea9981e3845df54a6,RADAR,RADAR_RIGHT_FRONT,1706541308403815,True,samples,samples/RADAR_RIGHT_FRONT/RADAR_RIGHT_FRONT_1706541308403815.pcd
c5fe2c37054a490293723efb333b3b33,885bbe9d84d94c9f925437acf6e31921,073e6bb18188424ea9981e3845df54a6,RADAR,RADAR_RIGHT_FRONT,1706541308905301,True,samples,samples/RADAR_RIGHT_FRONT/RADAR_RIGHT_FRONT_1706541308905301.pcd
89dff3ebb60345819f2590d600fc96a9,b0c7aef37dee49a6ac2236b212af059c,073e6bb18188424ea9981e3845df54a6,RADAR,RADAR_RIGHT_FRONT,1706541309401693,True,samples,samples/RADAR_RIGHT_FRONT/RADAR_RIGHT_FRONT_1706541309401693.pcd
6e657fc70864426d9f54ce3cd0702c6e,2c61cb7566c948d8be146eb265fde451,073e6bb18188424ea9981e3845df54a6,RADAR,RADAR_RIGHT_FRONT,1706541309903738,True,samples,samples/RADAR_RIGHT_FRONT/RADAR_RIGHT_FRONT_1706541309903738.pcd
8577dae01c7a4614b83a866830074bd0,853e1e0907f14966be0c22eab0f4f05c,073e6bb18188424ea9981e3845df54a6,RADAR,RADAR_RIGHT_FRONT,1706541310405272,True,samples,samples/RADAR_RIGHT_FRONT/RADAR_RIGHT_FRONT_1706541310405272.pcd
e5becf607e5346adb9f5f7a33abd2467,840bbca5b29741d29de0fc1a00d81cd4,073e6bb18188424ea9981e3845df54a6,RADAR,RADAR_RIGHT_FRONT,1706541310902100,True,samples,samples/RADAR_RIGHT_FRONT/RADAR_RIGHT_FRONT_1706541310902100.pcd
cbcf63a6a72d411c81ea324ae40b1aa7,97366e0a4e504322aaae6e8b07884f2f,073e6bb18188424ea9981e3845df54a6,RADAR,RADAR_RIGHT_FRONT,1706541311403460,True,samples,samples/RADAR_RIGHT_FRONT/RADAR_RIGHT_FRONT_1706541311403460.pcd
7ec5d611a6fe423cadc3cadd8cae2c5a,5d019ee18c50449591f26cf683e09898,073e6bb18188424ea9981e3845df54a6,RADAR,RADAR_RIGHT_FRONT,1706541311904973,True,samples,samples/RADAR_RIGHT_FRONT/RADAR_RIGHT_FRONT_1706541311904973.pcd
60d0e567f462485296993475cb90b855,7aab37b38b4344b2a5f9b4d56bdc8cf9,073e6bb18188424ea9981e3845df54a6,RADAR,RADAR_RIGHT_FRONT,1706541312402315,True,samples,samples/RADAR_RIGHT_FRONT/RADAR_RIGHT_FRONT_1706541312402315.pcd
b6fd52c7d0df4cfd97a91dc1071c39f2,b193a929462d4b28b559eda6d21dba5d,073e6bb18188424ea9981e3845df54a6,RADAR,RADAR_RIGHT_FRONT,1706541312903268,True,samples,samples/RADAR_RIGHT_FRONT/RADAR_RIGHT_FRONT_1706541312903268.pcd
63db8f9f3972454ca57aacfbac9210ae,b6a30d50fb9f41eea4cce04d65fbadd1,073e6bb18188424ea9981e3845df54a6,RADAR,RADAR_RIGHT_FRONT,1706541313404773,True,samples,samples/RADAR_RIGHT_FRONT/RADAR_RIGHT_FRONT_1706541313404773.pcd
548655502d18411fa3393dca1664593e,37e26c60741142d7811e41f7a35448c9,073e6bb18188424ea9981e3845df54a6,RADAR,RADAR_RIGHT_FRONT,1706541313901763,True,samples,samples/RADAR_RIGHT_FRONT/RADAR_RIGHT_FRONT_1706541313901763.pcd
e3c2bd4e345e4c5aa5405dc5d7299783,fd6f19fe58c1488f9c45ccd70f25561c,073e6bb18188424ea9981e3845df54a6,RADAR,RADAR_RIGHT_FRONT,1706541314403507,True,samples,samples/RADAR_RIGHT_FRONT/RADAR_RIGHT_FRONT_1706541314403507.pcd
a34950277b9a41848114bd3066fda6d7,d088162159534984bbe9c0e4ca87de81,073e6bb18188424ea9981e3845df54a6,RADAR,RADAR_RIGHT_FRONT,1706541314904361,True,samples,samples/RADAR_RIGHT_FRONT/RADAR_RIGHT_FRONT_1706541314904361.pcd
34e735b6ae904c4abbca1dea3945870e,1c2acee839b34c158452d570f1ebf203,073e6bb18188424ea9981e3845df54a6,RADAR,RADAR_RIGHT_FRONT,1706541315402369,True,samples,samples/RADAR_RIGHT_FRONT/RADAR_RIGHT_FRONT_1706541315402369.pcd
83cc3d880d95488c9109d36d29ec739a,c5dc48287d064c87939d630ff4c21065,073e6bb18188424ea9981e3845df54a6,RADAR,RADAR_RIGHT_FRONT,1706541315903046,True,samples,samples/RADAR_RIGHT_FRONT/RADAR_RIGHT_FRONT_1706541315903046.pcd
aa02d8d179ec43089ea038af816f7d38,bf562ad191424bd7b701bb1dfddf068f,073e6bb18188424ea9981e3845df54a6,RADAR,RADAR_RIGHT_FRONT,1706541316405612,True,samples,samples/RADAR_RIGHT_FRONT/RADAR_RIGHT_FRONT_1706541316405612.pcd
23af7f6e58594abe8b358cbe40b72aa6,876fc60ede7d47aa8eb3d1c396aa8ee1,073e6bb18188424ea9981e3845df54a6,RADAR,RADAR_RIGHT_FRONT,1706541316902041,True,samples,samples/RADAR_RIGHT_FRONT/RADAR_RIGHT_FRONT_1706541316902041.pcd
f87293e6fdb14336b7112a40ce6a866e,b213083c83b74031b2a23040e38861aa,073e6bb18188424ea9981e3845df54a6,RADAR,RADAR_RIGHT_FRONT,1706541317404026,True,samples,samples/RADAR_RIGHT_FRONT/RADAR_RIGHT_FRONT_1706541317404026.pcd
ab92cf772fd8409ba3c375dc5405af31,b7aef90fff4146c5b2fbd5938dbe2317,073e6bb18188424ea9981e3845df54a6,RADAR,RADAR_RIGHT_FRONT,1706541317905586,True,samples,samples/RADAR_RIGHT_FRONT/RADAR_RIGHT_FRONT_1706541317905586.pcd
c230a4904b7040a0bc359cb1ddc08889,7225b605df0940e88cdc695c21771415,073e6bb18188424ea9981e3845df54a6,RADAR,RADAR_RIGHT_FRONT,1706541318402688,True,samples,samples/RADAR_RIGHT_FRONT/RADAR_RIGHT_FRONT_1706541318402688.pcd
821d514c1596422cbd8d9c1f914a77a9,f78fc07d7ea847ceb289a9a695a9a01b,073e6bb18188424ea9981e3845df54a6,RADAR,RADAR_RIGHT_FRONT,1706541318903908,True,samples,samples/RADAR_RIGHT_FRONT/RADAR_RIGHT_FRONT_1706541318903908.pcd
4c94aa48224149949f206772635abee9,f82496cfbd55402eb388ca3b2de1ff00,073e6bb18188424ea9981e3845df54a6,RADAR,RADAR_RIGHT_FRONT,1706541319405238,True,samples,samples/RADAR_RIGHT_FRONT/RADAR_RIGHT_FRONT_1706541319405238.pcd
768fa44fbc7a466582ff079b8016bbf4,2e2ac9d98ef0429b8be1a17bb9ef0074,073e6bb18188424ea9981e3845df54a6,RADAR,RADAR_RIGHT_FRONT,1706541319901748,True,samples,samples/RADAR_RIGHT_FRONT/RADAR_RIGHT_FRONT_1706541319901748.pcd
11105ffeb447463eac912771d326543f,43f5fe636d6e459a8c858e6f82ba835c,073e6bb18188424ea9981e3845df54a6,RADAR,RADAR_RIGHT_FRONT,1706541320403787,True,samples,samples/RADAR_RIGHT_FRONT/RADAR_RIGHT_FRONT_1706541320403787.pcd
18e3792c39914b52bc232643a9e82dda,7ebdaf01abe2419bbc2f437149052f7e,073e6bb18188424ea9981e3845df54a6,RADAR,RADAR_RIGHT_FRONT,1706541320905255,True,samples,samples/RADAR_RIGHT_FRONT/RADAR_RIGHT_FRONT_1706541320905255.pcd
3924bf32721541f4adcb8e04228c0303,f31befb82f864a368e6164a75a1733f9,073e6bb18188424ea9981e3845df54a6,RADAR,RADAR_RIGHT_FRONT,1706541321402119,True,samples,samples/RADAR_RIGHT_FRONT/RADAR_RIGHT_FRONT_1706541321402119.pcd
79131f60dc4e4ab88222157a23aa3d11,f2aa8afaba7249398e32f59a538ec5bf,073e6bb18188424ea9981e3845df54a6,RADAR,RADAR_RIGHT_FRONT,1706541321903369,True,samples,samples/RADAR_RIGHT_FRONT/RADAR_RIGHT_FRONT_1706541321903369.pcd
4d4dc7b9c240491f83fbe898bca89540,30e96baf00fa44d49a50640917bdea00,073e6bb18188424ea9981e3845df54a6,RADAR,RADAR_RIGHT_FRONT,1706541322404823,True,samples,samples/RADAR_RIGHT_FRONT/RADAR_RIGHT_FRONT_1706541322404823.pcd
5fe70a63709447c39e5fbb1979ba3fbb,e43ae3c9b670423d89fe92170f0c87e9,073e6bb18188424ea9981e3845df54a6,RADAR,RADAR_LEFT_FRONT,1706541302903232,True,samples,samples/RADAR_LEFT_FRONT/RADAR_LEFT_FRONT_1706541302903232.pcd
4031294757f84fc0addc5cb73d73a4ab,b5e85c3fdd73410bbd64b73e699641ed,073e6bb18188424ea9981e3845df54a6,RADAR,RADAR_LEFT_FRONT,1706541303404762,True,samples,samples/RADAR_LEFT_FRONT/RADAR_LEFT_FRONT_1706541303404762.pcd
d25e85092152472f9bfcb9184aee2c83,00b7a051298345d7a162393e5c0e2764,073e6bb18188424ea9981e3845df54a6,RADAR,RADAR_LEFT_FRONT,1706541303902116,True,samples,samples/RADAR_LEFT_FRONT/RADAR_LEFT_FRONT_1706541303902116.pcd
dab9dfd7bae8429981d5ea6150150c0a,1c9adfec38f84c1792e008a8a1771cca,073e6bb18188424ea9981e3845df54a6,RADAR,RADAR_LEFT_FRONT,1706541304403043,True,samples,samples/RADAR_LEFT_FRONT/RADAR_LEFT_FRONT_1706541304403043.pcd
6ec0ef4f0b564a3b9cc40b97b9178b88,b1724a8b614640e39cd18857d741d2d3,073e6bb18188424ea9981e3845df54a6,RADAR,RADAR_LEFT_FRONT,1706541304904635,True,samples,samples/RADAR_LEFT_FRONT/RADAR_LEFT_FRONT_1706541304904635.pcd
36224ff7564a4dabb262bd3439ac8a20,a24b8e21a49746d196ba067b09e21a4f,073e6bb18188424ea9981e3845df54a6,RADAR,RADAR_LEFT_FRONT,1706541305401606,True,samples,samples/RADAR_LEFT_FRONT/RADAR_LEFT_FRONT_1706541305401606.pcd
7b977b7534cf4a8f90bfa8125f895a5f,75f794a6f0dd4e2c9910b2f8f1192b04,073e6bb18188424ea9981e3845df54a6,RADAR,RADAR_LEFT_FRONT,1706541305903419,True,samples,samples/RADAR_LEFT_FRONT/RADAR_LEFT_FRONT_1706541305903419.pcd
8fcc5bd965884beeadf9a33eb7568132,fd46341537f34c16b8f37389b25b5eff,073e6bb18188424ea9981e3845df54a6,RADAR,RADAR_LEFT_FRONT,1706541306404285,True,samples,samples/RADAR_LEFT_FRONT/RADAR_LEFT_FRONT_1706541306404285.pcd
a5e43eab5791447f8af51cbdbf2938d9,70ea4677eb1f4126a217de41eb5119ee,073e6bb18188424ea9981e3845df54a6,RADAR,RADAR_LEFT_FRONT,1706541306902256,True,samples,samples/RADAR_LEFT_FRONT/RADAR_LEFT_FRONT_1706541306902256.pcd
597ba947ef1d42a09bec3dede071a1eb,fb586e9af9bc4ded87c306e7964345e6,073e6bb18188424ea9981e3845df54a6,RADAR,RADAR_LEFT_FRONT,1706541307402898,True,samples,samples/RADAR_LEFT_FRONT/RADAR_LEFT_FRONT_1706541307402898.pcd
8ca46aa8aa614ea29b4f3f1f93326069,7f551a9ca9144a289797b1de66b1bfa3,073e6bb18188424ea9981e3845df54a6,RADAR,RADAR_LEFT_FRONT,1706541307905477,True,samples,samples/RADAR_LEFT_FRONT/RADAR_LEFT_FRONT_1706541307905477.pcd
1dfa6c1df24d46468ff30bafca5bceb4,c689aeff0cd344188c9272316a7d57c0,073e6bb18188424ea9981e3845df54a6,RADAR,RADAR_LEFT_FRONT,1706541308401901,True,samples,samples/RADAR_LEFT_FRONT/RADAR_LEFT_FRONT_1706541308401901.pcd
8f9a0a08ddb04762a00a4b08ba4ee201,885bbe9d84d94c9f925437acf6e31921,073e6bb18188424ea9981e3845df54a6,RADAR,RADAR_LEFT_FRONT,1706541308903883,True,samples,samples/RADAR_LEFT_FRONT/RADAR_LEFT_FRONT_1706541308903883.pcd
1419a8af406047fc8f600dd03dc0f4cf,b0c7aef37dee49a6ac2236b212af059c,073e6bb18188424ea9981e3845df54a6,RADAR,RADAR_LEFT_FRONT,1706541309405402,True,samples,samples/RADAR_LEFT_FRONT/RADAR_LEFT_FRONT_1706541309405402.pcd
4e8e6d9ba213421aa7abdbf2148c73c7,2c61cb7566c948d8be146eb265fde451,073e6bb18188424ea9981e3845df54a6,RADAR,RADAR_LEFT_FRONT,1706541309902448,True,samples,samples/RADAR_LEFT_FRONT/RADAR_LEFT_FRONT_1706541309902448.pcd
3329222f09224969bfd0636473ef2c35,853e1e0907f14966be0c22eab0f4f05c,073e6bb18188424ea9981e3845df54a6,RADAR,RADAR_LEFT_FRONT,1706541310403752,True,samples,samples/RADAR_LEFT_FRONT/RADAR_LEFT_FRONT_1706541310403752.pcd
b047dfd3619a4e779f07fb3cd5952bbe,840bbca5b29741d29de0fc1a00d81cd4,073e6bb18188424ea9981e3845df54a6,RADAR,RADAR_LEFT_FRONT,1706541310905179,True,samples,samples/RADAR_LEFT_FRONT/RADAR_LEFT_FRONT_1706541310905179.pcd
11adbe258e5d46a4bd3efd764ed61283,97366e0a4e504322aaae6e8b07884f2f,073e6bb18188424ea9981e3845df54a6,RADAR,RADAR_LEFT_FRONT,1706541311401609,True,samples,samples/RADAR_LEFT_FRONT/RADAR_LEFT_FRONT_1706541311401609.pcd
14546705a00d44f8af0c31369af52239,5d019ee18c50449591f26cf683e09898,073e6bb18188424ea9981e3845df54a6,RADAR,RADAR_LEFT_FRONT,1706541311903601,True,samples,samples/RADAR_LEFT_FRONT/RADAR_LEFT_FRONT_1706541311903601.pcd
6b7797015e564e358612a99e7b5fea1a,7aab37b38b4344b2a5f9b4d56bdc8cf9,073e6bb18188424ea9981e3845df54a6,RADAR,RADAR_LEFT_FRONT,1706541312405020,True,samples,samples/RADAR_LEFT_FRONT/RADAR_LEFT_FRONT_1706541312405020.pcd
412426898471496e96afca3c78c38b1f,b193a929462d4b28b559eda6d21dba5d,073e6bb18188424ea9981e3845df54a6,RADAR,RADAR_LEFT_FRONT,1706541312901919,True,samples,samples/RADAR_LEFT_FRONT/RADAR_LEFT_FRONT_1706541312901919.pcd
79b03992b0874ee5b29425217779079f,b6a30d50fb9f41eea4cce04d65fbadd1,073e6bb18188424ea9981e3845df54a6,RADAR,RADAR_LEFT_FRONT,1706541313403207,True,samples,samples/RADAR_LEFT_FRONT/RADAR_LEFT_FRONT_1706541313403207.pcd
38be11107c3d4186b4b2c890193fdafc,37e26c60741142d7811e41f7a35448c9,073e6bb18188424ea9981e3845df54a6,RADAR,RADAR_LEFT_FRONT,1706541313904819,True,samples,samples/RADAR_LEFT_FRONT/RADAR_LEFT_FRONT_1706541313904819.pcd
5f6a40df6a4e4bdcb02431ea2dee4ca9,fd6f19fe58c1488f9c45ccd70f25561c,073e6bb18188424ea9981e3845df54a6,RADAR,RADAR_LEFT_FRONT,1706541314402047,True,samples,samples/RADAR_LEFT_FRONT/RADAR_LEFT_FRONT_1706541314402047.pcd
19fbc67a924f47e7aab50c716b122e57,d088162159534984bbe9c0e4ca87de81,073e6bb18188424ea9981e3845df54a6,RADAR,RADAR_LEFT_FRONT,1706541314903091,True,samples,samples/RADAR_LEFT_FRONT/RADAR_LEFT_FRONT_1706541314903091.pcd
ae4bd5720be941acbf528c8b0b937620,1c2acee839b34c158452d570f1ebf203,073e6bb18188424ea9981e3845df54a6,RADAR,RADAR_LEFT_FRONT,1706541315404613,True,samples,samples/RADAR_LEFT_FRONT/RADAR_LEFT_FRONT_1706541315404613.pcd
6d03cc1e41594fa8a97493a63288bd57,c5dc48287d064c87939d630ff4c21065,073e6bb18188424ea9981e3845df54a6,RADAR,RADAR_LEFT_FRONT,1706541315901584,True,samples,samples/RADAR_LEFT_FRONT/RADAR_LEFT_FRONT_1706541315901584.pcd
cbd00e51d1404ab8b858acf8724c7e9b,bf562ad191424bd7b701bb1dfddf068f,073e6bb18188424ea9981e3845df54a6,RADAR,RADAR_LEFT_FRONT,1706541316403390,True,samples,samples/RADAR_LEFT_FRONT/RADAR_LEFT_FRONT_1706541316403390.pcd
9c43d25ff90e4abe8b4dcbdf5af5a5c4,876fc60ede7d47aa8eb3d1c396aa8ee1,073e6bb18188424ea9981e3845df54a6,RADAR,RADAR_LEFT_FRONT,1706541316852832,True,samples,samples/RADAR_LEFT_FRONT/RADAR_LEFT_FRONT_1706541316852832.pcd
322663d2bf794b53bab5b56a027821cb,b213083c83b74031b2a23040e38861aa,073e6bb18188424ea9981e3845df54a6,RADAR,RADAR_LEFT_FRONT,1706541317402233,True,samples,samples/RADAR_LEFT_FRONT/RADAR_LEFT_FRONT_1706541317402233.pcd
3994f00ca480463db4ea76c7b37f6bf2,b7aef90fff4146c5b2fbd5938dbe2317,073e6bb18188424ea9981e3845df54a6,RADAR,RADAR_LEFT_FRONT,1706541317902864,True,samples,samples/RADAR_LEFT_FRONT/RADAR_LEFT_FRONT_1706541317902864.pcd
b0b1e73dd5c849d298df401edbb2bb47,7225b605df0940e88cdc695c21771415,073e6bb18188424ea9981e3845df54a6,RADAR,RADAR_LEFT_FRONT,1706541318353884,True,samples,samples/RADAR_LEFT_FRONT/RADAR_LEFT_FRONT_1706541318353884.pcd
fc63891bc6624b5f9ff78903f5b4a63c,f78fc07d7ea847ceb289a9a695a9a01b,073e6bb18188424ea9981e3845df54a6,RADAR,RADAR_LEFT_FRONT,1706541318901879,True,samples,samples/RADAR_LEFT_FRONT/RADAR_LEFT_FRONT_1706541318901879.pcd
e2e4f1d5146a45dfad3144c9ce235f98,f82496cfbd55402eb388ca3b2de1ff00,073e6bb18188424ea9981e3845df54a6,RADAR,RADAR_LEFT_FRONT,1706541319403958,True,samples,samples/RADAR_LEFT_FRONT/RADAR_LEFT_FRONT_1706541319403958.pcd
3429a42997ad40648bbc44f0abee11f2,2e2ac9d98ef0429b8be1a17bb9ef0074,073e6bb18188424ea9981e3845df54a6,RADAR,RADAR_LEFT_FRONT,1706541319853735,True,samples,samples/RADAR_LEFT_FRONT/RADAR_LEFT_FRONT_1706541319853735.pcd
1be0bd8ec7ef4645bb9b17f6270eac16,43f5fe636d6e459a8c858e6f82ba835c,073e6bb18188424ea9981e3845df54a6,RADAR,RADAR_LEFT_FRONT,1706541320402444,True,samples,samples/RADAR_LEFT_FRONT/RADAR_LEFT_FRONT_1706541320402444.pcd
0bb22e38872546508e7ccb8514e75f07,7ebdaf01abe2419bbc2f437149052f7e,073e6bb18188424ea9981e3845df54a6,RADAR,RADAR_LEFT_FRONT,1706541320903701,True,samples,samples/RADAR_LEFT_FRONT/RADAR_LEFT_FRONT_1706541320903701.pcd
60f39ddd7f8b4e0a920c65de671bc143,f31befb82f864a368e6164a75a1733f9,073e6bb18188424ea9981e3845df54a6,RADAR,RADAR_LEFT_FRONT,1706541321353731,True,samples,samples/RADAR_LEFT_FRONT/RADAR_LEFT_FRONT_1706541321353731.pcd
e2ea2b24232046748bc8b5667221434e,f2aa8afaba7249398e32f59a538ec5bf,073e6bb18188424ea9981e3845df54a6,RADAR,RADAR_LEFT_FRONT,1706541321901570,True,samples,samples/RADAR_LEFT_FRONT/RADAR_LEFT_FRONT_1706541321901570.pcd
eb5842612bd343d1b352d9a08faeaea5,30e96baf00fa44d49a50640917bdea00,073e6bb18188424ea9981e3845df54a6,RADAR,RADAR_LEFT_FRONT,1706541322403857,True,samples,samples/RADAR_LEFT_FRONT/RADAR_LEFT_FRONT_1706541322403857.pcd
f236a52db3794f0888b3eac576f63352,e43ae3c9b670423d89fe92170f0c87e9,073e6bb18188424ea9981e3845df54a6,RADAR,RADAR_LEFT_SIDE,1706541302903314,True,samples,samples/RADAR_LEFT_SIDE/RADAR_LEFT_SIDE_1706541302903314.pcd
58eadeb557e6403d8b343f783e977459,b5e85c3fdd73410bbd64b73e699641ed,073e6bb18188424ea9981e3845df54a6,RADAR,RADAR_LEFT_SIDE,1706541303404820,True,samples,samples/RADAR_LEFT_SIDE/RADAR_LEFT_SIDE_1706541303404820.pcd
01bf47718c6e4d6c87dfd89cbb4fcd32,00b7a051298345d7a162393e5c0e2764,073e6bb18188424ea9981e3845df54a6,RADAR,RADAR_LEFT_SIDE,1706541303902216,True,samples,samples/RADAR_LEFT_SIDE/RADAR_LEFT_SIDE_1706541303902216.pcd
ad930fa7a8884eed90368257f41ee0d3,1c9adfec38f84c1792e008a8a1771cca,073e6bb18188424ea9981e3845df54a6,RADAR,RADAR_LEFT_SIDE,1706541304403108,True,samples,samples/RADAR_LEFT_SIDE/RADAR_LEFT_SIDE_1706541304403108.pcd
edf7de60bd0b4f52b14b7229d39731f2,b1724a8b614640e39cd18857d741d2d3,073e6bb18188424ea9981e3845df54a6,RADAR,RADAR_LEFT_SIDE,1706541304904681,True,samples,samples/RADAR_LEFT_SIDE/RADAR_LEFT_SIDE_1706541304904681.pcd
dbdc1555f95b44e18d25ed748d0c0e78,a24b8e21a49746d196ba067b09e21a4f,073e6bb18188424ea9981e3845df54a6,RADAR,RADAR_LEFT_SIDE,1706541305401773,True,samples,samples/RADAR_LEFT_SIDE/RADAR_LEFT_SIDE_1706541305401773.pcd
8759d3b428794cce8ef9ea4f2bb3a688,75f794a6f0dd4e2c9910b2f8f1192b04,073e6bb18188424ea9981e3845df54a6,RADAR,RADAR_LEFT_SIDE,1706541305903670,True,samples,samples/RADAR_LEFT_SIDE/RADAR_LEFT_SIDE_1706541305903670.pcd
5a8a0fa75dfe41048e3f814f9e066bdd,fd46341537f34c16b8f37389b25b5eff,073e6bb18188424ea9981e3845df54a6,RADAR,RADAR_LEFT_SIDE,1706541306404369,True,samples,samples/RADAR_LEFT_SIDE/RADAR_LEFT_SIDE_1706541306404369.pcd
6954b14606b041bf9ccfde5306964f54,70ea4677eb1f4126a217de41eb5119ee,073e6bb18188424ea9981e3845df54a6,RADAR,RADAR_LEFT_SIDE,1706541306902468,True,samples,samples/RADAR_LEFT_SIDE/RADAR_LEFT_SIDE_1706541306902468.pcd
21c03b9da3174c07b2c1ac205699ca06,fb586e9af9bc4ded87c306e7964345e6,073e6bb18188424ea9981e3845df54a6,RADAR,RADAR_LEFT_SIDE,1706541307402967,True,samples,samples/RADAR_LEFT_SIDE/RADAR_LEFT_SIDE_1706541307402967.pcd
61de15cfc4a14c95a3eed311b389018a,7f551a9ca9144a289797b1de66b1bfa3,073e6bb18188424ea9981e3845df54a6,RADAR,RADAR_LEFT_SIDE,1706541307905641,True,samples,samples/RADAR_LEFT_SIDE/RADAR_LEFT_SIDE_1706541307905641.pcd
621fd4e6fff84763b026f2ab867c599d,c689aeff0cd344188c9272316a7d57c0,073e6bb18188424ea9981e3845df54a6,RADAR,RADAR_LEFT_SIDE,1706541308402095,True,samples,samples/RADAR_LEFT_SIDE/RADAR_LEFT_SIDE_1706541308402095.pcd
905338d135d44e1697bc6defbb75773b,885bbe9d84d94c9f925437acf6e31921,073e6bb18188424ea9981e3845df54a6,RADAR,RADAR_LEFT_SIDE,1706541308903972,True,samples,samples/RADAR_LEFT_SIDE/RADAR_LEFT_SIDE_1706541308903972.pcd
c8f24d7cc1af4ef087f4f45ed9a26c45,b0c7aef37dee49a6ac2236b212af059c,073e6bb18188424ea9981e3845df54a6,RADAR,RADAR_LEFT_SIDE,1706541309405453,True,samples,samples/RADAR_LEFT_SIDE/RADAR_LEFT_SIDE_1706541309405453.pcd
65bd75f177324f689d507a06609cc4a8,2c61cb7566c948d8be146eb265fde451,073e6bb18188424ea9981e3845df54a6,RADAR,RADAR_LEFT_SIDE,1706541309902554,True,samples,samples/RADAR_LEFT_SIDE/RADAR_LEFT_SIDE_1706541309902554.pcd
8f01edf77880449fa193ca579c1d5a6f,853e1e0907f14966be0c22eab0f4f05c,073e6bb18188424ea9981e3845df54a6,RADAR,RADAR_LEFT_SIDE,1706541310403897,True,samples,samples/RADAR_LEFT_SIDE/RADAR_LEFT_SIDE_1706541310403897.pcd
da4911182bbe4286b66ef814cfe9cf17,840bbca5b29741d29de0fc1a00d81cd4,073e6bb18188424ea9981e3845df54a6,RADAR,RADAR_LEFT_SIDE,1706541310905238,True,samples,samples/RADAR_LEFT_SIDE/RADAR_LEFT_SIDE_1706541310905238.pcd
b8219ca5d555462ca3622ff9e214588b,97366e0a4e504322aaae6e8b07884f2f,073e6bb18188424ea9981e3845df54a6,RADAR,RADAR_LEFT_SIDE,1706541311401678,True,samples,samples/RADAR_LEFT_SIDE/RADAR_LEFT_SIDE_1706541311401678.pcd
f5c8e63c301b481da1104b5db92ff696,5d019ee18c50449591f26cf683e09898,073e6bb18188424ea9981e3845df54a6,RADAR,RADAR_LEFT_SIDE,1706541311903793,True,samples,samples/RADAR_LEFT_SIDE/RADAR_LEFT_SIDE_1706541311903793.pcd
04d5637d4fc04c308b3328cb0f7333c9,7aab37b38b4344b2a5f9b4d56bdc8cf9,073e6bb18188424ea9981e3845df54a6,RADAR,RADAR_LEFT_SIDE,1706541312405061,True,samples,samples/RADAR_LEFT_SIDE/RADAR_LEFT_SIDE_1706541312405061.pcd
d72ecd57d6f146c282e82ef11825e285,b193a929462d4b28b559eda6d21dba5d,073e6bb18188424ea9981e3845df54a6,RADAR,RADAR_LEFT_SIDE,1706541312901976,True,samples,samples/RADAR_LEFT_SIDE/RADAR_LEFT_SIDE_1706541312901976.pcd
90aede15d6bd43b0bfb93f4c18b1f584,b6a30d50fb9f41eea4cce04d65fbadd1,073e6bb18188424ea9981e3845df54a6,RADAR,RADAR_LEFT_SIDE,1706541313403271,True,samples,samples/RADAR_LEFT_SIDE/RADAR_LEFT_SIDE_1706541313403271.pcd
b7e985d00f744a35accb92f5404f6c9b,37e26c60741142d7811e41f7a35448c9,073e6bb18188424ea9981e3845df54a6,RADAR,RADAR_LEFT_SIDE,1706541313904804,True,samples,samples/RADAR_LEFT_SIDE/RADAR_LEFT_SIDE_1706541313904804.pcd
ce700a13646d4dafaa94304a95025c6e,fd6f19fe58c1488f9c45ccd70f25561c,073e6bb18188424ea9981e3845df54a6,RADAR,RADAR_LEFT_SIDE,1706541314402128,True,samples,samples/RADAR_LEFT_SIDE/RADAR_LEFT_SIDE_1706541314402128.pcd
4cc8f7bfbdc7442ca8981f8e2dd02da9,d088162159534984bbe9c0e4ca87de81,073e6bb18188424ea9981e3845df54a6,RADAR,RADAR_LEFT_SIDE,1706541314903089,True,samples,samples/RADAR_LEFT_SIDE/RADAR_LEFT_SIDE_1706541314903089.pcd
7e72c4b29fce4ea2a5028385440d2d8f,1c2acee839b34c158452d570f1ebf203,073e6bb18188424ea9981e3845df54a6,RADAR,RADAR_LEFT_SIDE,1706541315404642,True,samples,samples/RADAR_LEFT_SIDE/RADAR_LEFT_SIDE_1706541315404642.pcd
a964e44afe9a42be82e28129a57f1dba,c5dc48287d064c87939d630ff4c21065,073e6bb18188424ea9981e3845df54a6,RADAR,RADAR_LEFT_SIDE,1706541315901605,True,samples,samples/RADAR_LEFT_SIDE/RADAR_LEFT_SIDE_1706541315901605.pcd
de7eede3a6554dbb9ea0a2a2dd116464,bf562ad191424bd7b701bb1dfddf068f,073e6bb18188424ea9981e3845df54a6,RADAR,RADAR_LEFT_SIDE,1706541316403396,True,samples,samples/RADAR_LEFT_SIDE/RADAR_LEFT_SIDE_1706541316403396.pcd
28f82cd9106c47f2941f643415a698af,876fc60ede7d47aa8eb3d1c396aa8ee1,073e6bb18188424ea9981e3845df54a6,RADAR,RADAR_LEFT_SIDE,1706541316904227,True,samples,samples/RADAR_LEFT_SIDE/RADAR_LEFT_SIDE_1706541316904227.pcd
d2f879b8f282468889ef8cc5de736d26,b213083c83b74031b2a23040e38861aa,073e6bb18188424ea9981e3845df54a6,RADAR,RADAR_LEFT_SIDE,1706541317402293,True,samples,samples/RADAR_LEFT_SIDE/RADAR_LEFT_SIDE_1706541317402293.pcd
de3b44d10c7749d49f1e1c93fa06be09,b7aef90fff4146c5b2fbd5938dbe2317,073e6bb18188424ea9981e3845df54a6,RADAR,RADAR_LEFT_SIDE,1706541317903016,True,samples,samples/RADAR_LEFT_SIDE/RADAR_LEFT_SIDE_1706541317903016.pcd
3030951f330a4598968d5c8285277b73,7225b605df0940e88cdc695c21771415,073e6bb18188424ea9981e3845df54a6,RADAR,RADAR_LEFT_SIDE,1706541318405538,True,samples,samples/RADAR_LEFT_SIDE/RADAR_LEFT_SIDE_1706541318405538.pcd
40849a56162c43f7865c5953e3416fd3,f78fc07d7ea847ceb289a9a695a9a01b,073e6bb18188424ea9981e3845df54a6,RADAR,RADAR_LEFT_SIDE,1706541318901930,True,samples,samples/RADAR_LEFT_SIDE/RADAR_LEFT_SIDE_1706541318901930.pcd
4b27ca49f3b94436b392d71ffc5cf29b,f82496cfbd55402eb388ca3b2de1ff00,073e6bb18188424ea9981e3845df54a6,RADAR,RADAR_LEFT_SIDE,1706541319404000,True,samples,samples/RADAR_LEFT_SIDE/RADAR_LEFT_SIDE_1706541319404000.pcd
b64a6f34062c4a48bbd2e788824018ae,2e2ac9d98ef0429b8be1a17bb9ef0074,073e6bb18188424ea9981e3845df54a6,RADAR,RADAR_LEFT_SIDE,1706541319853959,True,samples,samples/RADAR_LEFT_SIDE/RADAR_LEFT_SIDE_1706541319853959.pcd
c5148df0463a4bf0a47b3aa066fadc93,43f5fe636d6e459a8c858e6f82ba835c,073e6bb18188424ea9981e3845df54a6,RADAR,RADAR_LEFT_SIDE,1706541320402638,True,samples,samples/RADAR_LEFT_SIDE/RADAR_LEFT_SIDE_1706541320402638.pcd
44df341375174b1e9f1364a8d3fc29ac,7ebdaf01abe2419bbc2f437149052f7e,073e6bb18188424ea9981e3845df54a6,RADAR,RADAR_LEFT_SIDE,1706541320903816,True,samples,samples/RADAR_LEFT_SIDE/RADAR_LEFT_SIDE_1706541320903816.pcd
0bb8e787d28b44bebc8759d51daa836c,f31befb82f864a368e6164a75a1733f9,073e6bb18188424ea9981e3845df54a6,RADAR,RADAR_LEFT_SIDE,1706541321405288,True,samples,samples/RADAR_LEFT_SIDE/RADAR_LEFT_SIDE_1706541321405288.pcd
9cea3e63dd9a4edd8de45ee832118e9a,f2aa8afaba7249398e32f59a538ec5bf,073e6bb18188424ea9981e3845df54a6,RADAR,RADAR_LEFT_SIDE,1706541321901697,True,samples,samples/RADAR_LEFT_SIDE/RADAR_LEFT_SIDE_1706541321901697.pcd
1f7ec26d512244759758c161bc2d2c54,30e96baf00fa44d49a50640917bdea00,073e6bb18188424ea9981e3845df54a6,RADAR,RADAR_LEFT_SIDE,1706541322403632,True,samples,samples/RADAR_LEFT_SIDE/RADAR_LEFT_SIDE_1706541322403632.pcd
98bb9981131e49b19b75d6b8df84c8a5,e43ae3c9b670423d89fe92170f0c87e9,073e6bb18188424ea9981e3845df54a6,RADAR,RADAR_LEFT_BACK,1706541302903348,True,samples,samples/RADAR_LEFT_BACK/RADAR_LEFT_BACK_1706541302903348.pcd
0fadf5cd1ca64fec85a56eed3098a4e2,b5e85c3fdd73410bbd64b73e699641ed,073e6bb18188424ea9981e3845df54a6,RADAR,RADAR_LEFT_BACK,1706541303404270,True,samples,samples/RADAR_LEFT_BACK/RADAR_LEFT_BACK_1706541303404270.pcd
89f2e65a1073494fa5fba3753339bb6d,00b7a051298345d7a162393e5c0e2764,073e6bb18188424ea9981e3845df54a6,RADAR,RADAR_LEFT_BACK,1706541303902380,True,samples,samples/RADAR_LEFT_BACK/RADAR_LEFT_BACK_1706541303902380.pcd
ff5fb1b2240a42b88b1baabf7d7a81e6,1c9adfec38f84c1792e008a8a1771cca,073e6bb18188424ea9981e3845df54a6,RADAR,RADAR_LEFT_BACK,1706541304402903,True,samples,samples/RADAR_LEFT_BACK/RADAR_LEFT_BACK_1706541304402903.pcd
a156caebcc36443ea9546aa2c0955cda,b1724a8b614640e39cd18857d741d2d3,073e6bb18188424ea9981e3845df54a6,RADAR,RADAR_LEFT_BACK,1706541304905508,True,samples,samples/RADAR_LEFT_BACK/RADAR_LEFT_BACK_1706541304905508.pcd
ef9dbe9521b2485c82ae311c2afafe9a,a24b8e21a49746d196ba067b09e21a4f,073e6bb18188424ea9981e3845df54a6,RADAR,RADAR_LEFT_BACK,1706541305401849,True,samples,samples/RADAR_LEFT_BACK/RADAR_LEFT_BACK_1706541305401849.pcd
2448d82a0b314e949e1b4e8bb7679936,75f794a6f0dd4e2c9910b2f8f1192b04,073e6bb18188424ea9981e3845df54a6,RADAR,RADAR_LEFT_BACK,1706541305903925,True,samples,samples/RADAR_LEFT_BACK/RADAR_LEFT_BACK_1706541305903925.pcd
b66ab66d38744654abfc182437d61b1d,fd46341537f34c16b8f37389b25b5eff,073e6bb18188424ea9981e3845df54a6,RADAR,RADAR_LEFT_BACK,1706541306405428,True,samples,samples/RADAR_LEFT_BACK/RADAR_LEFT_BACK_1706541306405428.pcd
f244faff5f7f4025996413de93ee897d,70ea4677eb1f4126a217de41eb5119ee,073e6bb18188424ea9981e3845df54a6,RADAR,RADAR_LEFT_BACK,1706541306902563,True,samples,samples/RADAR_LEFT_BACK/RADAR_LEFT_BACK_1706541306902563.pcd
a6ddcce1697a489d8cf29351e3e19be5,fb586e9af9bc4ded87c306e7964345e6,073e6bb18188424ea9981e3845df54a6,RADAR,RADAR_LEFT_BACK,1706541307403804,True,samples,samples/RADAR_LEFT_BACK/RADAR_LEFT_BACK_1706541307403804.pcd
9a976b053aad4413a4ae7b9ea8b9e0c0,7f551a9ca9144a289797b1de66b1bfa3,073e6bb18188424ea9981e3845df54a6,RADAR,RADAR_LEFT_BACK,1706541307905142,True,samples,samples/RADAR_LEFT_BACK/RADAR_LEFT_BACK_1706541307905142.pcd
7788be4befcf45b4a362f45f55aac6e8,c689aeff0cd344188c9272316a7d57c0,073e6bb18188424ea9981e3845df54a6,RADAR,RADAR_LEFT_BACK,1706541308401872,True,samples,samples/RADAR_LEFT_BACK/RADAR_LEFT_BACK_1706541308401872.pcd
c8d79553205f43e58d269ff5f90ccb1f,885bbe9d84d94c9f925437acf6e31921,073e6bb18188424ea9981e3845df54a6,RADAR,RADAR_LEFT_BACK,1706541308903845,True,samples,samples/RADAR_LEFT_BACK/RADAR_LEFT_BACK_1706541308903845.pcd
f621e06cf8a54a3e95a4dae90424480c,b0c7aef37dee49a6ac2236b212af059c,073e6bb18188424ea9981e3845df54a6,RADAR,RADAR_LEFT_BACK,1706541309405268,True,samples,samples/RADAR_LEFT_BACK/RADAR_LEFT_BACK_1706541309405268.pcd
0c6308d4bcca4c188b7d9264904255b9,2c61cb7566c948d8be146eb265fde451,073e6bb18188424ea9981e3845df54a6,RADAR,RADAR_LEFT_BACK,1706541309902204,True,samples,samples/RADAR_LEFT_BACK/RADAR_LEFT_BACK_1706541309902204.pcd
627b7395024c4d1c827cc3cdcbd2f283,853e1e0907f14966be0c22eab0f4f05c,073e6bb18188424ea9981e3845df54a6,RADAR,RADAR_LEFT_BACK,1706541310403440,True,samples,samples/RADAR_LEFT_BACK/RADAR_LEFT_BACK_1706541310403440.pcd
268f91ef5768413188fb629c31c09cd7,840bbca5b29741d29de0fc1a00d81cd4,073e6bb18188424ea9981e3845df54a6,RADAR,RADAR_LEFT_BACK,1706541310904983,True,samples,samples/RADAR_LEFT_BACK/RADAR_LEFT_BACK_1706541310904983.pcd
600bc91496744af79fda1b1fec0759c5,97366e0a4e504322aaae6e8b07884f2f,073e6bb18188424ea9981e3845df54a6,RADAR,RADAR_LEFT_BACK,1706541311402202,True,samples,samples/RADAR_LEFT_BACK/RADAR_LEFT_BACK_1706541311402202.pcd
f12e8b5108e54e00b4277de6c0cc37ae,5d019ee18c50449591f26cf683e09898,073e6bb18188424ea9981e3845df54a6,RADAR,RADAR_LEFT_BACK,1706541311903124,True,samples,samples/RADAR_LEFT_BACK/RADAR_LEFT_BACK_1706541311903124.pcd
ce41c25fa6014b9d922251e5b8a20e57,7aab37b38b4344b2a5f9b4d56bdc8cf9,073e6bb18188424ea9981e3845df54a6,RADAR,RADAR_LEFT_BACK,1706541312404782,True,samples,samples/RADAR_LEFT_BACK/RADAR_LEFT_BACK_1706541312404782.pcd
22207605d07f48859760737bb112af59,b193a929462d4b28b559eda6d21dba5d,073e6bb18188424ea9981e3845df54a6,RADAR,RADAR_LEFT_BACK,1706541312901811,True,samples,samples/RADAR_LEFT_BACK/RADAR_LEFT_BACK_1706541312901811.pcd
3c1bc544a2fa4a02a5005e508b159b9b,b6a30d50fb9f41eea4cce04d65fbadd1,073e6bb18188424ea9981e3845df54a6,RADAR,RADAR_LEFT_BACK,1706541313403550,True,samples,samples/RADAR_LEFT_BACK/RADAR_LEFT_BACK_1706541313403550.pcd
53d1f6ba4fff45a09e1d761b14c8e476,37e26c60741142d7811e41f7a35448c9,073e6bb18188424ea9981e3845df54a6,RADAR,RADAR_LEFT_BACK,1706541313904409,True,samples,samples/RADAR_LEFT_BACK/RADAR_LEFT_BACK_1706541313904409.pcd
708694f75d1e4a3f8aca383104d8fcd9,fd6f19fe58c1488f9c45ccd70f25561c,073e6bb18188424ea9981e3845df54a6,RADAR,RADAR_LEFT_BACK,1706541314402460,True,samples,samples/RADAR_LEFT_BACK/RADAR_LEFT_BACK_1706541314402460.pcd
f9a356fa5f1d4ab0a3ba62eb83aa71a0,d088162159534984bbe9c0e4ca87de81,073e6bb18188424ea9981e3845df54a6,RADAR,RADAR_LEFT_BACK,1706541314903022,True,samples,samples/RADAR_LEFT_BACK/RADAR_LEFT_BACK_1706541314903022.pcd
62dd948f9dca4d3fba62c55938dd94b9,1c2acee839b34c158452d570f1ebf203,073e6bb18188424ea9981e3845df54a6,RADAR,RADAR_LEFT_BACK,1706541315405652,True,samples,samples/RADAR_LEFT_BACK/RADAR_LEFT_BACK_1706541315405652.pcd
f825492d23354000a8cd0f3f51103af0,c5dc48287d064c87939d630ff4c21065,073e6bb18188424ea9981e3845df54a6,RADAR,RADAR_LEFT_BACK,1706541315902047,True,samples,samples/RADAR_LEFT_BACK/RADAR_LEFT_BACK_1706541315902047.pcd
1b320b9efcc8494f86b2140dea7cf5fc,bf562ad191424bd7b701bb1dfddf068f,073e6bb18188424ea9981e3845df54a6,RADAR,RADAR_LEFT_BACK,1706541316404020,True,samples,samples/RADAR_LEFT_BACK/RADAR_LEFT_BACK_1706541316404020.pcd
3467f82798f444dbbd713289574bdead,876fc60ede7d47aa8eb3d1c396aa8ee1,073e6bb18188424ea9981e3845df54a6,RADAR,RADAR_LEFT_BACK,1706541316905586,True,samples,samples/RADAR_LEFT_BACK/RADAR_LEFT_BACK_1706541316905586.pcd
7238a5ec3171408ea6f8a17ad821f7be,b213083c83b74031b2a23040e38861aa,073e6bb18188424ea9981e3845df54a6,RADAR,RADAR_LEFT_BACK,1706541317402636,True,samples,samples/RADAR_LEFT_BACK/RADAR_LEFT_BACK_1706541317402636.pcd
8f110496896e4620aae36ae13eca64ce,b7aef90fff4146c5b2fbd5938dbe2317,073e6bb18188424ea9981e3845df54a6,RADAR,RADAR_LEFT_BACK,1706541317903885,True,samples,samples/RADAR_LEFT_BACK/RADAR_LEFT_BACK_1706541317903885.pcd
3dc2a573000e429e9f83b3231437ca55,7225b605df0940e88cdc695c21771415,073e6bb18188424ea9981e3845df54a6,RADAR,RADAR_LEFT_BACK,1706541318405288,True,samples,samples/RADAR_LEFT_BACK/RADAR_LEFT_BACK_1706541318405288.pcd
338a6846aca548c890f14b5748004b13,f78fc07d7ea847ceb289a9a695a9a01b,073e6bb18188424ea9981e3845df54a6,RADAR,RADAR_LEFT_BACK,1706541318901669,True,samples,samples/RADAR_LEFT_BACK/RADAR_LEFT_BACK_1706541318901669.pcd
4abb06ad13834197b3793ed1c26f79a4,f82496cfbd55402eb388ca3b2de1ff00,073e6bb18188424ea9981e3845df54a6,RADAR,RADAR_LEFT_BACK,1706541319403725,True,samples,samples/RADAR_LEFT_BACK/RADAR_LEFT_BACK_1706541319403725.pcd
37a0d1bb065d4a4298dd4aa1b01303f5,2e2ac9d98ef0429b8be1a17bb9ef0074,073e6bb18188424ea9981e3845df54a6,RADAR,RADAR_LEFT_BACK,1706541319905183,True,samples,samples/RADAR_LEFT_BACK/RADAR_LEFT_BACK_1706541319905183.pcd
82f6baf9abc14498aaa40c66deeabce9,43f5fe636d6e459a8c858e6f82ba835c,073e6bb18188424ea9981e3845df54a6,RADAR,RADAR_LEFT_BACK,1706541320402089,True,samples,samples/RADAR_LEFT_BACK/RADAR_LEFT_BACK_1706541320402089.pcd
89df2af466994e84880a8b27052b134d,7ebdaf01abe2419bbc2f437149052f7e,073e6bb18188424ea9981e3845df54a6,RADAR,RADAR_LEFT_BACK,1706541320903381,True,samples,samples/RADAR_LEFT_BACK/RADAR_LEFT_BACK_1706541320903381.pcd
166042d56b284f6a98a6df0a084ddd79,f31befb82f864a368e6164a75a1733f9,073e6bb18188424ea9981e3845df54a6,RADAR,RADAR_LEFT_BACK,1706541321404958,True,samples,samples/RADAR_LEFT_BACK/RADAR_LEFT_BACK_1706541321404958.pcd
0ba341dbce044dd2b64f28610986d46a,f2aa8afaba7249398e32f59a538ec5bf,073e6bb18188424ea9981e3845df54a6,RADAR,RADAR_LEFT_BACK,1706541321902370,True,samples,samples/RADAR_LEFT_BACK/RADAR_LEFT_BACK_1706541321902370.pcd
d0f160b6c7ec46aa99b7733dc0f0d318,30e96baf00fa44d49a50640917bdea00,073e6bb18188424ea9981e3845df54a6,RADAR,RADAR_LEFT_BACK,1706541322403183,True,samples,samples/RADAR_LEFT_BACK/RADAR_LEFT_BACK_1706541322403183.pcd
